BEHOLD,BRANCHE,PRISENHED,TID,INDHOLD
"AN.11 Faste aktiver, nettobeholdning ultimo året",01000 Landbrug og gartneri,"2020-priser, kædede værdier",1966,222779.0
"AN.11 Faste aktiver, nettobeholdning ultimo året",01000 Landbrug og gartneri,Løbende priser,1966,25165.0
"AN.11 Faste aktiver, nettobeholdning ultimo året","10120 Føde-, drikke- og tobaksvareindustri","2020-priser, kædede værdier",1966,34654.0
"AN.11 Faste aktiver, nettobeholdning ultimo året","10120 Føde-, drikke- og tobaksvareindustri",Løbende priser,1966,4388.0
P.51g Faste bruttoinvesteringer,01000 Landbrug og gartneri,"2020-priser, kædede værdier",1966,
P.51g Faste bruttoinvesteringer,01000 Landbrug og gartneri,Løbende priser,1966,
P.51g Faste bruttoinvesteringer,"10120 Føde-, drikke- og tobaksvareindustri","2020-priser, kædede værdier",1966,
P.51g Faste bruttoinvesteringer,"10120 Føde-, drikke- og tobaksvareindustri",Løbende priser,1966,
"AN.11 Faste aktiver, nettobeholdning ultimo året",01000 Landbrug og gartneri,"2020-priser, kædede værdier",1967,224430.0
"AN.11 Faste aktiver, nettobeholdning ultimo året",01000 Landbrug og gartneri,Løbende priser,1967,27567.0
"AN.11 Faste aktiver, nettobeholdning ultimo året","10120 Føde-, drikke- og tobaksvareindustri","2020-priser, kædede værdier",1967,36904.0
"AN.11 Faste aktiver, nettobeholdning ultimo året","10120 Føde-, drikke- og tobaksvareindustri",Løbende priser,1967,4962.0
P.51g Faste bruttoinvesteringer,01000 Landbrug og gartneri,"2020-priser, kædede værdier",1967,
P.51g Faste bruttoinvesteringer,01000 Landbrug og gartneri,Løbende priser,1967,
P.51g Faste bruttoinvesteringer,"10120 Føde-, drikke- og tobaksvareindustri","2020-priser, kædede værdier",1967,
P.51g Faste bruttoinvesteringer,"10120 Føde-, drikke- og tobaksvareindustri",Løbende priser,1967,
"AN.11 Faste aktiver, nettobeholdning ultimo året",01000 Landbrug og gartneri,"2020-priser, kædede værdier",1968,224282.0
"AN.11 Faste aktiver, nettobeholdning ultimo året",01000 Landbrug og gartneri,Løbende priser,1968,29508.0
"AN.11 Faste aktiver, nettobeholdning ultimo året","10120 Føde-, drikke- og tobaksvareindustri","2020-priser, kædede værdier",1968,38025.0
"AN.11 Faste aktiver, nettobeholdning ultimo året","10120 Føde-, drikke- og tobaksvareindustri",Løbende priser,1968,5390.0
P.51g Faste bruttoinvesteringer,01000 Landbrug og gartneri,"2020-priser, kædede værdier",1968,
P.51g Faste bruttoinvesteringer,01000 Landbrug og gartneri,Løbende priser,1968,
P.51g Faste bruttoinvesteringer,"10120 Føde-, drikke- og tobaksvareindustri","2020-priser, kædede værdier",1968,
P.51g Faste bruttoinvesteringer,"10120 Føde-, drikke- og tobaksvareindustri",Løbende priser,1968,
"AN.11 Faste aktiver, nettobeholdning ultimo året",01000 Landbrug og gartneri,"2020-priser, kædede værdier",1969,225092.0
"AN.11 Faste aktiver, nettobeholdning ultimo året",01000 Landbrug og gartneri,Løbende priser,1969,32227.0
"AN.11 Faste aktiver, nettobeholdning ultimo året","10120 Føde-, drikke- og tobaksvareindustri","2020-priser, kædede værdier",1969,39447.0
"AN.11 Faste aktiver, nettobeholdning ultimo året","10120 Føde-, drikke- og tobaksvareindustri",Løbende priser,1969,6051.0
P.51g Faste bruttoinvesteringer,01000 Landbrug og gartneri,"2020-priser, kædede værdier",1969,
P.51g Faste bruttoinvesteringer,01000 Landbrug og gartneri,Løbende priser,1969,
P.51g Faste bruttoinvesteringer,"10120 Føde-, drikke- og tobaksvareindustri","2020-priser, kædede værdier",1969,
P.51g Faste bruttoinvesteringer,"10120 Føde-, drikke- og tobaksvareindustri",Løbende priser,1969,
"AN.11 Faste aktiver, nettobeholdning ultimo året",01000 Landbrug og gartneri,"2020-priser, kædede værdier",1970,225532.0
"AN.11 Faste aktiver, nettobeholdning ultimo året",01000 Landbrug og gartneri,Løbende priser,1970,34978.0
"AN.11 Faste aktiver, nettobeholdning ultimo året","10120 Føde-, drikke- og tobaksvareindustri","2020-priser, kædede værdier",1970,40346.0
"AN.11 Faste aktiver, nettobeholdning ultimo året","10120 Føde-, drikke- og tobaksvareindustri",Løbende priser,1970,6779.0
P.51g Faste bruttoinvesteringer,01000 Landbrug og gartneri,"2020-priser, kædede værdier",1970,
P.51g Faste bruttoinvesteringer,01000 Landbrug og gartneri,Løbende priser,1970,
P.51g Faste bruttoinvesteringer,"10120 Føde-, drikke- og tobaksvareindustri","2020-priser, kædede værdier",1970,
P.51g Faste bruttoinvesteringer,"10120 Føde-, drikke- og tobaksvareindustri",Løbende priser,1970,
"AN.11 Faste aktiver, nettobeholdning ultimo året",01000 Landbrug og gartneri,"2020-priser, kædede værdier",1971,226385.0
"AN.11 Faste aktiver, nettobeholdning ultimo året",01000 Landbrug og gartneri,Løbende priser,1971,37693.0
"AN.11 Faste aktiver, nettobeholdning ultimo året","10120 Føde-, drikke- og tobaksvareindustri","2020-priser, kædede værdier",1971,41710.0
"AN.11 Faste aktiver, nettobeholdning ultimo året","10120 Føde-, drikke- og tobaksvareindustri",Løbende priser,1971,7643.0
P.51g Faste bruttoinvesteringer,01000 Landbrug og gartneri,"2020-priser, kædede værdier",1971,
P.51g Faste bruttoinvesteringer,01000 Landbrug og gartneri,Løbende priser,1971,
P.51g Faste bruttoinvesteringer,"10120 Føde-, drikke- og tobaksvareindustri","2020-priser, kædede værdier",1971,
P.51g Faste bruttoinvesteringer,"10120 Føde-, drikke- og tobaksvareindustri",Løbende priser,1971,
"AN.11 Faste aktiver, nettobeholdning ultimo året",01000 Landbrug og gartneri,"2020-priser, kædede værdier",1972,229269.0
"AN.11 Faste aktiver, nettobeholdning ultimo året",01000 Landbrug og gartneri,Løbende priser,1972,40529.0
"AN.11 Faste aktiver, nettobeholdning ultimo året","10120 Føde-, drikke- og tobaksvareindustri","2020-priser, kædede værdier",1972,42921.0
"AN.11 Faste aktiver, nettobeholdning ultimo året","10120 Føde-, drikke- og tobaksvareindustri",Løbende priser,1972,8443.0
P.51g Faste bruttoinvesteringer,01000 Landbrug og gartneri,"2020-priser, kædede værdier",1972,
P.51g Faste bruttoinvesteringer,01000 Landbrug og gartneri,Løbende priser,1972,
P.51g Faste bruttoinvesteringer,"10120 Føde-, drikke- og tobaksvareindustri","2020-priser, kædede værdier",1972,
P.51g Faste bruttoinvesteringer,"10120 Føde-, drikke- og tobaksvareindustri",Løbende priser,1972,
"AN.11 Faste aktiver, nettobeholdning ultimo året",01000 Landbrug og gartneri,"2020-priser, kædede værdier",1973,235171.0
"AN.11 Faste aktiver, nettobeholdning ultimo året",01000 Landbrug og gartneri,Løbende priser,1973,44071.0
"AN.11 Faste aktiver, nettobeholdning ultimo året","10120 Føde-, drikke- og tobaksvareindustri","2020-priser, kædede værdier",1973,44127.0
"AN.11 Faste aktiver, nettobeholdning ultimo året","10120 Føde-, drikke- og tobaksvareindustri",Løbende priser,1973,9109.0
P.51g Faste bruttoinvesteringer,01000 Landbrug og gartneri,"2020-priser, kædede værdier",1973,
P.51g Faste bruttoinvesteringer,01000 Landbrug og gartneri,Løbende priser,1973,
P.51g Faste bruttoinvesteringer,"10120 Føde-, drikke- og tobaksvareindustri","2020-priser, kædede værdier",1973,
P.51g Faste bruttoinvesteringer,"10120 Føde-, drikke- og tobaksvareindustri",Løbende priser,1973,
"AN.11 Faste aktiver, nettobeholdning ultimo året",01000 Landbrug og gartneri,"2020-priser, kædede værdier",1974,240479.0
"AN.11 Faste aktiver, nettobeholdning ultimo året",01000 Landbrug og gartneri,Løbende priser,1974,50514.0
"AN.11 Faste aktiver, nettobeholdning ultimo året","10120 Føde-, drikke- og tobaksvareindustri","2020-priser, kædede værdier",1974,46869.0
"AN.11 Faste aktiver, nettobeholdning ultimo året","10120 Føde-, drikke- og tobaksvareindustri",Løbende priser,1974,10671.0
P.51g Faste bruttoinvesteringer,01000 Landbrug og gartneri,"2020-priser, kædede værdier",1974,
P.51g Faste bruttoinvesteringer,01000 Landbrug og gartneri,Løbende priser,1974,
P.51g Faste bruttoinvesteringer,"10120 Føde-, drikke- og tobaksvareindustri","2020-priser, kædede værdier",1974,
P.51g Faste bruttoinvesteringer,"10120 Føde-, drikke- og tobaksvareindustri",Løbende priser,1974,
"AN.11 Faste aktiver, nettobeholdning ultimo året",01000 Landbrug og gartneri,"2020-priser, kædede værdier",1975,244016.0
"AN.11 Faste aktiver, nettobeholdning ultimo året",01000 Landbrug og gartneri,Løbende priser,1975,57464.0
"AN.11 Faste aktiver, nettobeholdning ultimo året","10120 Føde-, drikke- og tobaksvareindustri","2020-priser, kædede værdier",1975,48514.0
"AN.11 Faste aktiver, nettobeholdning ultimo året","10120 Føde-, drikke- og tobaksvareindustri",Løbende priser,1975,12322.0
P.51g Faste bruttoinvesteringer,01000 Landbrug og gartneri,"2020-priser, kædede værdier",1975,
P.51g Faste bruttoinvesteringer,01000 Landbrug og gartneri,Løbende priser,1975,
P.51g Faste bruttoinvesteringer,"10120 Føde-, drikke- og tobaksvareindustri","2020-priser, kædede værdier",1975,
P.51g Faste bruttoinvesteringer,"10120 Føde-, drikke- og tobaksvareindustri",Løbende priser,1975,
"AN.11 Faste aktiver, nettobeholdning ultimo året",01000 Landbrug og gartneri,"2020-priser, kædede værdier",1976,249923.0
"AN.11 Faste aktiver, nettobeholdning ultimo året",01000 Landbrug og gartneri,Løbende priser,1976,63117.0
"AN.11 Faste aktiver, nettobeholdning ultimo året","10120 Føde-, drikke- og tobaksvareindustri","2020-priser, kædede værdier",1976,50580.0
"AN.11 Faste aktiver, nettobeholdning ultimo året","10120 Føde-, drikke- og tobaksvareindustri",Løbende priser,1976,13740.0
P.51g Faste bruttoinvesteringer,01000 Landbrug og gartneri,"2020-priser, kædede værdier",1976,
P.51g Faste bruttoinvesteringer,01000 Landbrug og gartneri,Løbende priser,1976,
P.51g Faste bruttoinvesteringer,"10120 Føde-, drikke- og tobaksvareindustri","2020-priser, kædede værdier",1976,
P.51g Faste bruttoinvesteringer,"10120 Føde-, drikke- og tobaksvareindustri",Løbende priser,1976,
"AN.11 Faste aktiver, nettobeholdning ultimo året",01000 Landbrug og gartneri,"2020-priser, kædede værdier",1977,257543.0
"AN.11 Faste aktiver, nettobeholdning ultimo året",01000 Landbrug og gartneri,Løbende priser,1977,68102.0
"AN.11 Faste aktiver, nettobeholdning ultimo året","10120 Føde-, drikke- og tobaksvareindustri","2020-priser, kædede værdier",1977,52444.0
"AN.11 Faste aktiver, nettobeholdning ultimo året","10120 Føde-, drikke- og tobaksvareindustri",Løbende priser,1977,14958.0
P.51g Faste bruttoinvesteringer,01000 Landbrug og gartneri,"2020-priser, kædede værdier",1977,
P.51g Faste bruttoinvesteringer,01000 Landbrug og gartneri,Løbende priser,1977,
P.51g Faste bruttoinvesteringer,"10120 Føde-, drikke- og tobaksvareindustri","2020-priser, kædede værdier",1977,
P.51g Faste bruttoinvesteringer,"10120 Føde-, drikke- og tobaksvareindustri",Løbende priser,1977,
"AN.11 Faste aktiver, nettobeholdning ultimo året",01000 Landbrug og gartneri,"2020-priser, kædede værdier",1978,265709.0
"AN.11 Faste aktiver, nettobeholdning ultimo året",01000 Landbrug og gartneri,Løbende priser,1978,74038.0
"AN.11 Faste aktiver, nettobeholdning ultimo året","10120 Føde-, drikke- og tobaksvareindustri","2020-priser, kædede værdier",1978,54643.0
"AN.11 Faste aktiver, nettobeholdning ultimo året","10120 Føde-, drikke- og tobaksvareindustri",Løbende priser,1978,16400.0
P.51g Faste bruttoinvesteringer,01000 Landbrug og gartneri,"2020-priser, kædede værdier",1978,
P.51g Faste bruttoinvesteringer,01000 Landbrug og gartneri,Løbende priser,1978,
P.51g Faste bruttoinvesteringer,"10120 Føde-, drikke- og tobaksvareindustri","2020-priser, kædede værdier",1978,
P.51g Faste bruttoinvesteringer,"10120 Føde-, drikke- og tobaksvareindustri",Løbende priser,1978,
"AN.11 Faste aktiver, nettobeholdning ultimo året",01000 Landbrug og gartneri,"2020-priser, kædede værdier",1979,273950.0
"AN.11 Faste aktiver, nettobeholdning ultimo året",01000 Landbrug og gartneri,Løbende priser,1979,81166.0
"AN.11 Faste aktiver, nettobeholdning ultimo året","10120 Føde-, drikke- og tobaksvareindustri","2020-priser, kædede værdier",1979,57092.0
"AN.11 Faste aktiver, nettobeholdning ultimo året","10120 Føde-, drikke- og tobaksvareindustri",Løbende priser,1979,18403.0
P.51g Faste bruttoinvesteringer,01000 Landbrug og gartneri,"2020-priser, kædede værdier",1979,
P.51g Faste bruttoinvesteringer,01000 Landbrug og gartneri,Løbende priser,1979,
P.51g Faste bruttoinvesteringer,"10120 Føde-, drikke- og tobaksvareindustri","2020-priser, kædede værdier",1979,
P.51g Faste bruttoinvesteringer,"10120 Føde-, drikke- og tobaksvareindustri",Løbende priser,1979,
"AN.11 Faste aktiver, nettobeholdning ultimo året",01000 Landbrug og gartneri,"2020-priser, kædede værdier",1980,274839.0
"AN.11 Faste aktiver, nettobeholdning ultimo året",01000 Landbrug og gartneri,Løbende priser,1980,89334.0
"AN.11 Faste aktiver, nettobeholdning ultimo året","10120 Føde-, drikke- og tobaksvareindustri","2020-priser, kædede værdier",1980,58318.0
"AN.11 Faste aktiver, nettobeholdning ultimo året","10120 Føde-, drikke- og tobaksvareindustri",Løbende priser,1980,21167.0
P.51g Faste bruttoinvesteringer,01000 Landbrug og gartneri,"2020-priser, kædede værdier",1980,
P.51g Faste bruttoinvesteringer,01000 Landbrug og gartneri,Løbende priser,1980,
P.51g Faste bruttoinvesteringer,"10120 Føde-, drikke- og tobaksvareindustri","2020-priser, kædede værdier",1980,
P.51g Faste bruttoinvesteringer,"10120 Føde-, drikke- og tobaksvareindustri",Løbende priser,1980,
"AN.11 Faste aktiver, nettobeholdning ultimo året",01000 Landbrug og gartneri,"2020-priser, kædede værdier",1981,271574.0
"AN.11 Faste aktiver, nettobeholdning ultimo året",01000 Landbrug og gartneri,Løbende priser,1981,98923.0
"AN.11 Faste aktiver, nettobeholdning ultimo året","10120 Føde-, drikke- og tobaksvareindustri","2020-priser, kædede værdier",1981,59085.0
"AN.11 Faste aktiver, nettobeholdning ultimo året","10120 Føde-, drikke- og tobaksvareindustri",Løbende priser,1981,24187.0
P.51g Faste bruttoinvesteringer,01000 Landbrug og gartneri,"2020-priser, kædede værdier",1981,
P.51g Faste bruttoinvesteringer,01000 Landbrug og gartneri,Løbende priser,1981,
P.51g Faste bruttoinvesteringer,"10120 Føde-, drikke- og tobaksvareindustri","2020-priser, kædede værdier",1981,
P.51g Faste bruttoinvesteringer,"10120 Føde-, drikke- og tobaksvareindustri",Løbende priser,1981,
"AN.11 Faste aktiver, nettobeholdning ultimo året",01000 Landbrug og gartneri,"2020-priser, kædede værdier",1982,269172.0
"AN.11 Faste aktiver, nettobeholdning ultimo året",01000 Landbrug og gartneri,Løbende priser,1982,107972.0
"AN.11 Faste aktiver, nettobeholdning ultimo året","10120 Føde-, drikke- og tobaksvareindustri","2020-priser, kædede værdier",1982,59216.0
"AN.11 Faste aktiver, nettobeholdning ultimo året","10120 Føde-, drikke- og tobaksvareindustri",Løbende priser,1982,26571.0
P.51g Faste bruttoinvesteringer,01000 Landbrug og gartneri,"2020-priser, kædede værdier",1982,
P.51g Faste bruttoinvesteringer,01000 Landbrug og gartneri,Løbende priser,1982,
P.51g Faste bruttoinvesteringer,"10120 Føde-, drikke- og tobaksvareindustri","2020-priser, kædede værdier",1982,
P.51g Faste bruttoinvesteringer,"10120 Føde-, drikke- og tobaksvareindustri",Løbende priser,1982,
"AN.11 Faste aktiver, nettobeholdning ultimo året",01000 Landbrug og gartneri,"2020-priser, kædede værdier",1983,265387.0
"AN.11 Faste aktiver, nettobeholdning ultimo året",01000 Landbrug og gartneri,Løbende priser,1983,113346.0
"AN.11 Faste aktiver, nettobeholdning ultimo året","10120 Føde-, drikke- og tobaksvareindustri","2020-priser, kædede værdier",1983,59268.0
"AN.11 Faste aktiver, nettobeholdning ultimo året","10120 Føde-, drikke- og tobaksvareindustri",Løbende priser,1983,28297.0
P.51g Faste bruttoinvesteringer,01000 Landbrug og gartneri,"2020-priser, kædede værdier",1983,
P.51g Faste bruttoinvesteringer,01000 Landbrug og gartneri,Løbende priser,1983,
P.51g Faste bruttoinvesteringer,"10120 Føde-, drikke- og tobaksvareindustri","2020-priser, kædede værdier",1983,
P.51g Faste bruttoinvesteringer,"10120 Føde-, drikke- og tobaksvareindustri",Løbende priser,1983,
"AN.11 Faste aktiver, nettobeholdning ultimo året",01000 Landbrug og gartneri,"2020-priser, kædede værdier",1984,264710.0
"AN.11 Faste aktiver, nettobeholdning ultimo året",01000 Landbrug og gartneri,Løbende priser,1984,116343.0
"AN.11 Faste aktiver, nettobeholdning ultimo året","10120 Føde-, drikke- og tobaksvareindustri","2020-priser, kædede værdier",1984,60351.0
"AN.11 Faste aktiver, nettobeholdning ultimo året","10120 Føde-, drikke- og tobaksvareindustri",Løbende priser,1984,29966.0
P.51g Faste bruttoinvesteringer,01000 Landbrug og gartneri,"2020-priser, kædede værdier",1984,
P.51g Faste bruttoinvesteringer,01000 Landbrug og gartneri,Løbende priser,1984,
P.51g Faste bruttoinvesteringer,"10120 Føde-, drikke- og tobaksvareindustri","2020-priser, kædede værdier",1984,
P.51g Faste bruttoinvesteringer,"10120 Føde-, drikke- og tobaksvareindustri",Løbende priser,1984,
"AN.11 Faste aktiver, nettobeholdning ultimo året",01000 Landbrug og gartneri,"2020-priser, kædede værdier",1985,266226.0
"AN.11 Faste aktiver, nettobeholdning ultimo året",01000 Landbrug og gartneri,Løbende priser,1985,119735.0
"AN.11 Faste aktiver, nettobeholdning ultimo året","10120 Føde-, drikke- og tobaksvareindustri","2020-priser, kædede værdier",1985,61829.0
"AN.11 Faste aktiver, nettobeholdning ultimo året","10120 Føde-, drikke- og tobaksvareindustri",Løbende priser,1985,31502.0
P.51g Faste bruttoinvesteringer,01000 Landbrug og gartneri,"2020-priser, kædede værdier",1985,
P.51g Faste bruttoinvesteringer,01000 Landbrug og gartneri,Løbende priser,1985,
P.51g Faste bruttoinvesteringer,"10120 Føde-, drikke- og tobaksvareindustri","2020-priser, kædede værdier",1985,
P.51g Faste bruttoinvesteringer,"10120 Føde-, drikke- og tobaksvareindustri",Løbende priser,1985,
"AN.11 Faste aktiver, nettobeholdning ultimo året",01000 Landbrug og gartneri,"2020-priser, kædede værdier",1986,266885.0
"AN.11 Faste aktiver, nettobeholdning ultimo året",01000 Landbrug og gartneri,Løbende priser,1986,120425.0
"AN.11 Faste aktiver, nettobeholdning ultimo året","10120 Føde-, drikke- og tobaksvareindustri","2020-priser, kædede værdier",1986,63940.0
"AN.11 Faste aktiver, nettobeholdning ultimo året","10120 Føde-, drikke- og tobaksvareindustri",Løbende priser,1986,32675.0
P.51g Faste bruttoinvesteringer,01000 Landbrug og gartneri,"2020-priser, kædede værdier",1986,
P.51g Faste bruttoinvesteringer,01000 Landbrug og gartneri,Løbende priser,1986,
P.51g Faste bruttoinvesteringer,"10120 Føde-, drikke- og tobaksvareindustri","2020-priser, kædede værdier",1986,
P.51g Faste bruttoinvesteringer,"10120 Føde-, drikke- og tobaksvareindustri",Løbende priser,1986,
"AN.11 Faste aktiver, nettobeholdning ultimo året",01000 Landbrug og gartneri,"2020-priser, kædede værdier",1987,266110.0
"AN.11 Faste aktiver, nettobeholdning ultimo året",01000 Landbrug og gartneri,Løbende priser,1987,122598.0
"AN.11 Faste aktiver, nettobeholdning ultimo året","10120 Føde-, drikke- og tobaksvareindustri","2020-priser, kædede værdier",1987,66178.0
"AN.11 Faste aktiver, nettobeholdning ultimo året","10120 Føde-, drikke- og tobaksvareindustri",Løbende priser,1987,34361.0
P.51g Faste bruttoinvesteringer,01000 Landbrug og gartneri,"2020-priser, kædede værdier",1987,
P.51g Faste bruttoinvesteringer,01000 Landbrug og gartneri,Løbende priser,1987,
P.51g Faste bruttoinvesteringer,"10120 Føde-, drikke- og tobaksvareindustri","2020-priser, kædede værdier",1987,
P.51g Faste bruttoinvesteringer,"10120 Føde-, drikke- og tobaksvareindustri",Løbende priser,1987,
"AN.11 Faste aktiver, nettobeholdning ultimo året",01000 Landbrug og gartneri,"2020-priser, kædede værdier",1988,264303.0
"AN.11 Faste aktiver, nettobeholdning ultimo året",01000 Landbrug og gartneri,Løbende priser,1988,127104.0
"AN.11 Faste aktiver, nettobeholdning ultimo året","10120 Føde-, drikke- og tobaksvareindustri","2020-priser, kædede værdier",1988,68823.0
"AN.11 Faste aktiver, nettobeholdning ultimo året","10120 Føde-, drikke- og tobaksvareindustri",Løbende priser,1988,37306.0
P.51g Faste bruttoinvesteringer,01000 Landbrug og gartneri,"2020-priser, kædede værdier",1988,
P.51g Faste bruttoinvesteringer,01000 Landbrug og gartneri,Løbende priser,1988,
P.51g Faste bruttoinvesteringer,"10120 Føde-, drikke- og tobaksvareindustri","2020-priser, kædede værdier",1988,
P.51g Faste bruttoinvesteringer,"10120 Føde-, drikke- og tobaksvareindustri",Løbende priser,1988,
"AN.11 Faste aktiver, nettobeholdning ultimo året",01000 Landbrug og gartneri,"2020-priser, kædede værdier",1989,267224.0
"AN.11 Faste aktiver, nettobeholdning ultimo året",01000 Landbrug og gartneri,Løbende priser,1989,137594.0
"AN.11 Faste aktiver, nettobeholdning ultimo året","10120 Føde-, drikke- og tobaksvareindustri","2020-priser, kædede værdier",1989,71028.0
"AN.11 Faste aktiver, nettobeholdning ultimo året","10120 Føde-, drikke- og tobaksvareindustri",Løbende priser,1989,40926.0
P.51g Faste bruttoinvesteringer,01000 Landbrug og gartneri,"2020-priser, kædede værdier",1989,
P.51g Faste bruttoinvesteringer,01000 Landbrug og gartneri,Løbende priser,1989,
P.51g Faste bruttoinvesteringer,"10120 Føde-, drikke- og tobaksvareindustri","2020-priser, kædede værdier",1989,
P.51g Faste bruttoinvesteringer,"10120 Føde-, drikke- og tobaksvareindustri",Løbende priser,1989,
"AN.11 Faste aktiver, nettobeholdning ultimo året",01000 Landbrug og gartneri,"2020-priser, kædede værdier",1990,270771.0
"AN.11 Faste aktiver, nettobeholdning ultimo året",01000 Landbrug og gartneri,Løbende priser,1990,145864.0
"AN.11 Faste aktiver, nettobeholdning ultimo året","10120 Føde-, drikke- og tobaksvareindustri","2020-priser, kædede værdier",1990,72698.0
"AN.11 Faste aktiver, nettobeholdning ultimo året","10120 Føde-, drikke- og tobaksvareindustri",Løbende priser,1990,43810.0
P.51g Faste bruttoinvesteringer,01000 Landbrug og gartneri,"2020-priser, kædede værdier",1990,
P.51g Faste bruttoinvesteringer,01000 Landbrug og gartneri,Løbende priser,1990,
P.51g Faste bruttoinvesteringer,"10120 Føde-, drikke- og tobaksvareindustri","2020-priser, kædede værdier",1990,
P.51g Faste bruttoinvesteringer,"10120 Føde-, drikke- og tobaksvareindustri",Løbende priser,1990,
"AN.11 Faste aktiver, nettobeholdning ultimo året",01000 Landbrug og gartneri,"2020-priser, kædede værdier",1991,270977.0
"AN.11 Faste aktiver, nettobeholdning ultimo året",01000 Landbrug og gartneri,Løbende priser,1991,150931.0
"AN.11 Faste aktiver, nettobeholdning ultimo året","10120 Føde-, drikke- og tobaksvareindustri","2020-priser, kædede værdier",1991,75678.0
"AN.11 Faste aktiver, nettobeholdning ultimo året","10120 Føde-, drikke- og tobaksvareindustri",Løbende priser,1991,47421.0
P.51g Faste bruttoinvesteringer,01000 Landbrug og gartneri,"2020-priser, kædede værdier",1991,
P.51g Faste bruttoinvesteringer,01000 Landbrug og gartneri,Løbende priser,1991,
P.51g Faste bruttoinvesteringer,"10120 Føde-, drikke- og tobaksvareindustri","2020-priser, kædede værdier",1991,
P.51g Faste bruttoinvesteringer,"10120 Føde-, drikke- og tobaksvareindustri",Løbende priser,1991,
"AN.11 Faste aktiver, nettobeholdning ultimo året",01000 Landbrug og gartneri,"2020-priser, kædede værdier",1992,269956.0
"AN.11 Faste aktiver, nettobeholdning ultimo året",01000 Landbrug og gartneri,Løbende priser,1992,156038.0
"AN.11 Faste aktiver, nettobeholdning ultimo året","10120 Føde-, drikke- og tobaksvareindustri","2020-priser, kædede værdier",1992,78426.0
"AN.11 Faste aktiver, nettobeholdning ultimo året","10120 Føde-, drikke- og tobaksvareindustri",Løbende priser,1992,50911.0
P.51g Faste bruttoinvesteringer,01000 Landbrug og gartneri,"2020-priser, kædede værdier",1992,
P.51g Faste bruttoinvesteringer,01000 Landbrug og gartneri,Løbende priser,1992,
P.51g Faste bruttoinvesteringer,"10120 Føde-, drikke- og tobaksvareindustri","2020-priser, kædede værdier",1992,
P.51g Faste bruttoinvesteringer,"10120 Føde-, drikke- og tobaksvareindustri",Løbende priser,1992,
"AN.11 Faste aktiver, nettobeholdning ultimo året",01000 Landbrug og gartneri,"2020-priser, kædede værdier",1993,265165.0
"AN.11 Faste aktiver, nettobeholdning ultimo året",01000 Landbrug og gartneri,Løbende priser,1993,155484.0
"AN.11 Faste aktiver, nettobeholdning ultimo året","10120 Føde-, drikke- og tobaksvareindustri","2020-priser, kædede værdier",1993,79444.0
"AN.11 Faste aktiver, nettobeholdning ultimo året","10120 Føde-, drikke- og tobaksvareindustri",Løbende priser,1993,52246.0
P.51g Faste bruttoinvesteringer,01000 Landbrug og gartneri,"2020-priser, kædede værdier",1993,8517.0
P.51g Faste bruttoinvesteringer,01000 Landbrug og gartneri,Løbende priser,1993,5101.0
P.51g Faste bruttoinvesteringer,"10120 Føde-, drikke- og tobaksvareindustri","2020-priser, kædede værdier",1993,6200.0
P.51g Faste bruttoinvesteringer,"10120 Føde-, drikke- og tobaksvareindustri",Løbende priser,1993,4373.0
"AN.11 Faste aktiver, nettobeholdning ultimo året",01000 Landbrug og gartneri,"2020-priser, kædede værdier",1994,261404.0
"AN.11 Faste aktiver, nettobeholdning ultimo året",01000 Landbrug og gartneri,Løbende priser,1994,154046.0
"AN.11 Faste aktiver, nettobeholdning ultimo året","10120 Føde-, drikke- og tobaksvareindustri","2020-priser, kædede værdier",1994,80168.0
"AN.11 Faste aktiver, nettobeholdning ultimo året","10120 Føde-, drikke- og tobaksvareindustri",Løbende priser,1994,52790.0
P.51g Faste bruttoinvesteringer,01000 Landbrug og gartneri,"2020-priser, kædede værdier",1994,9728.0
P.51g Faste bruttoinvesteringer,01000 Landbrug og gartneri,Løbende priser,1994,6010.0
P.51g Faste bruttoinvesteringer,"10120 Føde-, drikke- og tobaksvareindustri","2020-priser, kædede værdier",1994,6403.0
P.51g Faste bruttoinvesteringer,"10120 Føde-, drikke- og tobaksvareindustri",Løbende priser,1994,4611.0
"AN.11 Faste aktiver, nettobeholdning ultimo året",01000 Landbrug og gartneri,"2020-priser, kædede værdier",1995,258846.0
"AN.11 Faste aktiver, nettobeholdning ultimo året",01000 Landbrug og gartneri,Løbende priser,1995,157620.0
"AN.11 Faste aktiver, nettobeholdning ultimo året","10120 Føde-, drikke- og tobaksvareindustri","2020-priser, kædede værdier",1995,80875.0
"AN.11 Faste aktiver, nettobeholdning ultimo året","10120 Føde-, drikke- og tobaksvareindustri",Løbende priser,1995,54788.0
P.51g Faste bruttoinvesteringer,01000 Landbrug og gartneri,"2020-priser, kædede værdier",1995,10927.0
P.51g Faste bruttoinvesteringer,01000 Landbrug og gartneri,Løbende priser,1995,6815.0
P.51g Faste bruttoinvesteringer,"10120 Føde-, drikke- og tobaksvareindustri","2020-priser, kædede værdier",1995,6422.0
P.51g Faste bruttoinvesteringer,"10120 Føde-, drikke- og tobaksvareindustri",Løbende priser,1995,4671.0
"AN.11 Faste aktiver, nettobeholdning ultimo året",01000 Landbrug og gartneri,"2020-priser, kædede værdier",1996,255722.0
"AN.11 Faste aktiver, nettobeholdning ultimo året",01000 Landbrug og gartneri,Løbende priser,1996,157661.0
"AN.11 Faste aktiver, nettobeholdning ultimo året","10120 Føde-, drikke- og tobaksvareindustri","2020-priser, kædede værdier",1996,83394.0
"AN.11 Faste aktiver, nettobeholdning ultimo året","10120 Føde-, drikke- og tobaksvareindustri",Løbende priser,1996,57578.0
P.51g Faste bruttoinvesteringer,01000 Landbrug og gartneri,"2020-priser, kædede værdier",1996,11353.0
P.51g Faste bruttoinvesteringer,01000 Landbrug og gartneri,Løbende priser,1996,6978.0
P.51g Faste bruttoinvesteringer,"10120 Føde-, drikke- og tobaksvareindustri","2020-priser, kædede værdier",1996,8467.0
P.51g Faste bruttoinvesteringer,"10120 Føde-, drikke- og tobaksvareindustri",Løbende priser,1996,6051.0
"AN.11 Faste aktiver, nettobeholdning ultimo året",01000 Landbrug og gartneri,"2020-priser, kædede værdier",1997,253481.0
"AN.11 Faste aktiver, nettobeholdning ultimo året",01000 Landbrug og gartneri,Løbende priser,1997,164938.0
"AN.11 Faste aktiver, nettobeholdning ultimo året","10120 Føde-, drikke- og tobaksvareindustri","2020-priser, kædede værdier",1997,83779.0
"AN.11 Faste aktiver, nettobeholdning ultimo året","10120 Føde-, drikke- og tobaksvareindustri",Løbende priser,1997,60172.0
P.51g Faste bruttoinvesteringer,01000 Landbrug og gartneri,"2020-priser, kædede værdier",1997,12656.0
P.51g Faste bruttoinvesteringer,01000 Landbrug og gartneri,Løbende priser,1997,8113.0
P.51g Faste bruttoinvesteringer,"10120 Føde-, drikke- og tobaksvareindustri","2020-priser, kædede værdier",1997,6945.0
P.51g Faste bruttoinvesteringer,"10120 Føde-, drikke- og tobaksvareindustri",Løbende priser,1997,5113.0
"AN.11 Faste aktiver, nettobeholdning ultimo året",01000 Landbrug og gartneri,"2020-priser, kædede værdier",1998,250903.0
"AN.11 Faste aktiver, nettobeholdning ultimo året",01000 Landbrug og gartneri,Løbende priser,1998,166866.0
"AN.11 Faste aktiver, nettobeholdning ultimo året","10120 Føde-, drikke- og tobaksvareindustri","2020-priser, kædede værdier",1998,84571.0
"AN.11 Faste aktiver, nettobeholdning ultimo året","10120 Føde-, drikke- og tobaksvareindustri",Løbende priser,1998,61658.0
P.51g Faste bruttoinvesteringer,01000 Landbrug og gartneri,"2020-priser, kædede værdier",1998,12769.0
P.51g Faste bruttoinvesteringer,01000 Landbrug og gartneri,Løbende priser,1998,8401.0
P.51g Faste bruttoinvesteringer,"10120 Føde-, drikke- og tobaksvareindustri","2020-priser, kædede værdier",1998,7452.0
P.51g Faste bruttoinvesteringer,"10120 Føde-, drikke- og tobaksvareindustri",Løbende priser,1998,5559.0
"AN.11 Faste aktiver, nettobeholdning ultimo året",01000 Landbrug og gartneri,"2020-priser, kædede værdier",1999,243755.0
"AN.11 Faste aktiver, nettobeholdning ultimo året",01000 Landbrug og gartneri,Løbende priser,1999,162630.0
"AN.11 Faste aktiver, nettobeholdning ultimo året","10120 Føde-, drikke- og tobaksvareindustri","2020-priser, kædede værdier",1999,84521.0
"AN.11 Faste aktiver, nettobeholdning ultimo året","10120 Føde-, drikke- og tobaksvareindustri",Løbende priser,1999,62406.0
P.51g Faste bruttoinvesteringer,01000 Landbrug og gartneri,"2020-priser, kædede værdier",1999,12084.0
P.51g Faste bruttoinvesteringer,01000 Landbrug og gartneri,Løbende priser,1999,8024.0
P.51g Faste bruttoinvesteringer,"10120 Føde-, drikke- og tobaksvareindustri","2020-priser, kædede værdier",1999,6764.0
P.51g Faste bruttoinvesteringer,"10120 Føde-, drikke- og tobaksvareindustri",Løbende priser,1999,5104.0
"AN.11 Faste aktiver, nettobeholdning ultimo året",01000 Landbrug og gartneri,"2020-priser, kædede værdier",2000,242098.0
"AN.11 Faste aktiver, nettobeholdning ultimo året",01000 Landbrug og gartneri,Løbende priser,2000,167506.0
"AN.11 Faste aktiver, nettobeholdning ultimo året","10120 Føde-, drikke- og tobaksvareindustri","2020-priser, kædede værdier",2000,86866.0
"AN.11 Faste aktiver, nettobeholdning ultimo året","10120 Føde-, drikke- og tobaksvareindustri",Løbende priser,2000,64730.0
P.51g Faste bruttoinvesteringer,01000 Landbrug og gartneri,"2020-priser, kædede værdier",2000,13504.0
P.51g Faste bruttoinvesteringer,01000 Landbrug og gartneri,Løbende priser,2000,9041.0
P.51g Faste bruttoinvesteringer,"10120 Føde-, drikke- og tobaksvareindustri","2020-priser, kædede værdier",2000,9085.0
P.51g Faste bruttoinvesteringer,"10120 Føde-, drikke- og tobaksvareindustri",Løbende priser,2000,6925.0
"AN.11 Faste aktiver, nettobeholdning ultimo året",01000 Landbrug og gartneri,"2020-priser, kædede værdier",2001,242131.0
"AN.11 Faste aktiver, nettobeholdning ultimo året",01000 Landbrug og gartneri,Løbende priser,2001,175081.0
"AN.11 Faste aktiver, nettobeholdning ultimo året","10120 Føde-, drikke- og tobaksvareindustri","2020-priser, kædede værdier",2001,88848.0
"AN.11 Faste aktiver, nettobeholdning ultimo året","10120 Føde-, drikke- og tobaksvareindustri",Løbende priser,2001,68434.0
P.51g Faste bruttoinvesteringer,01000 Landbrug og gartneri,"2020-priser, kædede værdier",2001,15186.0
P.51g Faste bruttoinvesteringer,01000 Landbrug og gartneri,Løbende priser,2001,10527.0
P.51g Faste bruttoinvesteringer,"10120 Føde-, drikke- og tobaksvareindustri","2020-priser, kædede værdier",2001,8940.0
P.51g Faste bruttoinvesteringer,"10120 Føde-, drikke- og tobaksvareindustri",Løbende priser,2001,6994.0
"AN.11 Faste aktiver, nettobeholdning ultimo året",01000 Landbrug og gartneri,"2020-priser, kædede værdier",2002,240161.0
"AN.11 Faste aktiver, nettobeholdning ultimo året",01000 Landbrug og gartneri,Løbende priser,2002,178089.0
"AN.11 Faste aktiver, nettobeholdning ultimo året","10120 Føde-, drikke- og tobaksvareindustri","2020-priser, kædede værdier",2002,90559.0
"AN.11 Faste aktiver, nettobeholdning ultimo året","10120 Føde-, drikke- og tobaksvareindustri",Løbende priser,2002,70927.0
P.51g Faste bruttoinvesteringer,01000 Landbrug og gartneri,"2020-priser, kædede værdier",2002,12935.0
P.51g Faste bruttoinvesteringer,01000 Landbrug og gartneri,Løbende priser,2002,9274.0
P.51g Faste bruttoinvesteringer,"10120 Føde-, drikke- og tobaksvareindustri","2020-priser, kædede værdier",2002,8872.0
P.51g Faste bruttoinvesteringer,"10120 Føde-, drikke- og tobaksvareindustri",Løbende priser,2002,7163.0
"AN.11 Faste aktiver, nettobeholdning ultimo året",01000 Landbrug og gartneri,"2020-priser, kædede værdier",2003,238063.0
"AN.11 Faste aktiver, nettobeholdning ultimo året",01000 Landbrug og gartneri,Løbende priser,2003,179267.0
"AN.11 Faste aktiver, nettobeholdning ultimo året","10120 Føde-, drikke- og tobaksvareindustri","2020-priser, kædede værdier",2003,93051.0
"AN.11 Faste aktiver, nettobeholdning ultimo året","10120 Føde-, drikke- og tobaksvareindustri",Løbende priser,2003,74296.0
P.51g Faste bruttoinvesteringer,01000 Landbrug og gartneri,"2020-priser, kædede værdier",2003,12715.0
P.51g Faste bruttoinvesteringer,01000 Landbrug og gartneri,Løbende priser,2003,9240.0
P.51g Faste bruttoinvesteringer,"10120 Føde-, drikke- og tobaksvareindustri","2020-priser, kædede værdier",2003,9786.0
P.51g Faste bruttoinvesteringer,"10120 Føde-, drikke- og tobaksvareindustri",Løbende priser,2003,8017.0
"AN.11 Faste aktiver, nettobeholdning ultimo året",01000 Landbrug og gartneri,"2020-priser, kædede værdier",2004,236088.0
"AN.11 Faste aktiver, nettobeholdning ultimo året",01000 Landbrug og gartneri,Løbende priser,2004,179856.0
"AN.11 Faste aktiver, nettobeholdning ultimo året","10120 Føde-, drikke- og tobaksvareindustri","2020-priser, kædede værdier",2004,95676.0
"AN.11 Faste aktiver, nettobeholdning ultimo året","10120 Føde-, drikke- og tobaksvareindustri",Løbende priser,2004,77615.0
P.51g Faste bruttoinvesteringer,01000 Landbrug og gartneri,"2020-priser, kædede værdier",2004,12932.0
P.51g Faste bruttoinvesteringer,01000 Landbrug og gartneri,Løbende priser,2004,9476.0
P.51g Faste bruttoinvesteringer,"10120 Føde-, drikke- og tobaksvareindustri","2020-priser, kædede værdier",2004,10159.0
P.51g Faste bruttoinvesteringer,"10120 Føde-, drikke- og tobaksvareindustri",Løbende priser,2004,8337.0
"AN.11 Faste aktiver, nettobeholdning ultimo året",01000 Landbrug og gartneri,"2020-priser, kædede værdier",2005,234687.0
"AN.11 Faste aktiver, nettobeholdning ultimo året",01000 Landbrug og gartneri,Løbende priser,2005,185800.0
"AN.11 Faste aktiver, nettobeholdning ultimo året","10120 Føde-, drikke- og tobaksvareindustri","2020-priser, kædede værdier",2005,95904.0
"AN.11 Faste aktiver, nettobeholdning ultimo året","10120 Føde-, drikke- og tobaksvareindustri",Løbende priser,2005,80088.0
P.51g Faste bruttoinvesteringer,01000 Landbrug og gartneri,"2020-priser, kædede værdier",2005,13633.0
P.51g Faste bruttoinvesteringer,01000 Landbrug og gartneri,Løbende priser,2005,10498.0
P.51g Faste bruttoinvesteringer,"10120 Føde-, drikke- og tobaksvareindustri","2020-priser, kædede værdier",2005,7977.0
P.51g Faste bruttoinvesteringer,"10120 Føde-, drikke- og tobaksvareindustri",Løbende priser,2005,6704.0
"AN.11 Faste aktiver, nettobeholdning ultimo året",01000 Landbrug og gartneri,"2020-priser, kædede værdier",2006,235845.0
"AN.11 Faste aktiver, nettobeholdning ultimo året",01000 Landbrug og gartneri,Løbende priser,2006,195296.0
"AN.11 Faste aktiver, nettobeholdning ultimo året","10120 Føde-, drikke- og tobaksvareindustri","2020-priser, kædede værdier",2006,95868.0
"AN.11 Faste aktiver, nettobeholdning ultimo året","10120 Føde-, drikke- og tobaksvareindustri",Løbende priser,2006,81868.0
P.51g Faste bruttoinvesteringer,01000 Landbrug og gartneri,"2020-priser, kædede værdier",2006,16218.0
P.51g Faste bruttoinvesteringer,01000 Landbrug og gartneri,Løbende priser,2006,12934.0
P.51g Faste bruttoinvesteringer,"10120 Føde-, drikke- og tobaksvareindustri","2020-priser, kædede værdier",2006,7682.0
P.51g Faste bruttoinvesteringer,"10120 Føde-, drikke- og tobaksvareindustri",Løbende priser,2006,6586.0
"AN.11 Faste aktiver, nettobeholdning ultimo året",01000 Landbrug og gartneri,"2020-priser, kædede værdier",2007,239330.0
"AN.11 Faste aktiver, nettobeholdning ultimo året",01000 Landbrug og gartneri,Løbende priser,2007,205026.0
"AN.11 Faste aktiver, nettobeholdning ultimo året","10120 Føde-, drikke- og tobaksvareindustri","2020-priser, kædede værdier",2007,96614.0
"AN.11 Faste aktiver, nettobeholdning ultimo året","10120 Føde-, drikke- og tobaksvareindustri",Løbende priser,2007,85682.0
P.51g Faste bruttoinvesteringer,01000 Landbrug og gartneri,"2020-priser, kædede værdier",2007,18825.0
P.51g Faste bruttoinvesteringer,01000 Landbrug og gartneri,Løbende priser,2007,15408.0
P.51g Faste bruttoinvesteringer,"10120 Føde-, drikke- og tobaksvareindustri","2020-priser, kædede værdier",2007,8309.0
P.51g Faste bruttoinvesteringer,"10120 Føde-, drikke- og tobaksvareindustri",Løbende priser,2007,7423.0
"AN.11 Faste aktiver, nettobeholdning ultimo året",01000 Landbrug og gartneri,"2020-priser, kædede værdier",2008,242244.0
"AN.11 Faste aktiver, nettobeholdning ultimo året",01000 Landbrug og gartneri,Løbende priser,2008,214610.0
"AN.11 Faste aktiver, nettobeholdning ultimo året","10120 Føde-, drikke- og tobaksvareindustri","2020-priser, kædede værdier",2008,99622.0
"AN.11 Faste aktiver, nettobeholdning ultimo året","10120 Føde-, drikke- og tobaksvareindustri",Løbende priser,2008,90985.0
P.51g Faste bruttoinvesteringer,01000 Landbrug og gartneri,"2020-priser, kædede værdier",2008,17701.0
P.51g Faste bruttoinvesteringer,01000 Landbrug og gartneri,Løbende priser,2008,15121.0
P.51g Faste bruttoinvesteringer,"10120 Føde-, drikke- og tobaksvareindustri","2020-priser, kædede værdier",2008,10157.0
P.51g Faste bruttoinvesteringer,"10120 Føde-, drikke- og tobaksvareindustri",Løbende priser,2008,9412.0
"AN.11 Faste aktiver, nettobeholdning ultimo året",01000 Landbrug og gartneri,"2020-priser, kædede værdier",2009,239024.0
"AN.11 Faste aktiver, nettobeholdning ultimo året",01000 Landbrug og gartneri,Løbende priser,2009,201508.0
"AN.11 Faste aktiver, nettobeholdning ultimo året","10120 Føde-, drikke- og tobaksvareindustri","2020-priser, kædede værdier",2009,102062.0
"AN.11 Faste aktiver, nettobeholdning ultimo året","10120 Føde-, drikke- og tobaksvareindustri",Løbende priser,2009,89960.0
P.51g Faste bruttoinvesteringer,01000 Landbrug og gartneri,"2020-priser, kædede værdier",2009,10689.0
P.51g Faste bruttoinvesteringer,01000 Landbrug og gartneri,Løbende priser,2009,8931.0
P.51g Faste bruttoinvesteringer,"10120 Føde-, drikke- og tobaksvareindustri","2020-priser, kædede værdier",2009,9554.0
P.51g Faste bruttoinvesteringer,"10120 Føde-, drikke- og tobaksvareindustri",Løbende priser,2009,8748.0
"AN.11 Faste aktiver, nettobeholdning ultimo året",01000 Landbrug og gartneri,"2020-priser, kædede værdier",2010,234064.0
"AN.11 Faste aktiver, nettobeholdning ultimo året",01000 Landbrug og gartneri,Løbende priser,2010,201695.0
"AN.11 Faste aktiver, nettobeholdning ultimo året","10120 Føde-, drikke- og tobaksvareindustri","2020-priser, kædede værdier",2010,99903.0
"AN.11 Faste aktiver, nettobeholdning ultimo året","10120 Føde-, drikke- og tobaksvareindustri",Løbende priser,2010,88987.0
P.51g Faste bruttoinvesteringer,01000 Landbrug og gartneri,"2020-priser, kædede værdier",2010,8644.0
P.51g Faste bruttoinvesteringer,01000 Landbrug og gartneri,Løbende priser,2010,7255.0
P.51g Faste bruttoinvesteringer,"10120 Føde-, drikke- og tobaksvareindustri","2020-priser, kædede værdier",2010,5055.0
P.51g Faste bruttoinvesteringer,"10120 Føde-, drikke- og tobaksvareindustri",Løbende priser,2010,4543.0
"AN.11 Faste aktiver, nettobeholdning ultimo året",01000 Landbrug og gartneri,"2020-priser, kædede værdier",2011,229103.0
"AN.11 Faste aktiver, nettobeholdning ultimo året",01000 Landbrug og gartneri,Løbende priser,2011,204663.0
"AN.11 Faste aktiver, nettobeholdning ultimo året","10120 Føde-, drikke- og tobaksvareindustri","2020-priser, kædede værdier",2011,98584.0
"AN.11 Faste aktiver, nettobeholdning ultimo året","10120 Føde-, drikke- og tobaksvareindustri",Løbende priser,2011,90632.0
P.51g Faste bruttoinvesteringer,01000 Landbrug og gartneri,"2020-priser, kædede værdier",2011,8309.0
P.51g Faste bruttoinvesteringer,01000 Landbrug og gartneri,Løbende priser,2011,7070.0
P.51g Faste bruttoinvesteringer,"10120 Føde-, drikke- og tobaksvareindustri","2020-priser, kædede værdier",2011,5742.0
P.51g Faste bruttoinvesteringer,"10120 Føde-, drikke- og tobaksvareindustri",Løbende priser,2011,5224.0
"AN.11 Faste aktiver, nettobeholdning ultimo året",01000 Landbrug og gartneri,"2020-priser, kædede værdier",2012,225090.0
"AN.11 Faste aktiver, nettobeholdning ultimo året",01000 Landbrug og gartneri,Løbende priser,2012,206789.0
"AN.11 Faste aktiver, nettobeholdning ultimo året","10120 Føde-, drikke- og tobaksvareindustri","2020-priser, kædede værdier",2012,99448.0
"AN.11 Faste aktiver, nettobeholdning ultimo året","10120 Føde-, drikke- og tobaksvareindustri",Løbende priser,2012,93025.0
P.51g Faste bruttoinvesteringer,01000 Landbrug og gartneri,"2020-priser, kædede værdier",2012,8939.0
P.51g Faste bruttoinvesteringer,01000 Landbrug og gartneri,Løbende priser,2012,7997.0
P.51g Faste bruttoinvesteringer,"10120 Føde-, drikke- og tobaksvareindustri","2020-priser, kædede værdier",2012,7822.0
P.51g Faste bruttoinvesteringer,"10120 Føde-, drikke- og tobaksvareindustri",Løbende priser,2012,7221.0
"AN.11 Faste aktiver, nettobeholdning ultimo året",01000 Landbrug og gartneri,"2020-priser, kædede værdier",2013,222016.0
"AN.11 Faste aktiver, nettobeholdning ultimo året",01000 Landbrug og gartneri,Løbende priser,2013,203998.0
"AN.11 Faste aktiver, nettobeholdning ultimo året","10120 Føde-, drikke- og tobaksvareindustri","2020-priser, kædede værdier",2013,99126.0
"AN.11 Faste aktiver, nettobeholdning ultimo året","10120 Føde-, drikke- og tobaksvareindustri",Løbende priser,2013,92163.0
P.51g Faste bruttoinvesteringer,01000 Landbrug og gartneri,"2020-priser, kædede værdier",2013,9511.0
P.51g Faste bruttoinvesteringer,01000 Landbrug og gartneri,Løbende priser,2013,8620.0
P.51g Faste bruttoinvesteringer,"10120 Føde-, drikke- og tobaksvareindustri","2020-priser, kædede værdier",2013,6584.0
P.51g Faste bruttoinvesteringer,"10120 Føde-, drikke- og tobaksvareindustri",Løbende priser,2013,6107.0
"AN.11 Faste aktiver, nettobeholdning ultimo året",01000 Landbrug og gartneri,"2020-priser, kædede værdier",2014,218477.0
"AN.11 Faste aktiver, nettobeholdning ultimo året",01000 Landbrug og gartneri,Løbende priser,2014,200162.0
"AN.11 Faste aktiver, nettobeholdning ultimo året","10120 Føde-, drikke- og tobaksvareindustri","2020-priser, kædede værdier",2014,98817.0
"AN.11 Faste aktiver, nettobeholdning ultimo året","10120 Føde-, drikke- og tobaksvareindustri",Løbende priser,2014,91992.0
P.51g Faste bruttoinvesteringer,01000 Landbrug og gartneri,"2020-priser, kædede værdier",2014,8883.0
P.51g Faste bruttoinvesteringer,01000 Landbrug og gartneri,Løbende priser,2014,8225.0
P.51g Faste bruttoinvesteringer,"10120 Føde-, drikke- og tobaksvareindustri","2020-priser, kædede værdier",2014,6501.0
P.51g Faste bruttoinvesteringer,"10120 Føde-, drikke- og tobaksvareindustri",Løbende priser,2014,6247.0
"AN.11 Faste aktiver, nettobeholdning ultimo året",01000 Landbrug og gartneri,"2020-priser, kædede værdier",2015,215268.0
"AN.11 Faste aktiver, nettobeholdning ultimo året",01000 Landbrug og gartneri,Løbende priser,2015,197381.0
"AN.11 Faste aktiver, nettobeholdning ultimo året","10120 Føde-, drikke- og tobaksvareindustri","2020-priser, kædede værdier",2015,98167.0
"AN.11 Faste aktiver, nettobeholdning ultimo året","10120 Føde-, drikke- og tobaksvareindustri",Løbende priser,2015,91684.0
P.51g Faste bruttoinvesteringer,01000 Landbrug og gartneri,"2020-priser, kædede værdier",2015,8888.0
P.51g Faste bruttoinvesteringer,01000 Landbrug og gartneri,Løbende priser,2015,8335.0
P.51g Faste bruttoinvesteringer,"10120 Føde-, drikke- og tobaksvareindustri","2020-priser, kædede værdier",2015,5929.0
P.51g Faste bruttoinvesteringer,"10120 Føde-, drikke- og tobaksvareindustri",Løbende priser,2015,5720.0
"AN.11 Faste aktiver, nettobeholdning ultimo året",01000 Landbrug og gartneri,"2020-priser, kædede værdier",2016,211288.0
"AN.11 Faste aktiver, nettobeholdning ultimo året",01000 Landbrug og gartneri,Løbende priser,2016,197554.0
"AN.11 Faste aktiver, nettobeholdning ultimo året","10120 Føde-, drikke- og tobaksvareindustri","2020-priser, kædede værdier",2016,97863.0
"AN.11 Faste aktiver, nettobeholdning ultimo året","10120 Føde-, drikke- og tobaksvareindustri",Løbende priser,2016,92734.0
P.51g Faste bruttoinvesteringer,01000 Landbrug og gartneri,"2020-priser, kædede værdier",2016,7848.0
P.51g Faste bruttoinvesteringer,01000 Landbrug og gartneri,Løbende priser,2016,7591.0
P.51g Faste bruttoinvesteringer,"10120 Føde-, drikke- og tobaksvareindustri","2020-priser, kædede værdier",2016,6149.0
P.51g Faste bruttoinvesteringer,"10120 Føde-, drikke- og tobaksvareindustri",Løbende priser,2016,5998.0
"AN.11 Faste aktiver, nettobeholdning ultimo året",01000 Landbrug og gartneri,"2020-priser, kædede værdier",2017,208278.0
"AN.11 Faste aktiver, nettobeholdning ultimo året",01000 Landbrug og gartneri,Løbende priser,2017,199089.0
"AN.11 Faste aktiver, nettobeholdning ultimo året","10120 Føde-, drikke- og tobaksvareindustri","2020-priser, kædede værdier",2017,98143.0
"AN.11 Faste aktiver, nettobeholdning ultimo året","10120 Føde-, drikke- og tobaksvareindustri",Løbende priser,2017,93987.0
P.51g Faste bruttoinvesteringer,01000 Landbrug og gartneri,"2020-priser, kædede værdier",2017,8513.0
P.51g Faste bruttoinvesteringer,01000 Landbrug og gartneri,Løbende priser,2017,8310.0
P.51g Faste bruttoinvesteringer,"10120 Føde-, drikke- og tobaksvareindustri","2020-priser, kædede værdier",2017,6629.0
P.51g Faste bruttoinvesteringer,"10120 Føde-, drikke- og tobaksvareindustri",Løbende priser,2017,6404.0
"AN.11 Faste aktiver, nettobeholdning ultimo året",01000 Landbrug og gartneri,"2020-priser, kædede værdier",2018,204256.0
"AN.11 Faste aktiver, nettobeholdning ultimo året",01000 Landbrug og gartneri,Løbende priser,2018,199017.0
"AN.11 Faste aktiver, nettobeholdning ultimo året","10120 Føde-, drikke- og tobaksvareindustri","2020-priser, kædede værdier",2018,100338.0
"AN.11 Faste aktiver, nettobeholdning ultimo året","10120 Føde-, drikke- og tobaksvareindustri",Løbende priser,2018,97625.0
P.51g Faste bruttoinvesteringer,01000 Landbrug og gartneri,"2020-priser, kædede værdier",2018,8038.0
P.51g Faste bruttoinvesteringer,01000 Landbrug og gartneri,Løbende priser,2018,7564.0
P.51g Faste bruttoinvesteringer,"10120 Føde-, drikke- og tobaksvareindustri","2020-priser, kædede værdier",2018,8630.0
P.51g Faste bruttoinvesteringer,"10120 Føde-, drikke- og tobaksvareindustri",Løbende priser,2018,8348.0
"AN.11 Faste aktiver, nettobeholdning ultimo året",01000 Landbrug og gartneri,"2020-priser, kædede værdier",2019,200726.0
"AN.11 Faste aktiver, nettobeholdning ultimo året",01000 Landbrug og gartneri,Løbende priser,2019,198787.0
"AN.11 Faste aktiver, nettobeholdning ultimo året","10120 Føde-, drikke- og tobaksvareindustri","2020-priser, kædede værdier",2019,101517.0
"AN.11 Faste aktiver, nettobeholdning ultimo året","10120 Føde-, drikke- og tobaksvareindustri",Løbende priser,2019,100834.0
P.51g Faste bruttoinvesteringer,01000 Landbrug og gartneri,"2020-priser, kædede værdier",2019,8390.0
P.51g Faste bruttoinvesteringer,01000 Landbrug og gartneri,Løbende priser,2019,8169.0
P.51g Faste bruttoinvesteringer,"10120 Føde-, drikke- og tobaksvareindustri","2020-priser, kædede værdier",2019,7652.0
P.51g Faste bruttoinvesteringer,"10120 Føde-, drikke- og tobaksvareindustri",Løbende priser,2019,7594.0
"AN.11 Faste aktiver, nettobeholdning ultimo året",01000 Landbrug og gartneri,"2020-priser, kædede værdier",2020,196514.0
"AN.11 Faste aktiver, nettobeholdning ultimo året",01000 Landbrug og gartneri,Løbende priser,2020,196588.0
"AN.11 Faste aktiver, nettobeholdning ultimo året","10120 Føde-, drikke- og tobaksvareindustri","2020-priser, kædede værdier",2020,101385.0
"AN.11 Faste aktiver, nettobeholdning ultimo året","10120 Føde-, drikke- og tobaksvareindustri",Løbende priser,2020,101387.0
P.51g Faste bruttoinvesteringer,01000 Landbrug og gartneri,"2020-priser, kædede værdier",2020,8046.0
P.51g Faste bruttoinvesteringer,01000 Landbrug og gartneri,Løbende priser,2020,8046.0
P.51g Faste bruttoinvesteringer,"10120 Føde-, drikke- og tobaksvareindustri","2020-priser, kædede værdier",2020,6167.0
P.51g Faste bruttoinvesteringer,"10120 Føde-, drikke- og tobaksvareindustri",Løbende priser,2020,6167.0
"AN.11 Faste aktiver, nettobeholdning ultimo året",01000 Landbrug og gartneri,"2020-priser, kædede værdier",2021,194470.0
"AN.11 Faste aktiver, nettobeholdning ultimo året",01000 Landbrug og gartneri,Løbende priser,2021,197031.0
"AN.11 Faste aktiver, nettobeholdning ultimo året","10120 Føde-, drikke- og tobaksvareindustri","2020-priser, kædede værdier",2021,101864.0
"AN.11 Faste aktiver, nettobeholdning ultimo året","10120 Føde-, drikke- og tobaksvareindustri",Løbende priser,2021,102922.0
P.51g Faste bruttoinvesteringer,01000 Landbrug og gartneri,"2020-priser, kædede værdier",2021,9806.0
P.51g Faste bruttoinvesteringer,01000 Landbrug og gartneri,Løbende priser,2021,9849.0
P.51g Faste bruttoinvesteringer,"10120 Føde-, drikke- og tobaksvareindustri","2020-priser, kædede værdier",2021,6949.0
P.51g Faste bruttoinvesteringer,"10120 Føde-, drikke- og tobaksvareindustri",Løbende priser,2021,6958.0
"AN.11 Faste aktiver, nettobeholdning ultimo året",01000 Landbrug og gartneri,"2020-priser, kædede værdier",2022,190650.0
"AN.11 Faste aktiver, nettobeholdning ultimo året",01000 Landbrug og gartneri,Løbende priser,2022,218658.0
"AN.11 Faste aktiver, nettobeholdning ultimo året","10120 Føde-, drikke- og tobaksvareindustri","2020-priser, kædede værdier",2022,102660.0
"AN.11 Faste aktiver, nettobeholdning ultimo året","10120 Føde-, drikke- og tobaksvareindustri",Løbende priser,2022,113108.0
P.51g Faste bruttoinvesteringer,01000 Landbrug og gartneri,"2020-priser, kædede værdier",2022,8443.0
P.51g Faste bruttoinvesteringer,01000 Landbrug og gartneri,Løbende priser,2022,9022.0
P.51g Faste bruttoinvesteringer,"10120 Føde-, drikke- og tobaksvareindustri","2020-priser, kædede værdier",2022,7507.0
P.51g Faste bruttoinvesteringer,"10120 Føde-, drikke- og tobaksvareindustri",Løbende priser,2022,7999.0
"AN.11 Faste aktiver, nettobeholdning ultimo året",01000 Landbrug og gartneri,"2020-priser, kædede værdier",2023,187393.0
"AN.11 Faste aktiver, nettobeholdning ultimo året",01000 Landbrug og gartneri,Løbende priser,2023,230648.0
"AN.11 Faste aktiver, nettobeholdning ultimo året","10120 Føde-, drikke- og tobaksvareindustri","2020-priser, kædede værdier",2023,103486.0
"AN.11 Faste aktiver, nettobeholdning ultimo året","10120 Føde-, drikke- og tobaksvareindustri",Løbende priser,2023,120333.0
"AN.11 Faste aktiver, nettobeholdning ultimo året",01000 Landbrug og gartneri,"2020-priser, kædede værdier",2024,184590.0
"AN.11 Faste aktiver, nettobeholdning ultimo året",01000 Landbrug og gartneri,Løbende priser,2024,235538.0
"AN.11 Faste aktiver, nettobeholdning ultimo året","10120 Føde-, drikke- og tobaksvareindustri","2020-priser, kædede værdier",2024,104607.0
"AN.11 Faste aktiver, nettobeholdning ultimo året","10120 Føde-, drikke- og tobaksvareindustri",Løbende priser,2024,122910.0
"AN.11 Faste aktiver, nettobeholdning ultimo året",01000 Landbrug og gartneri,Forige års priser,1966,0.0
"AN.11 Faste aktiver, nettobeholdning ultimo året",01000 Landbrug og gartneri,Forige års priser,1967,0.0
"AN.11 Faste aktiver, nettobeholdning ultimo året",01000 Landbrug og gartneri,Forige års priser,1968,27548.820986499133
"AN.11 Faste aktiver, nettobeholdning ultimo året",01000 Landbrug og gartneri,Forige års priser,1969,29614.568873115095
"AN.11 Faste aktiver, nettobeholdning ultimo året",01000 Landbrug og gartneri,Forige års priser,1970,32289.99593055284
"AN.11 Faste aktiver, nettobeholdning ultimo året",01000 Landbrug og gartneri,Forige års priser,1971,35110.292685738605
"AN.11 Faste aktiver, nettobeholdning ultimo året",01000 Landbrug og gartneri,Forige års priser,1972,38173.184694215604
"AN.11 Faste aktiver, nettobeholdning ultimo året",01000 Landbrug og gartneri,Forige års priser,1973,41572.32534271968
"AN.11 Faste aktiver, nettobeholdning ultimo året",01000 Landbrug og gartneri,Forige års priser,1974,45065.71817528522
"AN.11 Faste aktiver, nettobeholdning ultimo året",01000 Landbrug og gartneri,Forige års priser,1975,51256.96723622437
"AN.11 Faste aktiver, nettobeholdning ultimo året",01000 Landbrug og gartneri,Forige års priser,1976,58855.0557012655
"AN.11 Faste aktiver, nettobeholdning ultimo året",01000 Landbrug og gartneri,Forige års priser,1977,65041.398874853454
"AN.11 Faste aktiver, nettobeholdning ultimo året",01000 Landbrug og gartneri,Forige års priser,1978,70261.33235226739
"AN.11 Faste aktiver, nettobeholdning ultimo året",01000 Landbrug og gartneri,Forige års priser,1979,76334.29842421597
"AN.11 Faste aktiver, nettobeholdning ultimo året",01000 Landbrug og gartneri,Forige års priser,1980,81429.39322504107
"AN.11 Faste aktiver, nettobeholdning ultimo året",01000 Landbrug og gartneri,Forige års priser,1981,88272.74046259811
"AN.11 Faste aktiver, nettobeholdning ultimo året",01000 Landbrug og gartneri,Forige års priser,1982,98048.05230250319
"AN.11 Faste aktiver, nettobeholdning ultimo året",01000 Landbrug og gartneri,Forige års priser,1983,106453.736510484
"AN.11 Faste aktiver, nettobeholdning ultimo året",01000 Landbrug og gartneri,Forige års priser,1984,113056.85530941606
"AN.11 Faste aktiver, nettobeholdning ultimo året",01000 Landbrug og gartneri,Forige års priser,1985,117009.29892335008
"AN.11 Faste aktiver, nettobeholdning ultimo året",01000 Landbrug og gartneri,Forige års priser,1986,120031.38489478863
"AN.11 Faste aktiver, nettobeholdning ultimo året",01000 Landbrug og gartneri,Forige års priser,1987,120075.30115967552
"AN.11 Faste aktiver, nettobeholdning ultimo året",01000 Landbrug og gartneri,Forige års priser,1988,121765.50747435272
"AN.11 Faste aktiver, nettobeholdning ultimo året",01000 Landbrug og gartneri,Forige års priser,1989,128508.71649584
"AN.11 Faste aktiver, nettobeholdning ultimo året",01000 Landbrug og gartneri,Forige års priser,1990,139420.35511031945
"AN.11 Faste aktiver, nettobeholdning ultimo året",01000 Landbrug og gartneri,Forige års priser,1991,145974.97194308104
"AN.11 Faste aktiver, nettobeholdning ultimo året",01000 Landbrug og gartneri,Forige års priser,1992,150362.31501566555
"AN.11 Faste aktiver, nettobeholdning ultimo året",01000 Landbrug og gartneri,Forige års priser,1993,153268.74109114078
"AN.11 Faste aktiver, nettobeholdning ultimo året",01000 Landbrug og gartneri,Forige års priser,1994,153278.67379179003
"AN.11 Faste aktiver, nettobeholdning ultimo året",01000 Landbrug og gartneri,Forige års priser,1995,152538.56450551638
"AN.11 Faste aktiver, nettobeholdning ultimo året",01000 Landbrug og gartneri,Forige års priser,1996,155717.69175494308
"AN.11 Faste aktiver, nettobeholdning ultimo året",01000 Landbrug og gartneri,Forige års priser,1997,156279.35000117315
"AN.11 Faste aktiver, nettobeholdning ultimo året",01000 Landbrug og gartneri,Forige års priser,1998,163260.51662254764
"AN.11 Faste aktiver, nettobeholdning ultimo året",01000 Landbrug og gartneri,Forige års priser,1999,162112.13827654513
"AN.11 Faste aktiver, nettobeholdning ultimo året",01000 Landbrug og gartneri,Forige års priser,2000,161524.47227749173
"AN.11 Faste aktiver, nettobeholdning ultimo året",01000 Landbrug og gartneri,Forige års priser,2001,167528.83248106137
"AN.11 Faste aktiver, nettobeholdning ultimo året",01000 Landbrug og gartneri,Forige års priser,2002,173656.5249431093
"AN.11 Faste aktiver, nettobeholdning ultimo året",01000 Landbrug og gartneri,Forige års priser,2003,176533.24897464618
"AN.11 Faste aktiver, nettobeholdning ultimo året",01000 Landbrug og gartneri,Forige års priser,2004,177779.77886525835
"AN.11 Faste aktiver, nettobeholdning ultimo året",01000 Landbrug og gartneri,Forige års priser,2005,178788.6935041171
"AN.11 Faste aktiver, nettobeholdning ultimo året",01000 Landbrug og gartneri,Forige års priser,2006,186716.78022216825
"AN.11 Faste aktiver, nettobeholdning ultimo året",01000 Landbrug og gartneri,Forige års priser,2007,198181.82145052895
"AN.11 Faste aktiver, nettobeholdning ultimo året",01000 Landbrug og gartneri,Forige års priser,2008,207522.32626081145
"AN.11 Faste aktiver, nettobeholdning ultimo året",01000 Landbrug og gartneri,Forige års priser,2009,211757.3217086904
"AN.11 Faste aktiver, nettobeholdning ultimo året",01000 Landbrug og gartneri,Forige års priser,2010,197326.4965526474
"AN.11 Faste aktiver, nettobeholdning ultimo året",01000 Landbrug og gartneri,Forige års priser,2011,197420.06282469752
"AN.11 Faste aktiver, nettobeholdning ultimo året",01000 Landbrug og gartneri,Forige års priser,2012,201078.09443787293
"AN.11 Faste aktiver, nettobeholdning ultimo året",01000 Landbrug og gartneri,Forige års priser,2013,203964.9323559465
"AN.11 Faste aktiver, nettobeholdning ultimo året",01000 Landbrug og gartneri,Forige års priser,2014,200746.2121919141
"AN.11 Faste aktiver, nettobeholdning ultimo året",01000 Landbrug og gartneri,Forige års priser,2015,197222.01154354922
"AN.11 Faste aktiver, nettobeholdning ultimo året",01000 Landbrug og gartneri,Forige års priser,2016,193731.70526041958
"AN.11 Faste aktiver, nettobeholdning ultimo året",01000 Landbrug og gartneri,Forige års priser,2017,194739.65398886826
"AN.11 Faste aktiver, nettobeholdning ultimo året",01000 Landbrug og gartneri,Forige års priser,2018,195244.44628813412
"AN.11 Faste aktiver, nettobeholdning ultimo året",01000 Landbrug og gartneri,Forige års priser,2019,195577.54162423624
"AN.11 Faste aktiver, nettobeholdning ultimo året",01000 Landbrug og gartneri,Forige års priser,2020,194615.6876438528
"AN.11 Faste aktiver, nettobeholdning ultimo året",01000 Landbrug og gartneri,Forige års priser,2021,194543.23030420224
"AN.11 Faste aktiver, nettobeholdning ultimo året",01000 Landbrug og gartneri,Forige års priser,2022,193160.69393736825
"AN.11 Faste aktiver, nettobeholdning ultimo året",01000 Landbrug og gartneri,Forige års priser,2023,214922.52081825334
"AN.11 Faste aktiver, nettobeholdning ultimo året",01000 Landbrug og gartneri,Forige års priser,2024,227197.99736382897
"AN.11 Faste aktiver, nettobeholdning ultimo året","10120 Føde-, drikke- og tobaksvareindustri",Forige års priser,1966,0.0
"AN.11 Faste aktiver, nettobeholdning ultimo året","10120 Føde-, drikke- og tobaksvareindustri",Forige års priser,1967,0.0
"AN.11 Faste aktiver, nettobeholdning ultimo året","10120 Føde-, drikke- og tobaksvareindustri",Forige års priser,1968,5112.726262735748
"AN.11 Faste aktiver, nettobeholdning ultimo året","10120 Føde-, drikke- og tobaksvareindustri",Forige års priser,1969,5591.566863905325
"AN.11 Faste aktiver, nettobeholdning ultimo året","10120 Føde-, drikke- og tobaksvareindustri",Forige års priser,1970,6188.902730245646
"AN.11 Faste aktiver, nettobeholdning ultimo året","10120 Føde-, drikke- og tobaksvareindustri",Forige års priser,1971,7008.181480196301
"AN.11 Faste aktiver, nettobeholdning ultimo året","10120 Føde-, drikke- og tobaksvareindustri",Forige års priser,1972,7864.905370414768
"AN.11 Faste aktiver, nettobeholdning ultimo året","10120 Føde-, drikke- og tobaksvareindustri",Forige års priser,1973,8680.232543510168
"AN.11 Faste aktiver, nettobeholdning ultimo året","10120 Føde-, drikke- og tobaksvareindustri",Forige års priser,1974,9675.022571214902
"AN.11 Faste aktiver, nettobeholdning ultimo året","10120 Føde-, drikke- og tobaksvareindustri",Forige års priser,1975,11045.52889969916
"AN.11 Faste aktiver, nettobeholdning ultimo året","10120 Føde-, drikke- og tobaksvareindustri",Forige års priser,1976,12846.740322381167
"AN.11 Faste aktiver, nettobeholdning ultimo året","10120 Føde-, drikke- og tobaksvareindustri",Forige års priser,1977,14246.35349940688
"AN.11 Faste aktiver, nettobeholdning ultimo året","10120 Føde-, drikke- og tobaksvareindustri",Forige års priser,1978,15585.195522843413
"AN.11 Faste aktiver, nettobeholdning ultimo året","10120 Føde-, drikke- og tobaksvareindustri",Forige års priser,1979,17135.01820910272
"AN.11 Faste aktiver, nettobeholdning ultimo året","10120 Føde-, drikke- og tobaksvareindustri",Forige års priser,1980,18798.188082393328
"AN.11 Faste aktiver, nettobeholdning ultimo året","10120 Føde-, drikke- og tobaksvareindustri",Forige års priser,1981,21445.388987962553
"AN.11 Faste aktiver, nettobeholdning ultimo året","10120 Føde-, drikke- og tobaksvareindustri",Forige års priser,1982,24240.626081069644
"AN.11 Faste aktiver, nettobeholdning ultimo året","10120 Føde-, drikke- og tobaksvareindustri",Forige års priser,1983,26594.333085652528
"AN.11 Faste aktiver, nettobeholdning ultimo året","10120 Føde-, drikke- og tobaksvareindustri",Forige års priser,1984,28814.069092933794
"AN.11 Faste aktiver, nettobeholdning ultimo året","10120 Føde-, drikke- og tobaksvareindustri",Forige års priser,1985,30699.869331079848
"AN.11 Faste aktiver, nettobeholdning ultimo året","10120 Føde-, drikke- og tobaksvareindustri",Forige års priser,1986,32577.55875074803
"AN.11 Faste aktiver, nettobeholdning ultimo året","10120 Føde-, drikke- og tobaksvareindustri",Forige års priser,1987,33818.67610259618
"AN.11 Faste aktiver, nettobeholdning ultimo året","10120 Føde-, drikke- og tobaksvareindustri",Forige års priser,1988,35734.33925171507
"AN.11 Faste aktiver, nettobeholdning ultimo året","10120 Føde-, drikke- og tobaksvareindustri",Forige års priser,1989,38501.23604027723
"AN.11 Faste aktiver, nettobeholdning ultimo året","10120 Føde-, drikke- og tobaksvareindustri",Forige års priser,1990,41888.24615644534
"AN.11 Faste aktiver, nettobeholdning ultimo året","10120 Føde-, drikke- og tobaksvareindustri",Forige års priser,1991,45605.83757462379
"AN.11 Faste aktiver, nettobeholdning ultimo året","10120 Føde-, drikke- og tobaksvareindustri",Forige års priser,1992,49142.93911044161
"AN.11 Faste aktiver, nettobeholdning ultimo året","10120 Føde-, drikke- og tobaksvareindustri",Forige års priser,1993,51571.84459235458
"AN.11 Faste aktiver, nettobeholdning ultimo året","10120 Føde-, drikke- og tobaksvareindustri",Forige års priser,1994,52722.13544131715
"AN.11 Faste aktiver, nettobeholdning ultimo året","10120 Føde-, drikke- og tobaksvareindustri",Forige års priser,1995,53255.553961680474
"AN.11 Faste aktiver, nettobeholdning ultimo året","10120 Føde-, drikke- og tobaksvareindustri",Forige års priser,1996,56494.47260587326
"AN.11 Faste aktiver, nettobeholdning ultimo året","10120 Føde-, drikke- og tobaksvareindustri",Forige års priser,1997,57843.816845336594
"AN.11 Faste aktiver, nettobeholdning ultimo året","10120 Føde-, drikke- og tobaksvareindustri",Forige års priser,1998,60740.83257140811
"AN.11 Faste aktiver, nettobeholdning ultimo året","10120 Føde-, drikke- og tobaksvareindustri",Forige års priser,1999,61621.5466058105
"AN.11 Faste aktiver, nettobeholdning ultimo året","10120 Føde-, drikke- og tobaksvareindustri",Forige års priser,2000,64137.42852072266
"AN.11 Faste aktiver, nettobeholdning ultimo året","10120 Føde-, drikke- og tobaksvareindustri",Forige års priser,2001,66206.92837243571
"AN.11 Faste aktiver, nettobeholdning ultimo året","10120 Føde-, drikke- og tobaksvareindustri",Forige års priser,2002,69751.87518008283
"AN.11 Faste aktiver, nettobeholdning ultimo året","10120 Føde-, drikke- og tobaksvareindustri",Forige års priser,2003,72878.76717940789
"AN.11 Faste aktiver, nettobeholdning ultimo året","10120 Føde-, drikke- og tobaksvareindustri",Forige års priser,2004,76391.9151433085
"AN.11 Faste aktiver, nettobeholdning ultimo året","10120 Føde-, drikke- og tobaksvareindustri",Forige års priser,2005,77799.95986454283
"AN.11 Faste aktiver, nettobeholdning ultimo året","10120 Føde-, drikke- og tobaksvareindustri",Forige års priser,2006,80057.93693693694
"AN.11 Faste aktiver, nettobeholdning ultimo året","10120 Føde-, drikke- og tobaksvareindustri",Forige års priser,2007,82505.05853882423
"AN.11 Faste aktiver, nettobeholdning ultimo året","10120 Føde-, drikke- og tobaksvareindustri",Forige års priser,2008,88349.64088020369
"AN.11 Faste aktiver, nettobeholdning ultimo året","10120 Føde-, drikke- og tobaksvareindustri",Forige års priser,2009,93213.45756961314
"AN.11 Faste aktiver, nettobeholdning ultimo året","10120 Føde-, drikke- og tobaksvareindustri",Forige års priser,2010,88057.00339009622
"AN.11 Faste aktiver, nettobeholdning ultimo året","10120 Føde-, drikke- og tobaksvareindustri",Forige års priser,2011,87812.12183818304
"AN.11 Faste aktiver, nettobeholdning ultimo året","10120 Føde-, drikke- og tobaksvareindustri",Forige års priser,2012,91426.30787957477
"AN.11 Faste aktiver, nettobeholdning ultimo året","10120 Føde-, drikke- og tobaksvareindustri",Forige års priser,2013,92723.7968586598
"AN.11 Faste aktiver, nettobeholdning ultimo året","10120 Føde-, drikke- og tobaksvareindustri",Forige års priser,2014,91875.7053749773
"AN.11 Faste aktiver, nettobeholdning ultimo året","10120 Føde-, drikke- og tobaksvareindustri",Forige års priser,2015,91386.8935911837
"AN.11 Faste aktiver, nettobeholdning ultimo året","10120 Føde-, drikke- og tobaksvareindustri",Forige års priser,2016,91400.07631892592
"AN.11 Faste aktiver, nettobeholdning ultimo året","10120 Føde-, drikke- og tobaksvareindustri",Forige års priser,2017,92999.32519951361
"AN.11 Faste aktiver, nettobeholdning ultimo året","10120 Føde-, drikke- og tobaksvareindustri",Forige års priser,2018,96089.04971317365
"AN.11 Faste aktiver, nettobeholdning ultimo året","10120 Føde-, drikke- og tobaksvareindustri",Forige års priser,2019,98772.12147939963
"AN.11 Faste aktiver, nettobeholdning ultimo året","10120 Føde-, drikke- og tobaksvareindustri",Forige års priser,2020,100702.88808770945
"AN.11 Faste aktiver, nettobeholdning ultimo året","10120 Føde-, drikke- og tobaksvareindustri",Forige års priser,2021,101866.00944912956
"AN.11 Faste aktiver, nettobeholdning ultimo året","10120 Føde-, drikke- og tobaksvareindustri",Forige års priser,2022,103726.26757244953
"AN.11 Faste aktiver, nettobeholdning ultimo året","10120 Føde-, drikke- og tobaksvareindustri",Forige års priser,2023,114018.06436781608
"AN.11 Faste aktiver, nettobeholdning ultimo året","10120 Føde-, drikke- og tobaksvareindustri",Forige års priser,2024,121636.49315849486
P.51g Faste bruttoinvesteringer,01000 Landbrug og gartneri,Forige års priser,1966,0.0
P.51g Faste bruttoinvesteringer,01000 Landbrug og gartneri,Forige års priser,1967,0.0
P.51g Faste bruttoinvesteringer,01000 Landbrug og gartneri,Forige års priser,1968,0.0
P.51g Faste bruttoinvesteringer,01000 Landbrug og gartneri,Forige års priser,1969,0.0
P.51g Faste bruttoinvesteringer,01000 Landbrug og gartneri,Forige års priser,1970,0.0
P.51g Faste bruttoinvesteringer,01000 Landbrug og gartneri,Forige års priser,1971,0.0
P.51g Faste bruttoinvesteringer,01000 Landbrug og gartneri,Forige års priser,1972,0.0
P.51g Faste bruttoinvesteringer,01000 Landbrug og gartneri,Forige års priser,1973,0.0
P.51g Faste bruttoinvesteringer,01000 Landbrug og gartneri,Forige års priser,1974,0.0
P.51g Faste bruttoinvesteringer,01000 Landbrug og gartneri,Forige års priser,1975,0.0
P.51g Faste bruttoinvesteringer,01000 Landbrug og gartneri,Forige års priser,1976,0.0
P.51g Faste bruttoinvesteringer,01000 Landbrug og gartneri,Forige års priser,1977,0.0
P.51g Faste bruttoinvesteringer,01000 Landbrug og gartneri,Forige års priser,1978,0.0
P.51g Faste bruttoinvesteringer,01000 Landbrug og gartneri,Forige års priser,1979,0.0
P.51g Faste bruttoinvesteringer,01000 Landbrug og gartneri,Forige års priser,1980,0.0
P.51g Faste bruttoinvesteringer,01000 Landbrug og gartneri,Forige års priser,1981,0.0
P.51g Faste bruttoinvesteringer,01000 Landbrug og gartneri,Forige års priser,1982,0.0
P.51g Faste bruttoinvesteringer,01000 Landbrug og gartneri,Forige års priser,1983,0.0
P.51g Faste bruttoinvesteringer,01000 Landbrug og gartneri,Forige års priser,1984,0.0
P.51g Faste bruttoinvesteringer,01000 Landbrug og gartneri,Forige års priser,1985,0.0
P.51g Faste bruttoinvesteringer,01000 Landbrug og gartneri,Forige års priser,1986,0.0
P.51g Faste bruttoinvesteringer,01000 Landbrug og gartneri,Forige års priser,1987,0.0
P.51g Faste bruttoinvesteringer,01000 Landbrug og gartneri,Forige års priser,1988,0.0
P.51g Faste bruttoinvesteringer,01000 Landbrug og gartneri,Forige års priser,1989,0.0
P.51g Faste bruttoinvesteringer,01000 Landbrug og gartneri,Forige års priser,1990,0.0
P.51g Faste bruttoinvesteringer,01000 Landbrug og gartneri,Forige års priser,1991,0.0
P.51g Faste bruttoinvesteringer,01000 Landbrug og gartneri,Forige års priser,1992,0.0
P.51g Faste bruttoinvesteringer,01000 Landbrug og gartneri,Forige års priser,1993,0.0
P.51g Faste bruttoinvesteringer,01000 Landbrug og gartneri,Forige års priser,1994,5826.291886814606
P.51g Faste bruttoinvesteringer,01000 Landbrug og gartneri,Forige års priser,1995,6750.747327302631
P.51g Faste bruttoinvesteringer,01000 Landbrug og gartneri,Forige års priser,1996,7080.689576278943
P.51g Faste bruttoinvesteringer,01000 Landbrug og gartneri,Forige års priser,1997,7778.875011010305
P.51g Faste bruttoinvesteringer,01000 Landbrug og gartneri,Forige års priser,1998,8185.4375
P.51g Faste bruttoinvesteringer,01000 Landbrug og gartneri,Forige års priser,1999,7950.323752838907
P.51g Faste bruttoinvesteringer,01000 Landbrug og gartneri,Forige års priser,2000,8966.906322409797
P.51g Faste bruttoinvesteringer,01000 Landbrug og gartneri,Forige års priser,2001,10167.107968009477
P.51g Faste bruttoinvesteringer,01000 Landbrug og gartneri,Forige års priser,2002,8966.59719478467
P.51g Faste bruttoinvesteringer,01000 Landbrug og gartneri,Forige års priser,2003,9116.266718206418
P.51g Faste bruttoinvesteringer,01000 Landbrug og gartneri,Forige års priser,2004,9397.69406213134
P.51g Faste bruttoinvesteringer,01000 Landbrug og gartneri,Forige års priser,2005,9989.661923909682
P.51g Faste bruttoinvesteringer,01000 Landbrug og gartneri,Forige års priser,2006,12488.561871928408
P.51g Faste bruttoinvesteringer,01000 Landbrug og gartneri,Forige års priser,2007,15013.105808361079
P.51g Faste bruttoinvesteringer,01000 Landbrug og gartneri,Forige års priser,2008,14488.021673306774
P.51g Faste bruttoinvesteringer,01000 Landbrug og gartneri,Forige års priser,2009,9131.030393763065
P.51g Faste bruttoinvesteringer,01000 Landbrug og gartneri,Forige års priser,2010,7222.337356160539
P.51g Faste bruttoinvesteringer,01000 Landbrug og gartneri,Forige års priser,2011,6973.830981027302
P.51g Faste bruttoinvesteringer,01000 Landbrug og gartneri,Forige års priser,2012,7606.057287278854
P.51g Faste bruttoinvesteringer,01000 Landbrug og gartneri,Forige års priser,2013,8508.722116567847
P.51g Faste bruttoinvesteringer,01000 Landbrug og gartneri,Forige års priser,2014,8050.831668594259
P.51g Faste bruttoinvesteringer,01000 Landbrug og gartneri,Forige års priser,2015,8229.62962962963
P.51g Faste bruttoinvesteringer,01000 Landbrug og gartneri,Forige års priser,2016,7359.707470747075
P.51g Faste bruttoinvesteringer,01000 Landbrug og gartneri,Forige års priser,2017,8234.223114169215
P.51g Faste bruttoinvesteringer,01000 Landbrug og gartneri,Forige års priser,2018,7846.326794314578
P.51g Faste bruttoinvesteringer,01000 Landbrug og gartneri,Forige års priser,2019,7895.24259766111
P.51g Faste bruttoinvesteringer,01000 Landbrug og gartneri,Forige års priser,2020,7834.06126340882
P.51g Faste bruttoinvesteringer,01000 Landbrug og gartneri,Forige års priser,2021,9806.0
P.51g Faste bruttoinvesteringer,01000 Landbrug og gartneri,Forige års priser,2022,8480.023149092392
P.51g Faste bruttoinvesteringer,"10120 Føde-, drikke- og tobaksvareindustri",Forige års priser,1966,0.0
P.51g Faste bruttoinvesteringer,"10120 Føde-, drikke- og tobaksvareindustri",Forige års priser,1967,0.0
P.51g Faste bruttoinvesteringer,"10120 Føde-, drikke- og tobaksvareindustri",Forige års priser,1968,0.0
P.51g Faste bruttoinvesteringer,"10120 Føde-, drikke- og tobaksvareindustri",Forige års priser,1969,0.0
P.51g Faste bruttoinvesteringer,"10120 Føde-, drikke- og tobaksvareindustri",Forige års priser,1970,0.0
P.51g Faste bruttoinvesteringer,"10120 Føde-, drikke- og tobaksvareindustri",Forige års priser,1971,0.0
P.51g Faste bruttoinvesteringer,"10120 Føde-, drikke- og tobaksvareindustri",Forige års priser,1972,0.0
P.51g Faste bruttoinvesteringer,"10120 Føde-, drikke- og tobaksvareindustri",Forige års priser,1973,0.0
P.51g Faste bruttoinvesteringer,"10120 Føde-, drikke- og tobaksvareindustri",Forige års priser,1974,0.0
P.51g Faste bruttoinvesteringer,"10120 Føde-, drikke- og tobaksvareindustri",Forige års priser,1975,0.0
P.51g Faste bruttoinvesteringer,"10120 Føde-, drikke- og tobaksvareindustri",Forige års priser,1976,0.0
P.51g Faste bruttoinvesteringer,"10120 Føde-, drikke- og tobaksvareindustri",Forige års priser,1977,0.0
P.51g Faste bruttoinvesteringer,"10120 Føde-, drikke- og tobaksvareindustri",Forige års priser,1978,0.0
P.51g Faste bruttoinvesteringer,"10120 Føde-, drikke- og tobaksvareindustri",Forige års priser,1979,0.0
P.51g Faste bruttoinvesteringer,"10120 Føde-, drikke- og tobaksvareindustri",Forige års priser,1980,0.0
P.51g Faste bruttoinvesteringer,"10120 Føde-, drikke- og tobaksvareindustri",Forige års priser,1981,0.0
P.51g Faste bruttoinvesteringer,"10120 Føde-, drikke- og tobaksvareindustri",Forige års priser,1982,0.0
P.51g Faste bruttoinvesteringer,"10120 Føde-, drikke- og tobaksvareindustri",Forige års priser,1983,0.0
P.51g Faste bruttoinvesteringer,"10120 Føde-, drikke- og tobaksvareindustri",Forige års priser,1984,0.0
P.51g Faste bruttoinvesteringer,"10120 Føde-, drikke- og tobaksvareindustri",Forige års priser,1985,0.0
P.51g Faste bruttoinvesteringer,"10120 Føde-, drikke- og tobaksvareindustri",Forige års priser,1986,0.0
P.51g Faste bruttoinvesteringer,"10120 Føde-, drikke- og tobaksvareindustri",Forige års priser,1987,0.0
P.51g Faste bruttoinvesteringer,"10120 Føde-, drikke- og tobaksvareindustri",Forige års priser,1988,0.0
P.51g Faste bruttoinvesteringer,"10120 Føde-, drikke- og tobaksvareindustri",Forige års priser,1989,0.0
P.51g Faste bruttoinvesteringer,"10120 Føde-, drikke- og tobaksvareindustri",Forige års priser,1990,0.0
P.51g Faste bruttoinvesteringer,"10120 Føde-, drikke- og tobaksvareindustri",Forige års priser,1991,0.0
P.51g Faste bruttoinvesteringer,"10120 Føde-, drikke- og tobaksvareindustri",Forige års priser,1992,0.0
P.51g Faste bruttoinvesteringer,"10120 Føde-, drikke- og tobaksvareindustri",Forige års priser,1993,0.0
P.51g Faste bruttoinvesteringer,"10120 Føde-, drikke- og tobaksvareindustri",Forige års priser,1994,4516.180483870968
P.51g Faste bruttoinvesteringer,"10120 Føde-, drikke- og tobaksvareindustri",Forige års priser,1995,4624.682492581603
P.51g Faste bruttoinvesteringer,"10120 Føde-, drikke- og tobaksvareindustri",Forige års priser,1996,6158.417471192775
P.51g Faste bruttoinvesteringer,"10120 Føde-, drikke- og tobaksvareindustri",Forige års priser,1997,4963.292193220739
P.51g Faste bruttoinvesteringer,"10120 Føde-, drikke- og tobaksvareindustri",Forige års priser,1998,5486.260043196545
P.51g Faste bruttoinvesteringer,"10120 Føde-, drikke- og tobaksvareindustri",Forige års priser,1999,5045.769726247987
P.51g Faste bruttoinvesteringer,"10120 Føde-, drikke- og tobaksvareindustri",Forige års priser,2000,6855.38734476641
P.51g Faste bruttoinvesteringer,"10120 Føde-, drikke- og tobaksvareindustri",Forige års priser,2001,6814.474408365438
P.51g Faste bruttoinvesteringer,"10120 Føde-, drikke- og tobaksvareindustri",Forige års priser,2002,6940.801789709172
P.51g Faste bruttoinvesteringer,"10120 Føde-, drikke- og tobaksvareindustri",Forige års priser,2003,7900.937556357078
P.51g Faste bruttoinvesteringer,"10120 Føde-, drikke- og tobaksvareindustri",Forige års priser,2004,8322.573370120579
P.51g Faste bruttoinvesteringer,"10120 Føde-, drikke- og tobaksvareindustri",Forige års priser,2005,6546.338123831086
P.51g Faste bruttoinvesteringer,"10120 Føde-, drikke- og tobaksvareindustri",Forige års priser,2006,6456.077222013288
P.51g Faste bruttoinvesteringer,"10120 Føde-, drikke- og tobaksvareindustri",Forige års priser,2007,7123.545170528508
P.51g Faste bruttoinvesteringer,"10120 Føde-, drikke- og tobaksvareindustri",Forige års priser,2008,9073.945240101095
P.51g Faste bruttoinvesteringer,"10120 Føde-, drikke- og tobaksvareindustri",Forige års priser,2009,8853.229103081618
P.51g Faste bruttoinvesteringer,"10120 Føde-, drikke- og tobaksvareindustri",Forige års priser,2010,4628.547205359012
P.51g Faste bruttoinvesteringer,"10120 Føde-, drikke- og tobaksvareindustri",Forige års priser,2011,5160.4166172106825
P.51g Faste bruttoinvesteringer,"10120 Føde-, drikke- og tobaksvareindustri",Forige års priser,2012,7116.358063392547
P.51g Faste bruttoinvesteringer,"10120 Føde-, drikke- og tobaksvareindustri",Forige års priser,2013,6078.121196624904
P.51g Faste bruttoinvesteringer,"10120 Føde-, drikke- og tobaksvareindustri",Forige års priser,2014,6030.013213851762
P.51g Faste bruttoinvesteringer,"10120 Føde-, drikke- og tobaksvareindustri",Forige års priser,2015,5697.348561759729
P.51g Faste bruttoinvesteringer,"10120 Føde-, drikke- og tobaksvareindustri",Forige års priser,2016,5932.244897959184
P.51g Faste bruttoinvesteringer,"10120 Føde-, drikke- og tobaksvareindustri",Forige års priser,2017,6466.212717515044
P.51g Faste bruttoinvesteringer,"10120 Føde-, drikke- og tobaksvareindustri",Forige års priser,2018,8337.082516216624
P.51g Faste bruttoinvesteringer,"10120 Føde-, drikke- og tobaksvareindustri",Forige års priser,2019,7401.9578215527235
P.51g Faste bruttoinvesteringer,"10120 Føde-, drikke- og tobaksvareindustri",Forige års priser,2020,6120.255880815473
P.51g Faste bruttoinvesteringer,"10120 Føde-, drikke- og tobaksvareindustri",Forige års priser,2021,6949.0
P.51g Faste bruttoinvesteringer,"10120 Føde-, drikke- og tobaksvareindustri",Forige års priser,2022,7516.722693912793
"AN.11 Faste aktiver, nettobeholdning ultimo året",REST_ANVENDELSE Øvrige brancher,"2020-priser, kædede værdier",1966,2618163.0
"AN.11 Faste aktiver, nettobeholdning ultimo året",REST_ANVENDELSE Øvrige brancher,"2020-priser, kædede værdier",1967,2738303.0
"AN.11 Faste aktiver, nettobeholdning ultimo året",REST_ANVENDELSE Øvrige brancher,"2020-priser, kædede værdier",1968,2867006.0
"AN.11 Faste aktiver, nettobeholdning ultimo året",REST_ANVENDELSE Øvrige brancher,"2020-priser, kædede værdier",1969,3015495.0
"AN.11 Faste aktiver, nettobeholdning ultimo året",REST_ANVENDELSE Øvrige brancher,"2020-priser, kædede værdier",1970,3161059.0
"AN.11 Faste aktiver, nettobeholdning ultimo året",REST_ANVENDELSE Øvrige brancher,"2020-priser, kædede værdier",1971,3302298.0
"AN.11 Faste aktiver, nettobeholdning ultimo året",REST_ANVENDELSE Øvrige brancher,"2020-priser, kædede værdier",1972,3467494.0
"AN.11 Faste aktiver, nettobeholdning ultimo året",REST_ANVENDELSE Øvrige brancher,"2020-priser, kædede værdier",1973,3631240.0
"AN.11 Faste aktiver, nettobeholdning ultimo året",REST_ANVENDELSE Øvrige brancher,"2020-priser, kædede værdier",1974,3755637.0
"AN.11 Faste aktiver, nettobeholdning ultimo året",REST_ANVENDELSE Øvrige brancher,"2020-priser, kædede værdier",1975,3856260.0
"AN.11 Faste aktiver, nettobeholdning ultimo året",REST_ANVENDELSE Øvrige brancher,"2020-priser, kædede værdier",1976,3992820.0
"AN.11 Faste aktiver, nettobeholdning ultimo året",REST_ANVENDELSE Øvrige brancher,"2020-priser, kædede værdier",1977,4114787.0
"AN.11 Faste aktiver, nettobeholdning ultimo året",REST_ANVENDELSE Øvrige brancher,"2020-priser, kædede værdier",1978,4233512.0
"AN.11 Faste aktiver, nettobeholdning ultimo året",REST_ANVENDELSE Øvrige brancher,"2020-priser, kædede værdier",1979,4350333.0
"AN.11 Faste aktiver, nettobeholdning ultimo året",REST_ANVENDELSE Øvrige brancher,"2020-priser, kædede værdier",1980,4435830.0
"AN.11 Faste aktiver, nettobeholdning ultimo året",REST_ANVENDELSE Øvrige brancher,"2020-priser, kædede værdier",1981,4471498.0
"AN.11 Faste aktiver, nettobeholdning ultimo året",REST_ANVENDELSE Øvrige brancher,"2020-priser, kædede værdier",1982,4517509.0
"AN.11 Faste aktiver, nettobeholdning ultimo året",REST_ANVENDELSE Øvrige brancher,"2020-priser, kædede værdier",1983,4564886.0
"AN.11 Faste aktiver, nettobeholdning ultimo året",REST_ANVENDELSE Øvrige brancher,"2020-priser, kædede værdier",1984,4625448.0
"AN.11 Faste aktiver, nettobeholdning ultimo året",REST_ANVENDELSE Øvrige brancher,"2020-priser, kædede værdier",1985,4710206.0
"AN.11 Faste aktiver, nettobeholdning ultimo året",REST_ANVENDELSE Øvrige brancher,"2020-priser, kædede værdier",1986,4837386.0
"AN.11 Faste aktiver, nettobeholdning ultimo året",REST_ANVENDELSE Øvrige brancher,"2020-priser, kædede værdier",1987,4962141.0
"AN.11 Faste aktiver, nettobeholdning ultimo året",REST_ANVENDELSE Øvrige brancher,"2020-priser, kædede værdier",1988,5055391.0
"AN.11 Faste aktiver, nettobeholdning ultimo året",REST_ANVENDELSE Øvrige brancher,"2020-priser, kædede værdier",1989,5137935.0
"AN.11 Faste aktiver, nettobeholdning ultimo året",REST_ANVENDELSE Øvrige brancher,"2020-priser, kædede værdier",1990,5217291.0
"AN.11 Faste aktiver, nettobeholdning ultimo året",REST_ANVENDELSE Øvrige brancher,"2020-priser, kædede værdier",1991,5264800.0
"AN.11 Faste aktiver, nettobeholdning ultimo året",REST_ANVENDELSE Øvrige brancher,"2020-priser, kædede værdier",1992,5305384.0
"AN.11 Faste aktiver, nettobeholdning ultimo året",REST_ANVENDELSE Øvrige brancher,"2020-priser, kædede værdier",1993,5328639.0
"AN.11 Faste aktiver, nettobeholdning ultimo året",REST_ANVENDELSE Øvrige brancher,"2020-priser, kædede værdier",1994,5354683.0
"AN.11 Faste aktiver, nettobeholdning ultimo året",REST_ANVENDELSE Øvrige brancher,"2020-priser, kædede værdier",1995,5403081.0
"AN.11 Faste aktiver, nettobeholdning ultimo året",REST_ANVENDELSE Øvrige brancher,"2020-priser, kædede værdier",1996,5462484.0
"AN.11 Faste aktiver, nettobeholdning ultimo året",REST_ANVENDELSE Øvrige brancher,"2020-priser, kædede værdier",1997,5531111.0
"AN.11 Faste aktiver, nettobeholdning ultimo året",REST_ANVENDELSE Øvrige brancher,"2020-priser, kædede værdier",1998,5612542.0
"AN.11 Faste aktiver, nettobeholdning ultimo året",REST_ANVENDELSE Øvrige brancher,"2020-priser, kædede værdier",1999,5682056.0
"AN.11 Faste aktiver, nettobeholdning ultimo året",REST_ANVENDELSE Øvrige brancher,"2020-priser, kædede værdier",2000,5773271.0
"AN.11 Faste aktiver, nettobeholdning ultimo året",REST_ANVENDELSE Øvrige brancher,"2020-priser, kædede værdier",2001,5852073.0
"AN.11 Faste aktiver, nettobeholdning ultimo året",REST_ANVENDELSE Øvrige brancher,"2020-priser, kædede værdier",2002,5918328.0
"AN.11 Faste aktiver, nettobeholdning ultimo året",REST_ANVENDELSE Øvrige brancher,"2020-priser, kædede værdier",2003,5980902.0
"AN.11 Faste aktiver, nettobeholdning ultimo året",REST_ANVENDELSE Øvrige brancher,"2020-priser, kædede værdier",2004,6046439.0
"AN.11 Faste aktiver, nettobeholdning ultimo året",REST_ANVENDELSE Øvrige brancher,"2020-priser, kædede værdier",2005,6132550.0
"AN.11 Faste aktiver, nettobeholdning ultimo året",REST_ANVENDELSE Øvrige brancher,"2020-priser, kædede værdier",2006,6270696.0
"AN.11 Faste aktiver, nettobeholdning ultimo året",REST_ANVENDELSE Øvrige brancher,"2020-priser, kædede værdier",2007,6395005.0
"AN.11 Faste aktiver, nettobeholdning ultimo året",REST_ANVENDELSE Øvrige brancher,"2020-priser, kædede værdier",2008,6486901.0
"AN.11 Faste aktiver, nettobeholdning ultimo året",REST_ANVENDELSE Øvrige brancher,"2020-priser, kædede værdier",2009,6533631.0
"AN.11 Faste aktiver, nettobeholdning ultimo året",REST_ANVENDELSE Øvrige brancher,"2020-priser, kædede værdier",2010,6550770.0
"AN.11 Faste aktiver, nettobeholdning ultimo året",REST_ANVENDELSE Øvrige brancher,"2020-priser, kædede værdier",2011,6568622.0
"AN.11 Faste aktiver, nettobeholdning ultimo året",REST_ANVENDELSE Øvrige brancher,"2020-priser, kædede værdier",2012,6599838.0
"AN.11 Faste aktiver, nettobeholdning ultimo året",REST_ANVENDELSE Øvrige brancher,"2020-priser, kædede værdier",2013,6638025.0
"AN.11 Faste aktiver, nettobeholdning ultimo året",REST_ANVENDELSE Øvrige brancher,"2020-priser, kædede værdier",2014,6696875.0
"AN.11 Faste aktiver, nettobeholdning ultimo året",REST_ANVENDELSE Øvrige brancher,"2020-priser, kædede værdier",2015,6769376.0
"AN.11 Faste aktiver, nettobeholdning ultimo året",REST_ANVENDELSE Øvrige brancher,"2020-priser, kædede værdier",2016,6870825.0
"AN.11 Faste aktiver, nettobeholdning ultimo året",REST_ANVENDELSE Øvrige brancher,"2020-priser, kædede værdier",2017,6985059.0
"AN.11 Faste aktiver, nettobeholdning ultimo året",REST_ANVENDELSE Øvrige brancher,"2020-priser, kædede værdier",2018,7107156.0
"AN.11 Faste aktiver, nettobeholdning ultimo året",REST_ANVENDELSE Øvrige brancher,"2020-priser, kædede værdier",2019,7209258.0
"AN.11 Faste aktiver, nettobeholdning ultimo året",REST_ANVENDELSE Øvrige brancher,"2020-priser, kædede værdier",2020,7324959.0
"AN.11 Faste aktiver, nettobeholdning ultimo året",REST_ANVENDELSE Øvrige brancher,"2020-priser, kædede værdier",2021,7488001.0
"AN.11 Faste aktiver, nettobeholdning ultimo året",REST_ANVENDELSE Øvrige brancher,"2020-priser, kædede værdier",2022,7648052.0
"AN.11 Faste aktiver, nettobeholdning ultimo året",REST_ANVENDELSE Øvrige brancher,"2020-priser, kædede værdier",2023,7786450.0
"AN.11 Faste aktiver, nettobeholdning ultimo året",REST_ANVENDELSE Øvrige brancher,"2020-priser, kædede værdier",2024,7930718.0
"AN.11 Faste aktiver, nettobeholdning ultimo året",REST_ANVENDELSE Øvrige brancher,Forige års priser,1966,0.0
"AN.11 Faste aktiver, nettobeholdning ultimo året",REST_ANVENDELSE Øvrige brancher,Forige års priser,1967,0.0
"AN.11 Faste aktiver, nettobeholdning ultimo året",REST_ANVENDELSE Øvrige brancher,Forige års priser,1968,272734.64381973556
"AN.11 Faste aktiver, nettobeholdning ultimo året",REST_ANVENDELSE Øvrige brancher,Forige års priser,1969,300727.13698896894
"AN.11 Faste aktiver, nettobeholdning ultimo året",REST_ANVENDELSE Øvrige brancher,Forige års priser,1970,340419.2134559411
"AN.11 Faste aktiver, nettobeholdning ultimo året",REST_ANVENDELSE Øvrige brancher,Forige års priser,1971,380380.6646560254
"AN.11 Faste aktiver, nettobeholdning ultimo året",REST_ANVENDELSE Øvrige brancher,Forige års priser,1972,423839.9100563364
"AN.11 Faste aktiver, nettobeholdning ultimo året",REST_ANVENDELSE Øvrige brancher,Forige års priser,1973,479584.8892216672
"AN.11 Faste aktiver, nettobeholdning ultimo året",REST_ANVENDELSE Øvrige brancher,Forige års priser,1974,560231.486169578
"AN.11 Faste aktiver, nettobeholdning ultimo året",REST_ANVENDELSE Øvrige brancher,Forige års priser,1975,668973.6836397448
"AN.11 Faste aktiver, nettobeholdning ultimo året",REST_ANVENDELSE Øvrige brancher,Forige års priser,1976,751436.7774736123
"AN.11 Faste aktiver, nettobeholdning ultimo året",REST_ANVENDELSE Øvrige brancher,Forige års priser,1977,834556.0990648469
"AN.11 Faste aktiver, nettobeholdning ultimo året",REST_ANVENDELSE Øvrige brancher,Forige års priser,1978,937373.8237080706
"AN.11 Faste aktiver, nettobeholdning ultimo året",REST_ANVENDELSE Øvrige brancher,Forige års priser,1979,1039147.2591076572
"AN.11 Faste aktiver, nettobeholdning ultimo året",REST_ANVENDELSE Øvrige brancher,Forige års priser,1980,1160914.7835927068
"AN.11 Faste aktiver, nettobeholdning ultimo året",REST_ANVENDELSE Øvrige brancher,Forige års priser,1981,1318680.810665594
"AN.11 Faste aktiver, nettobeholdning ultimo året",REST_ANVENDELSE Øvrige brancher,Forige års priser,1982,1493453.541098576
"AN.11 Faste aktiver, nettobeholdning ultimo året",REST_ANVENDELSE Øvrige brancher,Forige års priser,1983,1645908.0933699855
"AN.11 Faste aktiver, nettobeholdning ultimo året",REST_ANVENDELSE Øvrige brancher,Forige års priser,1984,1787210.2235686188
"AN.11 Faste aktiver, nettobeholdning ultimo året",REST_ANVENDELSE Øvrige brancher,Forige års priser,1985,1904148.2135282727
"AN.11 Faste aktiver, nettobeholdning ultimo året",REST_ANVENDELSE Øvrige brancher,Forige års priser,1986,2022171.893395741
"AN.11 Faste aktiver, nettobeholdning ultimo året",REST_ANVENDELSE Øvrige brancher,Forige års priser,1987,2095137.5008497806
"AN.11 Faste aktiver, nettobeholdning ultimo året",REST_ANVENDELSE Øvrige brancher,Forige års priser,1988,2235015.595580334
"AN.11 Faste aktiver, nettobeholdning ultimo året",REST_ANVENDELSE Øvrige brancher,Forige års priser,1989,2401239.4695838755
"AN.11 Faste aktiver, nettobeholdning ultimo året",REST_ANVENDELSE Øvrige brancher,Forige års priser,1990,2575461.8066854896
"AN.11 Faste aktiver, nettobeholdning ultimo året",REST_ANVENDELSE Øvrige brancher,Forige års priser,1991,2693774.7299559913
"AN.11 Faste aktiver, nettobeholdning ultimo året",REST_ANVENDELSE Øvrige brancher,Forige års priser,1992,2800831.175947017
"AN.11 Faste aktiver, nettobeholdning ultimo året",REST_ANVENDELSE Øvrige brancher,Forige års priser,1993,2889173.2536455463
"AN.11 Faste aktiver, nettobeholdning ultimo året",REST_ANVENDELSE Øvrige brancher,Forige års priser,1994,2963843.248887395
"AN.11 Faste aktiver, nettobeholdning ultimo året",REST_ANVENDELSE Øvrige brancher,Forige års priser,1995,3054168.532554366
"AN.11 Faste aktiver, nettobeholdning ultimo året",REST_ANVENDELSE Øvrige brancher,Forige års priser,1996,3154721.9002568442
"AN.11 Faste aktiver, nettobeholdning ultimo året",REST_ANVENDELSE Øvrige brancher,Forige års priser,1997,3318292.306447386
"AN.11 Faste aktiver, nettobeholdning ultimo året",REST_ANVENDELSE Øvrige brancher,Forige års priser,1998,3458739.9626130383
"AN.11 Faste aktiver, nettobeholdning ultimo året",REST_ANVENDELSE Øvrige brancher,Forige års priser,1999,3586606.2067437014
"AN.11 Faste aktiver, nettobeholdning ultimo året",REST_ANVENDELSE Øvrige brancher,Forige års priser,2000,3772388.069069855
"AN.11 Faste aktiver, nettobeholdning ultimo året",REST_ANVENDELSE Øvrige brancher,Forige års priser,2001,3910364.7453719517
"AN.11 Faste aktiver, nettobeholdning ultimo året",REST_ANVENDELSE Øvrige brancher,Forige års priser,2002,4101467.464033523
"AN.11 Faste aktiver, nettobeholdning ultimo året",REST_ANVENDELSE Øvrige brancher,Forige års priser,2003,4236912.2288037995
"AN.11 Faste aktiver, nettobeholdning ultimo året",REST_ANVENDELSE Øvrige brancher,Forige års priser,2004,4383776.536624082
"AN.11 Faste aktiver, nettobeholdning ultimo året",REST_ANVENDELSE Øvrige brancher,Forige års priser,2005,4539382.347650293
"AN.11 Faste aktiver, nettobeholdning ultimo året",REST_ANVENDELSE Øvrige brancher,Forige års priser,2006,4769302.403380008
"AN.11 Faste aktiver, nettobeholdning ultimo året",REST_ANVENDELSE Øvrige brancher,Forige års priser,2007,5077506.119653
"AN.11 Faste aktiver, nettobeholdning ultimo året",REST_ANVENDELSE Øvrige brancher,Forige års priser,2008,5367523.359580557
"AN.11 Faste aktiver, nettobeholdning ultimo året",REST_ANVENDELSE Øvrige brancher,Forige års priser,2009,5614526.8121122215
"AN.11 Faste aktiver, nettobeholdning ultimo året",REST_ANVENDELSE Øvrige brancher,Forige års priser,2010,5315086.046282719
"AN.11 Faste aktiver, nettobeholdning ultimo året",REST_ANVENDELSE Øvrige brancher,Forige års priser,2011,5395246.927071409
"AN.11 Faste aktiver, nettobeholdning ultimo året",REST_ANVENDELSE Øvrige brancher,Forige års priser,2012,5580193.794648208
"AN.11 Faste aktiver, nettobeholdning ultimo året",REST_ANVENDELSE Øvrige brancher,Forige års priser,2013,5761076.531660609
"AN.11 Faste aktiver, nettobeholdning ultimo året",REST_ANVENDELSE Øvrige brancher,Forige års priser,2014,5887212.944717178
"AN.11 Faste aktiver, nettobeholdning ultimo året",REST_ANVENDELSE Øvrige brancher,Forige års priser,2015,6019268.331034401
"AN.11 Faste aktiver, nettobeholdning ultimo året",REST_ANVENDELSE Øvrige brancher,Forige års priser,2016,6150995.807947778
"AN.11 Faste aktiver, nettobeholdning ultimo året",REST_ANVENDELSE Øvrige brancher,Forige års priser,2017,6407108.543238321
"AN.11 Faste aktiver, nettobeholdning ultimo året",REST_ANVENDELSE Øvrige brancher,Forige års priser,2018,6632741.014536602
"AN.11 Faste aktiver, nettobeholdning ultimo året",REST_ANVENDELSE Øvrige brancher,Forige års priser,2019,6889144.458985628
"AN.11 Faste aktiver, nettobeholdning ultimo året",REST_ANVENDELSE Øvrige brancher,Forige års priser,2020,7161938.897462105
"AN.11 Faste aktiver, nettobeholdning ultimo året",REST_ANVENDELSE Øvrige brancher,Forige års priser,2021,7489112.688203108
"AN.11 Faste aktiver, nettobeholdning ultimo året",REST_ANVENDELSE Øvrige brancher,Forige års priser,2022,7864332.77605795
"AN.11 Faste aktiver, nettobeholdning ultimo året",REST_ANVENDELSE Øvrige brancher,Forige års priser,2023,8885495.717186736
"AN.11 Faste aktiver, nettobeholdning ultimo året",REST_ANVENDELSE Øvrige brancher,Forige års priser,2024,9560719.156858567
"AN.11 Faste aktiver, nettobeholdning ultimo året",REST_ANVENDELSE Øvrige brancher,Løbende priser,1966,247288.0
"AN.11 Faste aktiver, nettobeholdning ultimo året",REST_ANVENDELSE Øvrige brancher,Løbende priser,1967,261889.0
"AN.11 Faste aktiver, nettobeholdning ultimo året",REST_ANVENDELSE Øvrige brancher,Løbende priser,1968,287474.0
"AN.11 Faste aktiver, nettobeholdning ultimo året",REST_ANVENDELSE Øvrige brancher,Løbende priser,1969,325897.0
"AN.11 Faste aktiver, nettobeholdning ultimo året",REST_ANVENDELSE Øvrige brancher,Løbende priser,1970,365449.0
"AN.11 Faste aktiver, nettobeholdning ultimo året",REST_ANVENDELSE Øvrige brancher,Løbende priser,1971,405478.0
"AN.11 Faste aktiver, nettobeholdning ultimo året",REST_ANVENDELSE Øvrige brancher,Løbende priser,1972,458939.0
"AN.11 Faste aktiver, nettobeholdning ultimo året",REST_ANVENDELSE Øvrige brancher,Løbende priser,1973,542071.0
"AN.11 Faste aktiver, nettobeholdning ultimo året",REST_ANVENDELSE Øvrige brancher,Løbende priser,1974,652528.0
"AN.11 Faste aktiver, nettobeholdning ultimo året",REST_ANVENDELSE Øvrige brancher,Løbende priser,1975,725686.0
"AN.11 Faste aktiver, nettobeholdning ultimo året",REST_ANVENDELSE Øvrige brancher,Løbende priser,1976,809198.0
"AN.11 Faste aktiver, nettobeholdning ultimo året",REST_ANVENDELSE Øvrige brancher,Løbende priser,1977,909897.0
"AN.11 Faste aktiver, nettobeholdning ultimo året",REST_ANVENDELSE Øvrige brancher,Løbende priser,1978,1010356.0
"AN.11 Faste aktiver, nettobeholdning ultimo året",REST_ANVENDELSE Øvrige brancher,Løbende priser,1979,1137149.0
"AN.11 Faste aktiver, nettobeholdning ultimo året",REST_ANVENDELSE Øvrige brancher,Løbende priser,1980,1307595.0
"AN.11 Faste aktiver, nettobeholdning ultimo året",REST_ANVENDELSE Øvrige brancher,Løbende priser,1981,1476468.0
"AN.11 Faste aktiver, nettobeholdning ultimo året",REST_ANVENDELSE Øvrige brancher,Løbende priser,1982,1624854.0
"AN.11 Faste aktiver, nettobeholdning ultimo året",REST_ANVENDELSE Øvrige brancher,Løbende priser,1983,1758578.0
"AN.11 Faste aktiver, nettobeholdning ultimo året",REST_ANVENDELSE Øvrige brancher,Løbende priser,1984,1862693.0
"AN.11 Faste aktiver, nettobeholdning ultimo året",REST_ANVENDELSE Øvrige brancher,Løbende priser,1985,1958882.0
"AN.11 Faste aktiver, nettobeholdning ultimo året",REST_ANVENDELSE Øvrige brancher,Løbende priser,1986,2033779.0
"AN.11 Faste aktiver, nettobeholdning ultimo året",REST_ANVENDELSE Øvrige brancher,Løbende priser,1987,2188507.0
"AN.11 Faste aktiver, nettobeholdning ultimo året",REST_ANVENDELSE Øvrige brancher,Løbende priser,1988,2358039.0
"AN.11 Faste aktiver, nettobeholdning ultimo året",REST_ANVENDELSE Øvrige brancher,Løbende priser,1989,2529117.0
"AN.11 Faste aktiver, nettobeholdning ultimo året",REST_ANVENDELSE Øvrige brancher,Løbende priser,1990,2664031.0
"AN.11 Faste aktiver, nettobeholdning ultimo året",REST_ANVENDELSE Øvrige brancher,Løbende priser,1991,2776433.0
"AN.11 Faste aktiver, nettobeholdning ultimo året",REST_ANVENDELSE Øvrige brancher,Løbende priser,1992,2873969.0
"AN.11 Faste aktiver, nettobeholdning ultimo året",REST_ANVENDELSE Øvrige brancher,Løbende priser,1993,2946588.0
"AN.11 Faste aktiver, nettobeholdning ultimo året",REST_ANVENDELSE Øvrige brancher,Løbende priser,1994,3022521.0
"AN.11 Faste aktiver, nettobeholdning ultimo året",REST_ANVENDELSE Øvrige brancher,Løbende priser,1995,3115493.0
"AN.11 Faste aktiver, nettobeholdning ultimo året",REST_ANVENDELSE Øvrige brancher,Løbende priser,1996,3267169.0
"AN.11 Faste aktiver, nettobeholdning ultimo året",REST_ANVENDELSE Øvrige brancher,Løbende priser,1997,3398810.0
"AN.11 Faste aktiver, nettobeholdning ultimo året",REST_ANVENDELSE Øvrige brancher,Løbende priser,1998,3535917.0
"AN.11 Faste aktiver, nettobeholdning ultimo året",REST_ANVENDELSE Øvrige brancher,Løbende priser,1999,3704390.0
"AN.11 Faste aktiver, nettobeholdning ultimo året",REST_ANVENDELSE Øvrige brancher,Løbende priser,2000,3851474.0
"AN.11 Faste aktiver, nettobeholdning ultimo året",REST_ANVENDELSE Øvrige brancher,Løbende priser,2001,4051481.0
"AN.11 Faste aktiver, nettobeholdning ultimo året",REST_ANVENDELSE Øvrige brancher,Løbende priser,2002,4188159.0
"AN.11 Faste aktiver, nettobeholdning ultimo året",REST_ANVENDELSE Øvrige brancher,Løbende priser,2003,4333194.0
"AN.11 Faste aktiver, nettobeholdning ultimo året",REST_ANVENDELSE Øvrige brancher,Løbende priser,2004,4471940.0
"AN.11 Faste aktiver, nettobeholdning ultimo året",REST_ANVENDELSE Øvrige brancher,Løbende priser,2005,4659326.0
"AN.11 Faste aktiver, nettobeholdning ultimo året",REST_ANVENDELSE Øvrige brancher,Løbende priser,2006,4974912.0
"AN.11 Faste aktiver, nettobeholdning ultimo året",REST_ANVENDELSE Øvrige brancher,Løbende priser,2007,5286041.0
"AN.11 Faste aktiver, nettobeholdning ultimo året",REST_ANVENDELSE Øvrige brancher,Løbende priser,2008,5572898.0
"AN.11 Faste aktiver, nettobeholdning ultimo året",REST_ANVENDELSE Øvrige brancher,Løbende priser,2009,5300844.0
"AN.11 Faste aktiver, nettobeholdning ultimo året",REST_ANVENDELSE Øvrige brancher,Løbende priser,2010,5380760.0
"AN.11 Faste aktiver, nettobeholdning ultimo året",REST_ANVENDELSE Øvrige brancher,Løbende priser,2011,5553602.0
"AN.11 Faste aktiver, nettobeholdning ultimo året",REST_ANVENDELSE Øvrige brancher,Løbende priser,2012,5727165.0
"AN.11 Faste aktiver, nettobeholdning ultimo året",REST_ANVENDELSE Øvrige brancher,Løbende priser,2013,5834002.0
"AN.11 Faste aktiver, nettobeholdning ultimo året",REST_ANVENDELSE Øvrige brancher,Løbende priser,2014,5953458.0
"AN.11 Faste aktiver, nettobeholdning ultimo året",REST_ANVENDELSE Øvrige brancher,Løbende priser,2015,6057686.0
"AN.11 Faste aktiver, nettobeholdning ultimo året",REST_ANVENDELSE Øvrige brancher,Løbende priser,2016,6300395.0
"AN.11 Faste aktiver, nettobeholdning ultimo året",REST_ANVENDELSE Øvrige brancher,Løbende priser,2017,6517097.0
"AN.11 Faste aktiver, nettobeholdning ultimo året",REST_ANVENDELSE Øvrige brancher,Løbende priser,2018,6790820.0
"AN.11 Faste aktiver, nettobeholdning ultimo året",REST_ANVENDELSE Øvrige brancher,Løbende priser,2019,7048386.0
"AN.11 Faste aktiver, nettobeholdning ultimo året",REST_ANVENDELSE Øvrige brancher,Løbende priser,2020,7326042.0
"AN.11 Faste aktiver, nettobeholdning ultimo året",REST_ANVENDELSE Øvrige brancher,Løbende priser,2021,7699949.0
"AN.11 Faste aktiver, nettobeholdning ultimo året",REST_ANVENDELSE Øvrige brancher,Løbende priser,2022,8729081.0
"AN.11 Faste aktiver, nettobeholdning ultimo året",REST_ANVENDELSE Øvrige brancher,Løbende priser,2023,9390873.0
"AN.11 Faste aktiver, nettobeholdning ultimo året",REST_ANVENDELSE Øvrige brancher,Løbende priser,2024,9645696.0
P.51g Faste bruttoinvesteringer,REST_ANVENDELSE Øvrige brancher,"2020-priser, kædede værdier",1966,0.0
P.51g Faste bruttoinvesteringer,REST_ANVENDELSE Øvrige brancher,"2020-priser, kædede værdier",1967,0.0
P.51g Faste bruttoinvesteringer,REST_ANVENDELSE Øvrige brancher,"2020-priser, kædede værdier",1968,0.0
P.51g Faste bruttoinvesteringer,REST_ANVENDELSE Øvrige brancher,"2020-priser, kædede værdier",1969,0.0
P.51g Faste bruttoinvesteringer,REST_ANVENDELSE Øvrige brancher,"2020-priser, kædede værdier",1970,0.0
P.51g Faste bruttoinvesteringer,REST_ANVENDELSE Øvrige brancher,"2020-priser, kædede værdier",1971,0.0
P.51g Faste bruttoinvesteringer,REST_ANVENDELSE Øvrige brancher,"2020-priser, kædede værdier",1972,0.0
P.51g Faste bruttoinvesteringer,REST_ANVENDELSE Øvrige brancher,"2020-priser, kædede værdier",1973,0.0
P.51g Faste bruttoinvesteringer,REST_ANVENDELSE Øvrige brancher,"2020-priser, kædede værdier",1974,0.0
P.51g Faste bruttoinvesteringer,REST_ANVENDELSE Øvrige brancher,"2020-priser, kædede værdier",1975,0.0
P.51g Faste bruttoinvesteringer,REST_ANVENDELSE Øvrige brancher,"2020-priser, kædede værdier",1976,0.0
P.51g Faste bruttoinvesteringer,REST_ANVENDELSE Øvrige brancher,"2020-priser, kædede værdier",1977,0.0
P.51g Faste bruttoinvesteringer,REST_ANVENDELSE Øvrige brancher,"2020-priser, kædede værdier",1978,0.0
P.51g Faste bruttoinvesteringer,REST_ANVENDELSE Øvrige brancher,"2020-priser, kædede værdier",1979,0.0
P.51g Faste bruttoinvesteringer,REST_ANVENDELSE Øvrige brancher,"2020-priser, kædede værdier",1980,0.0
P.51g Faste bruttoinvesteringer,REST_ANVENDELSE Øvrige brancher,"2020-priser, kædede værdier",1981,0.0
P.51g Faste bruttoinvesteringer,REST_ANVENDELSE Øvrige brancher,"2020-priser, kædede værdier",1982,0.0
P.51g Faste bruttoinvesteringer,REST_ANVENDELSE Øvrige brancher,"2020-priser, kædede værdier",1983,0.0
P.51g Faste bruttoinvesteringer,REST_ANVENDELSE Øvrige brancher,"2020-priser, kædede værdier",1984,0.0
P.51g Faste bruttoinvesteringer,REST_ANVENDELSE Øvrige brancher,"2020-priser, kædede værdier",1985,0.0
P.51g Faste bruttoinvesteringer,REST_ANVENDELSE Øvrige brancher,"2020-priser, kædede værdier",1986,0.0
P.51g Faste bruttoinvesteringer,REST_ANVENDELSE Øvrige brancher,"2020-priser, kædede værdier",1987,0.0
P.51g Faste bruttoinvesteringer,REST_ANVENDELSE Øvrige brancher,"2020-priser, kædede værdier",1988,0.0
P.51g Faste bruttoinvesteringer,REST_ANVENDELSE Øvrige brancher,"2020-priser, kædede værdier",1989,0.0
P.51g Faste bruttoinvesteringer,REST_ANVENDELSE Øvrige brancher,"2020-priser, kædede værdier",1990,0.0
P.51g Faste bruttoinvesteringer,REST_ANVENDELSE Øvrige brancher,"2020-priser, kædede værdier",1991,0.0
P.51g Faste bruttoinvesteringer,REST_ANVENDELSE Øvrige brancher,"2020-priser, kædede værdier",1992,0.0
P.51g Faste bruttoinvesteringer,REST_ANVENDELSE Øvrige brancher,"2020-priser, kædede værdier",1993,239760.0
P.51g Faste bruttoinvesteringer,REST_ANVENDELSE Øvrige brancher,"2020-priser, kædede værdier",1994,251841.0
P.51g Faste bruttoinvesteringer,REST_ANVENDELSE Øvrige brancher,"2020-priser, kædede værdier",1995,278340.0
P.51g Faste bruttoinvesteringer,REST_ANVENDELSE Øvrige brancher,"2020-priser, kædede værdier",1996,296213.0
P.51g Faste bruttoinvesteringer,REST_ANVENDELSE Øvrige brancher,"2020-priser, kædede værdier",1997,325883.0
P.51g Faste bruttoinvesteringer,REST_ANVENDELSE Øvrige brancher,"2020-priser, kædede værdier",1998,346422.0
P.51g Faste bruttoinvesteringer,REST_ANVENDELSE Øvrige brancher,"2020-priser, kædede værdier",1999,338251.0
P.51g Faste bruttoinvesteringer,REST_ANVENDELSE Øvrige brancher,"2020-priser, kædede værdier",2000,358535.0
P.51g Faste bruttoinvesteringer,REST_ANVENDELSE Øvrige brancher,"2020-priser, kædede værdier",2001,359963.0
P.51g Faste bruttoinvesteringer,REST_ANVENDELSE Øvrige brancher,"2020-priser, kædede værdier",2002,360577.0
P.51g Faste bruttoinvesteringer,REST_ANVENDELSE Øvrige brancher,"2020-priser, kædede værdier",2003,358624.0
P.51g Faste bruttoinvesteringer,REST_ANVENDELSE Øvrige brancher,"2020-priser, kædede værdier",2004,368921.0
P.51g Faste bruttoinvesteringer,REST_ANVENDELSE Øvrige brancher,"2020-priser, kædede værdier",2005,395121.0
P.51g Faste bruttoinvesteringer,REST_ANVENDELSE Øvrige brancher,"2020-priser, kædede værdier",2006,450830.0
P.51g Faste bruttoinvesteringer,REST_ANVENDELSE Øvrige brancher,"2020-priser, kædede værdier",2007,449719.0
P.51g Faste bruttoinvesteringer,REST_ANVENDELSE Øvrige brancher,"2020-priser, kædede værdier",2008,439950.0
P.51g Faste bruttoinvesteringer,REST_ANVENDELSE Øvrige brancher,"2020-priser, kædede værdier",2009,387408.0
P.51g Faste bruttoinvesteringer,REST_ANVENDELSE Øvrige brancher,"2020-priser, kædede værdier",2010,363729.0
P.51g Faste bruttoinvesteringer,REST_ANVENDELSE Øvrige brancher,"2020-priser, kædede værdier",2011,364347.0
P.51g Faste bruttoinvesteringer,REST_ANVENDELSE Øvrige brancher,"2020-priser, kædede værdier",2012,374596.0
P.51g Faste bruttoinvesteringer,REST_ANVENDELSE Øvrige brancher,"2020-priser, kædede værdier",2013,381362.0
P.51g Faste bruttoinvesteringer,REST_ANVENDELSE Øvrige brancher,"2020-priser, kædede værdier",2014,397193.0
P.51g Faste bruttoinvesteringer,REST_ANVENDELSE Øvrige brancher,"2020-priser, kædede værdier",2015,414364.0
P.51g Faste bruttoinvesteringer,REST_ANVENDELSE Øvrige brancher,"2020-priser, kædede værdier",2016,449114.0
P.51g Faste bruttoinvesteringer,REST_ANVENDELSE Øvrige brancher,"2020-priser, kædede værdier",2017,467267.0
P.51g Faste bruttoinvesteringer,REST_ANVENDELSE Øvrige brancher,"2020-priser, kædede værdier",2018,485371.0
P.51g Faste bruttoinvesteringer,REST_ANVENDELSE Øvrige brancher,"2020-priser, kædede værdier",2019,480583.0
P.51g Faste bruttoinvesteringer,REST_ANVENDELSE Øvrige brancher,"2020-priser, kædede værdier",2020,501927.0
P.51g Faste bruttoinvesteringer,REST_ANVENDELSE Øvrige brancher,"2020-priser, kædede værdier",2021,565242.0
P.51g Faste bruttoinvesteringer,REST_ANVENDELSE Øvrige brancher,"2020-priser, kædede værdier",2022,576100.0
P.51g Faste bruttoinvesteringer,REST_ANVENDELSE Øvrige brancher,Forige års priser,1966,0.0
P.51g Faste bruttoinvesteringer,REST_ANVENDELSE Øvrige brancher,Forige års priser,1967,0.0
P.51g Faste bruttoinvesteringer,REST_ANVENDELSE Øvrige brancher,Forige års priser,1968,0.0
P.51g Faste bruttoinvesteringer,REST_ANVENDELSE Øvrige brancher,Forige års priser,1969,0.0
P.51g Faste bruttoinvesteringer,REST_ANVENDELSE Øvrige brancher,Forige års priser,1970,0.0
P.51g Faste bruttoinvesteringer,REST_ANVENDELSE Øvrige brancher,Forige års priser,1971,0.0
P.51g Faste bruttoinvesteringer,REST_ANVENDELSE Øvrige brancher,Forige års priser,1972,0.0
P.51g Faste bruttoinvesteringer,REST_ANVENDELSE Øvrige brancher,Forige års priser,1973,0.0
P.51g Faste bruttoinvesteringer,REST_ANVENDELSE Øvrige brancher,Forige års priser,1974,0.0
P.51g Faste bruttoinvesteringer,REST_ANVENDELSE Øvrige brancher,Forige års priser,1975,0.0
P.51g Faste bruttoinvesteringer,REST_ANVENDELSE Øvrige brancher,Forige års priser,1976,0.0
P.51g Faste bruttoinvesteringer,REST_ANVENDELSE Øvrige brancher,Forige års priser,1977,0.0
P.51g Faste bruttoinvesteringer,REST_ANVENDELSE Øvrige brancher,Forige års priser,1978,0.0
P.51g Faste bruttoinvesteringer,REST_ANVENDELSE Øvrige brancher,Forige års priser,1979,0.0
P.51g Faste bruttoinvesteringer,REST_ANVENDELSE Øvrige brancher,Forige års priser,1980,0.0
P.51g Faste bruttoinvesteringer,REST_ANVENDELSE Øvrige brancher,Forige års priser,1981,0.0
P.51g Faste bruttoinvesteringer,REST_ANVENDELSE Øvrige brancher,Forige års priser,1982,0.0
P.51g Faste bruttoinvesteringer,REST_ANVENDELSE Øvrige brancher,Forige års priser,1983,0.0
P.51g Faste bruttoinvesteringer,REST_ANVENDELSE Øvrige brancher,Forige års priser,1984,0.0
P.51g Faste bruttoinvesteringer,REST_ANVENDELSE Øvrige brancher,Forige års priser,1985,0.0
P.51g Faste bruttoinvesteringer,REST_ANVENDELSE Øvrige brancher,Forige års priser,1986,0.0
P.51g Faste bruttoinvesteringer,REST_ANVENDELSE Øvrige brancher,Forige års priser,1987,0.0
P.51g Faste bruttoinvesteringer,REST_ANVENDELSE Øvrige brancher,Forige års priser,1988,0.0
P.51g Faste bruttoinvesteringer,REST_ANVENDELSE Øvrige brancher,Forige års priser,1989,0.0
P.51g Faste bruttoinvesteringer,REST_ANVENDELSE Øvrige brancher,Forige års priser,1990,0.0
P.51g Faste bruttoinvesteringer,REST_ANVENDELSE Øvrige brancher,Forige års priser,1991,0.0
P.51g Faste bruttoinvesteringer,REST_ANVENDELSE Øvrige brancher,Forige års priser,1992,0.0
P.51g Faste bruttoinvesteringer,REST_ANVENDELSE Øvrige brancher,Forige års priser,1993,0.0
P.51g Faste bruttoinvesteringer,REST_ANVENDELSE Øvrige brancher,Forige års priser,1994,168701.0289573768
P.51g Faste bruttoinvesteringer,REST_ANVENDELSE Øvrige brancher,Forige års priser,1995,189255.55574731165
P.51g Faste bruttoinvesteringer,REST_ANVENDELSE Øvrige brancher,Forige års priser,1996,198958.25519159652
P.51g Faste bruttoinvesteringer,REST_ANVENDELSE Øvrige brancher,Forige års priser,1997,221709.8117848863
P.51g Faste bruttoinvesteringer,REST_ANVENDELSE Øvrige brancher,Forige års priser,1998,240219.7216433799
P.51g Faste bruttoinvesteringer,REST_ANVENDELSE Øvrige brancher,Forige års priser,1999,241627.54855481384
P.51g Faste bruttoinvesteringer,REST_ANVENDELSE Øvrige brancher,Forige års priser,2000,264265.7766595892
P.51g Faste bruttoinvesteringer,REST_ANVENDELSE Øvrige brancher,Forige års priser,2001,266659.732708088
P.51g Faste bruttoinvesteringer,REST_ANVENDELSE Øvrige brancher,Forige års priser,2002,268891.8514066797
P.51g Faste bruttoinvesteringer,REST_ANVENDELSE Øvrige brancher,Forige års priser,2003,279098.64665059285
P.51g Faste bruttoinvesteringer,REST_ANVENDELSE Øvrige brancher,Forige års priser,2004,290755.2573203475
P.51g Faste bruttoinvesteringer,REST_ANVENDELSE Øvrige brancher,Forige års priser,2005,314329.44202204375
P.51g Faste bruttoinvesteringer,REST_ANVENDELSE Øvrige brancher,Forige års priser,2006,363413.1040956799
P.51g Faste bruttoinvesteringer,REST_ANVENDELSE Øvrige brancher,Forige års priser,2007,372835.2376197441
P.51g Faste bruttoinvesteringer,REST_ANVENDELSE Øvrige brancher,Forige års priser,2008,376278.9128040468
P.51g Faste bruttoinvesteringer,REST_ANVENDELSE Øvrige brancher,Forige års priser,2009,342057.8099864217
P.51g Faste bruttoinvesteringer,REST_ANVENDELSE Øvrige brancher,Forige års priser,2010,313811.61104042176
P.51g Faste bruttoinvesteringer,REST_ANVENDELSE Øvrige brancher,Forige års priser,2011,317414.7770623829
P.51g Faste bruttoinvesteringer,REST_ANVENDELSE Øvrige brancher,Forige års priser,2012,333254.6334331446
P.51g Faste bruttoinvesteringer,REST_ANVENDELSE Øvrige brancher,Forige års priser,2013,347717.67426797596
P.51g Faste bruttoinvesteringer,REST_ANVENDELSE Øvrige brancher,Forige års priser,2014,368424.0747924786
P.51g Faste bruttoinvesteringer,REST_ANVENDELSE Øvrige brancher,Forige års priser,2015,384295.87445297313
P.51g Faste bruttoinvesteringer,REST_ANVENDELSE Øvrige brancher,Forige års priser,2016,420819.39435697685
P.51g Faste bruttoinvesteringer,REST_ANVENDELSE Øvrige brancher,Forige års priser,2017,445796.21571136476
P.51g Faste bruttoinvesteringer,REST_ANVENDELSE Øvrige brancher,Forige års priser,2018,467379.1419033792
P.51g Faste bruttoinvesteringer,REST_ANVENDELSE Øvrige brancher,Forige års priser,2019,469016.59786256857
P.51g Faste bruttoinvesteringer,REST_ANVENDELSE Øvrige brancher,Forige års priser,2020,499115.1681221143
P.51g Faste bruttoinvesteringer,REST_ANVENDELSE Øvrige brancher,Forige års priser,2021,565242.0
P.51g Faste bruttoinvesteringer,REST_ANVENDELSE Øvrige brancher,Forige års priser,2022,586913.4922601229
P.51g Faste bruttoinvesteringer,REST_ANVENDELSE Øvrige brancher,Løbende priser,1966,0.0
P.51g Faste bruttoinvesteringer,REST_ANVENDELSE Øvrige brancher,Løbende priser,1967,0.0
P.51g Faste bruttoinvesteringer,REST_ANVENDELSE Øvrige brancher,Løbende priser,1968,0.0
P.51g Faste bruttoinvesteringer,REST_ANVENDELSE Øvrige brancher,Løbende priser,1969,0.0
P.51g Faste bruttoinvesteringer,REST_ANVENDELSE Øvrige brancher,Løbende priser,1970,0.0
P.51g Faste bruttoinvesteringer,REST_ANVENDELSE Øvrige brancher,Løbende priser,1971,0.0
P.51g Faste bruttoinvesteringer,REST_ANVENDELSE Øvrige brancher,Løbende priser,1972,0.0
P.51g Faste bruttoinvesteringer,REST_ANVENDELSE Øvrige brancher,Løbende priser,1973,0.0
P.51g Faste bruttoinvesteringer,REST_ANVENDELSE Øvrige brancher,Løbende priser,1974,0.0
P.51g Faste bruttoinvesteringer,REST_ANVENDELSE Øvrige brancher,Løbende priser,1975,0.0
P.51g Faste bruttoinvesteringer,REST_ANVENDELSE Øvrige brancher,Løbende priser,1976,0.0
P.51g Faste bruttoinvesteringer,REST_ANVENDELSE Øvrige brancher,Løbende priser,1977,0.0
P.51g Faste bruttoinvesteringer,REST_ANVENDELSE Øvrige brancher,Løbende priser,1978,0.0
P.51g Faste bruttoinvesteringer,REST_ANVENDELSE Øvrige brancher,Løbende priser,1979,0.0
P.51g Faste bruttoinvesteringer,REST_ANVENDELSE Øvrige brancher,Løbende priser,1980,0.0
P.51g Faste bruttoinvesteringer,REST_ANVENDELSE Øvrige brancher,Løbende priser,1981,0.0
P.51g Faste bruttoinvesteringer,REST_ANVENDELSE Øvrige brancher,Løbende priser,1982,0.0
P.51g Faste bruttoinvesteringer,REST_ANVENDELSE Øvrige brancher,Løbende priser,1983,0.0
P.51g Faste bruttoinvesteringer,REST_ANVENDELSE Øvrige brancher,Løbende priser,1984,0.0
P.51g Faste bruttoinvesteringer,REST_ANVENDELSE Øvrige brancher,Løbende priser,1985,0.0
P.51g Faste bruttoinvesteringer,REST_ANVENDELSE Øvrige brancher,Løbende priser,1986,0.0
P.51g Faste bruttoinvesteringer,REST_ANVENDELSE Øvrige brancher,Løbende priser,1987,0.0
P.51g Faste bruttoinvesteringer,REST_ANVENDELSE Øvrige brancher,Løbende priser,1988,0.0
P.51g Faste bruttoinvesteringer,REST_ANVENDELSE Øvrige brancher,Løbende priser,1989,0.0
P.51g Faste bruttoinvesteringer,REST_ANVENDELSE Øvrige brancher,Løbende priser,1990,0.0
P.51g Faste bruttoinvesteringer,REST_ANVENDELSE Øvrige brancher,Løbende priser,1991,0.0
P.51g Faste bruttoinvesteringer,REST_ANVENDELSE Øvrige brancher,Løbende priser,1992,0.0
P.51g Faste bruttoinvesteringer,REST_ANVENDELSE Øvrige brancher,Løbende priser,1993,158143.0
P.51g Faste bruttoinvesteringer,REST_ANVENDELSE Øvrige brancher,Løbende priser,1994,171024.0
P.51g Faste bruttoinvesteringer,REST_ANVENDELSE Øvrige brancher,Løbende priser,1995,189998.0
P.51g Faste bruttoinvesteringer,REST_ANVENDELSE Øvrige brancher,Løbende priser,1996,199936.0
P.51g Faste bruttoinvesteringer,REST_ANVENDELSE Øvrige brancher,Løbende priser,1997,224704.0
P.51g Faste bruttoinvesteringer,REST_ANVENDELSE Øvrige brancher,Løbende priser,1998,241270.0
P.51g Faste bruttoinvesteringer,REST_ANVENDELSE Øvrige brancher,Løbende priser,1999,246144.0
P.51g Faste bruttoinvesteringer,REST_ANVENDELSE Øvrige brancher,Løbende priser,2000,268586.0
P.51g Faste bruttoinvesteringer,REST_ANVENDELSE Øvrige brancher,Løbende priser,2001,274275.0
P.51g Faste bruttoinvesteringer,REST_ANVENDELSE Øvrige brancher,Løbende priser,2002,274144.0
P.51g Faste bruttoinvesteringer,REST_ANVENDELSE Øvrige brancher,Løbende priser,2003,280565.0
P.51g Faste bruttoinvesteringer,REST_ANVENDELSE Øvrige brancher,Løbende priser,2004,294052.0
P.51g Faste bruttoinvesteringer,REST_ANVENDELSE Øvrige brancher,Løbende priser,2005,319455.0
P.51g Faste bruttoinvesteringer,REST_ANVENDELSE Øvrige brancher,Løbende priser,2006,372715.0
P.51g Faste bruttoinvesteringer,REST_ANVENDELSE Øvrige brancher,Løbende priser,2007,386779.0
P.51g Faste bruttoinvesteringer,REST_ANVENDELSE Øvrige brancher,Løbende priser,2008,390602.0
P.51g Faste bruttoinvesteringer,REST_ANVENDELSE Øvrige brancher,Løbende priser,2009,329997.0
P.51g Faste bruttoinvesteringer,REST_ANVENDELSE Øvrige brancher,Løbende priser,2010,314416.0
P.51g Faste bruttoinvesteringer,REST_ANVENDELSE Øvrige brancher,Løbende priser,2011,323170.0
P.51g Faste bruttoinvesteringer,REST_ANVENDELSE Øvrige brancher,Løbende priser,2012,340633.0
P.51g Faste bruttoinvesteringer,REST_ANVENDELSE Øvrige brancher,Løbende priser,2013,349284.0
P.51g Faste bruttoinvesteringer,REST_ANVENDELSE Øvrige brancher,Løbende priser,2014,368400.0
P.51g Faste bruttoinvesteringer,REST_ANVENDELSE Øvrige brancher,Løbende priser,2015,387981.0
P.51g Faste bruttoinvesteringer,REST_ANVENDELSE Øvrige brancher,Løbende priser,2016,427411.0
P.51g Faste bruttoinvesteringer,REST_ANVENDELSE Øvrige brancher,Løbende priser,2017,450142.0
P.51g Faste bruttoinvesteringer,REST_ANVENDELSE Øvrige brancher,Løbende priser,2018,472349.0
P.51g Faste bruttoinvesteringer,REST_ANVENDELSE Øvrige brancher,Løbende priser,2019,476145.0
P.51g Faste bruttoinvesteringer,REST_ANVENDELSE Øvrige brancher,Løbende priser,2020,501927.0
P.51g Faste bruttoinvesteringer,REST_ANVENDELSE Øvrige brancher,Løbende priser,2021,575711.0
P.51g Faste bruttoinvesteringer,REST_ANVENDELSE Øvrige brancher,Løbende priser,2022,636711.0
"AN.11 Faste aktiver, nettobeholdning ultimo året",Privat,"2020-priser, kædede værdier",1966,2328289.0
"AN.11 Faste aktiver, nettobeholdning ultimo året",Privat,"2020-priser, kædede værdier",1967,2420953.0
"AN.11 Faste aktiver, nettobeholdning ultimo året",Privat,"2020-priser, kædede værdier",1968,2512851.0
"AN.11 Faste aktiver, nettobeholdning ultimo året",Privat,"2020-priser, kædede værdier",1969,2625053.0
"AN.11 Faste aktiver, nettobeholdning ultimo året",Privat,"2020-priser, kædede værdier",1970,2731578.0
"AN.11 Faste aktiver, nettobeholdning ultimo året",Privat,"2020-priser, kædede værdier",1971,2833885.0
"AN.11 Faste aktiver, nettobeholdning ultimo året",Privat,"2020-priser, kædede værdier",1972,2968039.0
"AN.11 Faste aktiver, nettobeholdning ultimo året",Privat,"2020-priser, kædede værdier",1973,3113691.0
"AN.11 Faste aktiver, nettobeholdning ultimo året",Privat,"2020-priser, kædede værdier",1974,3216009.0
"AN.11 Faste aktiver, nettobeholdning ultimo året",Privat,"2020-priser, kædede værdier",1975,3292020.0
"AN.11 Faste aktiver, nettobeholdning ultimo året",Privat,"2020-priser, kædede værdier",1976,3408556.0
"AN.11 Faste aktiver, nettobeholdning ultimo året",Privat,"2020-priser, kædede værdier",1977,3511869.0
"AN.11 Faste aktiver, nettobeholdning ultimo året",Privat,"2020-priser, kædede værdier",1978,3615136.0
"AN.11 Faste aktiver, nettobeholdning ultimo året",Privat,"2020-priser, kædede værdier",1979,3713343.0
"AN.11 Faste aktiver, nettobeholdning ultimo året",Privat,"2020-priser, kædede værdier",1980,3780940.0
"AN.11 Faste aktiver, nettobeholdning ultimo året",Privat,"2020-priser, kædede værdier",1981,3807718.0
"AN.11 Faste aktiver, nettobeholdning ultimo året",Privat,"2020-priser, kædede værdier",1982,3850841.0
"AN.11 Faste aktiver, nettobeholdning ultimo året",Privat,"2020-priser, kædede værdier",1983,3900678.0
"AN.11 Faste aktiver, nettobeholdning ultimo året",Privat,"2020-priser, kædede værdier",1984,3969100.0
"AN.11 Faste aktiver, nettobeholdning ultimo året",Privat,"2020-priser, kædede værdier",1985,4059681.0
"AN.11 Faste aktiver, nettobeholdning ultimo året",Privat,"2020-priser, kædede værdier",1986,4195239.0
"AN.11 Faste aktiver, nettobeholdning ultimo året",Privat,"2020-priser, kædede værdier",1987,4321877.0
"AN.11 Faste aktiver, nettobeholdning ultimo året",Privat,"2020-priser, kædede værdier",1988,4413324.0
"AN.11 Faste aktiver, nettobeholdning ultimo året",Privat,"2020-priser, kædede værdier",1989,4504518.0
"AN.11 Faste aktiver, nettobeholdning ultimo året",Privat,"2020-priser, kædede værdier",1990,4595977.0
"AN.11 Faste aktiver, nettobeholdning ultimo året",Privat,"2020-priser, kædede værdier",1991,4658767.0
"AN.11 Faste aktiver, nettobeholdning ultimo året",Privat,"2020-priser, kædede værdier",1992,4707856.0
"AN.11 Faste aktiver, nettobeholdning ultimo året",Privat,"2020-priser, kædede værdier",1993,4740237.0
"AN.11 Faste aktiver, nettobeholdning ultimo året",Privat,"2020-priser, kædede værdier",1994,4773036.0
"AN.11 Faste aktiver, nettobeholdning ultimo året",Privat,"2020-priser, kædede værdier",1995,4825957.0
"AN.11 Faste aktiver, nettobeholdning ultimo året",Privat,"2020-priser, kædede værdier",1996,4885502.0
"AN.11 Faste aktiver, nettobeholdning ultimo året",Privat,"2020-priser, kædede værdier",1997,4955736.0
"AN.11 Faste aktiver, nettobeholdning ultimo året",Privat,"2020-priser, kædede værdier",1998,5039873.0
"AN.11 Faste aktiver, nettobeholdning ultimo året",Privat,"2020-priser, kædede værdier",1999,5107743.0
"AN.11 Faste aktiver, nettobeholdning ultimo året",Privat,"2020-priser, kædede værdier",2000,5203157.0
"AN.11 Faste aktiver, nettobeholdning ultimo året",Privat,"2020-priser, kædede værdier",2001,5285017.0
"AN.11 Faste aktiver, nettobeholdning ultimo året",Privat,"2020-priser, kædede værdier",2002,5356277.0
"AN.11 Faste aktiver, nettobeholdning ultimo året",Privat,"2020-priser, kædede værdier",2003,5425441.0
"AN.11 Faste aktiver, nettobeholdning ultimo året",Privat,"2020-priser, kædede værdier",2004,5498539.0
"AN.11 Faste aktiver, nettobeholdning ultimo året",Privat,"2020-priser, kædede værdier",2005,5587189.0
"AN.11 Faste aktiver, nettobeholdning ultimo året",Privat,"2020-priser, kædede værdier",2006,5723562.0
"AN.11 Faste aktiver, nettobeholdning ultimo året",Privat,"2020-priser, kædede værdier",2007,5850835.0
"AN.11 Faste aktiver, nettobeholdning ultimo året",Privat,"2020-priser, kædede værdier",2008,5942911.0
"AN.11 Faste aktiver, nettobeholdning ultimo året",Privat,"2020-priser, kædede værdier",2009,5987917.0
"AN.11 Faste aktiver, nettobeholdning ultimo året",Privat,"2020-priser, kædede værdier",2010,5990758.0
"AN.11 Faste aktiver, nettobeholdning ultimo året",Privat,"2020-priser, kædede værdier",2011,5995379.0
"AN.11 Faste aktiver, nettobeholdning ultimo året",Privat,"2020-priser, kædede værdier",2012,6010959.0
"AN.11 Faste aktiver, nettobeholdning ultimo året",Privat,"2020-priser, kædede værdier",2013,6036155.0
"AN.11 Faste aktiver, nettobeholdning ultimo året",Privat,"2020-priser, kædede værdier",2014,6077431.0
"AN.11 Faste aktiver, nettobeholdning ultimo året",Privat,"2020-priser, kædede værdier",2015,6133100.0
"AN.11 Faste aktiver, nettobeholdning ultimo året",Privat,"2020-priser, kædede værdier",2016,6213595.0
"AN.11 Faste aktiver, nettobeholdning ultimo året",Privat,"2020-priser, kædede værdier",2017,6311588.0
"AN.11 Faste aktiver, nettobeholdning ultimo året",Privat,"2020-priser, kædede værdier",2018,6417049.0
"AN.11 Faste aktiver, nettobeholdning ultimo året",Privat,"2020-priser, kædede værdier",2019,6501720.0
"AN.11 Faste aktiver, nettobeholdning ultimo året",Privat,"2020-priser, kædede værdier",2020,6591703.0
"AN.11 Faste aktiver, nettobeholdning ultimo året",Privat,"2020-priser, kædede værdier",2021,6734739.0
"AN.11 Faste aktiver, nettobeholdning ultimo året",Privat,"2020-priser, kædede værdier",2022,6874669.0
"AN.11 Faste aktiver, nettobeholdning ultimo året",Privat,"2020-priser, kædede værdier",2023,6992400.0
"AN.11 Faste aktiver, nettobeholdning ultimo året",Privat,"2020-priser, kædede værdier",2024,7114398.0
"AN.11 Faste aktiver, nettobeholdning ultimo året",Privat,Forige års priser,1966,0.0
"AN.11 Faste aktiver, nettobeholdning ultimo året",Privat,Forige års priser,1967,0.0
"AN.11 Faste aktiver, nettobeholdning ultimo året",Privat,Forige års priser,1968,262183.0373033482
"AN.11 Faste aktiver, nettobeholdning ultimo året",Privat,Forige års priser,1969,289866.5898113656
"AN.11 Faste aktiver, nettobeholdning ultimo året",Privat,Forige års priser,1970,325636.2838993473
"AN.11 Faste aktiver, nettobeholdning ultimo året",Privat,Forige års priser,1971,361795.040960052
"AN.11 Faste aktiver, nettobeholdning ultimo året",Privat,Forige års priser,1972,400884.48136095854
"AN.11 Faste aktiver, nettobeholdning ultimo året",Privat,Forige års priser,1973,451737.4754140647
"AN.11 Faste aktiver, nettobeholdning ultimo året",Privat,Forige års priser,1974,527915.6717528803
"AN.11 Faste aktiver, nettobeholdning ultimo året",Privat,Forige års priser,1975,630543.5191804202
"AN.11 Faste aktiver, nettobeholdning ultimo året",Privat,Forige års priser,1976,706189.71811814
"AN.11 Faste aktiver, nettobeholdning ultimo året",Privat,Forige års priser,1977,781223.3916474977
"AN.11 Faste aktiver, nettobeholdning ultimo året",Privat,Forige års priser,1978,873197.3929376928
"AN.11 Faste aktiver, nettobeholdning ultimo året",Privat,Forige års priser,1979,963012.2058554345
"AN.11 Faste aktiver, nettobeholdning ultimo året",Privat,Forige års priser,1980,1071838.9861269924
"AN.11 Faste aktiver, nettobeholdning ultimo året",Privat,Forige års priser,1981,1212186.8933795732
"AN.11 Faste aktiver, nettobeholdning ultimo året",Privat,Forige års priser,1982,1366119.0299299848
"AN.11 Faste aktiver, nettobeholdning ultimo året",Privat,Forige års priser,1983,1500468.0312216235
"AN.11 Faste aktiver, nettobeholdning ultimo året",Privat,Forige års priser,1984,1627003.0508329687
"AN.11 Faste aktiver, nettobeholdning ultimo året",Privat,Forige års priser,1985,1725908.8038623729
"AN.11 Faste aktiver, nettobeholdning ultimo året",Privat,Forige års priser,1986,1832781.2678144777
"AN.11 Faste aktiver, nettobeholdning ultimo året",Privat,Forige års priser,1987,1910051.4109801534
"AN.11 Faste aktiver, nettobeholdning ultimo året",Privat,Forige års priser,1988,2049001.8584454993
"AN.11 Faste aktiver, nettobeholdning ultimo året",Privat,Forige års priser,1989,2210227.6624349654
"AN.11 Faste aktiver, nettobeholdning ultimo året",Privat,Forige års priser,1990,2375191.346630746
"AN.11 Faste aktiver, nettobeholdning ultimo året",Privat,Forige års priser,1991,2497159.2397345165
"AN.11 Faste aktiver, nettobeholdning ultimo året",Privat,Forige års priser,1992,2597994.9970099097
"AN.11 Faste aktiver, nettobeholdning ultimo året",Privat,Forige års priser,1993,2676826.6126573067
"AN.11 Faste aktiver, nettobeholdning ultimo året",Privat,Forige års priser,1994,2727250.3695622967
"AN.11 Faste aktiver, nettobeholdning ultimo året",Privat,Forige års priser,1995,2810612.1208174108
"AN.11 Faste aktiver, nettobeholdning ultimo året",Privat,Forige års priser,1996,2907330.885678055
"AN.11 Faste aktiver, nettobeholdning ultimo året",Privat,Forige års priser,1997,3059679.4616308287
"AN.11 Faste aktiver, nettobeholdning ultimo året",Privat,Forige års priser,1998,3175546.7714741956
"AN.11 Faste aktiver, nettobeholdning ultimo året",Privat,Forige års priser,1999,3285900.076706863
"AN.11 Faste aktiver, nettobeholdning ultimo året",Privat,Forige års priser,2000,3451544.5528990366
"AN.11 Faste aktiver, nettobeholdning ultimo året",Privat,Forige års priser,2001,3574719.1513167433
"AN.11 Faste aktiver, nettobeholdning ultimo året",Privat,Forige års priser,2002,3751540.1674067965
"AN.11 Faste aktiver, nettobeholdning ultimo året",Privat,Forige års priser,2003,3878851.7330802665
"AN.11 Faste aktiver, nettobeholdning ultimo året",Privat,Forige års priser,2004,4021339.27877837
"AN.11 Faste aktiver, nettobeholdning ultimo året",Privat,Forige års priser,2005,4166753.3066674974
"AN.11 Faste aktiver, nettobeholdning ultimo året",Privat,Forige års priser,2006,4374584.381237138
"AN.11 Faste aktiver, nettobeholdning ultimo året",Privat,Forige års priser,2007,4651496.028205923
"AN.11 Faste aktiver, nettobeholdning ultimo året",Privat,Forige års priser,2008,4923641.491398008
"AN.11 Faste aktiver, nettobeholdning ultimo året",Privat,Forige års priser,2009,5149467.905530865
"AN.11 Faste aktiver, nettobeholdning ultimo året",Privat,Forige års priser,2010,4832656.021810063
"AN.11 Faste aktiver, nettobeholdning ultimo året",Privat,Forige års priser,2011,4894961.5357076535
"AN.11 Faste aktiver, nettobeholdning ultimo året",Privat,Forige års priser,2012,5052532.771788009
"AN.11 Faste aktiver, nettobeholdning ultimo året",Privat,Forige års priser,2013,5210787.994482661
"AN.11 Faste aktiver, nettobeholdning ultimo året",Privat,Forige års priser,2014,5321049.362689706
"AN.11 Faste aktiver, nettobeholdning ultimo året",Privat,Forige års priser,2015,5437396.129843609
"AN.11 Faste aktiver, nettobeholdning ultimo året",Privat,Forige års priser,2016,5556585.457199695
"AN.11 Faste aktiver, nettobeholdning ultimo året",Privat,Forige års priser,2017,5788184.561895315
"AN.11 Faste aktiver, nettobeholdning ultimo året",Privat,Forige års priser,2018,5987439.845102223
"AN.11 Faste aktiver, nettobeholdning ultimo året",Privat,Forige års priser,2019,6210534.259486955
"AN.11 Faste aktiver, nettobeholdning ultimo året",Privat,Forige års priser,2020,6446535.903430058
"AN.11 Faste aktiver, nettobeholdning ultimo året",Privat,Forige års priser,2021,6735768.782459673
"AN.11 Faste aktiver, nettobeholdning ultimo året",Privat,Forige års priser,2022,7064249.331669348
"AN.11 Faste aktiver, nettobeholdning ultimo året",Privat,Forige års priser,2023,8006872.706838225
"AN.11 Faste aktiver, nettobeholdning ultimo året",Privat,Forige års priser,2024,8649052.910707481
"AN.11 Faste aktiver, nettobeholdning ultimo året",Privat,Løbende priser,1966,236945.0
"AN.11 Faste aktiver, nettobeholdning ultimo året",Privat,Løbende priser,1967,253788.0
"AN.11 Faste aktiver, nettobeholdning ultimo året",Privat,Løbende priser,1968,279011.0
"AN.11 Faste aktiver, nettobeholdning ultimo året",Privat,Løbende priser,1969,313995.0
"AN.11 Faste aktiver, nettobeholdning ultimo året",Privat,Løbende priser,1970,349872.0
"AN.11 Faste aktiver, nettobeholdning ultimo året",Privat,Løbende priser,1971,384934.0
"AN.11 Faste aktiver, nettobeholdning ultimo året",Privat,Løbende priser,1972,432291.0
"AN.11 Faste aktiver, nettobeholdning ultimo året",Privat,Løbende priser,1973,511368.0
"AN.11 Faste aktiver, nettobeholdning ultimo året",Privat,Løbende priser,1974,616473.0
"AN.11 Faste aktiver, nettobeholdning ultimo året",Privat,Løbende priser,1975,682250.0
"AN.11 Faste aktiver, nettobeholdning ultimo året",Privat,Løbende priser,1976,757496.0
"AN.11 Faste aktiver, nettobeholdning ultimo året",Privat,Løbende priser,1977,847069.0
"AN.11 Faste aktiver, nettobeholdning ultimo året",Privat,Løbende priser,1978,936314.0
"AN.11 Faste aktiver, nettobeholdning ultimo året",Privat,Løbende priser,1979,1051275.0
"AN.11 Faste aktiver, nettobeholdning ultimo året",Privat,Løbende priser,1980,1203250.0
"AN.11 Faste aktiver, nettobeholdning ultimo året",Privat,Løbende priser,1981,1350133.0
"AN.11 Faste aktiver, nettobeholdning ultimo året",Privat,Løbende priser,1982,1479255.0
"AN.11 Faste aktiver, nettobeholdning ultimo året",Privat,Løbende priser,1983,1596050.0
"AN.11 Faste aktiver, nettobeholdning ultimo året",Privat,Løbende priser,1984,1682359.0
"AN.11 Faste aktiver, nettobeholdning ultimo året",Privat,Løbende priser,1985,1766450.0
"AN.11 Faste aktiver, nettobeholdning ultimo året",Privat,Løbende priser,1986,1848024.0
"AN.11 Faste aktiver, nettobeholdning ultimo året",Privat,Løbende priser,1987,2003085.0
"AN.11 Faste aktiver, nettobeholdning ultimo året",Privat,Løbende priser,1988,2163279.0
"AN.11 Faste aktiver, nettobeholdning ultimo året",Privat,Løbende priser,1989,2323447.0
"AN.11 Faste aktiver, nettobeholdning ultimo året",Privat,Løbende priser,1990,2460659.0
"AN.11 Faste aktiver, nettobeholdning ultimo året",Privat,Løbende priser,1991,2569731.0
"AN.11 Faste aktiver, nettobeholdning ultimo året",Privat,Løbende priser,1992,2658313.0
"AN.11 Faste aktiver, nettobeholdning ultimo året",Privat,Løbende priser,1993,2707382.0
"AN.11 Faste aktiver, nettobeholdning ultimo året",Privat,Løbende priser,1994,2777329.0
"AN.11 Faste aktiver, nettobeholdning ultimo året",Privat,Løbende priser,1995,2868474.0
"AN.11 Faste aktiver, nettobeholdning ultimo året",Privat,Løbende priser,1996,3008558.0
"AN.11 Faste aktiver, nettobeholdning ultimo året",Privat,Løbende priser,1997,3115012.0
"AN.11 Faste aktiver, nettobeholdning ultimo året",Privat,Løbende priser,1998,3237464.0
"AN.11 Faste aktiver, nettobeholdning ultimo året",Privat,Løbende priser,1999,3381327.0
"AN.11 Faste aktiver, nettobeholdning ultimo året",Privat,Løbende priser,2000,3514157.0
"AN.11 Faste aktiver, nettobeholdning ultimo året",Privat,Løbende priser,2001,3698533.0
"AN.11 Faste aktiver, nettobeholdning ultimo året",Privat,Løbende priser,2002,3825891.0
"AN.11 Faste aktiver, nettobeholdning ultimo året",Privat,Løbende priser,2003,3965853.0
"AN.11 Faste aktiver, nettobeholdning ultimo året",Privat,Løbende priser,2004,4098086.0
"AN.11 Faste aktiver, nettobeholdning ultimo året",Privat,Løbende priser,2005,4266258.0
"AN.11 Faste aktiver, nettobeholdning ultimo året",Privat,Løbende priser,2006,4546415.0
"AN.11 Faste aktiver, nettobeholdning ultimo året",Privat,Løbende priser,2007,4842252.0
"AN.11 Faste aktiver, nettobeholdning ultimo året",Privat,Løbende priser,2008,5109840.0
"AN.11 Faste aktiver, nettobeholdning ultimo året",Privat,Løbende priser,2009,4831363.0
"AN.11 Faste aktiver, nettobeholdning ultimo året",Privat,Løbende priser,2010,4892586.0
"AN.11 Faste aktiver, nettobeholdning ultimo året",Privat,Løbende priser,2011,5040510.0
"AN.11 Faste aktiver, nettobeholdning ultimo året",Privat,Løbende priser,2012,5189353.0
"AN.11 Faste aktiver, nettobeholdning ultimo året",Privat,Løbende priser,2013,5284537.0
"AN.11 Faste aktiver, nettobeholdning ultimo året",Privat,Løbende priser,2014,5387567.0
"AN.11 Faste aktiver, nettobeholdning ultimo året",Privat,Løbende priser,2015,5482987.0
"AN.11 Faste aktiver, nettobeholdning ultimo året",Privat,Løbende priser,2016,5696880.0
"AN.11 Faste aktiver, nettobeholdning ultimo året",Privat,Løbende priser,2017,5887689.0
"AN.11 Faste aktiver, nettobeholdning ultimo året",Privat,Løbende priser,2018,6129241.0
"AN.11 Faste aktiver, nettobeholdning ultimo året",Privat,Løbende priser,2019,6358442.0
"AN.11 Faste aktiver, nettobeholdning ultimo året",Privat,Løbende priser,2020,6592707.0
"AN.11 Faste aktiver, nettobeholdning ultimo året",Privat,Løbende priser,2021,6920450.0
"AN.11 Faste aktiver, nettobeholdning ultimo året",Privat,Løbende priser,2022,7873464.0
"AN.11 Faste aktiver, nettobeholdning ultimo året",Privat,Løbende priser,2023,8504827.0
"AN.11 Faste aktiver, nettobeholdning ultimo året",Privat,Løbende priser,2024,8742130.0
P.51g Faste bruttoinvesteringer,Privat,"2020-priser, kædede værdier",1966,0.0
P.51g Faste bruttoinvesteringer,Privat,"2020-priser, kædede værdier",1967,0.0
P.51g Faste bruttoinvesteringer,Privat,"2020-priser, kædede værdier",1968,0.0
P.51g Faste bruttoinvesteringer,Privat,"2020-priser, kædede værdier",1969,0.0
P.51g Faste bruttoinvesteringer,Privat,"2020-priser, kædede værdier",1970,0.0
P.51g Faste bruttoinvesteringer,Privat,"2020-priser, kædede værdier",1971,0.0
P.51g Faste bruttoinvesteringer,Privat,"2020-priser, kædede værdier",1972,0.0
P.51g Faste bruttoinvesteringer,Privat,"2020-priser, kædede værdier",1973,0.0
P.51g Faste bruttoinvesteringer,Privat,"2020-priser, kædede værdier",1974,0.0
P.51g Faste bruttoinvesteringer,Privat,"2020-priser, kædede værdier",1975,0.0
P.51g Faste bruttoinvesteringer,Privat,"2020-priser, kædede værdier",1976,0.0
P.51g Faste bruttoinvesteringer,Privat,"2020-priser, kædede værdier",1977,0.0
P.51g Faste bruttoinvesteringer,Privat,"2020-priser, kædede værdier",1978,0.0
P.51g Faste bruttoinvesteringer,Privat,"2020-priser, kædede værdier",1979,0.0
P.51g Faste bruttoinvesteringer,Privat,"2020-priser, kædede værdier",1980,0.0
P.51g Faste bruttoinvesteringer,Privat,"2020-priser, kædede værdier",1981,0.0
P.51g Faste bruttoinvesteringer,Privat,"2020-priser, kædede værdier",1982,0.0
P.51g Faste bruttoinvesteringer,Privat,"2020-priser, kædede værdier",1983,0.0
P.51g Faste bruttoinvesteringer,Privat,"2020-priser, kædede værdier",1984,0.0
P.51g Faste bruttoinvesteringer,Privat,"2020-priser, kædede værdier",1985,0.0
P.51g Faste bruttoinvesteringer,Privat,"2020-priser, kædede værdier",1986,0.0
P.51g Faste bruttoinvesteringer,Privat,"2020-priser, kædede værdier",1987,0.0
P.51g Faste bruttoinvesteringer,Privat,"2020-priser, kædede værdier",1988,0.0
P.51g Faste bruttoinvesteringer,Privat,"2020-priser, kædede værdier",1989,0.0
P.51g Faste bruttoinvesteringer,Privat,"2020-priser, kædede værdier",1990,0.0
P.51g Faste bruttoinvesteringer,Privat,"2020-priser, kædede værdier",1991,0.0
P.51g Faste bruttoinvesteringer,Privat,"2020-priser, kædede værdier",1992,0.0
P.51g Faste bruttoinvesteringer,Privat,"2020-priser, kædede værdier",1993,215457.0
P.51g Faste bruttoinvesteringer,Privat,"2020-priser, kædede værdier",1994,227828.0
P.51g Faste bruttoinvesteringer,Privat,"2020-priser, kædede værdier",1995,252414.0
P.51g Faste bruttoinvesteringer,Privat,"2020-priser, kædede værdier",1996,269286.0
P.51g Faste bruttoinvesteringer,Privat,"2020-priser, kædede værdier",1997,300143.0
P.51g Faste bruttoinvesteringer,Privat,"2020-priser, kædede værdier",1998,321230.0
P.51g Faste bruttoinvesteringer,Privat,"2020-priser, kædede værdier",1999,311306.0
P.51g Faste bruttoinvesteringer,Privat,"2020-priser, kædede værdier",2000,334096.0
P.51g Faste bruttoinvesteringer,Privat,"2020-priser, kædede værdier",2001,334688.0
P.51g Faste bruttoinvesteringer,Privat,"2020-priser, kædede værdier",2002,337113.0
P.51g Faste bruttoinvesteringer,Privat,"2020-priser, kædede værdier",2003,336804.0
P.51g Faste bruttoinvesteringer,Privat,"2020-priser, kædede værdier",2004,346345.0
P.51g Faste bruttoinvesteringer,Privat,"2020-priser, kædede værdier",2005,367684.0
P.51g Faste bruttoinvesteringer,Privat,"2020-priser, kædede værdier",2006,420332.0
P.51g Faste bruttoinvesteringer,Privat,"2020-priser, kædede værdier",2007,422411.0
P.51g Faste bruttoinvesteringer,Privat,"2020-priser, kædede værdier",2008,410234.0
P.51g Faste bruttoinvesteringer,Privat,"2020-priser, kædede værdier",2009,352048.0
P.51g Faste bruttoinvesteringer,Privat,"2020-priser, kædede værdier",2010,315901.0
P.51g Faste bruttoinvesteringer,Privat,"2020-priser, kædede værdier",2011,315265.0
P.51g Faste bruttoinvesteringer,Privat,"2020-priser, kædede værdier",2012,321486.0
P.51g Faste bruttoinvesteringer,Privat,"2020-priser, kædede værdier",2013,329400.0
P.51g Faste bruttoinvesteringer,Privat,"2020-priser, kædede værdier",2014,340043.0
P.51g Faste bruttoinvesteringer,Privat,"2020-priser, kædede værdier",2015,358058.0
P.51g Faste bruttoinvesteringer,Privat,"2020-priser, kædede værdier",2016,387942.0
P.51g Faste bruttoinvesteringer,Privat,"2020-priser, kædede værdier",2017,411054.0
P.51g Faste bruttoinvesteringer,Privat,"2020-priser, kædede værdier",2018,430191.0
P.51g Faste bruttoinvesteringer,Privat,"2020-priser, kædede værdier",2019,424160.0
P.51g Faste bruttoinvesteringer,Privat,"2020-priser, kædede værdier",2020,436756.0
P.51g Faste bruttoinvesteringer,Privat,"2020-priser, kædede værdier",2021,504637.0
P.51g Faste bruttoinvesteringer,Privat,"2020-priser, kædede værdier",2022,518003.0
P.51g Faste bruttoinvesteringer,Privat,Forige års priser,1966,0.0
P.51g Faste bruttoinvesteringer,Privat,Forige års priser,1967,0.0
P.51g Faste bruttoinvesteringer,Privat,Forige års priser,1968,0.0
P.51g Faste bruttoinvesteringer,Privat,Forige års priser,1969,0.0
P.51g Faste bruttoinvesteringer,Privat,Forige års priser,1970,0.0
P.51g Faste bruttoinvesteringer,Privat,Forige års priser,1971,0.0
P.51g Faste bruttoinvesteringer,Privat,Forige års priser,1972,0.0
P.51g Faste bruttoinvesteringer,Privat,Forige års priser,1973,0.0
P.51g Faste bruttoinvesteringer,Privat,Forige års priser,1974,0.0
P.51g Faste bruttoinvesteringer,Privat,Forige års priser,1975,0.0
P.51g Faste bruttoinvesteringer,Privat,Forige års priser,1976,0.0
P.51g Faste bruttoinvesteringer,Privat,Forige års priser,1977,0.0
P.51g Faste bruttoinvesteringer,Privat,Forige års priser,1978,0.0
P.51g Faste bruttoinvesteringer,Privat,Forige års priser,1979,0.0
P.51g Faste bruttoinvesteringer,Privat,Forige års priser,1980,0.0
P.51g Faste bruttoinvesteringer,Privat,Forige års priser,1981,0.0
P.51g Faste bruttoinvesteringer,Privat,Forige års priser,1982,0.0
P.51g Faste bruttoinvesteringer,Privat,Forige års priser,1983,0.0
P.51g Faste bruttoinvesteringer,Privat,Forige års priser,1984,0.0
P.51g Faste bruttoinvesteringer,Privat,Forige års priser,1985,0.0
P.51g Faste bruttoinvesteringer,Privat,Forige års priser,1986,0.0
P.51g Faste bruttoinvesteringer,Privat,Forige års priser,1987,0.0
P.51g Faste bruttoinvesteringer,Privat,Forige års priser,1988,0.0
P.51g Faste bruttoinvesteringer,Privat,Forige års priser,1989,0.0
P.51g Faste bruttoinvesteringer,Privat,Forige års priser,1990,0.0
P.51g Faste bruttoinvesteringer,Privat,Forige års priser,1991,0.0
P.51g Faste bruttoinvesteringer,Privat,Forige års priser,1992,0.0
P.51g Faste bruttoinvesteringer,Privat,Forige års priser,1993,0.0
P.51g Faste bruttoinvesteringer,Privat,Forige års priser,1994,155026.73910644883
P.51g Faste bruttoinvesteringer,Privat,Forige års priser,1995,174749.1430916927
P.51g Faste bruttoinvesteringer,Privat,Forige års priser,1996,184018.9675260251
P.51g Faste bruttoinvesteringer,Privat,Forige års priser,1997,206415.2532149802
P.51g Faste bruttoinvesteringer,Privat,Forige års priser,1998,223962.8327873787
P.51g Faste bruttoinvesteringer,Privat,Forige års priser,1999,223887.30672077028
P.51g Faste bruttoinvesteringer,Privat,Forige års priser,2000,247523.9964781591
P.51g Faste bruttoinvesteringer,Privat,Forige års priser,2001,248280.80640477725
P.51g Faste bruttoinvesteringer,Privat,Forige års priser,2002,250829.19606988362
P.51g Faste bruttoinvesteringer,Privat,Forige års priser,2003,262043.68836896706
P.51g Faste bruttoinvesteringer,Privat,Forige års priser,2004,273015.016915287
P.51g Faste bruttoinvesteringer,Privat,Forige års priser,2005,291959.6821252849
P.51g Faste bruttoinvesteringer,Privat,Forige års priser,2006,337852.272286945
P.51g Faste bruttoinvesteringer,Privat,Forige års priser,2007,348599.5040993312
P.51g Faste bruttoinvesteringer,Privat,Forige års priser,2008,348971.8736649563
P.51g Faste bruttoinvesteringer,Privat,Forige års priser,2009,309680.442966533
P.51g Faste bruttoinvesteringer,Privat,Forige års priser,2010,270007.68758744036
P.51g Faste bruttoinvesteringer,Privat,Forige års priser,2011,272687.90465202543
P.51g Faste bruttoinvesteringer,Privat,Forige års priser,2012,284450.48874036793
P.51g Faste bruttoinvesteringer,Privat,Forige års priser,2013,299101.06856564846
P.51g Faste bruttoinvesteringer,Privat,Forige års priser,2014,315314.8619800028
P.51g Faste bruttoinvesteringer,Privat,Forige års priser,2015,332096.18906988384
P.51g Faste bruttoinvesteringer,Privat,Forige års priser,2016,363870.1893065923
P.51g Faste bruttoinvesteringer,Privat,Forige års priser,2017,392933.66272993735
P.51g Faste bruttoinvesteringer,Privat,Forige års priser,2018,414381.96854380943
P.51g Faste bruttoinvesteringer,Privat,Forige års priser,2019,413438.0621698012
P.51g Faste bruttoinvesteringer,Privat,Forige års priser,2020,433747.80202413513
P.51g Faste bruttoinvesteringer,Privat,Forige års priser,2021,504637.0
P.51g Faste bruttoinvesteringer,Privat,Forige års priser,2022,527439.8014502125
P.51g Faste bruttoinvesteringer,Privat,Løbende priser,1966,0.0
P.51g Faste bruttoinvesteringer,Privat,Løbende priser,1967,0.0
P.51g Faste bruttoinvesteringer,Privat,Løbende priser,1968,0.0
P.51g Faste bruttoinvesteringer,Privat,Løbende priser,1969,0.0
P.51g Faste bruttoinvesteringer,Privat,Løbende priser,1970,0.0
P.51g Faste bruttoinvesteringer,Privat,Løbende priser,1971,0.0
P.51g Faste bruttoinvesteringer,Privat,Løbende priser,1972,0.0
P.51g Faste bruttoinvesteringer,Privat,Løbende priser,1973,0.0
P.51g Faste bruttoinvesteringer,Privat,Løbende priser,1974,0.0
P.51g Faste bruttoinvesteringer,Privat,Løbende priser,1975,0.0
P.51g Faste bruttoinvesteringer,Privat,Løbende priser,1976,0.0
P.51g Faste bruttoinvesteringer,Privat,Løbende priser,1977,0.0
P.51g Faste bruttoinvesteringer,Privat,Løbende priser,1978,0.0
P.51g Faste bruttoinvesteringer,Privat,Løbende priser,1979,0.0
P.51g Faste bruttoinvesteringer,Privat,Løbende priser,1980,0.0
P.51g Faste bruttoinvesteringer,Privat,Løbende priser,1981,0.0
P.51g Faste bruttoinvesteringer,Privat,Løbende priser,1982,0.0
P.51g Faste bruttoinvesteringer,Privat,Løbende priser,1983,0.0
P.51g Faste bruttoinvesteringer,Privat,Løbende priser,1984,0.0
P.51g Faste bruttoinvesteringer,Privat,Løbende priser,1985,0.0
P.51g Faste bruttoinvesteringer,Privat,Løbende priser,1986,0.0
P.51g Faste bruttoinvesteringer,Privat,Løbende priser,1987,0.0
P.51g Faste bruttoinvesteringer,Privat,Løbende priser,1988,0.0
P.51g Faste bruttoinvesteringer,Privat,Løbende priser,1989,0.0
P.51g Faste bruttoinvesteringer,Privat,Løbende priser,1990,0.0
P.51g Faste bruttoinvesteringer,Privat,Løbende priser,1991,0.0
P.51g Faste bruttoinvesteringer,Privat,Løbende priser,1992,0.0
P.51g Faste bruttoinvesteringer,Privat,Løbende priser,1993,144279.0
P.51g Faste bruttoinvesteringer,Privat,Løbende priser,1994,157683.0
P.51g Faste bruttoinvesteringer,Privat,Løbende priser,1995,175443.0
P.51g Faste bruttoinvesteringer,Privat,Løbende priser,1996,184312.0
P.51g Faste bruttoinvesteringer,Privat,Løbende priser,1997,208113.0
P.51g Faste bruttoinvesteringer,Privat,Løbende priser,1998,224654.0
P.51g Faste bruttoinvesteringer,Privat,Løbende priser,1999,227453.0
P.51g Faste bruttoinvesteringer,Privat,Løbende priser,2000,250853.0
P.51g Faste bruttoinvesteringer,Privat,Løbende priser,2001,254808.0
P.51g Faste bruttoinvesteringer,Privat,Løbende priser,2002,255810.0
P.51g Faste bruttoinvesteringer,Privat,Løbende priser,2003,263496.0
P.51g Faste bruttoinvesteringer,Privat,Løbende priser,2004,275612.0
P.51g Faste bruttoinvesteringer,Privat,Løbende priser,2005,296533.0
P.51g Faste bruttoinvesteringer,Privat,Løbende priser,2006,345966.0
P.51g Faste bruttoinvesteringer,Privat,Løbende priser,2007,361612.0
P.51g Faste bruttoinvesteringer,Privat,Løbende priser,2008,362924.0
P.51g Faste bruttoinvesteringer,Privat,Løbende priser,2009,297486.0
P.51g Faste bruttoinvesteringer,Privat,Løbende priser,2010,270517.0
P.51g Faste bruttoinvesteringer,Privat,Løbende priser,2011,277954.0
P.51g Faste bruttoinvesteringer,Privat,Løbende priser,2012,291154.0
P.51g Faste bruttoinvesteringer,Privat,Løbende priser,2013,300874.0
P.51g Faste bruttoinvesteringer,Privat,Løbende priser,2014,315434.0
P.51g Faste bruttoinvesteringer,Privat,Løbende priser,2015,335688.0
P.51g Faste bruttoinvesteringer,Privat,Løbende priser,2016,369806.0
P.51g Faste bruttoinvesteringer,Privat,Løbende priser,2017,396171.0
P.51g Faste bruttoinvesteringer,Privat,Løbende priser,2018,417978.0
P.51g Faste bruttoinvesteringer,Privat,Løbende priser,2019,419512.0
P.51g Faste bruttoinvesteringer,Privat,Løbende priser,2020,436756.0
P.51g Faste bruttoinvesteringer,Privat,Løbende priser,2021,513700.0
P.51g Faste bruttoinvesteringer,Privat,Løbende priser,2022,572790.0
