TILGANG1,TILGANG2,ANVENDELSE,TID,Xt
Dansk produktion,01000 Landbrug og gartneri-(Tilgang),01000 Landbrug og gartneri- (Anvendelse),1967,7473.856381262435
Dansk produktion,01000 Landbrug og gartneri-(Tilgang),01000 Landbrug og gartneri- (Anvendelse),1968,8474.77085127467
Dansk produktion,01000 Landbrug og gartneri-(Tilgang),01000 Landbrug og gartneri- (Anvendelse),1969,7976.354691842455
Dansk produktion,01000 Landbrug og gartneri-(Tilgang),01000 Landbrug og gartneri- (Anvendelse),1970,8707.479147770477
Dansk produktion,01000 Landbrug og gartneri-(Tilgang),01000 Landbrug og gartneri- (Anvendelse),1971,8465.44489354957
Dansk produktion,01000 Landbrug og gartneri-(Tilgang),01000 Landbrug og gartneri- (Anvendelse),1972,8160.670126595004
Dansk produktion,01000 Landbrug og gartneri-(Tilgang),01000 Landbrug og gartneri- (Anvendelse),1973,9724.235679631218
Dansk produktion,01000 Landbrug og gartneri-(Tilgang),01000 Landbrug og gartneri- (Anvendelse),1974,8941.076527575107
Dansk produktion,01000 Landbrug og gartneri-(Tilgang),01000 Landbrug og gartneri- (Anvendelse),1975,9192.60915399891
Dansk produktion,01000 Landbrug og gartneri-(Tilgang),01000 Landbrug og gartneri- (Anvendelse),1976,9342.688905146335
Dansk produktion,01000 Landbrug og gartneri-(Tilgang),01000 Landbrug og gartneri- (Anvendelse),1977,9361.242267614069
Dansk produktion,01000 Landbrug og gartneri-(Tilgang),01000 Landbrug og gartneri- (Anvendelse),1978,9698.851442439956
Dansk produktion,01000 Landbrug og gartneri-(Tilgang),01000 Landbrug og gartneri- (Anvendelse),1979,10430.262253774215
Dansk produktion,01000 Landbrug og gartneri-(Tilgang),01000 Landbrug og gartneri- (Anvendelse),1980,10516.180540936892
Dansk produktion,01000 Landbrug og gartneri-(Tilgang),01000 Landbrug og gartneri- (Anvendelse),1981,10466.779060270943
Dansk produktion,01000 Landbrug og gartneri-(Tilgang),01000 Landbrug og gartneri- (Anvendelse),1982,9892.047970994045
Dansk produktion,01000 Landbrug og gartneri-(Tilgang),01000 Landbrug og gartneri- (Anvendelse),1983,9146.845674819222
Dansk produktion,01000 Landbrug og gartneri-(Tilgang),01000 Landbrug og gartneri- (Anvendelse),1984,9320.88758979052
Dansk produktion,01000 Landbrug og gartneri-(Tilgang),01000 Landbrug og gartneri- (Anvendelse),1985,9769.195033022248
Dansk produktion,01000 Landbrug og gartneri-(Tilgang),01000 Landbrug og gartneri- (Anvendelse),1986,8679.912617123657
Dansk produktion,01000 Landbrug og gartneri-(Tilgang),01000 Landbrug og gartneri- (Anvendelse),1987,9117.839493556472
Dansk produktion,01000 Landbrug og gartneri-(Tilgang),01000 Landbrug og gartneri- (Anvendelse),1988,7612.891347994077
Dansk produktion,01000 Landbrug og gartneri-(Tilgang),01000 Landbrug og gartneri- (Anvendelse),1989,7506.762787360094
Dansk produktion,01000 Landbrug og gartneri-(Tilgang),01000 Landbrug og gartneri- (Anvendelse),1990,7755.590713992552
Dansk produktion,01000 Landbrug og gartneri-(Tilgang),01000 Landbrug og gartneri- (Anvendelse),1991,7081.568879491976
Dansk produktion,01000 Landbrug og gartneri-(Tilgang),01000 Landbrug og gartneri- (Anvendelse),1992,7280.885508688506
Dansk produktion,01000 Landbrug og gartneri-(Tilgang),01000 Landbrug og gartneri- (Anvendelse),1993,10515.090586678867
Dansk produktion,01000 Landbrug og gartneri-(Tilgang),01000 Landbrug og gartneri- (Anvendelse),1994,10348.109377272314
Dansk produktion,01000 Landbrug og gartneri-(Tilgang),01000 Landbrug og gartneri- (Anvendelse),1995,10887.235158001136
Dansk produktion,01000 Landbrug og gartneri-(Tilgang),01000 Landbrug og gartneri- (Anvendelse),1996,11408.105730323254
Dansk produktion,01000 Landbrug og gartneri-(Tilgang),01000 Landbrug og gartneri- (Anvendelse),1997,11468.928474794662
Dansk produktion,01000 Landbrug og gartneri-(Tilgang),01000 Landbrug og gartneri- (Anvendelse),1998,11366.961466091943
Dansk produktion,01000 Landbrug og gartneri-(Tilgang),01000 Landbrug og gartneri- (Anvendelse),1999,12541.534929802749
Dansk produktion,01000 Landbrug og gartneri-(Tilgang),01000 Landbrug og gartneri- (Anvendelse),2000,12348.996373900181
Dansk produktion,01000 Landbrug og gartneri-(Tilgang),01000 Landbrug og gartneri- (Anvendelse),2001,12041.645860608243
Dansk produktion,01000 Landbrug og gartneri-(Tilgang),01000 Landbrug og gartneri- (Anvendelse),2002,9058.266522646343
Dansk produktion,01000 Landbrug og gartneri-(Tilgang),01000 Landbrug og gartneri- (Anvendelse),2003,8867.12333396258
Dansk produktion,01000 Landbrug og gartneri-(Tilgang),01000 Landbrug og gartneri- (Anvendelse),2004,8841.975263954198
Dansk produktion,01000 Landbrug og gartneri-(Tilgang),01000 Landbrug og gartneri- (Anvendelse),2005,8334.139311488927
Dansk produktion,01000 Landbrug og gartneri-(Tilgang),01000 Landbrug og gartneri- (Anvendelse),2006,7874.449094041502
Dansk produktion,01000 Landbrug og gartneri-(Tilgang),01000 Landbrug og gartneri- (Anvendelse),2007,8006.357315244217
Dansk produktion,01000 Landbrug og gartneri-(Tilgang),01000 Landbrug og gartneri- (Anvendelse),2008,7154.764388429513
Dansk produktion,01000 Landbrug og gartneri-(Tilgang),01000 Landbrug og gartneri- (Anvendelse),2009,8391.921350100376
Dansk produktion,01000 Landbrug og gartneri-(Tilgang),01000 Landbrug og gartneri- (Anvendelse),2010,7695.733182403612
Dansk produktion,01000 Landbrug og gartneri-(Tilgang),01000 Landbrug og gartneri- (Anvendelse),2011,8802.566378135807
Dansk produktion,01000 Landbrug og gartneri-(Tilgang),01000 Landbrug og gartneri- (Anvendelse),2012,8841.327644818482
Dansk produktion,01000 Landbrug og gartneri-(Tilgang),01000 Landbrug og gartneri- (Anvendelse),2013,8488.23637157773
Dansk produktion,01000 Landbrug og gartneri-(Tilgang),01000 Landbrug og gartneri- (Anvendelse),2014,8629.949900159916
Dansk produktion,01000 Landbrug og gartneri-(Tilgang),01000 Landbrug og gartneri- (Anvendelse),2015,8966.467357519507
Dansk produktion,01000 Landbrug og gartneri-(Tilgang),01000 Landbrug og gartneri- (Anvendelse),2016,8806.051294962324
Dansk produktion,01000 Landbrug og gartneri-(Tilgang),01000 Landbrug og gartneri- (Anvendelse),2017,9287.712403566484
Dansk produktion,01000 Landbrug og gartneri-(Tilgang),01000 Landbrug og gartneri- (Anvendelse),2018,9343.746756497805
Dansk produktion,01000 Landbrug og gartneri-(Tilgang),01000 Landbrug og gartneri- (Anvendelse),2019,8965.859977372755
Dansk produktion,01000 Landbrug og gartneri-(Tilgang),01000 Landbrug og gartneri- (Anvendelse),2020,8830.27
Dansk produktion,01000 Landbrug og gartneri-(Tilgang),01000 Landbrug og gartneri- (Anvendelse),2021,9818.222
Dansk produktion,01000 Landbrug og gartneri-(Tilgang),01000 Landbrug og gartneri- (Anvendelse),2022,11377.674096457078
Dansk produktion,01000 Landbrug og gartneri-(Tilgang),"10120 Føde-, drikke- og tobaksvareindustri- (Anvendelse)",1967,27835.022115103766
Dansk produktion,01000 Landbrug og gartneri-(Tilgang),"10120 Føde-, drikke- og tobaksvareindustri- (Anvendelse)",1968,27219.87025819786
Dansk produktion,01000 Landbrug og gartneri-(Tilgang),"10120 Føde-, drikke- og tobaksvareindustri- (Anvendelse)",1969,26461.123316993533
Dansk produktion,01000 Landbrug og gartneri-(Tilgang),"10120 Føde-, drikke- og tobaksvareindustri- (Anvendelse)",1970,27272.89203998993
Dansk produktion,01000 Landbrug og gartneri-(Tilgang),"10120 Føde-, drikke- og tobaksvareindustri- (Anvendelse)",1971,27531.64093596693
Dansk produktion,01000 Landbrug og gartneri-(Tilgang),"10120 Føde-, drikke- og tobaksvareindustri- (Anvendelse)",1972,27020.691775315216
Dansk produktion,01000 Landbrug og gartneri-(Tilgang),"10120 Føde-, drikke- og tobaksvareindustri- (Anvendelse)",1973,28171.552425304802
Dansk produktion,01000 Landbrug og gartneri-(Tilgang),"10120 Føde-, drikke- og tobaksvareindustri- (Anvendelse)",1974,27913.626245466476
Dansk produktion,01000 Landbrug og gartneri-(Tilgang),"10120 Føde-, drikke- og tobaksvareindustri- (Anvendelse)",1975,28644.50234547638
Dansk produktion,01000 Landbrug og gartneri-(Tilgang),"10120 Føde-, drikke- og tobaksvareindustri- (Anvendelse)",1976,28830.02543919424
Dansk produktion,01000 Landbrug og gartneri-(Tilgang),"10120 Føde-, drikke- og tobaksvareindustri- (Anvendelse)",1977,29468.09573166328
Dansk produktion,01000 Landbrug og gartneri-(Tilgang),"10120 Føde-, drikke- og tobaksvareindustri- (Anvendelse)",1978,30813.771879703272
Dansk produktion,01000 Landbrug og gartneri-(Tilgang),"10120 Føde-, drikke- og tobaksvareindustri- (Anvendelse)",1979,31877.864684162687
Dansk produktion,01000 Landbrug og gartneri-(Tilgang),"10120 Føde-, drikke- og tobaksvareindustri- (Anvendelse)",1980,32888.91203497413
Dansk produktion,01000 Landbrug og gartneri-(Tilgang),"10120 Føde-, drikke- og tobaksvareindustri- (Anvendelse)",1981,33114.19243739775
Dansk produktion,01000 Landbrug og gartneri-(Tilgang),"10120 Føde-, drikke- og tobaksvareindustri- (Anvendelse)",1982,33534.6381356293
Dansk produktion,01000 Landbrug og gartneri-(Tilgang),"10120 Føde-, drikke- og tobaksvareindustri- (Anvendelse)",1983,35294.40484946092
Dansk produktion,01000 Landbrug og gartneri-(Tilgang),"10120 Føde-, drikke- og tobaksvareindustri- (Anvendelse)",1984,35209.66315147968
Dansk produktion,01000 Landbrug og gartneri-(Tilgang),"10120 Føde-, drikke- og tobaksvareindustri- (Anvendelse)",1985,35334.61343130802
Dansk produktion,01000 Landbrug og gartneri-(Tilgang),"10120 Føde-, drikke- og tobaksvareindustri- (Anvendelse)",1986,36993.02111033886
Dansk produktion,01000 Landbrug og gartneri-(Tilgang),"10120 Føde-, drikke- og tobaksvareindustri- (Anvendelse)",1987,36107.156462887055
Dansk produktion,01000 Landbrug og gartneri-(Tilgang),"10120 Føde-, drikke- og tobaksvareindustri- (Anvendelse)",1988,35099.305311731194
Dansk produktion,01000 Landbrug og gartneri-(Tilgang),"10120 Føde-, drikke- og tobaksvareindustri- (Anvendelse)",1989,35222.51606021922
Dansk produktion,01000 Landbrug og gartneri-(Tilgang),"10120 Føde-, drikke- og tobaksvareindustri- (Anvendelse)",1990,35886.580374785066
Dansk produktion,01000 Landbrug og gartneri-(Tilgang),"10120 Føde-, drikke- og tobaksvareindustri- (Anvendelse)",1991,36420.53845257236
Dansk produktion,01000 Landbrug og gartneri-(Tilgang),"10120 Føde-, drikke- og tobaksvareindustri- (Anvendelse)",1992,38737.308631896085
Dansk produktion,01000 Landbrug og gartneri-(Tilgang),"10120 Føde-, drikke- og tobaksvareindustri- (Anvendelse)",1993,41769.77384300234
Dansk produktion,01000 Landbrug og gartneri-(Tilgang),"10120 Føde-, drikke- og tobaksvareindustri- (Anvendelse)",1994,42524.839184329845
Dansk produktion,01000 Landbrug og gartneri-(Tilgang),"10120 Føde-, drikke- og tobaksvareindustri- (Anvendelse)",1995,41604.93134761121
Dansk produktion,01000 Landbrug og gartneri-(Tilgang),"10120 Føde-, drikke- og tobaksvareindustri- (Anvendelse)",1996,42107.74431077743
Dansk produktion,01000 Landbrug og gartneri-(Tilgang),"10120 Føde-, drikke- og tobaksvareindustri- (Anvendelse)",1997,42549.73159487382
Dansk produktion,01000 Landbrug og gartneri-(Tilgang),"10120 Føde-, drikke- og tobaksvareindustri- (Anvendelse)",1998,43778.57193012471
Dansk produktion,01000 Landbrug og gartneri-(Tilgang),"10120 Føde-, drikke- og tobaksvareindustri- (Anvendelse)",1999,43967.40219465823
Dansk produktion,01000 Landbrug og gartneri-(Tilgang),"10120 Føde-, drikke- og tobaksvareindustri- (Anvendelse)",2000,43435.64819739465
Dansk produktion,01000 Landbrug og gartneri-(Tilgang),"10120 Føde-, drikke- og tobaksvareindustri- (Anvendelse)",2001,43658.463248067594
Dansk produktion,01000 Landbrug og gartneri-(Tilgang),"10120 Føde-, drikke- og tobaksvareindustri- (Anvendelse)",2002,47326.30656893535
Dansk produktion,01000 Landbrug og gartneri-(Tilgang),"10120 Føde-, drikke- og tobaksvareindustri- (Anvendelse)",2003,48866.52232043136
Dansk produktion,01000 Landbrug og gartneri-(Tilgang),"10120 Føde-, drikke- og tobaksvareindustri- (Anvendelse)",2004,49799.92520758972
Dansk produktion,01000 Landbrug og gartneri-(Tilgang),"10120 Føde-, drikke- og tobaksvareindustri- (Anvendelse)",2005,48713.70252774782
Dansk produktion,01000 Landbrug og gartneri-(Tilgang),"10120 Føde-, drikke- og tobaksvareindustri- (Anvendelse)",2006,47657.59067499255
Dansk produktion,01000 Landbrug og gartneri-(Tilgang),"10120 Føde-, drikke- og tobaksvareindustri- (Anvendelse)",2007,48628.71955600431
Dansk produktion,01000 Landbrug og gartneri-(Tilgang),"10120 Føde-, drikke- og tobaksvareindustri- (Anvendelse)",2008,46716.989448920605
Dansk produktion,01000 Landbrug og gartneri-(Tilgang),"10120 Føde-, drikke- og tobaksvareindustri- (Anvendelse)",2009,43179.00659452231
Dansk produktion,01000 Landbrug og gartneri-(Tilgang),"10120 Føde-, drikke- og tobaksvareindustri- (Anvendelse)",2010,44504.29739397029
Dansk produktion,01000 Landbrug og gartneri-(Tilgang),"10120 Føde-, drikke- og tobaksvareindustri- (Anvendelse)",2011,44613.89333753572
Dansk produktion,01000 Landbrug og gartneri-(Tilgang),"10120 Føde-, drikke- og tobaksvareindustri- (Anvendelse)",2012,43452.91071792082
Dansk produktion,01000 Landbrug og gartneri-(Tilgang),"10120 Føde-, drikke- og tobaksvareindustri- (Anvendelse)",2013,43774.77586440307
Dansk produktion,01000 Landbrug og gartneri-(Tilgang),"10120 Føde-, drikke- og tobaksvareindustri- (Anvendelse)",2014,44891.16233438668
Dansk produktion,01000 Landbrug og gartneri-(Tilgang),"10120 Føde-, drikke- og tobaksvareindustri- (Anvendelse)",2015,45404.16538213194
Dansk produktion,01000 Landbrug og gartneri-(Tilgang),"10120 Føde-, drikke- og tobaksvareindustri- (Anvendelse)",2016,44194.535249507906
Dansk produktion,01000 Landbrug og gartneri-(Tilgang),"10120 Føde-, drikke- og tobaksvareindustri- (Anvendelse)",2017,43823.16259501246
Dansk produktion,01000 Landbrug og gartneri-(Tilgang),"10120 Føde-, drikke- og tobaksvareindustri- (Anvendelse)",2018,44104.30859589396
Dansk produktion,01000 Landbrug og gartneri-(Tilgang),"10120 Føde-, drikke- og tobaksvareindustri- (Anvendelse)",2019,44220.57625873125
Dansk produktion,01000 Landbrug og gartneri-(Tilgang),"10120 Føde-, drikke- og tobaksvareindustri- (Anvendelse)",2020,46091.117
Dansk produktion,01000 Landbrug og gartneri-(Tilgang),"10120 Føde-, drikke- og tobaksvareindustri- (Anvendelse)",2021,47540.042
Dansk produktion,01000 Landbrug og gartneri-(Tilgang),"10120 Føde-, drikke- og tobaksvareindustri- (Anvendelse)",2022,46362.370243978876
Dansk produktion,01000 Landbrug og gartneri-(Tilgang),"Anvendelse, i alt-(Anvendelse)",1967,44352.25324136804
Dansk produktion,01000 Landbrug og gartneri-(Tilgang),"Anvendelse, i alt-(Anvendelse)",1968,44088.47393080113
Dansk produktion,01000 Landbrug og gartneri-(Tilgang),"Anvendelse, i alt-(Anvendelse)",1969,44065.48484996815
Dansk produktion,01000 Landbrug og gartneri-(Tilgang),"Anvendelse, i alt-(Anvendelse)",1970,41076.9550383105
Dansk produktion,01000 Landbrug og gartneri-(Tilgang),"Anvendelse, i alt-(Anvendelse)",1971,44428.58814517586
Dansk produktion,01000 Landbrug og gartneri-(Tilgang),"Anvendelse, i alt-(Anvendelse)",1972,45125.5163303274
Dansk produktion,01000 Landbrug og gartneri-(Tilgang),"Anvendelse, i alt-(Anvendelse)",1973,45687.594258645935
Dansk produktion,01000 Landbrug og gartneri-(Tilgang),"Anvendelse, i alt-(Anvendelse)",1974,47792.36567134227
Dansk produktion,01000 Landbrug og gartneri-(Tilgang),"Anvendelse, i alt-(Anvendelse)",1975,45353.0800337268
Dansk produktion,01000 Landbrug og gartneri-(Tilgang),"Anvendelse, i alt-(Anvendelse)",1976,45360.61361791695
Dansk produktion,01000 Landbrug og gartneri-(Tilgang),"Anvendelse, i alt-(Anvendelse)",1977,48300.74778957923
Dansk produktion,01000 Landbrug og gartneri-(Tilgang),"Anvendelse, i alt-(Anvendelse)",1978,50462.61777530038
Dansk produktion,01000 Landbrug og gartneri-(Tilgang),"Anvendelse, i alt-(Anvendelse)",1979,51681.032340644764
Dansk produktion,01000 Landbrug og gartneri-(Tilgang),"Anvendelse, i alt-(Anvendelse)",1980,51506.40350358545
Dansk produktion,01000 Landbrug og gartneri-(Tilgang),"Anvendelse, i alt-(Anvendelse)",1981,52624.81803597939
Dansk produktion,01000 Landbrug og gartneri-(Tilgang),"Anvendelse, i alt-(Anvendelse)",1982,55228.202025928986
Dansk produktion,01000 Landbrug og gartneri-(Tilgang),"Anvendelse, i alt-(Anvendelse)",1983,53482.36133950211
Dansk produktion,01000 Landbrug og gartneri-(Tilgang),"Anvendelse, i alt-(Anvendelse)",1984,58750.74407098013
Dansk produktion,01000 Landbrug og gartneri-(Tilgang),"Anvendelse, i alt-(Anvendelse)",1985,58588.02553627376
Dansk produktion,01000 Landbrug og gartneri-(Tilgang),"Anvendelse, i alt-(Anvendelse)",1986,58742.29926717988
Dansk produktion,01000 Landbrug og gartneri-(Tilgang),"Anvendelse, i alt-(Anvendelse)",1987,56961.09686101312
Dansk produktion,01000 Landbrug og gartneri-(Tilgang),"Anvendelse, i alt-(Anvendelse)",1988,56075.446418327956
Dansk produktion,01000 Landbrug og gartneri-(Tilgang),"Anvendelse, i alt-(Anvendelse)",1989,58852.663263313545
Dansk produktion,01000 Landbrug og gartneri-(Tilgang),"Anvendelse, i alt-(Anvendelse)",1990,62263.47948612532
Dansk produktion,01000 Landbrug og gartneri-(Tilgang),"Anvendelse, i alt-(Anvendelse)",1991,60786.47471592598
Dansk produktion,01000 Landbrug og gartneri-(Tilgang),"Anvendelse, i alt-(Anvendelse)",1992,60399.71777727219
Dansk produktion,01000 Landbrug og gartneri-(Tilgang),"Anvendelse, i alt-(Anvendelse)",1993,69638.68957226025
Dansk produktion,01000 Landbrug og gartneri-(Tilgang),"Anvendelse, i alt-(Anvendelse)",1994,68856.8069084517
Dansk produktion,01000 Landbrug og gartneri-(Tilgang),"Anvendelse, i alt-(Anvendelse)",1995,69737.09596880477
Dansk produktion,01000 Landbrug og gartneri-(Tilgang),"Anvendelse, i alt-(Anvendelse)",1996,70280.70200201102
Dansk produktion,01000 Landbrug og gartneri-(Tilgang),"Anvendelse, i alt-(Anvendelse)",1997,72177.73128503423
Dansk produktion,01000 Landbrug og gartneri-(Tilgang),"Anvendelse, i alt-(Anvendelse)",1998,73158.19867719349
Dansk produktion,01000 Landbrug og gartneri-(Tilgang),"Anvendelse, i alt-(Anvendelse)",1999,73173.61124958949
Dansk produktion,01000 Landbrug og gartneri-(Tilgang),"Anvendelse, i alt-(Anvendelse)",2000,74464.20968859072
Dansk produktion,01000 Landbrug og gartneri-(Tilgang),"Anvendelse, i alt-(Anvendelse)",2001,73547.4024563283
Dansk produktion,01000 Landbrug og gartneri-(Tilgang),"Anvendelse, i alt-(Anvendelse)",2002,74587.44832457317
Dansk produktion,01000 Landbrug og gartneri-(Tilgang),"Anvendelse, i alt-(Anvendelse)",2003,74719.00507601726
Dansk produktion,01000 Landbrug og gartneri-(Tilgang),"Anvendelse, i alt-(Anvendelse)",2004,75618.6549319928
Dansk produktion,01000 Landbrug og gartneri-(Tilgang),"Anvendelse, i alt-(Anvendelse)",2005,74196.06004710899
Dansk produktion,01000 Landbrug og gartneri-(Tilgang),"Anvendelse, i alt-(Anvendelse)",2006,75618.96015965735
Dansk produktion,01000 Landbrug og gartneri-(Tilgang),"Anvendelse, i alt-(Anvendelse)",2007,79159.85391933467
Dansk produktion,01000 Landbrug og gartneri-(Tilgang),"Anvendelse, i alt-(Anvendelse)",2008,73126.39063253529
Dansk produktion,01000 Landbrug og gartneri-(Tilgang),"Anvendelse, i alt-(Anvendelse)",2009,73444.2200188161
Dansk produktion,01000 Landbrug og gartneri-(Tilgang),"Anvendelse, i alt-(Anvendelse)",2010,77334.76954112363
Dansk produktion,01000 Landbrug og gartneri-(Tilgang),"Anvendelse, i alt-(Anvendelse)",2011,75869.89634279175
Dansk produktion,01000 Landbrug og gartneri-(Tilgang),"Anvendelse, i alt-(Anvendelse)",2012,77617.49260952293
Dansk produktion,01000 Landbrug og gartneri-(Tilgang),"Anvendelse, i alt-(Anvendelse)",2013,76593.50982590164
Dansk produktion,01000 Landbrug og gartneri-(Tilgang),"Anvendelse, i alt-(Anvendelse)",2014,80374.7315419179
Dansk produktion,01000 Landbrug og gartneri-(Tilgang),"Anvendelse, i alt-(Anvendelse)",2015,79210.57885923756
Dansk produktion,01000 Landbrug og gartneri-(Tilgang),"Anvendelse, i alt-(Anvendelse)",2016,76984.40951486437
Dansk produktion,01000 Landbrug og gartneri-(Tilgang),"Anvendelse, i alt-(Anvendelse)",2017,80708.04847840172
Dansk produktion,01000 Landbrug og gartneri-(Tilgang),"Anvendelse, i alt-(Anvendelse)",2018,79724.53943400572
Dansk produktion,01000 Landbrug og gartneri-(Tilgang),"Anvendelse, i alt-(Anvendelse)",2019,78394.5693913864
Dansk produktion,01000 Landbrug og gartneri-(Tilgang),"Anvendelse, i alt-(Anvendelse)",2020,80503.511
Dansk produktion,01000 Landbrug og gartneri-(Tilgang),"Anvendelse, i alt-(Anvendelse)",2021,82678.533
Dansk produktion,01000 Landbrug og gartneri-(Tilgang),"Anvendelse, i alt-(Anvendelse)",2022,81481.01820091688
Dansk produktion,01000 Landbrug og gartneri-(Tilgang),Eksport - (Anvendelse),1967,3574.0252326581663
Dansk produktion,01000 Landbrug og gartneri-(Tilgang),Eksport - (Anvendelse),1968,3932.7873404367597
Dansk produktion,01000 Landbrug og gartneri-(Tilgang),Eksport - (Anvendelse),1969,4334.194099833797
Dansk produktion,01000 Landbrug og gartneri-(Tilgang),Eksport - (Anvendelse),1970,3074.3456186066737
Dansk produktion,01000 Landbrug og gartneri-(Tilgang),Eksport - (Anvendelse),1971,3225.101428247112
Dansk produktion,01000 Landbrug og gartneri-(Tilgang),Eksport - (Anvendelse),1972,2853.087035607102
Dansk produktion,01000 Landbrug og gartneri-(Tilgang),Eksport - (Anvendelse),1973,3635.930457815045
Dansk produktion,01000 Landbrug og gartneri-(Tilgang),Eksport - (Anvendelse),1974,3943.6351583508194
Dansk produktion,01000 Landbrug og gartneri-(Tilgang),Eksport - (Anvendelse),1975,4493.531900956485
Dansk produktion,01000 Landbrug og gartneri-(Tilgang),Eksport - (Anvendelse),1976,3810.7379383384045
Dansk produktion,01000 Landbrug og gartneri-(Tilgang),Eksport - (Anvendelse),1977,3820.0236494535975
Dansk produktion,01000 Landbrug og gartneri-(Tilgang),Eksport - (Anvendelse),1978,5075.777068622985
Dansk produktion,01000 Landbrug og gartneri-(Tilgang),Eksport - (Anvendelse),1979,4889.637918748473
Dansk produktion,01000 Landbrug og gartneri-(Tilgang),Eksport - (Anvendelse),1980,5393.180559086152
Dansk produktion,01000 Landbrug og gartneri-(Tilgang),Eksport - (Anvendelse),1981,4972.815797201846
Dansk produktion,01000 Landbrug og gartneri-(Tilgang),Eksport - (Anvendelse),1982,5596.231198240916
Dansk produktion,01000 Landbrug og gartneri-(Tilgang),Eksport - (Anvendelse),1983,5802.623727162229
Dansk produktion,01000 Landbrug og gartneri-(Tilgang),Eksport - (Anvendelse),1984,7455.64421075495
Dansk produktion,01000 Landbrug og gartneri-(Tilgang),Eksport - (Anvendelse),1985,8502.99325052074
Dansk produktion,01000 Landbrug og gartneri-(Tilgang),Eksport - (Anvendelse),1986,9389.015561943723
Dansk produktion,01000 Landbrug og gartneri-(Tilgang),Eksport - (Anvendelse),1987,7953.272728774115
Dansk produktion,01000 Landbrug og gartneri-(Tilgang),Eksport - (Anvendelse),1988,9599.082070274717
Dansk produktion,01000 Landbrug og gartneri-(Tilgang),Eksport - (Anvendelse),1989,9929.379930554118
Dansk produktion,01000 Landbrug og gartneri-(Tilgang),Eksport - (Anvendelse),1990,13332.599092956958
Dansk produktion,01000 Landbrug og gartneri-(Tilgang),Eksport - (Anvendelse),1991,11571.033051234035
Dansk produktion,01000 Landbrug og gartneri-(Tilgang),Eksport - (Anvendelse),1992,9572.03382165665
Dansk produktion,01000 Landbrug og gartneri-(Tilgang),Eksport - (Anvendelse),1993,10628.244639459583
Dansk produktion,01000 Landbrug og gartneri-(Tilgang),Eksport - (Anvendelse),1994,10286.052393783715
Dansk produktion,01000 Landbrug og gartneri-(Tilgang),Eksport - (Anvendelse),1995,11092.638253820074
Dansk produktion,01000 Landbrug og gartneri-(Tilgang),Eksport - (Anvendelse),1996,11053.462073099403
Dansk produktion,01000 Landbrug og gartneri-(Tilgang),Eksport - (Anvendelse),1997,12169.361257521901
Dansk produktion,01000 Landbrug og gartneri-(Tilgang),Eksport - (Anvendelse),1998,12736.997997555032
Dansk produktion,01000 Landbrug og gartneri-(Tilgang),Eksport - (Anvendelse),1999,12252.112641959433
Dansk produktion,01000 Landbrug og gartneri-(Tilgang),Eksport - (Anvendelse),2000,13404.371264618032
Dansk produktion,01000 Landbrug og gartneri-(Tilgang),Eksport - (Anvendelse),2001,12861.302325186112
Dansk produktion,01000 Landbrug og gartneri-(Tilgang),Eksport - (Anvendelse),2002,13980.725203755519
Dansk produktion,01000 Landbrug og gartneri-(Tilgang),Eksport - (Anvendelse),2003,13377.87241875098
Dansk produktion,01000 Landbrug og gartneri-(Tilgang),Eksport - (Anvendelse),2004,11875.535901437595
Dansk produktion,01000 Landbrug og gartneri-(Tilgang),Eksport - (Anvendelse),2005,12212.979686952141
Dansk produktion,01000 Landbrug og gartneri-(Tilgang),Eksport - (Anvendelse),2006,15894.847267750332
Dansk produktion,01000 Landbrug og gartneri-(Tilgang),Eksport - (Anvendelse),2007,14624.063533548546
Dansk produktion,01000 Landbrug og gartneri-(Tilgang),Eksport - (Anvendelse),2008,16441.112971180028
Dansk produktion,01000 Landbrug og gartneri-(Tilgang),Eksport - (Anvendelse),2009,15946.825259859437
Dansk produktion,01000 Landbrug og gartneri-(Tilgang),Eksport - (Anvendelse),2010,17924.643140900935
Dansk produktion,01000 Landbrug og gartneri-(Tilgang),Eksport - (Anvendelse),2011,17384.598590509577
Dansk produktion,01000 Landbrug og gartneri-(Tilgang),Eksport - (Anvendelse),2012,19134.511241538166
Dansk produktion,01000 Landbrug og gartneri-(Tilgang),Eksport - (Anvendelse),2013,19984.614577118973
Dansk produktion,01000 Landbrug og gartneri-(Tilgang),Eksport - (Anvendelse),2014,18974.551933349565
Dansk produktion,01000 Landbrug og gartneri-(Tilgang),Eksport - (Anvendelse),2015,21059.608177361602
Dansk produktion,01000 Landbrug og gartneri-(Tilgang),Eksport - (Anvendelse),2016,17359.54778824473
Dansk produktion,01000 Landbrug og gartneri-(Tilgang),Eksport - (Anvendelse),2017,21154.268573820467
Dansk produktion,01000 Landbrug og gartneri-(Tilgang),Eksport - (Anvendelse),2018,19383.037771193212
Dansk produktion,01000 Landbrug og gartneri-(Tilgang),Eksport - (Anvendelse),2019,19042.05640934782
Dansk produktion,01000 Landbrug og gartneri-(Tilgang),Eksport - (Anvendelse),2020,17556.357
Dansk produktion,01000 Landbrug og gartneri-(Tilgang),Eksport - (Anvendelse),2021,16200.075
Dansk produktion,01000 Landbrug og gartneri-(Tilgang),Eksport - (Anvendelse),2022,16085.696175780384
Dansk produktion,01000 Landbrug og gartneri-(Tilgang),Faste bruttoinvesteringer + Lagerforøgelse + Værdigenstande (Anvendelse),1967,-12.658182134823644
Dansk produktion,01000 Landbrug og gartneri-(Tilgang),Faste bruttoinvesteringer + Lagerforøgelse + Værdigenstande (Anvendelse),1968,1.6505750869244067
Dansk produktion,01000 Landbrug og gartneri-(Tilgang),Faste bruttoinvesteringer + Lagerforøgelse + Værdigenstande (Anvendelse),1969,-74.8158074159942
Dansk produktion,01000 Landbrug og gartneri-(Tilgang),Faste bruttoinvesteringer + Lagerforøgelse + Værdigenstande (Anvendelse),1970,158.81442489433573
Dansk produktion,01000 Landbrug og gartneri-(Tilgang),Faste bruttoinvesteringer + Lagerforøgelse + Værdigenstande (Anvendelse),1971,-45.47930609154976
Dansk produktion,01000 Landbrug og gartneri-(Tilgang),Faste bruttoinvesteringer + Lagerforøgelse + Værdigenstande (Anvendelse),1972,-212.1434621288134
Dansk produktion,01000 Landbrug og gartneri-(Tilgang),Faste bruttoinvesteringer + Lagerforøgelse + Værdigenstande (Anvendelse),1973,-1.5327908198820208
Dansk produktion,01000 Landbrug og gartneri-(Tilgang),Faste bruttoinvesteringer + Lagerforøgelse + Værdigenstande (Anvendelse),1974,-2451.143660389049
Dansk produktion,01000 Landbrug og gartneri-(Tilgang),Faste bruttoinvesteringer + Lagerforøgelse + Værdigenstande (Anvendelse),1975,881.2123514487492
Dansk produktion,01000 Landbrug og gartneri-(Tilgang),Faste bruttoinvesteringer + Lagerforøgelse + Værdigenstande (Anvendelse),1976,472.2476572381713
Dansk produktion,01000 Landbrug og gartneri-(Tilgang),Faste bruttoinvesteringer + Lagerforøgelse + Værdigenstande (Anvendelse),1977,-1196.6989503199875
Dansk produktion,01000 Landbrug og gartneri-(Tilgang),Faste bruttoinvesteringer + Lagerforøgelse + Værdigenstande (Anvendelse),1978,-197.57909509023926
Dansk produktion,01000 Landbrug og gartneri-(Tilgang),Faste bruttoinvesteringer + Lagerforøgelse + Værdigenstande (Anvendelse),1979,-17.208501830440213
Dansk produktion,01000 Landbrug og gartneri-(Tilgang),Faste bruttoinvesteringer + Lagerforøgelse + Værdigenstande (Anvendelse),1980,551.5230587791854
Dansk produktion,01000 Landbrug og gartneri-(Tilgang),Faste bruttoinvesteringer + Lagerforøgelse + Værdigenstande (Anvendelse),1981,44.463608647530194
Dansk produktion,01000 Landbrug og gartneri-(Tilgang),Faste bruttoinvesteringer + Lagerforøgelse + Værdigenstande (Anvendelse),1982,-760.7916982977096
Dansk produktion,01000 Landbrug og gartneri-(Tilgang),Faste bruttoinvesteringer + Lagerforøgelse + Værdigenstande (Anvendelse),1983,505.77532864167654
Dansk produktion,01000 Landbrug og gartneri-(Tilgang),Faste bruttoinvesteringer + Lagerforøgelse + Værdigenstande (Anvendelse),1984,-863.9358669303961
Dansk produktion,01000 Landbrug og gartneri-(Tilgang),Faste bruttoinvesteringer + Lagerforøgelse + Værdigenstande (Anvendelse),1985,-122.66588048372624
Dansk produktion,01000 Landbrug og gartneri-(Tilgang),Faste bruttoinvesteringer + Lagerforøgelse + Værdigenstande (Anvendelse),1986,473.64219707045083
Dansk produktion,01000 Landbrug og gartneri-(Tilgang),Faste bruttoinvesteringer + Lagerforøgelse + Værdigenstande (Anvendelse),1987,272.90036244598366
Dansk produktion,01000 Landbrug og gartneri-(Tilgang),Faste bruttoinvesteringer + Lagerforøgelse + Værdigenstande (Anvendelse),1988,298.0784453642241
Dansk produktion,01000 Landbrug og gartneri-(Tilgang),Faste bruttoinvesteringer + Lagerforøgelse + Værdigenstande (Anvendelse),1989,-894.9339033084885
Dansk produktion,01000 Landbrug og gartneri-(Tilgang),Faste bruttoinvesteringer + Lagerforøgelse + Værdigenstande (Anvendelse),1990,-742.3301433992187
Dansk produktion,01000 Landbrug og gartneri-(Tilgang),Faste bruttoinvesteringer + Lagerforøgelse + Værdigenstande (Anvendelse),1991,-879.7573125606827
Dansk produktion,01000 Landbrug og gartneri-(Tilgang),Faste bruttoinvesteringer + Lagerforøgelse + Værdigenstande (Anvendelse),1992,930.3515457884104
Dansk produktion,01000 Landbrug og gartneri-(Tilgang),Faste bruttoinvesteringer + Lagerforøgelse + Værdigenstande (Anvendelse),1993,-1135.6805961666716
Dansk produktion,01000 Landbrug og gartneri-(Tilgang),Faste bruttoinvesteringer + Lagerforøgelse + Værdigenstande (Anvendelse),1994,-836.207449590236
Dansk produktion,01000 Landbrug og gartneri-(Tilgang),Faste bruttoinvesteringer + Lagerforøgelse + Værdigenstande (Anvendelse),1995,-1737.3395536830096
Dansk produktion,01000 Landbrug og gartneri-(Tilgang),Faste bruttoinvesteringer + Lagerforøgelse + Værdigenstande (Anvendelse),1996,-1176.7558006054535
Dansk produktion,01000 Landbrug og gartneri-(Tilgang),Faste bruttoinvesteringer + Lagerforøgelse + Værdigenstande (Anvendelse),1997,-1093.0833834023963
Dansk produktion,01000 Landbrug og gartneri-(Tilgang),Faste bruttoinvesteringer + Lagerforøgelse + Værdigenstande (Anvendelse),1998,-139.20907572675628
Dansk produktion,01000 Landbrug og gartneri-(Tilgang),Faste bruttoinvesteringer + Lagerforøgelse + Værdigenstande (Anvendelse),1999,2201.4673072862165
Dansk produktion,01000 Landbrug og gartneri-(Tilgang),Faste bruttoinvesteringer + Lagerforøgelse + Værdigenstande (Anvendelse),2000,-1131.9377734560753
Dansk produktion,01000 Landbrug og gartneri-(Tilgang),Faste bruttoinvesteringer + Lagerforøgelse + Værdigenstande (Anvendelse),2001,-1401.741346733837
Dansk produktion,01000 Landbrug og gartneri-(Tilgang),Faste bruttoinvesteringer + Lagerforøgelse + Værdigenstande (Anvendelse),2002,1006.6488618048086
Dansk produktion,01000 Landbrug og gartneri-(Tilgang),Faste bruttoinvesteringer + Lagerforøgelse + Værdigenstande (Anvendelse),2003,2594.904838582579
Dansk produktion,01000 Landbrug og gartneri-(Tilgang),Faste bruttoinvesteringer + Lagerforøgelse + Værdigenstande (Anvendelse),2004,-558.426186374164
Dansk produktion,01000 Landbrug og gartneri-(Tilgang),Faste bruttoinvesteringer + Lagerforøgelse + Værdigenstande (Anvendelse),2005,-990.0299333086103
Dansk produktion,01000 Landbrug og gartneri-(Tilgang),Faste bruttoinvesteringer + Lagerforøgelse + Værdigenstande (Anvendelse),2006,1324.5885873885686
Dansk produktion,01000 Landbrug og gartneri-(Tilgang),Faste bruttoinvesteringer + Lagerforøgelse + Værdigenstande (Anvendelse),2007,-10293.175270331223
Dansk produktion,01000 Landbrug og gartneri-(Tilgang),Faste bruttoinvesteringer + Lagerforøgelse + Værdigenstande (Anvendelse),2008,11781.65778402614
Dansk produktion,01000 Landbrug og gartneri-(Tilgang),Faste bruttoinvesteringer + Lagerforøgelse + Værdigenstande (Anvendelse),2009,-2807.958062894128
Dansk produktion,01000 Landbrug og gartneri-(Tilgang),Faste bruttoinvesteringer + Lagerforøgelse + Værdigenstande (Anvendelse),2010,-8199.949280972045
Dansk produktion,01000 Landbrug og gartneri-(Tilgang),Faste bruttoinvesteringer + Lagerforøgelse + Værdigenstande (Anvendelse),2011,-1039.6644317284017
Dansk produktion,01000 Landbrug og gartneri-(Tilgang),Faste bruttoinvesteringer + Lagerforøgelse + Værdigenstande (Anvendelse),2012,-3741.222453373907
Dansk produktion,01000 Landbrug og gartneri-(Tilgang),Faste bruttoinvesteringer + Lagerforøgelse + Værdigenstande (Anvendelse),2013,2264.008388354306
Dansk produktion,01000 Landbrug og gartneri-(Tilgang),Faste bruttoinvesteringer + Lagerforøgelse + Værdigenstande (Anvendelse),2014,-7041.871292991935
Dansk produktion,01000 Landbrug og gartneri-(Tilgang),Faste bruttoinvesteringer + Lagerforøgelse + Værdigenstande (Anvendelse),2015,3397.612095743271
Dansk produktion,01000 Landbrug og gartneri-(Tilgang),Faste bruttoinvesteringer + Lagerforøgelse + Værdigenstande (Anvendelse),2016,-638.28960063934
Dansk produktion,01000 Landbrug og gartneri-(Tilgang),Faste bruttoinvesteringer + Lagerforøgelse + Værdigenstande (Anvendelse),2017,33.31648393054239
Dansk produktion,01000 Landbrug og gartneri-(Tilgang),Faste bruttoinvesteringer + Lagerforøgelse + Værdigenstande (Anvendelse),2018,313.57323513504423
Dansk produktion,01000 Landbrug og gartneri-(Tilgang),Faste bruttoinvesteringer + Lagerforøgelse + Værdigenstande (Anvendelse),2019,-129.77467334861473
Dansk produktion,01000 Landbrug og gartneri-(Tilgang),Faste bruttoinvesteringer + Lagerforøgelse + Værdigenstande (Anvendelse),2020,1218.7
Dansk produktion,01000 Landbrug og gartneri-(Tilgang),Faste bruttoinvesteringer + Lagerforøgelse + Værdigenstande (Anvendelse),2021,1059.17
Dansk produktion,01000 Landbrug og gartneri-(Tilgang),Faste bruttoinvesteringer + Lagerforøgelse + Værdigenstande (Anvendelse),2022,142.07273317583227
Dansk produktion,01000 Landbrug og gartneri-(Tilgang),Husholdningernes forbrugsudgifter + NPISH (Anvendelse),1967,4460.559643426162
Dansk produktion,01000 Landbrug og gartneri-(Tilgang),Husholdningernes forbrugsudgifter + NPISH (Anvendelse),1968,4473.824308874962
Dansk produktion,01000 Landbrug og gartneri-(Tilgang),Husholdningernes forbrugsudgifter + NPISH (Anvendelse),1969,4199.109204057461
Dansk produktion,01000 Landbrug og gartneri-(Tilgang),Husholdningernes forbrugsudgifter + NPISH (Anvendelse),1970,4271.659312208728
Dansk produktion,01000 Landbrug og gartneri-(Tilgang),Husholdningernes forbrugsudgifter + NPISH (Anvendelse),1971,4017.5115422634453
Dansk produktion,01000 Landbrug og gartneri-(Tilgang),Husholdningernes forbrugsudgifter + NPISH (Anvendelse),1972,3663.512352228798
Dansk produktion,01000 Landbrug og gartneri-(Tilgang),Husholdningernes forbrugsudgifter + NPISH (Anvendelse),1973,3789.6643475703518
Dansk produktion,01000 Landbrug og gartneri-(Tilgang),Husholdningernes forbrugsudgifter + NPISH (Anvendelse),1974,3619.924022443675
Dansk produktion,01000 Landbrug og gartneri-(Tilgang),Husholdningernes forbrugsudgifter + NPISH (Anvendelse),1975,3968.5521015306745
Dansk produktion,01000 Landbrug og gartneri-(Tilgang),Husholdningernes forbrugsudgifter + NPISH (Anvendelse),1976,3846.38489714012
Dansk produktion,01000 Landbrug og gartneri-(Tilgang),Husholdningernes forbrugsudgifter + NPISH (Anvendelse),1977,4124.369421580406
Dansk produktion,01000 Landbrug og gartneri-(Tilgang),Husholdningernes forbrugsudgifter + NPISH (Anvendelse),1978,4498.102446535516
Dansk produktion,01000 Landbrug og gartneri-(Tilgang),Husholdningernes forbrugsudgifter + NPISH (Anvendelse),1979,4327.309906010714
Dansk produktion,01000 Landbrug og gartneri-(Tilgang),Husholdningernes forbrugsudgifter + NPISH (Anvendelse),1980,4717.230947123725
Dansk produktion,01000 Landbrug og gartneri-(Tilgang),Husholdningernes forbrugsudgifter + NPISH (Anvendelse),1981,4636.05924117253
Dansk produktion,01000 Landbrug og gartneri-(Tilgang),Husholdningernes forbrugsudgifter + NPISH (Anvendelse),1982,4707.033312561026
Dansk produktion,01000 Landbrug og gartneri-(Tilgang),Husholdningernes forbrugsudgifter + NPISH (Anvendelse),1983,4787.942214365692
Dansk produktion,01000 Landbrug og gartneri-(Tilgang),Husholdningernes forbrugsudgifter + NPISH (Anvendelse),1984,4836.090886184656
Dansk produktion,01000 Landbrug og gartneri-(Tilgang),Husholdningernes forbrugsudgifter + NPISH (Anvendelse),1985,4657.71779928744
Dansk produktion,01000 Landbrug og gartneri-(Tilgang),Husholdningernes forbrugsudgifter + NPISH (Anvendelse),1986,5289.7410406657345
Dansk produktion,01000 Landbrug og gartneri-(Tilgang),Husholdningernes forbrugsudgifter + NPISH (Anvendelse),1987,4800.858093895943
Dansk produktion,01000 Landbrug og gartneri-(Tilgang),Husholdningernes forbrugsudgifter + NPISH (Anvendelse),1988,4706.7691965224885
Dansk produktion,01000 Landbrug og gartneri-(Tilgang),Husholdningernes forbrugsudgifter + NPISH (Anvendelse),1989,5116.9941784155335
Dansk produktion,01000 Landbrug og gartneri-(Tilgang),Husholdningernes forbrugsudgifter + NPISH (Anvendelse),1990,4616.49367081298
Dansk produktion,01000 Landbrug og gartneri-(Tilgang),Husholdningernes forbrugsudgifter + NPISH (Anvendelse),1991,4511.961074533268
Dansk produktion,01000 Landbrug og gartneri-(Tilgang),Husholdningernes forbrugsudgifter + NPISH (Anvendelse),1992,4989.368307597174
Dansk produktion,01000 Landbrug og gartneri-(Tilgang),Husholdningernes forbrugsudgifter + NPISH (Anvendelse),1993,5589.950974564563
Dansk produktion,01000 Landbrug og gartneri-(Tilgang),Husholdningernes forbrugsudgifter + NPISH (Anvendelse),1994,4658.6856033224085
Dansk produktion,01000 Landbrug og gartneri-(Tilgang),Husholdningernes forbrugsudgifter + NPISH (Anvendelse),1995,4612.847688448997
Dansk produktion,01000 Landbrug og gartneri-(Tilgang),Husholdningernes forbrugsudgifter + NPISH (Anvendelse),1996,4605.862114689677
Dansk produktion,01000 Landbrug og gartneri-(Tilgang),Husholdningernes forbrugsudgifter + NPISH (Anvendelse),1997,5046.876271811788
Dansk produktion,01000 Landbrug og gartneri-(Tilgang),Husholdningernes forbrugsudgifter + NPISH (Anvendelse),1998,4609.039964413461
Dansk produktion,01000 Landbrug og gartneri-(Tilgang),Husholdningernes forbrugsudgifter + NPISH (Anvendelse),1999,4464.40672080938
Dansk produktion,01000 Landbrug og gartneri-(Tilgang),Husholdningernes forbrugsudgifter + NPISH (Anvendelse),2000,4029.430559460537
Dansk produktion,01000 Landbrug og gartneri-(Tilgang),Husholdningernes forbrugsudgifter + NPISH (Anvendelse),2001,3584.5049091451688
Dansk produktion,01000 Landbrug og gartneri-(Tilgang),Husholdningernes forbrugsudgifter + NPISH (Anvendelse),2002,3384.648337688148
Dansk produktion,01000 Landbrug og gartneri-(Tilgang),Husholdningernes forbrugsudgifter + NPISH (Anvendelse),2003,3389.812725632132
Dansk produktion,01000 Landbrug og gartneri-(Tilgang),Husholdningernes forbrugsudgifter + NPISH (Anvendelse),2004,3597.863515583915
Dansk produktion,01000 Landbrug og gartneri-(Tilgang),Husholdningernes forbrugsudgifter + NPISH (Anvendelse),2005,3196.5137605924547
Dansk produktion,01000 Landbrug og gartneri-(Tilgang),Husholdningernes forbrugsudgifter + NPISH (Anvendelse),2006,2972.5908223274023
Dansk produktion,01000 Landbrug og gartneri-(Tilgang),Husholdningernes forbrugsudgifter + NPISH (Anvendelse),2007,3375.2157656916743
Dansk produktion,01000 Landbrug og gartneri-(Tilgang),Husholdningernes forbrugsudgifter + NPISH (Anvendelse),2008,3823.704100609224
Dansk produktion,01000 Landbrug og gartneri-(Tilgang),Husholdningernes forbrugsudgifter + NPISH (Anvendelse),2009,3207.552565917905
Dansk produktion,01000 Landbrug og gartneri-(Tilgang),Husholdningernes forbrugsudgifter + NPISH (Anvendelse),2010,3189.390085333219
Dansk produktion,01000 Landbrug og gartneri-(Tilgang),Husholdningernes forbrugsudgifter + NPISH (Anvendelse),2011,3351.2193587303523
Dansk produktion,01000 Landbrug og gartneri-(Tilgang),Husholdningernes forbrugsudgifter + NPISH (Anvendelse),2012,3385.9270403153428
Dansk produktion,01000 Landbrug og gartneri-(Tilgang),Husholdningernes forbrugsudgifter + NPISH (Anvendelse),2013,3503.8720091236487
Dansk produktion,01000 Landbrug og gartneri-(Tilgang),Husholdningernes forbrugsudgifter + NPISH (Anvendelse),2014,3541.0688871363386
Dansk produktion,01000 Landbrug og gartneri-(Tilgang),Husholdningernes forbrugsudgifter + NPISH (Anvendelse),2015,3693.9447532657787
Dansk produktion,01000 Landbrug og gartneri-(Tilgang),Husholdningernes forbrugsudgifter + NPISH (Anvendelse),2016,4338.539991437218
Dansk produktion,01000 Landbrug og gartneri-(Tilgang),Husholdningernes forbrugsudgifter + NPISH (Anvendelse),2017,4407.057302678695
Dansk produktion,01000 Landbrug og gartneri-(Tilgang),Husholdningernes forbrugsudgifter + NPISH (Anvendelse),2018,4515.853135712907
Dansk produktion,01000 Landbrug og gartneri-(Tilgang),Husholdningernes forbrugsudgifter + NPISH (Anvendelse),2019,4576.309783051349
Dansk produktion,01000 Landbrug og gartneri-(Tilgang),Husholdningernes forbrugsudgifter + NPISH (Anvendelse),2020,4932.918
Dansk produktion,01000 Landbrug og gartneri-(Tilgang),Husholdningernes forbrugsudgifter + NPISH (Anvendelse),2021,5340.788
Dansk produktion,01000 Landbrug og gartneri-(Tilgang),Husholdningernes forbrugsudgifter + NPISH (Anvendelse),2022,4969.50269686178
Dansk produktion,01000 Landbrug og gartneri-(Tilgang),"Offentligt forbrug, i alt-(Anvendelse)",1967,0.0007647097593728119
Dansk produktion,01000 Landbrug og gartneri-(Tilgang),"Offentligt forbrug, i alt-(Anvendelse)",1968,0.0014629230179305968
Dansk produktion,01000 Landbrug og gartneri-(Tilgang),"Offentligt forbrug, i alt-(Anvendelse)",1969,0.0024382050298843282
Dansk produktion,01000 Landbrug og gartneri-(Tilgang),"Offentligt forbrug, i alt-(Anvendelse)",1970,0.004144948550803358
Dansk produktion,01000 Landbrug og gartneri-(Tilgang),"Offentligt forbrug, i alt-(Anvendelse)",1971,0.005713307461918142
Dansk produktion,01000 Landbrug og gartneri-(Tilgang),"Offentligt forbrug, i alt-(Anvendelse)",1972,0.004877213687003292
Dansk produktion,01000 Landbrug og gartneri-(Tilgang),"Offentligt forbrug, i alt-(Anvendelse)",1973,0.009643581608392873
Dansk produktion,01000 Landbrug og gartneri-(Tilgang),"Offentligt forbrug, i alt-(Anvendelse)",1974,0.012578584706599399
Dansk produktion,01000 Landbrug og gartneri-(Tilgang),"Offentligt forbrug, i alt-(Anvendelse)",1975,0.015373825752510378
Dansk produktion,01000 Landbrug og gartneri-(Tilgang),"Offentligt forbrug, i alt-(Anvendelse)",1976,0.0178941250562006
Dansk produktion,01000 Landbrug og gartneri-(Tilgang),"Offentligt forbrug, i alt-(Anvendelse)",1977,0.02236765632025075
Dansk produktion,01000 Landbrug og gartneri-(Tilgang),"Offentligt forbrug, i alt-(Anvendelse)",1978,0.028715234465186774
Dansk produktion,01000 Landbrug og gartneri-(Tilgang),"Offentligt forbrug, i alt-(Anvendelse)",1979,0.03466839282992062
Dansk produktion,01000 Landbrug og gartneri-(Tilgang),"Offentligt forbrug, i alt-(Anvendelse)",1980,0.0354388015594744
Dansk produktion,01000 Landbrug og gartneri-(Tilgang),"Offentligt forbrug, i alt-(Anvendelse)",1981,0.03891319386922681
Dansk produktion,01000 Landbrug og gartneri-(Tilgang),"Offentligt forbrug, i alt-(Anvendelse)",1982,0.04492705110356186
Dansk produktion,01000 Landbrug og gartneri-(Tilgang),"Offentligt forbrug, i alt-(Anvendelse)",1983,0.04999946009912531
Dansk produktion,01000 Landbrug og gartneri-(Tilgang),"Offentligt forbrug, i alt-(Anvendelse)",1984,0.05265094661953347
Dansk produktion,01000 Landbrug og gartneri-(Tilgang),"Offentligt forbrug, i alt-(Anvendelse)",1985,0.06286680193377131
Dansk produktion,01000 Landbrug og gartneri-(Tilgang),"Offentligt forbrug, i alt-(Anvendelse)",1986,0.07253861761588996
Dansk produktion,01000 Landbrug og gartneri-(Tilgang),"Offentligt forbrug, i alt-(Anvendelse)",1987,0.08555836949566509
Dansk produktion,01000 Landbrug og gartneri-(Tilgang),"Offentligt forbrug, i alt-(Anvendelse)",1988,0.09841685277247027
Dansk produktion,01000 Landbrug og gartneri-(Tilgang),"Offentligt forbrug, i alt-(Anvendelse)",1989,0.11052159937015378
Dansk produktion,01000 Landbrug og gartneri-(Tilgang),"Offentligt forbrug, i alt-(Anvendelse)",1990,0.11519976230645658
Dansk produktion,01000 Landbrug og gartneri-(Tilgang),"Offentligt forbrug, i alt-(Anvendelse)",1991,0.09718273786990175
Dansk produktion,01000 Landbrug og gartneri-(Tilgang),"Offentligt forbrug, i alt-(Anvendelse)",1992,0.15057984658962797
Dansk produktion,01000 Landbrug og gartneri-(Tilgang),"Offentligt forbrug, i alt-(Anvendelse)",1993,0.14906394209375926
Dansk produktion,01000 Landbrug og gartneri-(Tilgang),"Offentligt forbrug, i alt-(Anvendelse)",1994,0.1632605080074506
Dansk produktion,01000 Landbrug og gartneri-(Tilgang),"Offentligt forbrug, i alt-(Anvendelse)",1995,0.212187158672144
Dansk produktion,01000 Landbrug og gartneri-(Tilgang),"Offentligt forbrug, i alt-(Anvendelse)",1996,0.15702843592598947
Dansk produktion,01000 Landbrug og gartneri-(Tilgang),"Offentligt forbrug, i alt-(Anvendelse)",1997,0.1801642869871854
Dansk produktion,01000 Landbrug og gartneri-(Tilgang),"Offentligt forbrug, i alt-(Anvendelse)",1998,0.16736573108099193
Dansk produktion,01000 Landbrug og gartneri-(Tilgang),"Offentligt forbrug, i alt-(Anvendelse)",1999,0.29438436627638753
Dansk produktion,01000 Landbrug og gartneri-(Tilgang),"Offentligt forbrug, i alt-(Anvendelse)",2000,0.5098881580513963
Dansk produktion,01000 Landbrug og gartneri-(Tilgang),"Offentligt forbrug, i alt-(Anvendelse)",2001,0.5425002940485921
Dansk produktion,01000 Landbrug og gartneri-(Tilgang),"Offentligt forbrug, i alt-(Anvendelse)",2002,1.1206506074203775
Dansk produktion,01000 Landbrug og gartneri-(Tilgang),"Offentligt forbrug, i alt-(Anvendelse)",2003,1.8373338412601248
Dansk produktion,01000 Landbrug og gartneri-(Tilgang),"Offentligt forbrug, i alt-(Anvendelse)",2004,1.0255807432895954
Dansk produktion,01000 Landbrug og gartneri-(Tilgang),"Offentligt forbrug, i alt-(Anvendelse)",2005,0.590296824635565
Dansk produktion,01000 Landbrug og gartneri-(Tilgang),"Offentligt forbrug, i alt-(Anvendelse)",2006,0.6693587658151845
Dansk produktion,01000 Landbrug og gartneri-(Tilgang),"Offentligt forbrug, i alt-(Anvendelse)",2007,0.005820511007088561
Dansk produktion,01000 Landbrug og gartneri-(Tilgang),"Offentligt forbrug, i alt-(Anvendelse)",2008,0.007407923099930896
Dansk produktion,01000 Landbrug og gartneri-(Tilgang),"Offentligt forbrug, i alt-(Anvendelse)",2009,0.009117443815299567
Dansk produktion,01000 Landbrug og gartneri-(Tilgang),"Offentligt forbrug, i alt-(Anvendelse)",2010,0.011722427762528012
Dansk produktion,01000 Landbrug og gartneri-(Tilgang),"Offentligt forbrug, i alt-(Anvendelse)",2011,0.014066913315033616
Dansk produktion,01000 Landbrug og gartneri-(Tilgang),"Offentligt forbrug, i alt-(Anvendelse)",2012,0.015825277479412817
Dansk produktion,01000 Landbrug og gartneri-(Tilgang),"Offentligt forbrug, i alt-(Anvendelse)",2013,0.01780343716433942
Dansk produktion,01000 Landbrug og gartneri-(Tilgang),"Offentligt forbrug, i alt-(Anvendelse)",2014,0.021141581632653058
Dansk produktion,01000 Landbrug og gartneri-(Tilgang),"Offentligt forbrug, i alt-(Anvendelse)",2015,0.014923469387755099
Dansk produktion,01000 Landbrug og gartneri-(Tilgang),"Offentligt forbrug, i alt-(Anvendelse)",2016,0.010943877551020406
Dansk produktion,01000 Landbrug og gartneri-(Tilgang),"Offentligt forbrug, i alt-(Anvendelse)",2017,0.0059693877551020395
Dansk produktion,01000 Landbrug og gartneri-(Tilgang),"Offentligt forbrug, i alt-(Anvendelse)",2018,0.01671428571428571
Dansk produktion,01000 Landbrug og gartneri-(Tilgang),"Offentligt forbrug, i alt-(Anvendelse)",2019,0.018
Dansk produktion,01000 Landbrug og gartneri-(Tilgang),"Offentligt forbrug, i alt-(Anvendelse)",2020,0.009
Dansk produktion,01000 Landbrug og gartneri-(Tilgang),"Offentligt forbrug, i alt-(Anvendelse)",2021,0.005
Dansk produktion,01000 Landbrug og gartneri-(Tilgang),"Offentligt forbrug, i alt-(Anvendelse)",2022,0.004
Dansk produktion,01000 Landbrug og gartneri-(Tilgang),Privat,1967,36021.28675663302
Dansk produktion,01000 Landbrug og gartneri-(Tilgang),Privat,1968,36152.059861303074
Dansk produktion,01000 Landbrug og gartneri-(Tilgang),Privat,1969,34973.49963211582
Dansk produktion,01000 Landbrug og gartneri-(Tilgang),Privat,1970,36401.843392775314
Dansk produktion,01000 Landbrug og gartneri-(Tilgang),Privat,1971,36478.12105851577
Dansk produktion,01000 Landbrug og gartneri-(Tilgang),Privat,1972,35718.323141609755
Dansk produktion,01000 Landbrug og gartneri-(Tilgang),Privat,1973,38082.94343552933
Dansk produktion,01000 Landbrug og gartneri-(Tilgang),Privat,1974,37202.86239083106
Dansk produktion,01000 Landbrug og gartneri-(Tilgang),Privat,1975,38254.478123081455
Dansk produktion,01000 Landbrug og gartneri-(Tilgang),Privat,1976,38585.5530420479
Dansk produktion,01000 Landbrug og gartneri-(Tilgang),Privat,1977,39322.15783993189
Dansk produktion,01000 Landbrug og gartneri-(Tilgang),Privat,1978,41063.32252250785
Dansk produktion,01000 Landbrug og gartneri-(Tilgang),Privat,1979,42791.79463388493
Dansk produktion,01000 Landbrug og gartneri-(Tilgang),Privat,1980,43976.325347361584
Dansk produktion,01000 Landbrug og gartneri-(Tilgang),Privat,1981,44186.25887123449
Dansk produktion,01000 Landbrug og gartneri-(Tilgang),Privat,1982,44105.844357955306
Dansk produktion,01000 Landbrug og gartneri-(Tilgang),Privat,1983,45274.345433833696
Dansk produktion,01000 Landbrug og gartneri-(Tilgang),Privat,1984,45341.84267555805
Dansk produktion,01000 Landbrug og gartneri-(Tilgang),Privat,1985,45890.18268081171
Dansk produktion,01000 Landbrug og gartneri-(Tilgang),Privat,1986,46507.244607298606
Dansk produktion,01000 Landbrug og gartneri-(Tilgang),Privat,1987,46038.63888707962
Dansk produktion,01000 Landbrug og gartneri-(Tilgang),Privat,1988,43404.09929679905
Dansk produktion,01000 Landbrug og gartneri-(Tilgang),Privat,1989,43521.39679447083
Dansk produktion,01000 Landbrug og gartneri-(Tilgang),Privat,1990,44405.355025364246
Dansk produktion,01000 Landbrug og gartneri-(Tilgang),Privat,1991,44352.07982097592
Dansk produktion,01000 Landbrug og gartneri-(Tilgang),Privat,1992,47011.89635220323
Dansk produktion,01000 Landbrug og gartneri-(Tilgang),Privat,1993,53281.60101124546
Dansk produktion,01000 Landbrug og gartneri-(Tilgang),Privat,1994,53718.99870986354
Dansk produktion,01000 Landbrug og gartneri-(Tilgang),Privat,1995,53398.87472504331
Dansk produktion,01000 Landbrug og gartneri-(Tilgang),Privat,1996,54312.190143092914
Dansk produktion,01000 Landbrug og gartneri-(Tilgang),Privat,1997,54818.21745458139
Dansk produktion,01000 Landbrug og gartneri-(Tilgang),Privat,1998,56123.89782916487
Dansk produktion,01000 Landbrug og gartneri-(Tilgang),Privat,1999,57540.72381346995
Dansk produktion,01000 Landbrug og gartneri-(Tilgang),Privat,2000,56758.53658933341
Dansk produktion,01000 Landbrug og gartneri-(Tilgang),Privat,2001,56650.77909753161
Dansk produktion,01000 Landbrug og gartneri-(Tilgang),Privat,2002,57940.36900025027
Dansk produktion,01000 Landbrug og gartneri-(Tilgang),Privat,2003,59376.84974400963
Dansk produktion,01000 Landbrug og gartneri-(Tilgang),Privat,2004,60139.791290982794
Dansk produktion,01000 Landbrug og gartneri-(Tilgang),Privat,2005,58439.72786769307
Dansk produktion,01000 Landbrug og gartneri-(Tilgang),Privat,2006,57045.134305225685
Dansk produktion,01000 Landbrug og gartneri-(Tilgang),Privat,2007,58111.109413364364
Dansk produktion,01000 Landbrug og gartneri-(Tilgang),Privat,2008,55505.17100034603
Dansk produktion,01000 Landbrug og gartneri-(Tilgang),Privat,2009,53418.35909009512
Dansk produktion,01000 Landbrug og gartneri-(Tilgang),Privat,2010,53728.8562397599
Dansk produktion,01000 Landbrug og gartneri-(Tilgang),Privat,2011,54608.23173825324
Dansk produktion,01000 Landbrug og gartneri-(Tilgang),Privat,2012,53518.46257935019
Dansk produktion,01000 Landbrug og gartneri-(Tilgang),Privat,2013,53451.67922243328
Dansk produktion,01000 Landbrug og gartneri-(Tilgang),Privat,2014,54870.28580159469
Dansk produktion,01000 Landbrug og gartneri-(Tilgang),Privat,2015,55881.18011456058
Dansk produktion,01000 Landbrug og gartneri-(Tilgang),Privat,2016,54547.12662293604
Dansk produktion,01000 Landbrug og gartneri-(Tilgang),Privat,2017,54796.41930037658
Dansk produktion,01000 Landbrug og gartneri-(Tilgang),Privat,2018,55037.43192818122
Dansk produktion,01000 Landbrug og gartneri-(Tilgang),Privat,2019,54815.09660168045
Dansk produktion,01000 Landbrug og gartneri-(Tilgang),Privat,2020,56525.149000000005
Dansk produktion,01000 Landbrug og gartneri-(Tilgang),Privat,2021,59791.16
Dansk produktion,01000 Landbrug og gartneri-(Tilgang),Privat,2022,60097.82732880052
Dansk produktion,01000 Landbrug og gartneri-(Tilgang),REST_ANVENDELSE Øvrige brancher,1967,527.301567001034
Dansk produktion,01000 Landbrug og gartneri-(Tilgang),REST_ANVENDELSE Øvrige brancher,1968,563.7288611661976
Dansk produktion,01000 Landbrug og gartneri-(Tilgang),REST_ANVENDELSE Øvrige brancher,1969,554.0233684442733
Dansk produktion,01000 Landbrug og gartneri-(Tilgang),REST_ANVENDELSE Øvrige brancher,1970,548.671491437992
Dansk produktion,01000 Landbrug og gartneri-(Tilgang),REST_ANVENDELSE Øvrige brancher,1971,571.0248617540011
Dansk produktion,01000 Landbrug og gartneri-(Tilgang),REST_ANVENDELSE Øvrige brancher,1972,574.2701174798549
Dansk produktion,01000 Landbrug og gartneri-(Tilgang),REST_ANVENDELSE Øvrige brancher,1973,520.8947501479357
Dansk produktion,01000 Landbrug og gartneri-(Tilgang),REST_ANVENDELSE Øvrige brancher,1974,479.8726310406713
Dansk produktion,01000 Landbrug og gartneri-(Tilgang),REST_ANVENDELSE Øvrige brancher,1975,580.4760983586527
Dansk produktion,01000 Landbrug og gartneri-(Tilgang),REST_ANVENDELSE Øvrige brancher,1976,587.3984251247185
Dansk produktion,01000 Landbrug og gartneri-(Tilgang),REST_ANVENDELSE Øvrige brancher,1977,684.2626497219994
Dansk produktion,01000 Landbrug og gartneri-(Tilgang),REST_ANVENDELSE Øvrige brancher,1978,784.0878349097726
Dansk produktion,01000 Landbrug og gartneri-(Tilgang),REST_ANVENDELSE Øvrige brancher,1979,747.6732846210323
Dansk produktion,01000 Landbrug og gartneri-(Tilgang),REST_ANVENDELSE Øvrige brancher,1980,856.7900101599234
Dansk produktion,01000 Landbrug og gartneri-(Tilgang),REST_ANVENDELSE Øvrige brancher,1981,938.8529875234121
Dansk produktion,01000 Landbrug og gartneri-(Tilgang),REST_ANVENDELSE Øvrige brancher,1982,972.9218475635964
Dansk produktion,01000 Landbrug og gartneri-(Tilgang),REST_ANVENDELSE Øvrige brancher,1983,1028.8827956684456
Dansk produktion,01000 Landbrug og gartneri-(Tilgang),REST_ANVENDELSE Øvrige brancher,1984,923.026224249124
Dansk produktion,01000 Landbrug og gartneri-(Tilgang),REST_ANVENDELSE Øvrige brancher,1985,927.5587772805658
Dansk produktion,01000 Landbrug og gartneri-(Tilgang),REST_ANVENDELSE Øvrige brancher,1986,948.4583609718752
Dansk produktion,01000 Landbrug og gartneri-(Tilgang),REST_ANVENDELSE Øvrige brancher,1987,899.490328523224
Dansk produktion,01000 Landbrug og gartneri-(Tilgang),REST_ANVENDELSE Øvrige brancher,1988,920.6898602714408
Dansk produktion,01000 Landbrug og gartneri-(Tilgang),REST_ANVENDELSE Øvrige brancher,1989,1051.3266298176716
Dansk produktion,01000 Landbrug og gartneri-(Tilgang),REST_ANVENDELSE Øvrige brancher,1990,1031.3524402698113
Dansk produktion,01000 Landbrug og gartneri-(Tilgang),REST_ANVENDELSE Øvrige brancher,1991,1099.372090170271
Dansk produktion,01000 Landbrug og gartneri-(Tilgang),REST_ANVENDELSE Øvrige brancher,1992,1297.735030913192
Dansk produktion,01000 Landbrug og gartneri-(Tilgang),REST_ANVENDELSE Øvrige brancher,1993,1502.9072673262217
Dansk produktion,01000 Landbrug og gartneri-(Tilgang),REST_ANVENDELSE Øvrige brancher,1994,1271.9154059230043
Dansk produktion,01000 Landbrug og gartneri-(Tilgang),REST_ANVENDELSE Øvrige brancher,1995,1398.9025234210173
Dansk produktion,01000 Landbrug og gartneri-(Tilgang),REST_ANVENDELSE Øvrige brancher,1996,1309.8655294037642
Dansk produktion,01000 Landbrug og gartneri-(Tilgang),REST_ANVENDELSE Øvrige brancher,1997,1325.2813133511297
Dansk produktion,01000 Landbrug og gartneri-(Tilgang),REST_ANVENDELSE Øvrige brancher,1998,1532.602685209204
Dansk produktion,01000 Landbrug og gartneri-(Tilgang),REST_ANVENDELSE Øvrige brancher,1999,1547.5326750489535
Dansk produktion,01000 Landbrug og gartneri-(Tilgang),REST_ANVENDELSE Øvrige brancher,2000,1519.7996957083294
Dansk produktion,01000 Landbrug og gartneri-(Tilgang),REST_ANVENDELSE Øvrige brancher,2001,1466.4488885257724
Dansk produktion,01000 Landbrug og gartneri-(Tilgang),REST_ANVENDELSE Øvrige brancher,2002,1785.8031680463484
Dansk produktion,01000 Landbrug og gartneri-(Tilgang),REST_ANVENDELSE Øvrige brancher,2003,1865.8703803553863
Dansk produktion,01000 Landbrug og gartneri-(Tilgang),REST_ANVENDELSE Øvrige brancher,2004,1723.2149553947847
Dansk produktion,01000 Landbrug og gartneri-(Tilgang),REST_ANVENDELSE Øvrige brancher,2005,1652.560740958554
Dansk produktion,01000 Landbrug og gartneri-(Tilgang),REST_ANVENDELSE Øvrige brancher,2006,1697.2144320048606
Dansk produktion,01000 Landbrug og gartneri-(Tilgang),REST_ANVENDELSE Øvrige brancher,2007,1680.74172837104
Dansk produktion,01000 Landbrug og gartneri-(Tilgang),REST_ANVENDELSE Øvrige brancher,2008,1862.3400908030123
Dansk produktion,01000 Landbrug og gartneri-(Tilgang),REST_ANVENDELSE Øvrige brancher,2009,1957.000850177121
Dansk produktion,01000 Landbrug og gartneri-(Tilgang),REST_ANVENDELSE Øvrige brancher,2010,1707.3691606873238
Dansk produktion,01000 Landbrug og gartneri-(Tilgang),REST_ANVENDELSE Øvrige brancher,2011,1368.3510162395935
Dansk produktion,01000 Landbrug og gartneri-(Tilgang),REST_ANVENDELSE Øvrige brancher,2012,1405.0800402604227
Dansk produktion,01000 Landbrug og gartneri-(Tilgang),REST_ANVENDELSE Øvrige brancher,2013,1369.966408853241
Dansk produktion,01000 Landbrug og gartneri-(Tilgang),REST_ANVENDELSE Øvrige brancher,2014,1551.3941589612127
Dansk produktion,01000 Landbrug og gartneri-(Tilgang),REST_ANVENDELSE Øvrige brancher,2015,1765.883296430051
Dansk produktion,01000 Landbrug og gartneri-(Tilgang),REST_ANVENDELSE Øvrige brancher,2016,1798.838682365482
Dansk produktion,01000 Landbrug og gartneri-(Tilgang),REST_ANVENDELSE Øvrige brancher,2017,1918.7739306403594
Dansk produktion,01000 Landbrug og gartneri-(Tilgang),REST_ANVENDELSE Øvrige brancher,2018,1823.4506969443844
Dansk produktion,01000 Landbrug og gartneri-(Tilgang),REST_ANVENDELSE Øvrige brancher,2019,1855.9086106626166
Dansk produktion,01000 Landbrug og gartneri-(Tilgang),REST_ANVENDELSE Øvrige brancher,2020,1874.14
Dansk produktion,01000 Landbrug og gartneri-(Tilgang),REST_ANVENDELSE Øvrige brancher,2021,2720.2300000000005
Dansk produktion,01000 Landbrug og gartneri-(Tilgang),REST_ANVENDELSE Øvrige brancher,2022,2545.7663869107437
Dansk produktion,"10120 Føde-, drikke- og tobaksvareindustri-(Tilgang)",01000 Landbrug og gartneri- (Anvendelse),1967,4794.088976548337
Dansk produktion,"10120 Føde-, drikke- og tobaksvareindustri-(Tilgang)",01000 Landbrug og gartneri- (Anvendelse),1968,4739.5013161601355
Dansk produktion,"10120 Føde-, drikke- og tobaksvareindustri-(Tilgang)",01000 Landbrug og gartneri- (Anvendelse),1969,4807.6145769464965
Dansk produktion,"10120 Føde-, drikke- og tobaksvareindustri-(Tilgang)",01000 Landbrug og gartneri- (Anvendelse),1970,4684.034163076785
Dansk produktion,"10120 Føde-, drikke- og tobaksvareindustri-(Tilgang)",01000 Landbrug og gartneri- (Anvendelse),1971,4443.908683965336
Dansk produktion,"10120 Føde-, drikke- og tobaksvareindustri-(Tilgang)",01000 Landbrug og gartneri- (Anvendelse),1972,4392.455398335757
Dansk produktion,"10120 Føde-, drikke- og tobaksvareindustri-(Tilgang)",01000 Landbrug og gartneri- (Anvendelse),1973,4835.698237521776
Dansk produktion,"10120 Føde-, drikke- og tobaksvareindustri-(Tilgang)",01000 Landbrug og gartneri- (Anvendelse),1974,4824.534967784561
Dansk produktion,"10120 Føde-, drikke- og tobaksvareindustri-(Tilgang)",01000 Landbrug og gartneri- (Anvendelse),1975,5454.115675052981
Dansk produktion,"10120 Føde-, drikke- og tobaksvareindustri-(Tilgang)",01000 Landbrug og gartneri- (Anvendelse),1976,5747.495266635414
Dansk produktion,"10120 Føde-, drikke- og tobaksvareindustri-(Tilgang)",01000 Landbrug og gartneri- (Anvendelse),1977,5274.559475212252
Dansk produktion,"10120 Føde-, drikke- og tobaksvareindustri-(Tilgang)",01000 Landbrug og gartneri- (Anvendelse),1978,5970.752311368522
Dansk produktion,"10120 Føde-, drikke- og tobaksvareindustri-(Tilgang)",01000 Landbrug og gartneri- (Anvendelse),1979,6274.319173527173
Dansk produktion,"10120 Føde-, drikke- og tobaksvareindustri-(Tilgang)",01000 Landbrug og gartneri- (Anvendelse),1980,5367.496646099881
Dansk produktion,"10120 Føde-, drikke- og tobaksvareindustri-(Tilgang)",01000 Landbrug og gartneri- (Anvendelse),1981,4527.675811688707
Dansk produktion,"10120 Føde-, drikke- og tobaksvareindustri-(Tilgang)",01000 Landbrug og gartneri- (Anvendelse),1982,4929.745178848856
Dansk produktion,"10120 Føde-, drikke- og tobaksvareindustri-(Tilgang)",01000 Landbrug og gartneri- (Anvendelse),1983,5336.893923752654
Dansk produktion,"10120 Føde-, drikke- og tobaksvareindustri-(Tilgang)",01000 Landbrug og gartneri- (Anvendelse),1984,4941.2977324789135
Dansk produktion,"10120 Føde-, drikke- og tobaksvareindustri-(Tilgang)",01000 Landbrug og gartneri- (Anvendelse),1985,4601.829636234416
Dansk produktion,"10120 Føde-, drikke- og tobaksvareindustri-(Tilgang)",01000 Landbrug og gartneri- (Anvendelse),1986,4433.917303690353
Dansk produktion,"10120 Føde-, drikke- og tobaksvareindustri-(Tilgang)",01000 Landbrug og gartneri- (Anvendelse),1987,4212.954026011577
Dansk produktion,"10120 Føde-, drikke- og tobaksvareindustri-(Tilgang)",01000 Landbrug og gartneri- (Anvendelse),1988,3806.6959443234828
Dansk produktion,"10120 Føde-, drikke- og tobaksvareindustri-(Tilgang)",01000 Landbrug og gartneri- (Anvendelse),1989,3910.9838084762146
Dansk produktion,"10120 Føde-, drikke- og tobaksvareindustri-(Tilgang)",01000 Landbrug og gartneri- (Anvendelse),1990,4240.87776640241
Dansk produktion,"10120 Føde-, drikke- og tobaksvareindustri-(Tilgang)",01000 Landbrug og gartneri- (Anvendelse),1991,3945.9917997872326
Dansk produktion,"10120 Føde-, drikke- og tobaksvareindustri-(Tilgang)",01000 Landbrug og gartneri- (Anvendelse),1992,3570.196540942073
Dansk produktion,"10120 Føde-, drikke- og tobaksvareindustri-(Tilgang)",01000 Landbrug og gartneri- (Anvendelse),1993,4022.3887550021445
Dansk produktion,"10120 Føde-, drikke- og tobaksvareindustri-(Tilgang)",01000 Landbrug og gartneri- (Anvendelse),1994,3945.587817391379
Dansk produktion,"10120 Føde-, drikke- og tobaksvareindustri-(Tilgang)",01000 Landbrug og gartneri- (Anvendelse),1995,4071.042479608673
Dansk produktion,"10120 Føde-, drikke- og tobaksvareindustri-(Tilgang)",01000 Landbrug og gartneri- (Anvendelse),1996,3479.0849612558627
Dansk produktion,"10120 Føde-, drikke- og tobaksvareindustri-(Tilgang)",01000 Landbrug og gartneri- (Anvendelse),1997,3723.5773255892714
Dansk produktion,"10120 Føde-, drikke- og tobaksvareindustri-(Tilgang)",01000 Landbrug og gartneri- (Anvendelse),1998,3696.5953582942275
Dansk produktion,"10120 Føde-, drikke- og tobaksvareindustri-(Tilgang)",01000 Landbrug og gartneri- (Anvendelse),1999,3468.9447443410277
Dansk produktion,"10120 Føde-, drikke- og tobaksvareindustri-(Tilgang)",01000 Landbrug og gartneri- (Anvendelse),2000,3150.1179781794353
Dansk produktion,"10120 Føde-, drikke- og tobaksvareindustri-(Tilgang)",01000 Landbrug og gartneri- (Anvendelse),2001,2925.054052220563
Dansk produktion,"10120 Føde-, drikke- og tobaksvareindustri-(Tilgang)",01000 Landbrug og gartneri- (Anvendelse),2002,7723.576694114379
Dansk produktion,"10120 Føde-, drikke- og tobaksvareindustri-(Tilgang)",01000 Landbrug og gartneri- (Anvendelse),2003,9250.590230320224
Dansk produktion,"10120 Føde-, drikke- og tobaksvareindustri-(Tilgang)",01000 Landbrug og gartneri- (Anvendelse),2004,9358.678875848116
Dansk produktion,"10120 Føde-, drikke- og tobaksvareindustri-(Tilgang)",01000 Landbrug og gartneri- (Anvendelse),2005,8730.861294785234
Dansk produktion,"10120 Føde-, drikke- og tobaksvareindustri-(Tilgang)",01000 Landbrug og gartneri- (Anvendelse),2006,8588.904800688319
Dansk produktion,"10120 Føde-, drikke- og tobaksvareindustri-(Tilgang)",01000 Landbrug og gartneri- (Anvendelse),2007,9280.969926579419
Dansk produktion,"10120 Føde-, drikke- og tobaksvareindustri-(Tilgang)",01000 Landbrug og gartneri- (Anvendelse),2008,9647.193196435732
Dansk produktion,"10120 Føde-, drikke- og tobaksvareindustri-(Tilgang)",01000 Landbrug og gartneri- (Anvendelse),2009,9308.326294878338
Dansk produktion,"10120 Føde-, drikke- og tobaksvareindustri-(Tilgang)",01000 Landbrug og gartneri- (Anvendelse),2010,8671.664663644367
Dansk produktion,"10120 Føde-, drikke- og tobaksvareindustri-(Tilgang)",01000 Landbrug og gartneri- (Anvendelse),2011,8675.741542373817
Dansk produktion,"10120 Føde-, drikke- og tobaksvareindustri-(Tilgang)",01000 Landbrug og gartneri- (Anvendelse),2012,7860.067040033568
Dansk produktion,"10120 Føde-, drikke- og tobaksvareindustri-(Tilgang)",01000 Landbrug og gartneri- (Anvendelse),2013,8389.366809975849
Dansk produktion,"10120 Føde-, drikke- og tobaksvareindustri-(Tilgang)",01000 Landbrug og gartneri- (Anvendelse),2014,8210.273705915655
Dansk produktion,"10120 Føde-, drikke- og tobaksvareindustri-(Tilgang)",01000 Landbrug og gartneri- (Anvendelse),2015,8831.880684510894
Dansk produktion,"10120 Føde-, drikke- og tobaksvareindustri-(Tilgang)",01000 Landbrug og gartneri- (Anvendelse),2016,9983.17813586446
Dansk produktion,"10120 Føde-, drikke- og tobaksvareindustri-(Tilgang)",01000 Landbrug og gartneri- (Anvendelse),2017,10094.135334890143
Dansk produktion,"10120 Føde-, drikke- og tobaksvareindustri-(Tilgang)",01000 Landbrug og gartneri- (Anvendelse),2018,10343.587409499276
Dansk produktion,"10120 Føde-, drikke- og tobaksvareindustri-(Tilgang)",01000 Landbrug og gartneri- (Anvendelse),2019,9856.187885281897
Dansk produktion,"10120 Føde-, drikke- og tobaksvareindustri-(Tilgang)",01000 Landbrug og gartneri- (Anvendelse),2020,10904.267
Dansk produktion,"10120 Føde-, drikke- og tobaksvareindustri-(Tilgang)",01000 Landbrug og gartneri- (Anvendelse),2021,9897.179
Dansk produktion,"10120 Føde-, drikke- og tobaksvareindustri-(Tilgang)",01000 Landbrug og gartneri- (Anvendelse),2022,10400.68501150221
Dansk produktion,"10120 Føde-, drikke- og tobaksvareindustri-(Tilgang)","10120 Føde-, drikke- og tobaksvareindustri- (Anvendelse)",1967,11966.037599648058
Dansk produktion,"10120 Føde-, drikke- og tobaksvareindustri-(Tilgang)","10120 Føde-, drikke- og tobaksvareindustri- (Anvendelse)",1968,14169.81840909461
Dansk produktion,"10120 Føde-, drikke- og tobaksvareindustri-(Tilgang)","10120 Føde-, drikke- og tobaksvareindustri- (Anvendelse)",1969,14176.877828959368
Dansk produktion,"10120 Føde-, drikke- og tobaksvareindustri-(Tilgang)","10120 Føde-, drikke- og tobaksvareindustri- (Anvendelse)",1970,14904.633339684364
Dansk produktion,"10120 Føde-, drikke- og tobaksvareindustri-(Tilgang)","10120 Føde-, drikke- og tobaksvareindustri- (Anvendelse)",1971,16358.845272988037
Dansk produktion,"10120 Føde-, drikke- og tobaksvareindustri-(Tilgang)","10120 Føde-, drikke- og tobaksvareindustri- (Anvendelse)",1972,17623.50948730484
Dansk produktion,"10120 Føde-, drikke- og tobaksvareindustri-(Tilgang)","10120 Føde-, drikke- og tobaksvareindustri- (Anvendelse)",1973,16348.217456155437
Dansk produktion,"10120 Føde-, drikke- og tobaksvareindustri-(Tilgang)","10120 Føde-, drikke- og tobaksvareindustri- (Anvendelse)",1974,17531.98246046654
Dansk produktion,"10120 Føde-, drikke- og tobaksvareindustri-(Tilgang)","10120 Føde-, drikke- og tobaksvareindustri- (Anvendelse)",1975,16701.41858016025
Dansk produktion,"10120 Føde-, drikke- og tobaksvareindustri-(Tilgang)","10120 Føde-, drikke- og tobaksvareindustri- (Anvendelse)",1976,17959.240569418136
Dansk produktion,"10120 Føde-, drikke- og tobaksvareindustri-(Tilgang)","10120 Føde-, drikke- og tobaksvareindustri- (Anvendelse)",1977,19591.577432542697
Dansk produktion,"10120 Føde-, drikke- og tobaksvareindustri-(Tilgang)","10120 Føde-, drikke- og tobaksvareindustri- (Anvendelse)",1978,20455.461875620083
Dansk produktion,"10120 Føde-, drikke- og tobaksvareindustri-(Tilgang)","10120 Føde-, drikke- og tobaksvareindustri- (Anvendelse)",1979,25235.314126303485
Dansk produktion,"10120 Føde-, drikke- og tobaksvareindustri-(Tilgang)","10120 Føde-, drikke- og tobaksvareindustri- (Anvendelse)",1980,27252.615664224162
Dansk produktion,"10120 Føde-, drikke- og tobaksvareindustri-(Tilgang)","10120 Føde-, drikke- og tobaksvareindustri- (Anvendelse)",1981,27451.602682925124
Dansk produktion,"10120 Føde-, drikke- og tobaksvareindustri-(Tilgang)","10120 Føde-, drikke- og tobaksvareindustri- (Anvendelse)",1982,22991.637027046316
Dansk produktion,"10120 Føde-, drikke- og tobaksvareindustri-(Tilgang)","10120 Føde-, drikke- og tobaksvareindustri- (Anvendelse)",1983,18006.20116672255
Dansk produktion,"10120 Føde-, drikke- og tobaksvareindustri-(Tilgang)","10120 Føde-, drikke- og tobaksvareindustri- (Anvendelse)",1984,18580.59666041087
Dansk produktion,"10120 Føde-, drikke- og tobaksvareindustri-(Tilgang)","10120 Føde-, drikke- og tobaksvareindustri- (Anvendelse)",1985,22610.50436996844
Dansk produktion,"10120 Føde-, drikke- og tobaksvareindustri-(Tilgang)","10120 Føde-, drikke- og tobaksvareindustri- (Anvendelse)",1986,24619.228852079254
Dansk produktion,"10120 Føde-, drikke- og tobaksvareindustri-(Tilgang)","10120 Føde-, drikke- og tobaksvareindustri- (Anvendelse)",1987,24281.07944356337
Dansk produktion,"10120 Føde-, drikke- og tobaksvareindustri-(Tilgang)","10120 Føde-, drikke- og tobaksvareindustri- (Anvendelse)",1988,23767.473644996116
Dansk produktion,"10120 Føde-, drikke- og tobaksvareindustri-(Tilgang)","10120 Føde-, drikke- og tobaksvareindustri- (Anvendelse)",1989,22046.489059757983
Dansk produktion,"10120 Føde-, drikke- og tobaksvareindustri-(Tilgang)","10120 Føde-, drikke- og tobaksvareindustri- (Anvendelse)",1990,24183.94965713249
Dansk produktion,"10120 Føde-, drikke- og tobaksvareindustri-(Tilgang)","10120 Føde-, drikke- og tobaksvareindustri- (Anvendelse)",1991,22353.715698327993
Dansk produktion,"10120 Føde-, drikke- og tobaksvareindustri-(Tilgang)","10120 Føde-, drikke- og tobaksvareindustri- (Anvendelse)",1992,23906.80868794886
Dansk produktion,"10120 Føde-, drikke- og tobaksvareindustri-(Tilgang)","10120 Føde-, drikke- og tobaksvareindustri- (Anvendelse)",1993,27108.112686050677
Dansk produktion,"10120 Føde-, drikke- og tobaksvareindustri-(Tilgang)","10120 Føde-, drikke- og tobaksvareindustri- (Anvendelse)",1994,24901.83863454901
Dansk produktion,"10120 Føde-, drikke- og tobaksvareindustri-(Tilgang)","10120 Føde-, drikke- og tobaksvareindustri- (Anvendelse)",1995,23958.06588337031
Dansk produktion,"10120 Føde-, drikke- og tobaksvareindustri-(Tilgang)","10120 Føde-, drikke- og tobaksvareindustri- (Anvendelse)",1996,17972.84308872627
Dansk produktion,"10120 Føde-, drikke- og tobaksvareindustri-(Tilgang)","10120 Føde-, drikke- og tobaksvareindustri- (Anvendelse)",1997,16094.457279509617
Dansk produktion,"10120 Føde-, drikke- og tobaksvareindustri-(Tilgang)","10120 Føde-, drikke- og tobaksvareindustri- (Anvendelse)",1998,18083.047452200844
Dansk produktion,"10120 Føde-, drikke- og tobaksvareindustri-(Tilgang)","10120 Føde-, drikke- og tobaksvareindustri- (Anvendelse)",1999,15499.507376073208
Dansk produktion,"10120 Føde-, drikke- og tobaksvareindustri-(Tilgang)","10120 Føde-, drikke- og tobaksvareindustri- (Anvendelse)",2000,15288.444992718867
Dansk produktion,"10120 Føde-, drikke- og tobaksvareindustri-(Tilgang)","10120 Føde-, drikke- og tobaksvareindustri- (Anvendelse)",2001,15619.436314562872
Dansk produktion,"10120 Føde-, drikke- og tobaksvareindustri-(Tilgang)","10120 Føde-, drikke- og tobaksvareindustri- (Anvendelse)",2002,15632.037516492579
Dansk produktion,"10120 Føde-, drikke- og tobaksvareindustri-(Tilgang)","10120 Føde-, drikke- og tobaksvareindustri- (Anvendelse)",2003,16451.07880931705
Dansk produktion,"10120 Føde-, drikke- og tobaksvareindustri-(Tilgang)","10120 Føde-, drikke- og tobaksvareindustri- (Anvendelse)",2004,16678.728628690795
Dansk produktion,"10120 Føde-, drikke- og tobaksvareindustri-(Tilgang)","10120 Føde-, drikke- og tobaksvareindustri- (Anvendelse)",2005,17540.739372386717
Dansk produktion,"10120 Føde-, drikke- og tobaksvareindustri-(Tilgang)","10120 Føde-, drikke- og tobaksvareindustri- (Anvendelse)",2006,17200.72690483697
Dansk produktion,"10120 Føde-, drikke- og tobaksvareindustri-(Tilgang)","10120 Føde-, drikke- og tobaksvareindustri- (Anvendelse)",2007,16816.20541522297
Dansk produktion,"10120 Føde-, drikke- og tobaksvareindustri-(Tilgang)","10120 Føde-, drikke- og tobaksvareindustri- (Anvendelse)",2008,16461.7633852102
Dansk produktion,"10120 Føde-, drikke- og tobaksvareindustri-(Tilgang)","10120 Føde-, drikke- og tobaksvareindustri- (Anvendelse)",2009,17566.91095340686
Dansk produktion,"10120 Føde-, drikke- og tobaksvareindustri-(Tilgang)","10120 Føde-, drikke- og tobaksvareindustri- (Anvendelse)",2010,15287.566282545906
Dansk produktion,"10120 Føde-, drikke- og tobaksvareindustri-(Tilgang)","10120 Føde-, drikke- og tobaksvareindustri- (Anvendelse)",2011,15381.634650819835
Dansk produktion,"10120 Føde-, drikke- og tobaksvareindustri-(Tilgang)","10120 Føde-, drikke- og tobaksvareindustri- (Anvendelse)",2012,15710.983544167237
Dansk produktion,"10120 Føde-, drikke- og tobaksvareindustri-(Tilgang)","10120 Føde-, drikke- og tobaksvareindustri- (Anvendelse)",2013,15518.265672075302
Dansk produktion,"10120 Føde-, drikke- og tobaksvareindustri-(Tilgang)","10120 Føde-, drikke- og tobaksvareindustri- (Anvendelse)",2014,14810.447678939827
Dansk produktion,"10120 Føde-, drikke- og tobaksvareindustri-(Tilgang)","10120 Føde-, drikke- og tobaksvareindustri- (Anvendelse)",2015,15546.57955833858
Dansk produktion,"10120 Føde-, drikke- og tobaksvareindustri-(Tilgang)","10120 Føde-, drikke- og tobaksvareindustri- (Anvendelse)",2016,15082.170775299459
Dansk produktion,"10120 Føde-, drikke- og tobaksvareindustri-(Tilgang)","10120 Føde-, drikke- og tobaksvareindustri- (Anvendelse)",2017,15833.974274552605
Dansk produktion,"10120 Føde-, drikke- og tobaksvareindustri-(Tilgang)","10120 Føde-, drikke- og tobaksvareindustri- (Anvendelse)",2018,15566.61312990719
Dansk produktion,"10120 Føde-, drikke- og tobaksvareindustri-(Tilgang)","10120 Føde-, drikke- og tobaksvareindustri- (Anvendelse)",2019,16445.299429700102
Dansk produktion,"10120 Føde-, drikke- og tobaksvareindustri-(Tilgang)","10120 Føde-, drikke- og tobaksvareindustri- (Anvendelse)",2020,17236.153
Dansk produktion,"10120 Føde-, drikke- og tobaksvareindustri-(Tilgang)","10120 Føde-, drikke- og tobaksvareindustri- (Anvendelse)",2021,17750.585
Dansk produktion,"10120 Føde-, drikke- og tobaksvareindustri-(Tilgang)","10120 Føde-, drikke- og tobaksvareindustri- (Anvendelse)",2022,18504.410333808082
Dansk produktion,"10120 Føde-, drikke- og tobaksvareindustri-(Tilgang)","Anvendelse, i alt-(Anvendelse)",1967,83186.18915203959
Dansk produktion,"10120 Føde-, drikke- og tobaksvareindustri-(Tilgang)","Anvendelse, i alt-(Anvendelse)",1968,86476.23384520176
Dansk produktion,"10120 Føde-, drikke- og tobaksvareindustri-(Tilgang)","Anvendelse, i alt-(Anvendelse)",1969,85557.50135649744
Dansk produktion,"10120 Føde-, drikke- og tobaksvareindustri-(Tilgang)","Anvendelse, i alt-(Anvendelse)",1970,89270.71586799553
Dansk produktion,"10120 Føde-, drikke- og tobaksvareindustri-(Tilgang)","Anvendelse, i alt-(Anvendelse)",1971,92244.74686751039
Dansk produktion,"10120 Føde-, drikke- og tobaksvareindustri-(Tilgang)","Anvendelse, i alt-(Anvendelse)",1972,94861.98237698004
Dansk produktion,"10120 Føde-, drikke- og tobaksvareindustri-(Tilgang)","Anvendelse, i alt-(Anvendelse)",1973,96469.27312480546
Dansk produktion,"10120 Føde-, drikke- og tobaksvareindustri-(Tilgang)","Anvendelse, i alt-(Anvendelse)",1974,98731.16980730824
Dansk produktion,"10120 Føde-, drikke- og tobaksvareindustri-(Tilgang)","Anvendelse, i alt-(Anvendelse)",1975,96574.4743863621
Dansk produktion,"10120 Føde-, drikke- og tobaksvareindustri-(Tilgang)","Anvendelse, i alt-(Anvendelse)",1976,100366.04002205066
Dansk produktion,"10120 Føde-, drikke- og tobaksvareindustri-(Tilgang)","Anvendelse, i alt-(Anvendelse)",1977,105550.69227903942
Dansk produktion,"10120 Føde-, drikke- og tobaksvareindustri-(Tilgang)","Anvendelse, i alt-(Anvendelse)",1978,108622.24238578642
Dansk produktion,"10120 Føde-, drikke- og tobaksvareindustri-(Tilgang)","Anvendelse, i alt-(Anvendelse)",1979,118817.65749032174
Dansk produktion,"10120 Føde-, drikke- og tobaksvareindustri-(Tilgang)","Anvendelse, i alt-(Anvendelse)",1980,124261.62725938612
Dansk produktion,"10120 Føde-, drikke- og tobaksvareindustri-(Tilgang)","Anvendelse, i alt-(Anvendelse)",1981,125155.27598143418
Dansk produktion,"10120 Føde-, drikke- og tobaksvareindustri-(Tilgang)","Anvendelse, i alt-(Anvendelse)",1982,121655.96511782808
Dansk produktion,"10120 Føde-, drikke- og tobaksvareindustri-(Tilgang)","Anvendelse, i alt-(Anvendelse)",1983,119434.53980791285
Dansk produktion,"10120 Føde-, drikke- og tobaksvareindustri-(Tilgang)","Anvendelse, i alt-(Anvendelse)",1984,120350.91897232214
Dansk produktion,"10120 Føde-, drikke- og tobaksvareindustri-(Tilgang)","Anvendelse, i alt-(Anvendelse)",1985,126590.80168508505
Dansk produktion,"10120 Føde-, drikke- og tobaksvareindustri-(Tilgang)","Anvendelse, i alt-(Anvendelse)",1986,133131.09423936746
Dansk produktion,"10120 Føde-, drikke- og tobaksvareindustri-(Tilgang)","Anvendelse, i alt-(Anvendelse)",1987,131489.29470517044
Dansk produktion,"10120 Føde-, drikke- og tobaksvareindustri-(Tilgang)","Anvendelse, i alt-(Anvendelse)",1988,131466.3154790609
Dansk produktion,"10120 Føde-, drikke- og tobaksvareindustri-(Tilgang)","Anvendelse, i alt-(Anvendelse)",1989,131914.26791061653
Dansk produktion,"10120 Føde-, drikke- og tobaksvareindustri-(Tilgang)","Anvendelse, i alt-(Anvendelse)",1990,138076.58128063584
Dansk produktion,"10120 Føde-, drikke- og tobaksvareindustri-(Tilgang)","Anvendelse, i alt-(Anvendelse)",1991,139256.1125604009
Dansk produktion,"10120 Føde-, drikke- og tobaksvareindustri-(Tilgang)","Anvendelse, i alt-(Anvendelse)",1992,142823.71533290268
Dansk produktion,"10120 Føde-, drikke- og tobaksvareindustri-(Tilgang)","Anvendelse, i alt-(Anvendelse)",1993,150359.82458608315
Dansk produktion,"10120 Føde-, drikke- og tobaksvareindustri-(Tilgang)","Anvendelse, i alt-(Anvendelse)",1994,151786.7330626713
Dansk produktion,"10120 Føde-, drikke- og tobaksvareindustri-(Tilgang)","Anvendelse, i alt-(Anvendelse)",1995,151157.95454988343
Dansk produktion,"10120 Føde-, drikke- og tobaksvareindustri-(Tilgang)","Anvendelse, i alt-(Anvendelse)",1996,144547.0961151224
Dansk produktion,"10120 Føde-, drikke- og tobaksvareindustri-(Tilgang)","Anvendelse, i alt-(Anvendelse)",1997,146043.7813077298
Dansk produktion,"10120 Føde-, drikke- og tobaksvareindustri-(Tilgang)","Anvendelse, i alt-(Anvendelse)",1998,150061.66719180538
Dansk produktion,"10120 Føde-, drikke- og tobaksvareindustri-(Tilgang)","Anvendelse, i alt-(Anvendelse)",1999,149807.43600778637
Dansk produktion,"10120 Føde-, drikke- og tobaksvareindustri-(Tilgang)","Anvendelse, i alt-(Anvendelse)",2000,149968.463026137
Dansk produktion,"10120 Føde-, drikke- og tobaksvareindustri-(Tilgang)","Anvendelse, i alt-(Anvendelse)",2001,152904.38171217675
Dansk produktion,"10120 Føde-, drikke- og tobaksvareindustri-(Tilgang)","Anvendelse, i alt-(Anvendelse)",2002,155839.86511398508
Dansk produktion,"10120 Føde-, drikke- og tobaksvareindustri-(Tilgang)","Anvendelse, i alt-(Anvendelse)",2003,157377.12397162366
Dansk produktion,"10120 Føde-, drikke- og tobaksvareindustri-(Tilgang)","Anvendelse, i alt-(Anvendelse)",2004,159879.98417919892
Dansk produktion,"10120 Føde-, drikke- og tobaksvareindustri-(Tilgang)","Anvendelse, i alt-(Anvendelse)",2005,163810.68543604
Dansk produktion,"10120 Føde-, drikke- og tobaksvareindustri-(Tilgang)","Anvendelse, i alt-(Anvendelse)",2006,162171.855725454
Dansk produktion,"10120 Føde-, drikke- og tobaksvareindustri-(Tilgang)","Anvendelse, i alt-(Anvendelse)",2007,160069.29875184593
Dansk produktion,"10120 Føde-, drikke- og tobaksvareindustri-(Tilgang)","Anvendelse, i alt-(Anvendelse)",2008,158120.9073891882
Dansk produktion,"10120 Føde-, drikke- og tobaksvareindustri-(Tilgang)","Anvendelse, i alt-(Anvendelse)",2009,150853.32763453186
Dansk produktion,"10120 Føde-, drikke- og tobaksvareindustri-(Tilgang)","Anvendelse, i alt-(Anvendelse)",2010,144714.15186306008
Dansk produktion,"10120 Føde-, drikke- og tobaksvareindustri-(Tilgang)","Anvendelse, i alt-(Anvendelse)",2011,145739.45311066305
Dansk produktion,"10120 Føde-, drikke- og tobaksvareindustri-(Tilgang)","Anvendelse, i alt-(Anvendelse)",2012,142580.88234552863
Dansk produktion,"10120 Føde-, drikke- og tobaksvareindustri-(Tilgang)","Anvendelse, i alt-(Anvendelse)",2013,144480.43503474488
Dansk produktion,"10120 Føde-, drikke- og tobaksvareindustri-(Tilgang)","Anvendelse, i alt-(Anvendelse)",2014,145446.78929418445
Dansk produktion,"10120 Føde-, drikke- og tobaksvareindustri-(Tilgang)","Anvendelse, i alt-(Anvendelse)",2015,146833.76616065303
Dansk produktion,"10120 Føde-, drikke- og tobaksvareindustri-(Tilgang)","Anvendelse, i alt-(Anvendelse)",2016,148098.44004416646
Dansk produktion,"10120 Føde-, drikke- og tobaksvareindustri-(Tilgang)","Anvendelse, i alt-(Anvendelse)",2017,153499.94193091645
Dansk produktion,"10120 Føde-, drikke- og tobaksvareindustri-(Tilgang)","Anvendelse, i alt-(Anvendelse)",2018,153657.7876695022
Dansk produktion,"10120 Føde-, drikke- og tobaksvareindustri-(Tilgang)","Anvendelse, i alt-(Anvendelse)",2019,155602.57335969433
Dansk produktion,"10120 Føde-, drikke- og tobaksvareindustri-(Tilgang)","Anvendelse, i alt-(Anvendelse)",2020,161377.858
Dansk produktion,"10120 Føde-, drikke- og tobaksvareindustri-(Tilgang)","Anvendelse, i alt-(Anvendelse)",2021,165261.179
Dansk produktion,"10120 Føde-, drikke- og tobaksvareindustri-(Tilgang)","Anvendelse, i alt-(Anvendelse)",2022,168806.1413670465
Dansk produktion,"10120 Føde-, drikke- og tobaksvareindustri-(Tilgang)",Eksport - (Anvendelse),1967,31009.615948912247
Dansk produktion,"10120 Føde-, drikke- og tobaksvareindustri-(Tilgang)",Eksport - (Anvendelse),1968,30170.74106322247
Dansk produktion,"10120 Føde-, drikke- og tobaksvareindustri-(Tilgang)",Eksport - (Anvendelse),1969,28246.711268452138
Dansk produktion,"10120 Føde-, drikke- og tobaksvareindustri-(Tilgang)",Eksport - (Anvendelse),1970,29069.36931848394
Dansk produktion,"10120 Føde-, drikke- og tobaksvareindustri-(Tilgang)",Eksport - (Anvendelse),1971,30913.454565185082
Dansk produktion,"10120 Føde-, drikke- og tobaksvareindustri-(Tilgang)",Eksport - (Anvendelse),1972,30187.248553408837
Dansk produktion,"10120 Føde-, drikke- og tobaksvareindustri-(Tilgang)",Eksport - (Anvendelse),1973,34350.74534436173
Dansk produktion,"10120 Føde-, drikke- og tobaksvareindustri-(Tilgang)",Eksport - (Anvendelse),1974,34939.24391543537
Dansk produktion,"10120 Føde-, drikke- og tobaksvareindustri-(Tilgang)",Eksport - (Anvendelse),1975,35300.97626356559
Dansk produktion,"10120 Føde-, drikke- og tobaksvareindustri-(Tilgang)",Eksport - (Anvendelse),1976,35663.847338555875
Dansk produktion,"10120 Føde-, drikke- og tobaksvareindustri-(Tilgang)",Eksport - (Anvendelse),1977,39005.78667915764
Dansk produktion,"10120 Føde-, drikke- og tobaksvareindustri-(Tilgang)",Eksport - (Anvendelse),1978,40615.36071740676
Dansk produktion,"10120 Føde-, drikke- og tobaksvareindustri-(Tilgang)",Eksport - (Anvendelse),1979,44235.48823063854
Dansk produktion,"10120 Føde-, drikke- og tobaksvareindustri-(Tilgang)",Eksport - (Anvendelse),1980,46420.21298800802
Dansk produktion,"10120 Føde-, drikke- og tobaksvareindustri-(Tilgang)",Eksport - (Anvendelse),1981,48426.72633661456
Dansk produktion,"10120 Føde-, drikke- og tobaksvareindustri-(Tilgang)",Eksport - (Anvendelse),1982,48999.54236356964
Dansk produktion,"10120 Føde-, drikke- og tobaksvareindustri-(Tilgang)",Eksport - (Anvendelse),1983,49820.88788631434
Dansk produktion,"10120 Føde-, drikke- og tobaksvareindustri-(Tilgang)",Eksport - (Anvendelse),1984,51195.07521973737
Dansk produktion,"10120 Føde-, drikke- og tobaksvareindustri-(Tilgang)",Eksport - (Anvendelse),1985,52675.22878665474
Dansk produktion,"10120 Føde-, drikke- og tobaksvareindustri-(Tilgang)",Eksport - (Anvendelse),1986,54675.30107616558
Dansk produktion,"10120 Føde-, drikke- og tobaksvareindustri-(Tilgang)",Eksport - (Anvendelse),1987,55707.126140903165
Dansk produktion,"10120 Føde-, drikke- og tobaksvareindustri-(Tilgang)",Eksport - (Anvendelse),1988,54441.03079962513
Dansk produktion,"10120 Føde-, drikke- og tobaksvareindustri-(Tilgang)",Eksport - (Anvendelse),1989,57412.12387304471
Dansk produktion,"10120 Føde-, drikke- og tobaksvareindustri-(Tilgang)",Eksport - (Anvendelse),1990,58919.08500175824
Dansk produktion,"10120 Føde-, drikke- og tobaksvareindustri-(Tilgang)",Eksport - (Anvendelse),1991,65091.37536099223
Dansk produktion,"10120 Føde-, drikke- og tobaksvareindustri-(Tilgang)",Eksport - (Anvendelse),1992,63884.53365669355
Dansk produktion,"10120 Føde-, drikke- og tobaksvareindustri-(Tilgang)",Eksport - (Anvendelse),1993,68812.16477582887
Dansk produktion,"10120 Føde-, drikke- og tobaksvareindustri-(Tilgang)",Eksport - (Anvendelse),1994,72955.06812179695
Dansk produktion,"10120 Føde-, drikke- og tobaksvareindustri-(Tilgang)",Eksport - (Anvendelse),1995,70615.69411505891
Dansk produktion,"10120 Føde-, drikke- og tobaksvareindustri-(Tilgang)",Eksport - (Anvendelse),1996,69400.2586173207
Dansk produktion,"10120 Føde-, drikke- og tobaksvareindustri-(Tilgang)",Eksport - (Anvendelse),1997,73273.94992854082
Dansk produktion,"10120 Føde-, drikke- og tobaksvareindustri-(Tilgang)",Eksport - (Anvendelse),1998,74248.15791586557
Dansk produktion,"10120 Føde-, drikke- og tobaksvareindustri-(Tilgang)",Eksport - (Anvendelse),1999,79464.97584664164
Dansk produktion,"10120 Føde-, drikke- og tobaksvareindustri-(Tilgang)",Eksport - (Anvendelse),2000,79166.6661321257
Dansk produktion,"10120 Føde-, drikke- og tobaksvareindustri-(Tilgang)",Eksport - (Anvendelse),2001,82171.08990576178
Dansk produktion,"10120 Føde-, drikke- og tobaksvareindustri-(Tilgang)",Eksport - (Anvendelse),2002,81190.88006408636
Dansk produktion,"10120 Føde-, drikke- og tobaksvareindustri-(Tilgang)",Eksport - (Anvendelse),2003,79797.485812798
Dansk produktion,"10120 Føde-, drikke- og tobaksvareindustri-(Tilgang)",Eksport - (Anvendelse),2004,82740.60197007595
Dansk produktion,"10120 Føde-, drikke- og tobaksvareindustri-(Tilgang)",Eksport - (Anvendelse),2005,84154.1635690429
Dansk produktion,"10120 Føde-, drikke- og tobaksvareindustri-(Tilgang)",Eksport - (Anvendelse),2006,86036.61152407329
Dansk produktion,"10120 Føde-, drikke- og tobaksvareindustri-(Tilgang)",Eksport - (Anvendelse),2007,83374.61275651482
Dansk produktion,"10120 Føde-, drikke- og tobaksvareindustri-(Tilgang)",Eksport - (Anvendelse),2008,83467.11313490216
Dansk produktion,"10120 Føde-, drikke- og tobaksvareindustri-(Tilgang)",Eksport - (Anvendelse),2009,78871.08555434462
Dansk produktion,"10120 Føde-, drikke- og tobaksvareindustri-(Tilgang)",Eksport - (Anvendelse),2010,78222.5246519339
Dansk produktion,"10120 Føde-, drikke- og tobaksvareindustri-(Tilgang)",Eksport - (Anvendelse),2011,80874.42168826539
Dansk produktion,"10120 Føde-, drikke- og tobaksvareindustri-(Tilgang)",Eksport - (Anvendelse),2012,80218.21807628575
Dansk produktion,"10120 Føde-, drikke- og tobaksvareindustri-(Tilgang)",Eksport - (Anvendelse),2013,79049.23050834458
Dansk produktion,"10120 Føde-, drikke- og tobaksvareindustri-(Tilgang)",Eksport - (Anvendelse),2014,80394.33618811631
Dansk produktion,"10120 Føde-, drikke- og tobaksvareindustri-(Tilgang)",Eksport - (Anvendelse),2015,82641.61716972478
Dansk produktion,"10120 Føde-, drikke- og tobaksvareindustri-(Tilgang)",Eksport - (Anvendelse),2016,83727.85357006006
Dansk produktion,"10120 Føde-, drikke- og tobaksvareindustri-(Tilgang)",Eksport - (Anvendelse),2017,86049.16387129959
Dansk produktion,"10120 Føde-, drikke- og tobaksvareindustri-(Tilgang)",Eksport - (Anvendelse),2018,84037.23335078715
Dansk produktion,"10120 Føde-, drikke- og tobaksvareindustri-(Tilgang)",Eksport - (Anvendelse),2019,85009.11219787346
Dansk produktion,"10120 Føde-, drikke- og tobaksvareindustri-(Tilgang)",Eksport - (Anvendelse),2020,86941.639
Dansk produktion,"10120 Føde-, drikke- og tobaksvareindustri-(Tilgang)",Eksport - (Anvendelse),2021,92411.024
Dansk produktion,"10120 Føde-, drikke- og tobaksvareindustri-(Tilgang)",Eksport - (Anvendelse),2022,89989.58357283352
Dansk produktion,"10120 Føde-, drikke- og tobaksvareindustri-(Tilgang)",Faste bruttoinvesteringer + Lagerforøgelse + Værdigenstande (Anvendelse),1967,984.4776741211258
Dansk produktion,"10120 Føde-, drikke- og tobaksvareindustri-(Tilgang)",Faste bruttoinvesteringer + Lagerforøgelse + Værdigenstande (Anvendelse),1968,54.892225621314296
Dansk produktion,"10120 Føde-, drikke- og tobaksvareindustri-(Tilgang)",Faste bruttoinvesteringer + Lagerforøgelse + Værdigenstande (Anvendelse),1969,-127.51002766435771
Dansk produktion,"10120 Føde-, drikke- og tobaksvareindustri-(Tilgang)",Faste bruttoinvesteringer + Lagerforøgelse + Værdigenstande (Anvendelse),1970,1174.778228787075
Dansk produktion,"10120 Føde-, drikke- og tobaksvareindustri-(Tilgang)",Faste bruttoinvesteringer + Lagerforøgelse + Værdigenstande (Anvendelse),1971,714.7620884937254
Dansk produktion,"10120 Føde-, drikke- og tobaksvareindustri-(Tilgang)",Faste bruttoinvesteringer + Lagerforøgelse + Værdigenstande (Anvendelse),1972,2478.0292911655283
Dansk produktion,"10120 Føde-, drikke- og tobaksvareindustri-(Tilgang)",Faste bruttoinvesteringer + Lagerforøgelse + Værdigenstande (Anvendelse),1973,1269.6862118639867
Dansk produktion,"10120 Føde-, drikke- og tobaksvareindustri-(Tilgang)",Faste bruttoinvesteringer + Lagerforøgelse + Værdigenstande (Anvendelse),1974,1895.5405349397852
Dansk produktion,"10120 Føde-, drikke- og tobaksvareindustri-(Tilgang)",Faste bruttoinvesteringer + Lagerforøgelse + Værdigenstande (Anvendelse),1975,222.03623417124018
Dansk produktion,"10120 Føde-, drikke- og tobaksvareindustri-(Tilgang)",Faste bruttoinvesteringer + Lagerforøgelse + Værdigenstande (Anvendelse),1976,1044.3155103209783
Dansk produktion,"10120 Føde-, drikke- og tobaksvareindustri-(Tilgang)",Faste bruttoinvesteringer + Lagerforøgelse + Værdigenstande (Anvendelse),1977,814.4918311401149
Dansk produktion,"10120 Føde-, drikke- og tobaksvareindustri-(Tilgang)",Faste bruttoinvesteringer + Lagerforøgelse + Værdigenstande (Anvendelse),1978,-281.7957467234093
Dansk produktion,"10120 Føde-, drikke- og tobaksvareindustri-(Tilgang)",Faste bruttoinvesteringer + Lagerforøgelse + Værdigenstande (Anvendelse),1979,-91.00869092159769
Dansk produktion,"10120 Føde-, drikke- og tobaksvareindustri-(Tilgang)",Faste bruttoinvesteringer + Lagerforøgelse + Værdigenstande (Anvendelse),1980,1266.9788362974473
Dansk produktion,"10120 Føde-, drikke- og tobaksvareindustri-(Tilgang)",Faste bruttoinvesteringer + Lagerforøgelse + Værdigenstande (Anvendelse),1981,577.0749952614627
Dansk produktion,"10120 Føde-, drikke- og tobaksvareindustri-(Tilgang)",Faste bruttoinvesteringer + Lagerforøgelse + Værdigenstande (Anvendelse),1982,1034.2188175378305
Dansk produktion,"10120 Føde-, drikke- og tobaksvareindustri-(Tilgang)",Faste bruttoinvesteringer + Lagerforøgelse + Værdigenstande (Anvendelse),1983,1445.7896005925593
Dansk produktion,"10120 Føde-, drikke- og tobaksvareindustri-(Tilgang)",Faste bruttoinvesteringer + Lagerforøgelse + Værdigenstande (Anvendelse),1984,643.834366815479
Dansk produktion,"10120 Føde-, drikke- og tobaksvareindustri-(Tilgang)",Faste bruttoinvesteringer + Lagerforøgelse + Værdigenstande (Anvendelse),1985,803.8075552117336
Dansk produktion,"10120 Føde-, drikke- og tobaksvareindustri-(Tilgang)",Faste bruttoinvesteringer + Lagerforøgelse + Værdigenstande (Anvendelse),1986,1062.305917300101
Dansk produktion,"10120 Føde-, drikke- og tobaksvareindustri-(Tilgang)",Faste bruttoinvesteringer + Lagerforøgelse + Værdigenstande (Anvendelse),1987,213.02843552422374
Dansk produktion,"10120 Føde-, drikke- og tobaksvareindustri-(Tilgang)",Faste bruttoinvesteringer + Lagerforøgelse + Værdigenstande (Anvendelse),1988,1365.3405361799714
Dansk produktion,"10120 Føde-, drikke- og tobaksvareindustri-(Tilgang)",Faste bruttoinvesteringer + Lagerforøgelse + Værdigenstande (Anvendelse),1989,217.9250870886151
Dansk produktion,"10120 Føde-, drikke- og tobaksvareindustri-(Tilgang)",Faste bruttoinvesteringer + Lagerforøgelse + Værdigenstande (Anvendelse),1990,2404.827876959971
Dansk produktion,"10120 Føde-, drikke- og tobaksvareindustri-(Tilgang)",Faste bruttoinvesteringer + Lagerforøgelse + Værdigenstande (Anvendelse),1991,-799.189272897462
Dansk produktion,"10120 Føde-, drikke- og tobaksvareindustri-(Tilgang)",Faste bruttoinvesteringer + Lagerforøgelse + Værdigenstande (Anvendelse),1992,3404.689417783343
Dansk produktion,"10120 Føde-, drikke- og tobaksvareindustri-(Tilgang)",Faste bruttoinvesteringer + Lagerforøgelse + Værdigenstande (Anvendelse),1993,473.203110899933
Dansk produktion,"10120 Føde-, drikke- og tobaksvareindustri-(Tilgang)",Faste bruttoinvesteringer + Lagerforøgelse + Værdigenstande (Anvendelse),1994,-2912.089298170843
Dansk produktion,"10120 Føde-, drikke- og tobaksvareindustri-(Tilgang)",Faste bruttoinvesteringer + Lagerforøgelse + Værdigenstande (Anvendelse),1995,1609.9529123882862
Dansk produktion,"10120 Føde-, drikke- og tobaksvareindustri-(Tilgang)",Faste bruttoinvesteringer + Lagerforøgelse + Værdigenstande (Anvendelse),1996,7010.544417949236
Dansk produktion,"10120 Føde-, drikke- og tobaksvareindustri-(Tilgang)",Faste bruttoinvesteringer + Lagerforøgelse + Værdigenstande (Anvendelse),1997,2882.9443251895814
Dansk produktion,"10120 Føde-, drikke- og tobaksvareindustri-(Tilgang)",Faste bruttoinvesteringer + Lagerforøgelse + Værdigenstande (Anvendelse),1998,3955.6909562230426
Dansk produktion,"10120 Føde-, drikke- og tobaksvareindustri-(Tilgang)",Faste bruttoinvesteringer + Lagerforøgelse + Værdigenstande (Anvendelse),1999,-683.1323019214709
Dansk produktion,"10120 Føde-, drikke- og tobaksvareindustri-(Tilgang)",Faste bruttoinvesteringer + Lagerforøgelse + Værdigenstande (Anvendelse),2000,3980.095328018502
Dansk produktion,"10120 Føde-, drikke- og tobaksvareindustri-(Tilgang)",Faste bruttoinvesteringer + Lagerforøgelse + Værdigenstande (Anvendelse),2001,2678.1805645913973
Dansk produktion,"10120 Føde-, drikke- og tobaksvareindustri-(Tilgang)",Faste bruttoinvesteringer + Lagerforøgelse + Værdigenstande (Anvendelse),2002,5551.330927562674
Dansk produktion,"10120 Føde-, drikke- og tobaksvareindustri-(Tilgang)",Faste bruttoinvesteringer + Lagerforøgelse + Værdigenstande (Anvendelse),2003,7248.741811833634
Dansk produktion,"10120 Føde-, drikke- og tobaksvareindustri-(Tilgang)",Faste bruttoinvesteringer + Lagerforøgelse + Værdigenstande (Anvendelse),2004,571.2092004938931
Dansk produktion,"10120 Føde-, drikke- og tobaksvareindustri-(Tilgang)",Faste bruttoinvesteringer + Lagerforøgelse + Værdigenstande (Anvendelse),2005,3645.6661102347916
Dansk produktion,"10120 Føde-, drikke- og tobaksvareindustri-(Tilgang)",Faste bruttoinvesteringer + Lagerforøgelse + Værdigenstande (Anvendelse),2006,874.6987219240352
Dansk produktion,"10120 Føde-, drikke- og tobaksvareindustri-(Tilgang)",Faste bruttoinvesteringer + Lagerforøgelse + Værdigenstande (Anvendelse),2007,1388.2736095966764
Dansk produktion,"10120 Føde-, drikke- og tobaksvareindustri-(Tilgang)",Faste bruttoinvesteringer + Lagerforøgelse + Værdigenstande (Anvendelse),2008,1897.4025657980083
Dansk produktion,"10120 Føde-, drikke- og tobaksvareindustri-(Tilgang)",Faste bruttoinvesteringer + Lagerforøgelse + Værdigenstande (Anvendelse),2009,-306.01154517006114
Dansk produktion,"10120 Føde-, drikke- og tobaksvareindustri-(Tilgang)",Faste bruttoinvesteringer + Lagerforøgelse + Værdigenstande (Anvendelse),2010,109.80584141068357
Dansk produktion,"10120 Føde-, drikke- og tobaksvareindustri-(Tilgang)",Faste bruttoinvesteringer + Lagerforøgelse + Værdigenstande (Anvendelse),2011,3890.9456871587786
Dansk produktion,"10120 Føde-, drikke- og tobaksvareindustri-(Tilgang)",Faste bruttoinvesteringer + Lagerforøgelse + Værdigenstande (Anvendelse),2012,188.22809775307326
Dansk produktion,"10120 Føde-, drikke- og tobaksvareindustri-(Tilgang)",Faste bruttoinvesteringer + Lagerforøgelse + Værdigenstande (Anvendelse),2013,2359.600058936286
Dansk produktion,"10120 Føde-, drikke- og tobaksvareindustri-(Tilgang)",Faste bruttoinvesteringer + Lagerforøgelse + Værdigenstande (Anvendelse),2014,408.59033138296735
Dansk produktion,"10120 Føde-, drikke- og tobaksvareindustri-(Tilgang)",Faste bruttoinvesteringer + Lagerforøgelse + Værdigenstande (Anvendelse),2015,830.2326114417688
Dansk produktion,"10120 Føde-, drikke- og tobaksvareindustri-(Tilgang)",Faste bruttoinvesteringer + Lagerforøgelse + Værdigenstande (Anvendelse),2016,451.7069966554588
Dansk produktion,"10120 Føde-, drikke- og tobaksvareindustri-(Tilgang)",Faste bruttoinvesteringer + Lagerforøgelse + Værdigenstande (Anvendelse),2017,894.4528302788125
Dansk produktion,"10120 Føde-, drikke- og tobaksvareindustri-(Tilgang)",Faste bruttoinvesteringer + Lagerforøgelse + Værdigenstande (Anvendelse),2018,1630.8157631505128
Dansk produktion,"10120 Føde-, drikke- og tobaksvareindustri-(Tilgang)",Faste bruttoinvesteringer + Lagerforøgelse + Værdigenstande (Anvendelse),2019,1153.4158669263852
Dansk produktion,"10120 Føde-, drikke- og tobaksvareindustri-(Tilgang)",Faste bruttoinvesteringer + Lagerforøgelse + Værdigenstande (Anvendelse),2020,2094.4700000000003
Dansk produktion,"10120 Føde-, drikke- og tobaksvareindustri-(Tilgang)",Faste bruttoinvesteringer + Lagerforøgelse + Værdigenstande (Anvendelse),2021,308.25600000000003
Dansk produktion,"10120 Føde-, drikke- og tobaksvareindustri-(Tilgang)",Faste bruttoinvesteringer + Lagerforøgelse + Værdigenstande (Anvendelse),2022,2469.344050702542
Dansk produktion,"10120 Føde-, drikke- og tobaksvareindustri-(Tilgang)",Husholdningernes forbrugsudgifter + NPISH (Anvendelse),1967,35188.885300968424
Dansk produktion,"10120 Føde-, drikke- og tobaksvareindustri-(Tilgang)",Husholdningernes forbrugsudgifter + NPISH (Anvendelse),1968,34825.98048783134
Dansk produktion,"10120 Føde-, drikke- og tobaksvareindustri-(Tilgang)",Husholdningernes forbrugsudgifter + NPISH (Anvendelse),1969,35813.58487756085
Dansk produktion,"10120 Føde-, drikke- og tobaksvareindustri-(Tilgang)",Husholdningernes forbrugsudgifter + NPISH (Anvendelse),1970,36765.05666128418
Dansk produktion,"10120 Føde-, drikke- og tobaksvareindustri-(Tilgang)",Husholdningernes forbrugsudgifter + NPISH (Anvendelse),1971,36606.68321308291
Dansk produktion,"10120 Føde-, drikke- og tobaksvareindustri-(Tilgang)",Husholdningernes forbrugsudgifter + NPISH (Anvendelse),1972,35744.477026735556
Dansk produktion,"10120 Føde-, drikke- og tobaksvareindustri-(Tilgang)",Husholdningernes forbrugsudgifter + NPISH (Anvendelse),1973,35107.01542885737
Dansk produktion,"10120 Føde-, drikke- og tobaksvareindustri-(Tilgang)",Husholdningernes forbrugsudgifter + NPISH (Anvendelse),1974,34717.5959156912
Dansk produktion,"10120 Føde-, drikke- og tobaksvareindustri-(Tilgang)",Husholdningernes forbrugsudgifter + NPISH (Anvendelse),1975,34004.31943126733
Dansk produktion,"10120 Føde-, drikke- og tobaksvareindustri-(Tilgang)",Husholdningernes forbrugsudgifter + NPISH (Anvendelse),1976,34719.07033088248
Dansk produktion,"10120 Føde-, drikke- og tobaksvareindustri-(Tilgang)",Husholdningernes forbrugsudgifter + NPISH (Anvendelse),1977,34926.67133930077
Dansk produktion,"10120 Føde-, drikke- og tobaksvareindustri-(Tilgang)",Husholdningernes forbrugsudgifter + NPISH (Anvendelse),1978,36124.05556603444
Dansk produktion,"10120 Føde-, drikke- og tobaksvareindustri-(Tilgang)",Husholdningernes forbrugsudgifter + NPISH (Anvendelse),1979,36325.12342733043
Dansk produktion,"10120 Føde-, drikke- og tobaksvareindustri-(Tilgang)",Husholdningernes forbrugsudgifter + NPISH (Anvendelse),1980,36665.62640375133
Dansk produktion,"10120 Føde-, drikke- og tobaksvareindustri-(Tilgang)",Husholdningernes forbrugsudgifter + NPISH (Anvendelse),1981,36724.98817685803
Dansk produktion,"10120 Føde-, drikke- og tobaksvareindustri-(Tilgang)",Husholdningernes forbrugsudgifter + NPISH (Anvendelse),1982,36316.64560048625
Dansk produktion,"10120 Føde-, drikke- og tobaksvareindustri-(Tilgang)",Husholdningernes forbrugsudgifter + NPISH (Anvendelse),1983,36717.86200113992
Dansk produktion,"10120 Føde-, drikke- og tobaksvareindustri-(Tilgang)",Husholdningernes forbrugsudgifter + NPISH (Anvendelse),1984,36442.19138241689
Dansk produktion,"10120 Føde-, drikke- og tobaksvareindustri-(Tilgang)",Husholdningernes forbrugsudgifter + NPISH (Anvendelse),1985,36437.273820663955
Dansk produktion,"10120 Føde-, drikke- og tobaksvareindustri-(Tilgang)",Husholdningernes forbrugsudgifter + NPISH (Anvendelse),1986,37911.004212086125
Dansk produktion,"10120 Føde-, drikke- og tobaksvareindustri-(Tilgang)",Husholdningernes forbrugsudgifter + NPISH (Anvendelse),1987,36551.04730991072
Dansk produktion,"10120 Føde-, drikke- og tobaksvareindustri-(Tilgang)",Husholdningernes forbrugsudgifter + NPISH (Anvendelse),1988,37065.667461728495
Dansk produktion,"10120 Føde-, drikke- og tobaksvareindustri-(Tilgang)",Husholdningernes forbrugsudgifter + NPISH (Anvendelse),1989,37221.83510152846
Dansk produktion,"10120 Føde-, drikke- og tobaksvareindustri-(Tilgang)",Husholdningernes forbrugsudgifter + NPISH (Anvendelse),1990,36878.05901556966
Dansk produktion,"10120 Føde-, drikke- og tobaksvareindustri-(Tilgang)",Husholdningernes forbrugsudgifter + NPISH (Anvendelse),1991,36302.60419675379
Dansk produktion,"10120 Føde-, drikke- og tobaksvareindustri-(Tilgang)",Husholdningernes forbrugsudgifter + NPISH (Anvendelse),1992,36892.942131396354
Dansk produktion,"10120 Føde-, drikke- og tobaksvareindustri-(Tilgang)",Husholdningernes forbrugsudgifter + NPISH (Anvendelse),1993,37355.24464184583
Dansk produktion,"10120 Føde-, drikke- og tobaksvareindustri-(Tilgang)",Husholdningernes forbrugsudgifter + NPISH (Anvendelse),1994,37365.60151323177
Dansk produktion,"10120 Føde-, drikke- og tobaksvareindustri-(Tilgang)",Husholdningernes forbrugsudgifter + NPISH (Anvendelse),1995,38462.67775118051
Dansk produktion,"10120 Føde-, drikke- og tobaksvareindustri-(Tilgang)",Husholdningernes forbrugsudgifter + NPISH (Anvendelse),1996,38928.557622541666
Dansk produktion,"10120 Føde-, drikke- og tobaksvareindustri-(Tilgang)",Husholdningernes forbrugsudgifter + NPISH (Anvendelse),1997,39422.35159699948
Dansk produktion,"10120 Føde-, drikke- og tobaksvareindustri-(Tilgang)",Husholdningernes forbrugsudgifter + NPISH (Anvendelse),1998,39232.11086397724
Dansk produktion,"10120 Føde-, drikke- og tobaksvareindustri-(Tilgang)",Husholdningernes forbrugsudgifter + NPISH (Anvendelse),1999,37001.37208309319
Dansk produktion,"10120 Føde-, drikke- og tobaksvareindustri-(Tilgang)",Husholdningernes forbrugsudgifter + NPISH (Anvendelse),2000,36644.29421253238
Dansk produktion,"10120 Føde-, drikke- og tobaksvareindustri-(Tilgang)",Husholdningernes forbrugsudgifter + NPISH (Anvendelse),2001,36502.03344019891
Dansk produktion,"10120 Føde-, drikke- og tobaksvareindustri-(Tilgang)",Husholdningernes forbrugsudgifter + NPISH (Anvendelse),2002,35280.17248528653
Dansk produktion,"10120 Føde-, drikke- og tobaksvareindustri-(Tilgang)",Husholdningernes forbrugsudgifter + NPISH (Anvendelse),2003,35452.007154828745
Dansk produktion,"10120 Føde-, drikke- og tobaksvareindustri-(Tilgang)",Husholdningernes forbrugsudgifter + NPISH (Anvendelse),2004,36773.632069347
Dansk produktion,"10120 Føde-, drikke- og tobaksvareindustri-(Tilgang)",Husholdningernes forbrugsudgifter + NPISH (Anvendelse),2005,36519.39403931151
Dansk produktion,"10120 Føde-, drikke- og tobaksvareindustri-(Tilgang)",Husholdningernes forbrugsudgifter + NPISH (Anvendelse),2006,35718.623748599326
Dansk produktion,"10120 Føde-, drikke- og tobaksvareindustri-(Tilgang)",Husholdningernes forbrugsudgifter + NPISH (Anvendelse),2007,34477.437567995454
Dansk produktion,"10120 Føde-, drikke- og tobaksvareindustri-(Tilgang)",Husholdningernes forbrugsudgifter + NPISH (Anvendelse),2008,33753.76958798538
Dansk produktion,"10120 Føde-, drikke- og tobaksvareindustri-(Tilgang)",Husholdningernes forbrugsudgifter + NPISH (Anvendelse),2009,32416.649372645097
Dansk produktion,"10120 Føde-, drikke- og tobaksvareindustri-(Tilgang)",Husholdningernes forbrugsudgifter + NPISH (Anvendelse),2010,31625.400504933652
Dansk produktion,"10120 Føde-, drikke- og tobaksvareindustri-(Tilgang)",Husholdningernes forbrugsudgifter + NPISH (Anvendelse),2011,28748.415697711178
Dansk produktion,"10120 Føde-, drikke- og tobaksvareindustri-(Tilgang)",Husholdningernes forbrugsudgifter + NPISH (Anvendelse),2012,28318.90853694506
Dansk produktion,"10120 Føde-, drikke- og tobaksvareindustri-(Tilgang)",Husholdningernes forbrugsudgifter + NPISH (Anvendelse),2013,28327.426620017035
Dansk produktion,"10120 Føde-, drikke- og tobaksvareindustri-(Tilgang)",Husholdningernes forbrugsudgifter + NPISH (Anvendelse),2014,28521.65792007251
Dansk produktion,"10120 Føde-, drikke- og tobaksvareindustri-(Tilgang)",Husholdningernes forbrugsudgifter + NPISH (Anvendelse),2015,26558.188069704855
Dansk produktion,"10120 Føde-, drikke- og tobaksvareindustri-(Tilgang)",Husholdningernes forbrugsudgifter + NPISH (Anvendelse),2016,27190.435704229985
Dansk produktion,"10120 Føde-, drikke- og tobaksvareindustri-(Tilgang)",Husholdningernes forbrugsudgifter + NPISH (Anvendelse),2017,28242.376793456042
Dansk produktion,"10120 Føde-, drikke- og tobaksvareindustri-(Tilgang)",Husholdningernes forbrugsudgifter + NPISH (Anvendelse),2018,29081.038386312208
Dansk produktion,"10120 Føde-, drikke- og tobaksvareindustri-(Tilgang)",Husholdningernes forbrugsudgifter + NPISH (Anvendelse),2019,29338.221849463738
Dansk produktion,"10120 Føde-, drikke- og tobaksvareindustri-(Tilgang)",Husholdningernes forbrugsudgifter + NPISH (Anvendelse),2020,31335.185
Dansk produktion,"10120 Føde-, drikke- og tobaksvareindustri-(Tilgang)",Husholdningernes forbrugsudgifter + NPISH (Anvendelse),2021,32366.404
Dansk produktion,"10120 Føde-, drikke- og tobaksvareindustri-(Tilgang)",Husholdningernes forbrugsudgifter + NPISH (Anvendelse),2022,33005.848889133085
Dansk produktion,"10120 Føde-, drikke- og tobaksvareindustri-(Tilgang)","Offentligt forbrug, i alt-(Anvendelse)",1967,
Dansk produktion,"10120 Føde-, drikke- og tobaksvareindustri-(Tilgang)","Offentligt forbrug, i alt-(Anvendelse)",1968,
Dansk produktion,"10120 Føde-, drikke- og tobaksvareindustri-(Tilgang)","Offentligt forbrug, i alt-(Anvendelse)",1969,
Dansk produktion,"10120 Føde-, drikke- og tobaksvareindustri-(Tilgang)","Offentligt forbrug, i alt-(Anvendelse)",1970,
Dansk produktion,"10120 Føde-, drikke- og tobaksvareindustri-(Tilgang)","Offentligt forbrug, i alt-(Anvendelse)",1971,
Dansk produktion,"10120 Føde-, drikke- og tobaksvareindustri-(Tilgang)","Offentligt forbrug, i alt-(Anvendelse)",1972,
Dansk produktion,"10120 Føde-, drikke- og tobaksvareindustri-(Tilgang)","Offentligt forbrug, i alt-(Anvendelse)",1973,
Dansk produktion,"10120 Føde-, drikke- og tobaksvareindustri-(Tilgang)","Offentligt forbrug, i alt-(Anvendelse)",1974,
Dansk produktion,"10120 Føde-, drikke- og tobaksvareindustri-(Tilgang)","Offentligt forbrug, i alt-(Anvendelse)",1975,
Dansk produktion,"10120 Føde-, drikke- og tobaksvareindustri-(Tilgang)","Offentligt forbrug, i alt-(Anvendelse)",1976,
Dansk produktion,"10120 Føde-, drikke- og tobaksvareindustri-(Tilgang)","Offentligt forbrug, i alt-(Anvendelse)",1977,
Dansk produktion,"10120 Føde-, drikke- og tobaksvareindustri-(Tilgang)","Offentligt forbrug, i alt-(Anvendelse)",1978,
Dansk produktion,"10120 Føde-, drikke- og tobaksvareindustri-(Tilgang)","Offentligt forbrug, i alt-(Anvendelse)",1979,
Dansk produktion,"10120 Føde-, drikke- og tobaksvareindustri-(Tilgang)","Offentligt forbrug, i alt-(Anvendelse)",1980,
Dansk produktion,"10120 Føde-, drikke- og tobaksvareindustri-(Tilgang)","Offentligt forbrug, i alt-(Anvendelse)",1981,
Dansk produktion,"10120 Føde-, drikke- og tobaksvareindustri-(Tilgang)","Offentligt forbrug, i alt-(Anvendelse)",1982,
Dansk produktion,"10120 Føde-, drikke- og tobaksvareindustri-(Tilgang)","Offentligt forbrug, i alt-(Anvendelse)",1983,
Dansk produktion,"10120 Føde-, drikke- og tobaksvareindustri-(Tilgang)","Offentligt forbrug, i alt-(Anvendelse)",1984,
Dansk produktion,"10120 Føde-, drikke- og tobaksvareindustri-(Tilgang)","Offentligt forbrug, i alt-(Anvendelse)",1985,
Dansk produktion,"10120 Føde-, drikke- og tobaksvareindustri-(Tilgang)","Offentligt forbrug, i alt-(Anvendelse)",1986,
Dansk produktion,"10120 Føde-, drikke- og tobaksvareindustri-(Tilgang)","Offentligt forbrug, i alt-(Anvendelse)",1987,
Dansk produktion,"10120 Føde-, drikke- og tobaksvareindustri-(Tilgang)","Offentligt forbrug, i alt-(Anvendelse)",1988,
Dansk produktion,"10120 Føde-, drikke- og tobaksvareindustri-(Tilgang)","Offentligt forbrug, i alt-(Anvendelse)",1989,
Dansk produktion,"10120 Føde-, drikke- og tobaksvareindustri-(Tilgang)","Offentligt forbrug, i alt-(Anvendelse)",1990,
Dansk produktion,"10120 Føde-, drikke- og tobaksvareindustri-(Tilgang)","Offentligt forbrug, i alt-(Anvendelse)",1991,
Dansk produktion,"10120 Føde-, drikke- og tobaksvareindustri-(Tilgang)","Offentligt forbrug, i alt-(Anvendelse)",1992,
Dansk produktion,"10120 Føde-, drikke- og tobaksvareindustri-(Tilgang)","Offentligt forbrug, i alt-(Anvendelse)",1993,
Dansk produktion,"10120 Føde-, drikke- og tobaksvareindustri-(Tilgang)","Offentligt forbrug, i alt-(Anvendelse)",1994,
Dansk produktion,"10120 Føde-, drikke- og tobaksvareindustri-(Tilgang)","Offentligt forbrug, i alt-(Anvendelse)",1995,
Dansk produktion,"10120 Føde-, drikke- og tobaksvareindustri-(Tilgang)","Offentligt forbrug, i alt-(Anvendelse)",1996,
Dansk produktion,"10120 Føde-, drikke- og tobaksvareindustri-(Tilgang)","Offentligt forbrug, i alt-(Anvendelse)",1997,
Dansk produktion,"10120 Føde-, drikke- og tobaksvareindustri-(Tilgang)","Offentligt forbrug, i alt-(Anvendelse)",1998,
Dansk produktion,"10120 Føde-, drikke- og tobaksvareindustri-(Tilgang)","Offentligt forbrug, i alt-(Anvendelse)",1999,
Dansk produktion,"10120 Føde-, drikke- og tobaksvareindustri-(Tilgang)","Offentligt forbrug, i alt-(Anvendelse)",2000,
Dansk produktion,"10120 Føde-, drikke- og tobaksvareindustri-(Tilgang)","Offentligt forbrug, i alt-(Anvendelse)",2001,
Dansk produktion,"10120 Føde-, drikke- og tobaksvareindustri-(Tilgang)","Offentligt forbrug, i alt-(Anvendelse)",2002,
Dansk produktion,"10120 Føde-, drikke- og tobaksvareindustri-(Tilgang)","Offentligt forbrug, i alt-(Anvendelse)",2003,
Dansk produktion,"10120 Føde-, drikke- og tobaksvareindustri-(Tilgang)","Offentligt forbrug, i alt-(Anvendelse)",2004,
Dansk produktion,"10120 Føde-, drikke- og tobaksvareindustri-(Tilgang)","Offentligt forbrug, i alt-(Anvendelse)",2005,
Dansk produktion,"10120 Føde-, drikke- og tobaksvareindustri-(Tilgang)","Offentligt forbrug, i alt-(Anvendelse)",2006,
Dansk produktion,"10120 Føde-, drikke- og tobaksvareindustri-(Tilgang)","Offentligt forbrug, i alt-(Anvendelse)",2007,
Dansk produktion,"10120 Føde-, drikke- og tobaksvareindustri-(Tilgang)","Offentligt forbrug, i alt-(Anvendelse)",2008,
Dansk produktion,"10120 Føde-, drikke- og tobaksvareindustri-(Tilgang)","Offentligt forbrug, i alt-(Anvendelse)",2009,
Dansk produktion,"10120 Føde-, drikke- og tobaksvareindustri-(Tilgang)","Offentligt forbrug, i alt-(Anvendelse)",2010,
Dansk produktion,"10120 Føde-, drikke- og tobaksvareindustri-(Tilgang)","Offentligt forbrug, i alt-(Anvendelse)",2011,
Dansk produktion,"10120 Føde-, drikke- og tobaksvareindustri-(Tilgang)","Offentligt forbrug, i alt-(Anvendelse)",2012,
Dansk produktion,"10120 Føde-, drikke- og tobaksvareindustri-(Tilgang)","Offentligt forbrug, i alt-(Anvendelse)",2013,
Dansk produktion,"10120 Føde-, drikke- og tobaksvareindustri-(Tilgang)","Offentligt forbrug, i alt-(Anvendelse)",2014,
Dansk produktion,"10120 Føde-, drikke- og tobaksvareindustri-(Tilgang)","Offentligt forbrug, i alt-(Anvendelse)",2015,
Dansk produktion,"10120 Føde-, drikke- og tobaksvareindustri-(Tilgang)","Offentligt forbrug, i alt-(Anvendelse)",2016,
Dansk produktion,"10120 Føde-, drikke- og tobaksvareindustri-(Tilgang)","Offentligt forbrug, i alt-(Anvendelse)",2017,
Dansk produktion,"10120 Føde-, drikke- og tobaksvareindustri-(Tilgang)","Offentligt forbrug, i alt-(Anvendelse)",2018,
Dansk produktion,"10120 Føde-, drikke- og tobaksvareindustri-(Tilgang)","Offentligt forbrug, i alt-(Anvendelse)",2019,0.0
Dansk produktion,"10120 Føde-, drikke- og tobaksvareindustri-(Tilgang)","Offentligt forbrug, i alt-(Anvendelse)",2020,22.049
Dansk produktion,"10120 Føde-, drikke- og tobaksvareindustri-(Tilgang)","Offentligt forbrug, i alt-(Anvendelse)",2021,23.434
Dansk produktion,"10120 Føde-, drikke- og tobaksvareindustri-(Tilgang)","Offentligt forbrug, i alt-(Anvendelse)",2022,30.468275824035977
Dansk produktion,"10120 Føde-, drikke- og tobaksvareindustri-(Tilgang)",Privat,1967,21351.678168791754
Dansk produktion,"10120 Føde-, drikke- og tobaksvareindustri-(Tilgang)",Privat,1968,23669.801401927794
Dansk produktion,"10120 Føde-, drikke- og tobaksvareindustri-(Tilgang)",Privat,1969,24268.006163177008
Dansk produktion,"10120 Føde-, drikke- og tobaksvareindustri-(Tilgang)",Privat,1970,25254.049641541682
Dansk produktion,"10120 Føde-, drikke- og tobaksvareindustri-(Tilgang)",Privat,1971,26404.53101162091
Dansk produktion,"10120 Føde-, drikke- og tobaksvareindustri-(Tilgang)",Privat,1972,28341.57498178199
Dansk produktion,"10120 Føde-, drikke- og tobaksvareindustri-(Tilgang)",Privat,1973,27236.86289889224
Dansk produktion,"10120 Føde-, drikke- og tobaksvareindustri-(Tilgang)",Privat,1974,28365.316530082877
Dansk produktion,"10120 Føde-, drikke- og tobaksvareindustri-(Tilgang)",Privat,1975,28377.97031022035
Dansk produktion,"10120 Føde-, drikke- og tobaksvareindustri-(Tilgang)",Privat,1976,30337.46069865132
Dansk produktion,"10120 Føde-, drikke- og tobaksvareindustri-(Tilgang)",Privat,1977,31754.59004305428
Dansk produktion,"10120 Føde-, drikke- og tobaksvareindustri-(Tilgang)",Privat,1978,33297.79416451912
Dansk produktion,"10120 Føde-, drikke- og tobaksvareindustri-(Tilgang)",Privat,1979,39034.47737267426
Dansk produktion,"10120 Føde-, drikke- og tobaksvareindustri-(Tilgang)",Privat,1980,40645.2433229139
Dansk produktion,"10120 Føde-, drikke- og tobaksvareindustri-(Tilgang)",Privat,1981,39885.56992030684
Dansk produktion,"10120 Føde-, drikke- og tobaksvareindustri-(Tilgang)",Privat,1982,35639.56286913816
Dansk produktion,"10120 Føde-, drikke- og tobaksvareindustri-(Tilgang)",Privat,1983,31350.828016478314
Dansk produktion,"10120 Føde-, drikke- og tobaksvareindustri-(Tilgang)",Privat,1984,31922.309521503063
Dansk produktion,"10120 Føde-, drikke- og tobaksvareindustri-(Tilgang)",Privat,1985,36201.59905353476
Dansk produktion,"10120 Føde-, drikke- og tobaksvareindustri-(Tilgang)",Privat,1986,38795.70458474686
Dansk produktion,"10120 Føde-, drikke- og tobaksvareindustri-(Tilgang)",Privat,1987,37650.17902305445
Dansk produktion,"10120 Føde-, drikke- og tobaksvareindustri-(Tilgang)",Privat,1988,37558.02196769919
Dansk produktion,"10120 Føde-, drikke- og tobaksvareindustri-(Tilgang)",Privat,1989,35447.52141915607
Dansk produktion,"10120 Føde-, drikke- og tobaksvareindustri-(Tilgang)",Privat,1990,38188.780075884366
Dansk produktion,"10120 Føde-, drikke- og tobaksvareindustri-(Tilgang)",Privat,1991,35994.565921257905
Dansk produktion,"10120 Føde-, drikke- og tobaksvareindustri-(Tilgang)",Privat,1992,38275.024914296504
Dansk produktion,"10120 Føde-, drikke- og tobaksvareindustri-(Tilgang)",Privat,1993,42800.25220172122
Dansk produktion,"10120 Føde-, drikke- og tobaksvareindustri-(Tilgang)",Privat,1994,40714.24577453027
Dansk produktion,"10120 Føde-, drikke- og tobaksvareindustri-(Tilgang)",Privat,1995,40143.10385917676
Dansk produktion,"10120 Føde-, drikke- og tobaksvareindustri-(Tilgang)",Privat,1996,32136.52317409148
Dansk produktion,"10120 Føde-, drikke- og tobaksvareindustri-(Tilgang)",Privat,1997,30322.67047248447
Dansk produktion,"10120 Føde-, drikke- og tobaksvareindustri-(Tilgang)",Privat,1998,33228.45690880477
Dansk produktion,"10120 Føde-, drikke- og tobaksvareindustri-(Tilgang)",Privat,1999,30785.20874665548
Dansk produktion,"10120 Føde-, drikke- og tobaksvareindustri-(Tilgang)",Privat,2000,29820.164665039916
Dansk produktion,"10120 Føde-, drikke- og tobaksvareindustri-(Tilgang)",Privat,2001,30251.305255507483
Dansk produktion,"10120 Føde-, drikke- og tobaksvareindustri-(Tilgang)",Privat,2002,34363.72536924742
Dansk produktion,"10120 Føde-, drikke- og tobaksvareindustri-(Tilgang)",Privat,2003,36588.05862982635
Dansk produktion,"10120 Føde-, drikke- og tobaksvareindustri-(Tilgang)",Privat,2004,37831.77121932184
Dansk produktion,"10120 Føde-, drikke- og tobaksvareindustri-(Tilgang)",Privat,2005,38170.72550409369
Dansk produktion,"10120 Føde-, drikke- og tobaksvareindustri-(Tilgang)",Privat,2006,37819.5097126429
Dansk produktion,"10120 Føde-, drikke- og tobaksvareindustri-(Tilgang)",Privat,2007,39089.2381058896
Dansk produktion,"10120 Føde-, drikke- og tobaksvareindustri-(Tilgang)",Privat,2008,37234.28289877519
Dansk produktion,"10120 Føde-, drikke- og tobaksvareindustri-(Tilgang)",Privat,2009,37838.50909070103
Dansk produktion,"10120 Føde-, drikke- og tobaksvareindustri-(Tilgang)",Privat,2010,33179.005997403176
Dansk produktion,"10120 Føde-, drikke- og tobaksvareindustri-(Tilgang)",Privat,2011,32864.68953323446
Dansk produktion,"10120 Føde-, drikke- og tobaksvareindustri-(Tilgang)",Privat,2012,32349.504062812954
Dansk produktion,"10120 Føde-, drikke- og tobaksvareindustri-(Tilgang)",Privat,2013,33258.85228098546
Dansk produktion,"10120 Føde-, drikke- og tobaksvareindustri-(Tilgang)",Privat,2014,34504.83772057093
Dansk produktion,"10120 Føde-, drikke- og tobaksvareindustri-(Tilgang)",Privat,2015,35254.67201874921
Dansk produktion,"10120 Føde-, drikke- og tobaksvareindustri-(Tilgang)",Privat,2016,35280.83978310288
Dansk produktion,"10120 Føde-, drikke- og tobaksvareindustri-(Tilgang)",Privat,2017,36844.799402063036
Dansk produktion,"10120 Føde-, drikke- og tobaksvareindustri-(Tilgang)",Privat,2018,37375.76231043085
Dansk produktion,"10120 Føde-, drikke- og tobaksvareindustri-(Tilgang)",Privat,2019,38613.19352632554
Dansk produktion,"10120 Føde-, drikke- og tobaksvareindustri-(Tilgang)",Privat,2020,39337.909
Dansk produktion,"10120 Føde-, drikke- og tobaksvareindustri-(Tilgang)",Privat,2021,38819.723
Dansk produktion,"10120 Føde-, drikke- og tobaksvareindustri-(Tilgang)",Privat,2022,41362.09226647379
Dansk produktion,"10120 Føde-, drikke- og tobaksvareindustri-(Tilgang)",REST_ANVENDELSE Øvrige brancher,1967,7191.1217547149945
Dansk produktion,"10120 Føde-, drikke- og tobaksvareindustri-(Tilgang)",REST_ANVENDELSE Øvrige brancher,1968,7192.848176854679
Dansk produktion,"10120 Føde-, drikke- og tobaksvareindustri-(Tilgang)",REST_ANVENDELSE Øvrige brancher,1969,7909.739719339224
Dansk produktion,"10120 Føde-, drikke- og tobaksvareindustri-(Tilgang)",REST_ANVENDELSE Øvrige brancher,1970,8092.654874185272
Dansk produktion,"10120 Føde-, drikke- og tobaksvareindustri-(Tilgang)",REST_ANVENDELSE Øvrige brancher,1971,8086.77839630518
Dansk produktion,"10120 Føde-, drikke- og tobaksvareindustri-(Tilgang)",REST_ANVENDELSE Øvrige brancher,1972,9246.535410573502
Dansk produktion,"10120 Føde-, drikke- og tobaksvareindustri-(Tilgang)",REST_ANVENDELSE Øvrige brancher,1973,8969.813337577716
Dansk produktion,"10120 Føde-, drikke- og tobaksvareindustri-(Tilgang)",REST_ANVENDELSE Øvrige brancher,1974,8732.223860789753
Dansk produktion,"10120 Føde-, drikke- og tobaksvareindustri-(Tilgang)",REST_ANVENDELSE Øvrige brancher,1975,9110.216617640022
Dansk produktion,"10120 Føde-, drikke- og tobaksvareindustri-(Tilgang)",REST_ANVENDELSE Øvrige brancher,1976,9396.295670013604
Dansk produktion,"10120 Føde-, drikke- og tobaksvareindustri-(Tilgang)",REST_ANVENDELSE Øvrige brancher,1977,9509.935845357295
Dansk produktion,"10120 Føde-, drikke- og tobaksvareindustri-(Tilgang)",REST_ANVENDELSE Øvrige brancher,1978,9684.729458756796
Dansk produktion,"10120 Føde-, drikke- og tobaksvareindustri-(Tilgang)",REST_ANVENDELSE Øvrige brancher,1979,9975.16021586251
Dansk produktion,"10120 Føde-, drikke- og tobaksvareindustri-(Tilgang)",REST_ANVENDELSE Øvrige brancher,1980,10392.749866442957
Dansk produktion,"10120 Føde-, drikke- og tobaksvareindustri-(Tilgang)",REST_ANVENDELSE Øvrige brancher,1981,9939.56371768054
Dansk produktion,"10120 Føde-, drikke- og tobaksvareindustri-(Tilgang)",REST_ANVENDELSE Øvrige brancher,1982,10020.48356280006
Dansk produktion,"10120 Føde-, drikke- og tobaksvareindustri-(Tilgang)",REST_ANVENDELSE Øvrige brancher,1983,11286.371870198222
Dansk produktion,"10120 Føde-, drikke- og tobaksvareindustri-(Tilgang)",REST_ANVENDELSE Øvrige brancher,1984,11328.527833346767
Dansk produktion,"10120 Føde-, drikke- og tobaksvareindustri-(Tilgang)",REST_ANVENDELSE Øvrige brancher,1985,11918.964628525977
Dansk produktion,"10120 Føde-, drikke- og tobaksvareindustri-(Tilgang)",REST_ANVENDELSE Øvrige brancher,1986,12968.724808335857
Dansk produktion,"10120 Føde-, drikke- og tobaksvareindustri-(Tilgang)",REST_ANVENDELSE Øvrige brancher,1987,12714.435100097318
Dansk produktion,"10120 Føde-, drikke- og tobaksvareindustri-(Tilgang)",REST_ANVENDELSE Øvrige brancher,1988,13543.10240168953
Dansk produktion,"10120 Føde-, drikke- og tobaksvareindustri-(Tilgang)",REST_ANVENDELSE Øvrige brancher,1989,13091.874036227566
Dansk produktion,"10120 Føde-, drikke- og tobaksvareindustri-(Tilgang)",REST_ANVENDELSE Øvrige brancher,1990,13362.50448596387
Dansk produktion,"10120 Føde-, drikke- og tobaksvareindustri-(Tilgang)",REST_ANVENDELSE Øvrige brancher,1991,13141.520058167689
Dansk produktion,"10120 Føde-, drikke- og tobaksvareindustri-(Tilgang)",REST_ANVENDELSE Øvrige brancher,1992,13650.135938844944
Dansk produktion,"10120 Føde-, drikke- og tobaksvareindustri-(Tilgang)",REST_ANVENDELSE Øvrige brancher,1993,13540.814397263846
Dansk produktion,"10120 Føde-, drikke- og tobaksvareindustri-(Tilgang)",REST_ANVENDELSE Øvrige brancher,1994,13880.97360048644
Dansk produktion,"10120 Føde-, drikke- og tobaksvareindustri-(Tilgang)",REST_ANVENDELSE Øvrige brancher,1995,14127.465105507132
Dansk produktion,"10120 Føde-, drikke- og tobaksvareindustri-(Tilgang)",REST_ANVENDELSE Øvrige brancher,1996,12912.805501064664
Dansk produktion,"10120 Føde-, drikke- og tobaksvareindustri-(Tilgang)",REST_ANVENDELSE Øvrige brancher,1997,12840.650465561837
Dansk produktion,"10120 Føde-, drikke- og tobaksvareindustri-(Tilgang)",REST_ANVENDELSE Øvrige brancher,1998,13797.939815064501
Dansk produktion,"10120 Føde-, drikke- og tobaksvareindustri-(Tilgang)",REST_ANVENDELSE Øvrige brancher,1999,14298.441376345743
Dansk produktion,"10120 Føde-, drikke- og tobaksvareindustri-(Tilgang)",REST_ANVENDELSE Øvrige brancher,2000,13826.129346781563
Dansk produktion,"10120 Føde-, drikke- og tobaksvareindustri-(Tilgang)",REST_ANVENDELSE Øvrige brancher,2001,14173.827983743582
Dansk produktion,"10120 Føde-, drikke- og tobaksvareindustri-(Tilgang)",REST_ANVENDELSE Øvrige brancher,2002,13209.382660115843
Dansk produktion,"10120 Føde-, drikke- og tobaksvareindustri-(Tilgang)",REST_ANVENDELSE Øvrige brancher,2003,13027.490498655978
Dansk produktion,"10120 Føde-, drikke- og tobaksvareindustri-(Tilgang)",REST_ANVENDELSE Øvrige brancher,2004,13879.795611950482
Dansk produktion,"10120 Føde-, drikke- og tobaksvareindustri-(Tilgang)",REST_ANVENDELSE Øvrige brancher,2005,14105.682763624456
Dansk produktion,"10120 Føde-, drikke- og tobaksvareindustri-(Tilgang)",REST_ANVENDELSE Øvrige brancher,2006,13945.42857727464
Dansk produktion,"10120 Føde-, drikke- og tobaksvareindustri-(Tilgang)",REST_ANVENDELSE Øvrige brancher,2007,14976.831390439653
Dansk produktion,"10120 Føde-, drikke- og tobaksvareindustri-(Tilgang)",REST_ANVENDELSE Øvrige brancher,2008,12942.491940277781
Dansk produktion,"10120 Føde-, drikke- og tobaksvareindustri-(Tilgang)",REST_ANVENDELSE Øvrige brancher,2009,13371.729899768683
Dansk produktion,"10120 Føde-, drikke- og tobaksvareindustri-(Tilgang)",REST_ANVENDELSE Øvrige brancher,2010,11108.65223402352
Dansk produktion,"10120 Føde-, drikke- og tobaksvareindustri-(Tilgang)",REST_ANVENDELSE Øvrige brancher,2011,10496.513878181086
Dansk produktion,"10120 Føde-, drikke- og tobaksvareindustri-(Tilgang)",REST_ANVENDELSE Øvrige brancher,2012,10484.393629811078
Dansk produktion,"10120 Føde-, drikke- og tobaksvareindustri-(Tilgang)",REST_ANVENDELSE Øvrige brancher,2013,11085.414687693501
Dansk produktion,"10120 Føde-, drikke- og tobaksvareindustri-(Tilgang)",REST_ANVENDELSE Øvrige brancher,2014,13313.886235804108
Dansk produktion,"10120 Føde-, drikke- og tobaksvareindustri-(Tilgang)",REST_ANVENDELSE Øvrige brancher,2015,12468.965025913896
Dansk produktion,"10120 Føde-, drikke- og tobaksvareindustri-(Tilgang)",REST_ANVENDELSE Øvrige brancher,2016,11596.236591262605
Dansk produktion,"10120 Føde-, drikke- og tobaksvareindustri-(Tilgang)",REST_ANVENDELSE Øvrige brancher,2017,12325.724916859332
Dansk produktion,"10120 Føde-, drikke- og tobaksvareindustri-(Tilgang)",REST_ANVENDELSE Øvrige brancher,2018,12922.920174802044
Dansk produktion,"10120 Føde-, drikke- og tobaksvareindustri-(Tilgang)",REST_ANVENDELSE Øvrige brancher,2019,13797.305805974242
Dansk produktion,"10120 Føde-, drikke- og tobaksvareindustri-(Tilgang)",REST_ANVENDELSE Øvrige brancher,2020,12844.096
Dansk produktion,"10120 Føde-, drikke- og tobaksvareindustri-(Tilgang)",REST_ANVENDELSE Øvrige brancher,2021,12504.297
Dansk produktion,"10120 Føde-, drikke- og tobaksvareindustri-(Tilgang)",REST_ANVENDELSE Øvrige brancher,2022,14326.271707049096
Dansk produktion,Privat,01000 Landbrug og gartneri- (Anvendelse),1967,30647.2339974221
Dansk produktion,Privat,01000 Landbrug og gartneri- (Anvendelse),1968,31853.49063839122
Dansk produktion,Privat,01000 Landbrug og gartneri- (Anvendelse),1969,31221.70639467161
Dansk produktion,Privat,01000 Landbrug og gartneri- (Anvendelse),1970,32031.74865548532
Dansk produktion,Privat,01000 Landbrug og gartneri- (Anvendelse),1971,31877.35731683633
Dansk produktion,Privat,01000 Landbrug og gartneri- (Anvendelse),1972,32060.04349622096
Dansk produktion,Privat,01000 Landbrug og gartneri- (Anvendelse),1973,34801.29041991316
Dansk produktion,Privat,01000 Landbrug og gartneri- (Anvendelse),1974,32519.975650514974
Dansk produktion,Privat,01000 Landbrug og gartneri- (Anvendelse),1975,32608.520109477835
Dansk produktion,Privat,01000 Landbrug og gartneri- (Anvendelse),1976,34908.71499329924
Dansk produktion,Privat,01000 Landbrug og gartneri- (Anvendelse),1977,34264.79406981317
Dansk produktion,Privat,01000 Landbrug og gartneri- (Anvendelse),1978,36852.04592182658
Dansk produktion,Privat,01000 Landbrug og gartneri- (Anvendelse),1979,38172.3264960768
Dansk produktion,Privat,01000 Landbrug og gartneri- (Anvendelse),1980,37110.81794316126
Dansk produktion,Privat,01000 Landbrug og gartneri- (Anvendelse),1981,35387.04660649456
Dansk produktion,Privat,01000 Landbrug og gartneri- (Anvendelse),1982,35801.46245495905
Dansk produktion,Privat,01000 Landbrug og gartneri- (Anvendelse),1983,35291.33163632215
Dansk produktion,Privat,01000 Landbrug og gartneri- (Anvendelse),1984,35908.46081389585
Dansk produktion,Privat,01000 Landbrug og gartneri- (Anvendelse),1985,36596.72692542619
Dansk produktion,Privat,01000 Landbrug og gartneri- (Anvendelse),1986,35561.71765878394
Dansk produktion,Privat,01000 Landbrug og gartneri- (Anvendelse),1987,37846.78862364139
Dansk produktion,Privat,01000 Landbrug og gartneri- (Anvendelse),1988,36170.61116859567
Dansk produktion,Privat,01000 Landbrug og gartneri- (Anvendelse),1989,34434.865547376416
Dansk produktion,Privat,01000 Landbrug og gartneri- (Anvendelse),1990,35719.23779725534
Dansk produktion,Privat,01000 Landbrug og gartneri- (Anvendelse),1991,33870.460640758836
Dansk produktion,Privat,01000 Landbrug og gartneri- (Anvendelse),1992,34447.82406074325
Dansk produktion,Privat,01000 Landbrug og gartneri- (Anvendelse),1993,39831.55397210094
Dansk produktion,Privat,01000 Landbrug og gartneri- (Anvendelse),1994,38866.51142920455
Dansk produktion,Privat,01000 Landbrug og gartneri- (Anvendelse),1995,38378.85749749546
Dansk produktion,Privat,01000 Landbrug og gartneri- (Anvendelse),1996,38269.95798991839
Dansk produktion,Privat,01000 Landbrug og gartneri- (Anvendelse),1997,39720.24143258195
Dansk produktion,Privat,01000 Landbrug og gartneri- (Anvendelse),1998,39844.06929825936
Dansk produktion,Privat,01000 Landbrug og gartneri- (Anvendelse),1999,41032.32793295121
Dansk produktion,Privat,01000 Landbrug og gartneri- (Anvendelse),2000,39714.6152704345
Dansk produktion,Privat,01000 Landbrug og gartneri- (Anvendelse),2001,37998.911843022215
Dansk produktion,Privat,01000 Landbrug og gartneri- (Anvendelse),2002,39379.58306584702
Dansk produktion,Privat,01000 Landbrug og gartneri- (Anvendelse),2003,39308.88529471314
Dansk produktion,Privat,01000 Landbrug og gartneri- (Anvendelse),2004,38896.751439024614
Dansk produktion,Privat,01000 Landbrug og gartneri- (Anvendelse),2005,38693.48016474409
Dansk produktion,Privat,01000 Landbrug og gartneri- (Anvendelse),2006,39033.99584262612
Dansk produktion,Privat,01000 Landbrug og gartneri- (Anvendelse),2007,39122.289281082194
Dansk produktion,Privat,01000 Landbrug og gartneri- (Anvendelse),2008,38963.460230816556
Dansk produktion,Privat,01000 Landbrug og gartneri- (Anvendelse),2009,39441.413625813344
Dansk produktion,Privat,01000 Landbrug og gartneri- (Anvendelse),2010,38190.07594252312
Dansk produktion,Privat,01000 Landbrug og gartneri- (Anvendelse),2011,38275.05339837193
Dansk produktion,Privat,01000 Landbrug og gartneri- (Anvendelse),2012,37852.89421099858
Dansk produktion,Privat,01000 Landbrug og gartneri- (Anvendelse),2013,39108.43011587075
Dansk produktion,Privat,01000 Landbrug og gartneri- (Anvendelse),2014,38380.447192299165
Dansk produktion,Privat,01000 Landbrug og gartneri- (Anvendelse),2015,39979.48793681467
Dansk produktion,Privat,01000 Landbrug og gartneri- (Anvendelse),2016,40590.268274985654
Dansk produktion,Privat,01000 Landbrug og gartneri- (Anvendelse),2017,41616.84866077753
Dansk produktion,Privat,01000 Landbrug og gartneri- (Anvendelse),2018,41356.634095901514
Dansk produktion,Privat,01000 Landbrug og gartneri- (Anvendelse),2019,39291.01525936173
Dansk produktion,Privat,01000 Landbrug og gartneri- (Anvendelse),2020,41668.66300000001
Dansk produktion,Privat,01000 Landbrug og gartneri- (Anvendelse),2021,41515.24800000001
Dansk produktion,Privat,01000 Landbrug og gartneri- (Anvendelse),2022,42441.56120253993
Dansk produktion,Privat,"10120 Føde-, drikke- og tobaksvareindustri- (Anvendelse)",1967,55060.491639279026
Dansk produktion,Privat,"10120 Føde-, drikke- og tobaksvareindustri- (Anvendelse)",1968,57789.948679828965
Dansk produktion,Privat,"10120 Føde-, drikke- og tobaksvareindustri- (Anvendelse)",1969,56997.86327845362
Dansk produktion,Privat,"10120 Føde-, drikke- og tobaksvareindustri- (Anvendelse)",1970,59267.6373773723
Dansk produktion,Privat,"10120 Føde-, drikke- og tobaksvareindustri- (Anvendelse)",1971,62234.73185043626
Dansk produktion,Privat,"10120 Føde-, drikke- og tobaksvareindustri- (Anvendelse)",1972,63572.399992969215
Dansk produktion,Privat,"10120 Føde-, drikke- og tobaksvareindustri- (Anvendelse)",1973,62980.334696474165
Dansk produktion,Privat,"10120 Føde-, drikke- og tobaksvareindustri- (Anvendelse)",1974,64704.18056869882
Dansk produktion,Privat,"10120 Føde-, drikke- og tobaksvareindustri- (Anvendelse)",1975,64495.71220871993
Dansk produktion,Privat,"10120 Føde-, drikke- og tobaksvareindustri- (Anvendelse)",1976,66854.77712162826
Dansk produktion,Privat,"10120 Føde-, drikke- og tobaksvareindustri- (Anvendelse)",1977,69037.28036036903
Dansk produktion,Privat,"10120 Føde-, drikke- og tobaksvareindustri- (Anvendelse)",1978,71731.70682811415
Dansk produktion,Privat,"10120 Føde-, drikke- og tobaksvareindustri- (Anvendelse)",1979,78595.04506721135
Dansk produktion,Privat,"10120 Føde-, drikke- og tobaksvareindustri- (Anvendelse)",1980,82915.17529859144
Dansk produktion,Privat,"10120 Føde-, drikke- og tobaksvareindustri- (Anvendelse)",1981,83327.83883188135
Dansk produktion,Privat,"10120 Føde-, drikke- og tobaksvareindustri- (Anvendelse)",1982,79904.80304842
Dansk produktion,Privat,"10120 Føde-, drikke- og tobaksvareindustri- (Anvendelse)",1983,77099.2842353763
Dansk produktion,Privat,"10120 Føde-, drikke- og tobaksvareindustri- (Anvendelse)",1984,78475.23785555939
Dansk produktion,Privat,"10120 Føde-, drikke- og tobaksvareindustri- (Anvendelse)",1985,82734.10222178372
Dansk produktion,Privat,"10120 Føde-, drikke- og tobaksvareindustri- (Anvendelse)",1986,87853.4627118241
Dansk produktion,Privat,"10120 Føde-, drikke- og tobaksvareindustri- (Anvendelse)",1987,87428.11657951043
Dansk produktion,Privat,"10120 Føde-, drikke- og tobaksvareindustri- (Anvendelse)",1988,85553.77296123376
Dansk produktion,Privat,"10120 Føde-, drikke- og tobaksvareindustri- (Anvendelse)",1989,84027.23786473894
Dansk produktion,Privat,"10120 Føde-, drikke- og tobaksvareindustri- (Anvendelse)",1990,87913.54683368102
Dansk produktion,Privat,"10120 Føde-, drikke- og tobaksvareindustri- (Anvendelse)",1991,87087.16322455533
Dansk produktion,Privat,"10120 Føde-, drikke- og tobaksvareindustri- (Anvendelse)",1992,92104.42385419484
Dansk produktion,Privat,"10120 Føde-, drikke- og tobaksvareindustri- (Anvendelse)",1993,98643.67777618657
Dansk produktion,Privat,"10120 Føde-, drikke- og tobaksvareindustri- (Anvendelse)",1994,98144.20011133418
Dansk produktion,Privat,"10120 Føde-, drikke- og tobaksvareindustri- (Anvendelse)",1995,94557.62755384781
Dansk produktion,Privat,"10120 Føde-, drikke- og tobaksvareindustri- (Anvendelse)",1996,88950.46275257033
Dansk produktion,Privat,"10120 Føde-, drikke- og tobaksvareindustri- (Anvendelse)",1997,87453.72710733769
Dansk produktion,Privat,"10120 Føde-, drikke- og tobaksvareindustri- (Anvendelse)",1998,91011.48795990109
Dansk produktion,Privat,"10120 Føde-, drikke- og tobaksvareindustri- (Anvendelse)",1999,89031.87155756303
Dansk produktion,Privat,"10120 Føde-, drikke- og tobaksvareindustri- (Anvendelse)",2000,87884.39031243297
Dansk produktion,Privat,"10120 Føde-, drikke- og tobaksvareindustri- (Anvendelse)",2001,88001.1660061916
Dansk produktion,Privat,"10120 Føde-, drikke- og tobaksvareindustri- (Anvendelse)",2002,92810.62742332662
Dansk produktion,Privat,"10120 Føde-, drikke- og tobaksvareindustri- (Anvendelse)",2003,94464.05971671327
Dansk produktion,Privat,"10120 Føde-, drikke- og tobaksvareindustri- (Anvendelse)",2004,94947.16313770124
Dansk produktion,Privat,"10120 Føde-, drikke- og tobaksvareindustri- (Anvendelse)",2005,96875.57026949024
Dansk produktion,Privat,"10120 Føde-, drikke- og tobaksvareindustri- (Anvendelse)",2006,95638.62501050718
Dansk produktion,Privat,"10120 Føde-, drikke- og tobaksvareindustri- (Anvendelse)",2007,94617.60248522735
Dansk produktion,Privat,"10120 Føde-, drikke- og tobaksvareindustri- (Anvendelse)",2008,91714.32269766134
Dansk produktion,Privat,"10120 Føde-, drikke- og tobaksvareindustri- (Anvendelse)",2009,88966.77561686089
Dansk produktion,Privat,"10120 Føde-, drikke- og tobaksvareindustri- (Anvendelse)",2010,84600.7141722832
Dansk produktion,Privat,"10120 Føde-, drikke- og tobaksvareindustri- (Anvendelse)",2011,86273.12851866576
Dansk produktion,Privat,"10120 Føde-, drikke- og tobaksvareindustri- (Anvendelse)",2012,83500.36798373456
Dansk produktion,Privat,"10120 Føde-, drikke- og tobaksvareindustri- (Anvendelse)",2013,84439.4009840543
Dansk produktion,Privat,"10120 Føde-, drikke- og tobaksvareindustri- (Anvendelse)",2014,84715.54207527789
Dansk produktion,Privat,"10120 Føde-, drikke- og tobaksvareindustri- (Anvendelse)",2015,87248.41502688685
Dansk produktion,Privat,"10120 Føde-, drikke- og tobaksvareindustri- (Anvendelse)",2016,87790.04476816919
Dansk produktion,Privat,"10120 Føde-, drikke- og tobaksvareindustri- (Anvendelse)",2017,89913.74542901023
Dansk produktion,Privat,"10120 Føde-, drikke- og tobaksvareindustri- (Anvendelse)",2018,90451.91129082521
Dansk produktion,Privat,"10120 Føde-, drikke- og tobaksvareindustri- (Anvendelse)",2019,89058.3402879189
Dansk produktion,Privat,"10120 Føde-, drikke- og tobaksvareindustri- (Anvendelse)",2020,93647.79
Dansk produktion,Privat,"10120 Føde-, drikke- og tobaksvareindustri- (Anvendelse)",2021,95243.21099999998
Dansk produktion,Privat,"10120 Føde-, drikke- og tobaksvareindustri- (Anvendelse)",2022,93850.38885671008
Dansk produktion,Privat,"Anvendelse, i alt-(Anvendelse)",1967,1026759.7628403897
Dansk produktion,Privat,"Anvendelse, i alt-(Anvendelse)",1968,1060228.0002710219
Dansk produktion,Privat,"Anvendelse, i alt-(Anvendelse)",1969,1128335.2704599486
Dansk produktion,Privat,"Anvendelse, i alt-(Anvendelse)",1970,1163036.9079764748
Dansk produktion,Privat,"Anvendelse, i alt-(Anvendelse)",1971,1190367.4970553468
Dansk produktion,Privat,"Anvendelse, i alt-(Anvendelse)",1972,1245135.4779984246
Dansk produktion,Privat,"Anvendelse, i alt-(Anvendelse)",1973,1301826.3053865342
Dansk produktion,Privat,"Anvendelse, i alt-(Anvendelse)",1974,1283839.6403646928
Dansk produktion,Privat,"Anvendelse, i alt-(Anvendelse)",1975,1247791.4699440233
Dansk produktion,Privat,"Anvendelse, i alt-(Anvendelse)",1976,1341368.248983053
Dansk produktion,Privat,"Anvendelse, i alt-(Anvendelse)",1977,1369531.1866148256
Dansk produktion,Privat,"Anvendelse, i alt-(Anvendelse)",1978,1399200.8014869038
Dansk produktion,Privat,"Anvendelse, i alt-(Anvendelse)",1979,1458076.4281226972
Dansk produktion,Privat,"Anvendelse, i alt-(Anvendelse)",1980,1444205.0137756306
Dansk produktion,Privat,"Anvendelse, i alt-(Anvendelse)",1981,1413996.150588504
Dansk produktion,Privat,"Anvendelse, i alt-(Anvendelse)",1982,1442953.7827979592
Dansk produktion,Privat,"Anvendelse, i alt-(Anvendelse)",1983,1470393.7173605466
Dansk produktion,Privat,"Anvendelse, i alt-(Anvendelse)",1984,1563352.8705069518
Dansk produktion,Privat,"Anvendelse, i alt-(Anvendelse)",1985,1649454.753949737
Dansk produktion,Privat,"Anvendelse, i alt-(Anvendelse)",1986,1767725.154582387
Dansk produktion,Privat,"Anvendelse, i alt-(Anvendelse)",1987,1790231.4329067243
Dansk produktion,Privat,"Anvendelse, i alt-(Anvendelse)",1988,1812075.3788698737
Dansk produktion,Privat,"Anvendelse, i alt-(Anvendelse)",1989,1823885.1190044195
Dansk produktion,Privat,"Anvendelse, i alt-(Anvendelse)",1990,1869398.435931227
Dansk produktion,Privat,"Anvendelse, i alt-(Anvendelse)",1991,1883903.0537860577
Dansk produktion,Privat,"Anvendelse, i alt-(Anvendelse)",1992,1910380.053556829
Dansk produktion,Privat,"Anvendelse, i alt-(Anvendelse)",1993,1925612.6378873477
Dansk produktion,Privat,"Anvendelse, i alt-(Anvendelse)",1994,2029748.849963848
Dansk produktion,Privat,"Anvendelse, i alt-(Anvendelse)",1995,2102984.8140832237
Dansk produktion,Privat,"Anvendelse, i alt-(Anvendelse)",1996,2163214.2316202107
Dansk produktion,Privat,"Anvendelse, i alt-(Anvendelse)",1997,2238321.6905013593
Dansk produktion,Privat,"Anvendelse, i alt-(Anvendelse)",1998,2303787.631090551
Dansk produktion,Privat,"Anvendelse, i alt-(Anvendelse)",1999,2405520.3164187167
Dansk produktion,Privat,"Anvendelse, i alt-(Anvendelse)",2000,2534870.3165328866
Dansk produktion,Privat,"Anvendelse, i alt-(Anvendelse)",2001,2597762.642182339
Dansk produktion,Privat,"Anvendelse, i alt-(Anvendelse)",2002,2626560.6873345957
Dansk produktion,Privat,"Anvendelse, i alt-(Anvendelse)",2003,2633042.7588255424
Dansk produktion,Privat,"Anvendelse, i alt-(Anvendelse)",2004,2696369.951466205
Dansk produktion,Privat,"Anvendelse, i alt-(Anvendelse)",2005,2860107.909490709
Dansk produktion,Privat,"Anvendelse, i alt-(Anvendelse)",2006,3027807.360977208
Dansk produktion,Privat,"Anvendelse, i alt-(Anvendelse)",2007,3135857.743916652
Dansk produktion,Privat,"Anvendelse, i alt-(Anvendelse)",2008,3148473.732214771
Dansk produktion,Privat,"Anvendelse, i alt-(Anvendelse)",2009,2893995.602005583
Dansk produktion,Privat,"Anvendelse, i alt-(Anvendelse)",2010,2888940.424996491
Dansk produktion,Privat,"Anvendelse, i alt-(Anvendelse)",2011,2982891.4579893197
Dansk produktion,Privat,"Anvendelse, i alt-(Anvendelse)",2012,3003146.7128524524
Dansk produktion,Privat,"Anvendelse, i alt-(Anvendelse)",2013,3008539.607102278
Dansk produktion,Privat,"Anvendelse, i alt-(Anvendelse)",2014,3070703.632457616
Dansk produktion,Privat,"Anvendelse, i alt-(Anvendelse)",2015,3147783.9093750627
Dansk produktion,Privat,"Anvendelse, i alt-(Anvendelse)",2016,3280295.1073301635
Dansk produktion,Privat,"Anvendelse, i alt-(Anvendelse)",2017,3379204.804747263
Dansk produktion,Privat,"Anvendelse, i alt-(Anvendelse)",2018,3448242.5755444337
Dansk produktion,Privat,"Anvendelse, i alt-(Anvendelse)",2019,3504899.4085326763
Dansk produktion,Privat,"Anvendelse, i alt-(Anvendelse)",2020,3423588.992
Dansk produktion,Privat,"Anvendelse, i alt-(Anvendelse)",2021,3653418.804
Dansk produktion,Privat,"Anvendelse, i alt-(Anvendelse)",2022,3780880.13971781
Dansk produktion,Privat,Eksport - (Anvendelse),1967,124303.40971440203
Dansk produktion,Privat,Eksport - (Anvendelse),1968,137392.5190633946
Dansk produktion,Privat,Eksport - (Anvendelse),1969,145739.94883260914
Dansk produktion,Privat,Eksport - (Anvendelse),1970,150080.338973131
Dansk produktion,Privat,Eksport - (Anvendelse),1971,159357.23325649538
Dansk produktion,Privat,Eksport - (Anvendelse),1972,167397.47741701326
Dansk produktion,Privat,Eksport - (Anvendelse),1973,188747.6232066005
Dansk produktion,Privat,Eksport - (Anvendelse),1974,194111.93622057064
Dansk produktion,Privat,Eksport - (Anvendelse),1975,193576.27292482753
Dansk produktion,Privat,Eksport - (Anvendelse),1976,200774.34504831152
Dansk produktion,Privat,Eksport - (Anvendelse),1977,210036.63699424738
Dansk produktion,Privat,Eksport - (Anvendelse),1978,215183.89111631317
Dansk produktion,Privat,Eksport - (Anvendelse),1979,235736.658104673
Dansk produktion,Privat,Eksport - (Anvendelse),1980,247878.56243635959
Dansk produktion,Privat,Eksport - (Anvendelse),1981,264940.8372696723
Dansk produktion,Privat,Eksport - (Anvendelse),1982,273935.0072168563
Dansk produktion,Privat,Eksport - (Anvendelse),1983,286122.47887284774
Dansk produktion,Privat,Eksport - (Anvendelse),1984,295778.0245058379
Dansk produktion,Privat,Eksport - (Anvendelse),1985,314391.9541548085
Dansk produktion,Privat,Eksport - (Anvendelse),1986,320811.32660765457
Dansk produktion,Privat,Eksport - (Anvendelse),1987,331031.3741752052
Dansk produktion,Privat,Eksport - (Anvendelse),1988,359734.4213188729
Dansk produktion,Privat,Eksport - (Anvendelse),1989,376885.48439827433
Dansk produktion,Privat,Eksport - (Anvendelse),1990,398909.338088179
Dansk produktion,Privat,Eksport - (Anvendelse),1991,420403.91024487204
Dansk produktion,Privat,Eksport - (Anvendelse),1992,420383.1175438541
Dansk produktion,Privat,Eksport - (Anvendelse),1993,433715.5861012164
Dansk produktion,Privat,Eksport - (Anvendelse),1994,466594.0762102844
Dansk produktion,Privat,Eksport - (Anvendelse),1995,480028.5583111731
Dansk produktion,Privat,Eksport - (Anvendelse),1996,500744.24946309
Dansk produktion,Privat,Eksport - (Anvendelse),1997,518842.55387605587
Dansk produktion,Privat,Eksport - (Anvendelse),1998,535019.6927056039
Dansk produktion,Privat,Eksport - (Anvendelse),1999,593703.2757550288
Dansk produktion,Privat,Eksport - (Anvendelse),2000,664960.2137123841
Dansk produktion,Privat,Eksport - (Anvendelse),2001,682115.689038399
Dansk produktion,Privat,Eksport - (Anvendelse),2002,697659.0407310314
Dansk produktion,Privat,Eksport - (Anvendelse),2003,692827.0790208743
Dansk produktion,Privat,Eksport - (Anvendelse),2004,705903.6271717729
Dansk produktion,Privat,Eksport - (Anvendelse),2005,752786.6170331782
Dansk produktion,Privat,Eksport - (Anvendelse),2006,814852.1117044926
Dansk produktion,Privat,Eksport - (Anvendelse),2007,857611.2781244732
Dansk produktion,Privat,Eksport - (Anvendelse),2008,887720.1475802055
Dansk produktion,Privat,Eksport - (Anvendelse),2009,803861.7054001621
Dansk produktion,Privat,Eksport - (Anvendelse),2010,820062.3796219595
Dansk produktion,Privat,Eksport - (Anvendelse),2011,873159.6865125519
Dansk produktion,Privat,Eksport - (Anvendelse),2012,888569.294005255
Dansk produktion,Privat,Eksport - (Anvendelse),2013,889277.030490568
Dansk produktion,Privat,Eksport - (Anvendelse),2014,913323.2541432567
Dansk produktion,Privat,Eksport - (Anvendelse),2015,939030.1781680564
Dansk produktion,Privat,Eksport - (Anvendelse),2016,986191.6086655862
Dansk produktion,Privat,Eksport - (Anvendelse),2017,1022447.2299181029
Dansk produktion,Privat,Eksport - (Anvendelse),2018,1051759.2256863539
Dansk produktion,Privat,Eksport - (Anvendelse),2019,1095700.87505062
Dansk produktion,Privat,Eksport - (Anvendelse),2020,1040115.861
Dansk produktion,Privat,Eksport - (Anvendelse),2021,1111270.1460000002
Dansk produktion,Privat,Eksport - (Anvendelse),2022,1159169.9164395963
Dansk produktion,Privat,Faste bruttoinvesteringer + Lagerforøgelse + Værdigenstande (Anvendelse),1967,149957.6811120398
Dansk produktion,Privat,Faste bruttoinvesteringer + Lagerforøgelse + Værdigenstande (Anvendelse),1968,152593.3567688059
Dansk produktion,Privat,Faste bruttoinvesteringer + Lagerforøgelse + Værdigenstande (Anvendelse),1969,177738.11003232893
Dansk produktion,Privat,Faste bruttoinvesteringer + Lagerforøgelse + Værdigenstande (Anvendelse),1970,177711.76221893166
Dansk produktion,Privat,Faste bruttoinvesteringer + Lagerforøgelse + Værdigenstande (Anvendelse),1971,182211.01976114622
Dansk produktion,Privat,Faste bruttoinvesteringer + Lagerforøgelse + Værdigenstande (Anvendelse),1972,203159.65436340502
Dansk produktion,Privat,Faste bruttoinvesteringer + Lagerforøgelse + Værdigenstande (Anvendelse),1973,208338.2100547459
Dansk produktion,Privat,Faste bruttoinvesteringer + Lagerforøgelse + Værdigenstande (Anvendelse),1974,194585.3351755217
Dansk produktion,Privat,Faste bruttoinvesteringer + Lagerforøgelse + Værdigenstande (Anvendelse),1975,155762.14815538784
Dansk produktion,Privat,Faste bruttoinvesteringer + Lagerforøgelse + Værdigenstande (Anvendelse),1976,187173.683794268
Dansk produktion,Privat,Faste bruttoinvesteringer + Lagerforøgelse + Værdigenstande (Anvendelse),1977,187581.9080497819
Dansk produktion,Privat,Faste bruttoinvesteringer + Lagerforøgelse + Værdigenstande (Anvendelse),1978,184546.1395779028
Dansk produktion,Privat,Faste bruttoinvesteringer + Lagerforøgelse + Værdigenstande (Anvendelse),1979,189887.54338977797
Dansk produktion,Privat,Faste bruttoinvesteringer + Lagerforøgelse + Værdigenstande (Anvendelse),1980,165716.1856018044
Dansk produktion,Privat,Faste bruttoinvesteringer + Lagerforøgelse + Værdigenstande (Anvendelse),1981,135818.22603861513
Dansk produktion,Privat,Faste bruttoinvesteringer + Lagerforøgelse + Værdigenstande (Anvendelse),1982,152587.10673129588
Dansk produktion,Privat,Faste bruttoinvesteringer + Lagerforøgelse + Værdigenstande (Anvendelse),1983,152560.04483975962
Dansk produktion,Privat,Faste bruttoinvesteringer + Lagerforøgelse + Værdigenstande (Anvendelse),1984,180077.81134507005
Dansk produktion,Privat,Faste bruttoinvesteringer + Lagerforøgelse + Værdigenstande (Anvendelse),1985,190927.4606979595
Dansk produktion,Privat,Faste bruttoinvesteringer + Lagerforøgelse + Værdigenstande (Anvendelse),1986,215526.12781357783
Dansk produktion,Privat,Faste bruttoinvesteringer + Lagerforøgelse + Værdigenstande (Anvendelse),1987,216301.7369042294
Dansk produktion,Privat,Faste bruttoinvesteringer + Lagerforøgelse + Værdigenstande (Anvendelse),1988,211214.35273696703
Dansk produktion,Privat,Faste bruttoinvesteringer + Lagerforøgelse + Værdigenstande (Anvendelse),1989,210017.76546796586
Dansk produktion,Privat,Faste bruttoinvesteringer + Lagerforøgelse + Værdigenstande (Anvendelse),1990,210960.35812314507
Dansk produktion,Privat,Faste bruttoinvesteringer + Lagerforøgelse + Værdigenstande (Anvendelse),1991,199527.52639404082
Dansk produktion,Privat,Faste bruttoinvesteringer + Lagerforøgelse + Værdigenstande (Anvendelse),1992,202886.46371563047
Dansk produktion,Privat,Faste bruttoinvesteringer + Lagerforøgelse + Værdigenstande (Anvendelse),1993,187700.55719827686
Dansk produktion,Privat,Faste bruttoinvesteringer + Lagerforøgelse + Værdigenstande (Anvendelse),1994,207759.52093053583
Dansk produktion,Privat,Faste bruttoinvesteringer + Lagerforøgelse + Værdigenstande (Anvendelse),1995,232181.32783988034
Dansk produktion,Privat,Faste bruttoinvesteringer + Lagerforøgelse + Værdigenstande (Anvendelse),1996,241922.75929973324
Dansk produktion,Privat,Faste bruttoinvesteringer + Lagerforøgelse + Værdigenstande (Anvendelse),1997,268479.52808125305
Dansk produktion,Privat,Faste bruttoinvesteringer + Lagerforøgelse + Værdigenstande (Anvendelse),1998,281373.6922312915
Dansk produktion,Privat,Faste bruttoinvesteringer + Lagerforøgelse + Værdigenstande (Anvendelse),1999,269353.94587313285
Dansk produktion,Privat,Faste bruttoinvesteringer + Lagerforøgelse + Værdigenstande (Anvendelse),2000,293453.7776583221
Dansk produktion,Privat,Faste bruttoinvesteringer + Lagerforøgelse + Værdigenstande (Anvendelse),2001,292735.3995052335
Dansk produktion,Privat,Faste bruttoinvesteringer + Lagerforøgelse + Værdigenstande (Anvendelse),2002,284696.76336567424
Dansk produktion,Privat,Faste bruttoinvesteringer + Lagerforøgelse + Værdigenstande (Anvendelse),2003,286035.86329526483
Dansk produktion,Privat,Faste bruttoinvesteringer + Lagerforøgelse + Værdigenstande (Anvendelse),2004,292472.990928413
Dansk produktion,Privat,Faste bruttoinvesteringer + Lagerforøgelse + Værdigenstande (Anvendelse),2005,310798.35089452774
Dansk produktion,Privat,Faste bruttoinvesteringer + Lagerforøgelse + Værdigenstande (Anvendelse),2006,342707.6618424859
Dansk produktion,Privat,Faste bruttoinvesteringer + Lagerforøgelse + Værdigenstande (Anvendelse),2007,346464.6715766837
Dansk produktion,Privat,Faste bruttoinvesteringer + Lagerforøgelse + Værdigenstande (Anvendelse),2008,331735.15933645883
Dansk produktion,Privat,Faste bruttoinvesteringer + Lagerforøgelse + Værdigenstande (Anvendelse),2009,262529.75801760936
Dansk produktion,Privat,Faste bruttoinvesteringer + Lagerforøgelse + Værdigenstande (Anvendelse),2010,253752.0611436227
Dansk produktion,Privat,Faste bruttoinvesteringer + Lagerforøgelse + Værdigenstande (Anvendelse),2011,267053.1865998073
Dansk produktion,Privat,Faste bruttoinvesteringer + Lagerforøgelse + Værdigenstande (Anvendelse),2012,269068.5271765012
Dansk produktion,Privat,Faste bruttoinvesteringer + Lagerforøgelse + Værdigenstande (Anvendelse),2013,277601.0084412714
Dansk produktion,Privat,Faste bruttoinvesteringer + Lagerforøgelse + Værdigenstande (Anvendelse),2014,286110.67386785796
Dansk produktion,Privat,Faste bruttoinvesteringer + Lagerforøgelse + Værdigenstande (Anvendelse),2015,300543.2399401791
Dansk produktion,Privat,Faste bruttoinvesteringer + Lagerforøgelse + Værdigenstande (Anvendelse),2016,321918.9005978005
Dansk produktion,Privat,Faste bruttoinvesteringer + Lagerforøgelse + Værdigenstande (Anvendelse),2017,335883.5052509775
Dansk produktion,Privat,Faste bruttoinvesteringer + Lagerforøgelse + Værdigenstande (Anvendelse),2018,346431.98590380815
Dansk produktion,Privat,Faste bruttoinvesteringer + Lagerforøgelse + Værdigenstande (Anvendelse),2019,346034.3821325329
Dansk produktion,Privat,Faste bruttoinvesteringer + Lagerforøgelse + Værdigenstande (Anvendelse),2020,357903.299
Dansk produktion,Privat,Faste bruttoinvesteringer + Lagerforøgelse + Værdigenstande (Anvendelse),2021,409818.747
Dansk produktion,Privat,Faste bruttoinvesteringer + Lagerforøgelse + Værdigenstande (Anvendelse),2022,429562.7614612442
Dansk produktion,Privat,Husholdningernes forbrugsudgifter + NPISH (Anvendelse),1967,339786.2839461622
Dansk produktion,Privat,Husholdningernes forbrugsudgifter + NPISH (Anvendelse),1968,346611.29828259273
Dansk produktion,Privat,Husholdningernes forbrugsudgifter + NPISH (Anvendelse),1969,361732.15965494723
Dansk produktion,Privat,Husholdningernes forbrugsudgifter + NPISH (Anvendelse),1970,370899.3048986637
Dansk produktion,Privat,Husholdningernes forbrugsudgifter + NPISH (Anvendelse),1971,374925.4112694804
Dansk produktion,Privat,Husholdningernes forbrugsudgifter + NPISH (Anvendelse),1972,377368.29526656773
Dansk produktion,Privat,Husholdningernes forbrugsudgifter + NPISH (Anvendelse),1973,389214.3595619898
Dansk produktion,Privat,Husholdningernes forbrugsudgifter + NPISH (Anvendelse),1974,388753.42885790765
Dansk produktion,Privat,Husholdningernes forbrugsudgifter + NPISH (Anvendelse),1975,396101.72491876193
Dansk produktion,Privat,Husholdningernes forbrugsudgifter + NPISH (Anvendelse),1976,420895.2785287161
Dansk produktion,Privat,Husholdningernes forbrugsudgifter + NPISH (Anvendelse),1977,428117.28128932265
Dansk produktion,Privat,Husholdningernes forbrugsudgifter + NPISH (Anvendelse),1978,433568.4007921427
Dansk produktion,Privat,Husholdningernes forbrugsudgifter + NPISH (Anvendelse),1979,436436.94403669104
Dansk produktion,Privat,Husholdningernes forbrugsudgifter + NPISH (Anvendelse),1980,430956.53491709457
Dansk produktion,Privat,Husholdningernes forbrugsudgifter + NPISH (Anvendelse),1981,426696.5545332496
Dansk produktion,Privat,Husholdningernes forbrugsudgifter + NPISH (Anvendelse),1982,428934.7076334713
Dansk produktion,Privat,Husholdningernes forbrugsudgifter + NPISH (Anvendelse),1983,434768.38708871126
Dansk produktion,Privat,Husholdningernes forbrugsudgifter + NPISH (Anvendelse),1984,446554.53486484935
Dansk produktion,Privat,Husholdningernes forbrugsudgifter + NPISH (Anvendelse),1985,460698.2446187279
Dansk produktion,Privat,Husholdningernes forbrugsudgifter + NPISH (Anvendelse),1986,486258.3889629875
Dansk produktion,Privat,Husholdningernes forbrugsudgifter + NPISH (Anvendelse),1987,480337.86966530146
Dansk produktion,Privat,Husholdningernes forbrugsudgifter + NPISH (Anvendelse),1988,484201.1534079659
Dansk produktion,Privat,Husholdningernes forbrugsudgifter + NPISH (Anvendelse),1989,488751.39099724015
Dansk produktion,Privat,Husholdningernes forbrugsudgifter + NPISH (Anvendelse),1990,497935.887324979
Dansk produktion,Privat,Husholdningernes forbrugsudgifter + NPISH (Anvendelse),1991,507361.56165848084
Dansk produktion,Privat,Husholdningernes forbrugsudgifter + NPISH (Anvendelse),1992,520397.8024954061
Dansk produktion,Privat,Husholdningernes forbrugsudgifter + NPISH (Anvendelse),1993,511027.906194116
Dansk produktion,Privat,Husholdningernes forbrugsudgifter + NPISH (Anvendelse),1994,529357.5730038646
Dansk produktion,Privat,Husholdningernes forbrugsudgifter + NPISH (Anvendelse),1995,533223.5538584824
Dansk produktion,Privat,Husholdningernes forbrugsudgifter + NPISH (Anvendelse),1996,538878.1371715274
Dansk produktion,Privat,Husholdningernes forbrugsudgifter + NPISH (Anvendelse),1997,550005.790244247
Dansk produktion,Privat,Husholdningernes forbrugsudgifter + NPISH (Anvendelse),1998,558025.0836911731
Dansk produktion,Privat,Husholdningernes forbrugsudgifter + NPISH (Anvendelse),1999,558811.2939715366
Dansk produktion,Privat,Husholdningernes forbrugsudgifter + NPISH (Anvendelse),2000,564727.8071244832
Dansk produktion,Privat,Husholdningernes forbrugsudgifter + NPISH (Anvendelse),2001,571079.8618964135
Dansk produktion,Privat,Husholdningernes forbrugsudgifter + NPISH (Anvendelse),2002,574166.9250426964
Dansk produktion,Privat,Husholdningernes forbrugsudgifter + NPISH (Anvendelse),2003,589801.0927574885
Dansk produktion,Privat,Husholdningernes forbrugsudgifter + NPISH (Anvendelse),2004,610296.4517620044
Dansk produktion,Privat,Husholdningernes forbrugsudgifter + NPISH (Anvendelse),2005,634064.6339734109
Dansk produktion,Privat,Husholdningernes forbrugsudgifter + NPISH (Anvendelse),2006,649306.0452107247
Dansk produktion,Privat,Husholdningernes forbrugsudgifter + NPISH (Anvendelse),2007,655819.8554968784
Dansk produktion,Privat,Husholdningernes forbrugsudgifter + NPISH (Anvendelse),2008,665444.1140781154
Dansk produktion,Privat,Husholdningernes forbrugsudgifter + NPISH (Anvendelse),2009,649456.6469576556
Dansk produktion,Privat,Husholdningernes forbrugsudgifter + NPISH (Anvendelse),2010,658233.6576187601
Dansk produktion,Privat,Husholdningernes forbrugsudgifter + NPISH (Anvendelse),2011,664122.1621656443
Dansk produktion,Privat,Husholdningernes forbrugsudgifter + NPISH (Anvendelse),2012,660770.7273657148
Dansk produktion,Privat,Husholdningernes forbrugsudgifter + NPISH (Anvendelse),2013,669013.3547403383
Dansk produktion,Privat,Husholdningernes forbrugsudgifter + NPISH (Anvendelse),2014,663469.958958781
Dansk produktion,Privat,Husholdningernes forbrugsudgifter + NPISH (Anvendelse),2015,673499.1712319975
Dansk produktion,Privat,Husholdningernes forbrugsudgifter + NPISH (Anvendelse),2016,696316.1259839138
Dansk produktion,Privat,Husholdningernes forbrugsudgifter + NPISH (Anvendelse),2017,716912.495830402
Dansk produktion,Privat,Husholdningernes forbrugsudgifter + NPISH (Anvendelse),2018,739057.5391415618
Dansk produktion,Privat,Husholdningernes forbrugsudgifter + NPISH (Anvendelse),2019,751316.6713036159
Dansk produktion,Privat,Husholdningernes forbrugsudgifter + NPISH (Anvendelse),2020,727573.394
Dansk produktion,Privat,Husholdningernes forbrugsudgifter + NPISH (Anvendelse),2021,758562.8770000001
Dansk produktion,Privat,Husholdningernes forbrugsudgifter + NPISH (Anvendelse),2022,767135.6459599641
Dansk produktion,Privat,"Offentligt forbrug, i alt-(Anvendelse)",1967,34410.43972771452
Dansk produktion,Privat,"Offentligt forbrug, i alt-(Anvendelse)",1968,37689.73997670045
Dansk produktion,Privat,"Offentligt forbrug, i alt-(Anvendelse)",1969,39298.43274605578
Dansk produktion,Privat,"Offentligt forbrug, i alt-(Anvendelse)",1970,40966.82120158506
Dansk produktion,Privat,"Offentligt forbrug, i alt-(Anvendelse)",1971,44611.34371056438
Dansk produktion,Privat,"Offentligt forbrug, i alt-(Anvendelse)",1972,45338.28074799314
Dansk produktion,Privat,"Offentligt forbrug, i alt-(Anvendelse)",1973,44226.198832188085
Dansk produktion,Privat,"Offentligt forbrug, i alt-(Anvendelse)",1974,44211.42628464351
Dansk produktion,Privat,"Offentligt forbrug, i alt-(Anvendelse)",1975,42367.41077739868
Dansk produktion,Privat,"Offentligt forbrug, i alt-(Anvendelse)",1976,42202.38649852744
Dansk produktion,Privat,"Offentligt forbrug, i alt-(Anvendelse)",1977,38858.36437734233
Dansk produktion,Privat,"Offentligt forbrug, i alt-(Anvendelse)",1978,40416.90019267017
Dansk produktion,Privat,"Offentligt forbrug, i alt-(Anvendelse)",1979,41709.88295690209
Dansk produktion,Privat,"Offentligt forbrug, i alt-(Anvendelse)",1980,41371.800596702364
Dansk produktion,Privat,"Offentligt forbrug, i alt-(Anvendelse)",1981,41723.48125988207
Dansk produktion,Privat,"Offentligt forbrug, i alt-(Anvendelse)",1982,44003.58211700384
Dansk produktion,Privat,"Offentligt forbrug, i alt-(Anvendelse)",1983,42518.98876290397
Dansk produktion,Privat,"Offentligt forbrug, i alt-(Anvendelse)",1984,40247.76183385009
Dansk produktion,Privat,"Offentligt forbrug, i alt-(Anvendelse)",1985,40970.62495530924
Dansk produktion,Privat,"Offentligt forbrug, i alt-(Anvendelse)",1986,38968.14053134581
Dansk produktion,Privat,"Offentligt forbrug, i alt-(Anvendelse)",1987,39792.59891063224
Dansk produktion,Privat,"Offentligt forbrug, i alt-(Anvendelse)",1988,37719.50290066035
Dansk produktion,Privat,"Offentligt forbrug, i alt-(Anvendelse)",1989,38462.29144227297
Dansk produktion,Privat,"Offentligt forbrug, i alt-(Anvendelse)",1990,35268.41242527982
Dansk produktion,Privat,"Offentligt forbrug, i alt-(Anvendelse)",1991,38753.37243944324
Dansk produktion,Privat,"Offentligt forbrug, i alt-(Anvendelse)",1992,36893.64213600507
Dansk produktion,Privat,"Offentligt forbrug, i alt-(Anvendelse)",1993,38398.094733719496
Dansk produktion,Privat,"Offentligt forbrug, i alt-(Anvendelse)",1994,39474.7811779614
Dansk produktion,Privat,"Offentligt forbrug, i alt-(Anvendelse)",1995,41107.165777529466
Dansk produktion,Privat,"Offentligt forbrug, i alt-(Anvendelse)",1996,42213.69675375617
Dansk produktion,Privat,"Offentligt forbrug, i alt-(Anvendelse)",1997,41557.93988261424
Dansk produktion,Privat,"Offentligt forbrug, i alt-(Anvendelse)",1998,42610.21510706323
Dansk produktion,Privat,"Offentligt forbrug, i alt-(Anvendelse)",1999,44261.756831496576
Dansk produktion,Privat,"Offentligt forbrug, i alt-(Anvendelse)",2000,45854.233063106054
Dansk produktion,Privat,"Offentligt forbrug, i alt-(Anvendelse)",2001,47068.85118995191
Dansk produktion,Privat,"Offentligt forbrug, i alt-(Anvendelse)",2002,48066.88410307639
Dansk produktion,Privat,"Offentligt forbrug, i alt-(Anvendelse)",2003,48146.927843072255
Dansk produktion,Privat,"Offentligt forbrug, i alt-(Anvendelse)",2004,49084.32922568374
Dansk produktion,Privat,"Offentligt forbrug, i alt-(Anvendelse)",2005,50876.03750234139
Dansk produktion,Privat,"Offentligt forbrug, i alt-(Anvendelse)",2006,53841.172551826894
Dansk produktion,Privat,"Offentligt forbrug, i alt-(Anvendelse)",2007,59031.3597467141
Dansk produktion,Privat,"Offentligt forbrug, i alt-(Anvendelse)",2008,57933.99968150061
Dansk produktion,Privat,"Offentligt forbrug, i alt-(Anvendelse)",2009,60075.42265595128
Dansk produktion,Privat,"Offentligt forbrug, i alt-(Anvendelse)",2010,63443.14618187058
Dansk produktion,Privat,"Offentligt forbrug, i alt-(Anvendelse)",2011,66427.90334922432
Dansk produktion,Privat,"Offentligt forbrug, i alt-(Anvendelse)",2012,65755.15911821875
Dansk produktion,Privat,"Offentligt forbrug, i alt-(Anvendelse)",2013,67055.11837952396
Dansk produktion,Privat,"Offentligt forbrug, i alt-(Anvendelse)",2014,65231.09143815185
Dansk produktion,Privat,"Offentligt forbrug, i alt-(Anvendelse)",2015,64761.481693650705
Dansk produktion,Privat,"Offentligt forbrug, i alt-(Anvendelse)",2016,63284.55656176827
Dansk produktion,Privat,"Offentligt forbrug, i alt-(Anvendelse)",2017,64100.78911386708
Dansk produktion,Privat,"Offentligt forbrug, i alt-(Anvendelse)",2018,63776.79274844198
Dansk produktion,Privat,"Offentligt forbrug, i alt-(Anvendelse)",2019,63183.413871362536
Dansk produktion,Privat,"Offentligt forbrug, i alt-(Anvendelse)",2020,59786.50699999998
Dansk produktion,Privat,"Offentligt forbrug, i alt-(Anvendelse)",2021,60330.716000000015
Dansk produktion,Privat,"Offentligt forbrug, i alt-(Anvendelse)",2022,62289.45556842357
Dansk produktion,Privat,Privat,1967,384954.3864960908
Dansk produktion,Privat,Privat,1968,389380.0193677228
Dansk produktion,Privat,Privat,1969,407462.7262998288
Dansk produktion,Privat,Privat,1970,426962.6078002253
Dansk produktion,Privat,Privat,1971,429895.8968088727
Dansk produktion,Privat,Privat,1972,449054.63369764434
Dansk produktion,Privat,Privat,1973,464094.0459086759
Dansk produktion,Privat,Privat,1974,451870.60197089036
Dansk produktion,Privat,Privat,1975,447820.5309842013
Dansk produktion,Privat,Privat,1976,479972.44233568775
Dansk produktion,Privat,Privat,1977,490353.5099928324
Dansk produktion,Privat,Privat,1978,506627.6988406783
Dansk produktion,Privat,Privat,1979,530088.0735982045
Dansk produktion,Privat,Privat,1980,528844.7886298898
Dansk produktion,Privat,Privat,1981,512224.4282012796
Dansk produktion,Privat,Privat,1982,511817.1789200764
Dansk produktion,Privat,Privat,1983,519805.51575602154
Dansk produktion,Privat,Privat,1984,563954.6824587068
Dansk produktion,Privat,Privat,1985,602460.3266828255
Dansk produktion,Privat,Privat,1986,663861.5531947702
Dansk produktion,Privat,Privat,1987,674250.2640177744
Dansk produktion,Privat,Privat,1988,672014.9846641638
Dansk produktion,Privat,Privat,1989,662023.4512892334
Dansk produktion,Privat,Privat,1990,673772.5488381576
Dansk produktion,Privat,Privat,1991,663457.6935885891
Dansk produktion,Privat,Privat,1992,673589.5673516188
Dansk produktion,Privat,Privat,1993,690500.4309836101
Dansk produktion,Privat,Privat,1994,718538.3951482285
Dansk produktion,Privat,Privat,1995,745454.0044583089
Dansk produktion,Privat,Privat,1996,765577.4292439193
Dansk produktion,Privat,Privat,1997,786520.8493579094
Dansk produktion,Privat,Privat,1998,809972.3875709829
Dansk produktion,Privat,Privat,1999,855585.2357060859
Dansk produktion,Privat,Privat,2000,880873.8720301108
Dansk produktion,Privat,Privat,2001,915306.6721005489
Dansk produktion,Privat,Privat,2002,930260.0414722712
Dansk produktion,Privat,Privat,2003,923869.0555197397
Dansk produktion,Privat,Privat,2004,942513.9796828835
Dansk produktion,Privat,Privat,2005,1013654.5230158683
Dansk produktion,Privat,Privat,2006,1066429.351197095
Dansk produktion,Privat,Privat,2007,1113710.327875314
Dansk produktion,Privat,Privat,2008,1098629.8280510583
Dansk produktion,Privat,Privat,2009,1008216.8302104294
Dansk produktion,Privat,Privat,2010,988429.9294858703
Dansk produktion,Privat,Privat,2011,1013565.9533888206
Dansk produktion,Privat,Privat,2012,1016846.1396030468
Dansk produktion,Privat,Privat,2013,1003440.7969833196
Dansk produktion,Privat,Privat,2014,1039245.6481532168
Dansk produktion,Privat,Privat,2015,1066655.3151294724
Dansk produktion,Privat,Privat,2016,1105529.3905938987
Dansk produktion,Privat,Privat,2017,1134085.1097640486
Dansk produktion,Privat,Privat,2018,1140295.5358975579
Dansk produktion,Privat,Privat,2019,1143723.3458357058
Dansk produktion,Privat,Privat,2020,1129484.26
Dansk produktion,Privat,Privat,2021,1200401.012
Dansk produktion,Privat,Privat,2022,1246618.2070375383
Dansk produktion,Privat,REST_ANVENDELSE Øvrige brancher,1967,320336.4894310036
Dansk produktion,Privat,REST_ANVENDELSE Øvrige brancher,1968,321102.33469256654
Dansk produktion,Privat,REST_ANVENDELSE Øvrige brancher,1969,345313.538329473
Dansk produktion,Privat,REST_ANVENDELSE Øvrige brancher,1970,362977.8092660395
Dansk produktion,Privat,REST_ANVENDELSE Øvrige brancher,1971,364436.4183537724
Dansk produktion,Privat,REST_ANVENDELSE Øvrige brancher,1972,386221.19083735027
Dansk produktion,Privat,REST_ANVENDELSE Øvrige brancher,1973,400459.5575946738
Dansk produktion,Privat,REST_ANVENDELSE Øvrige brancher,1974,387199.64099259157
Dansk produktion,Privat,REST_ANVENDELSE Øvrige brancher,1975,383060.230575692
Dansk produktion,Privat,REST_ANVENDELSE Øvrige brancher,1976,411663.45540877694
Dansk produktion,Privat,REST_ANVENDELSE Øvrige brancher,1977,421542.5509378154
Dansk produktion,Privat,REST_ANVENDELSE Øvrige brancher,1978,435838.8336362926
Dansk produktion,Privat,REST_ANVENDELSE Øvrige brancher,1979,450239.80697559565
Dansk produktion,Privat,REST_ANVENDELSE Øvrige brancher,1980,444138.40314436675
Dansk produktion,Privat,REST_ANVENDELSE Øvrige brancher,1981,425412.84670212603
Dansk produktion,Privat,REST_ANVENDELSE Øvrige brancher,1982,429991.27071182284
Dansk produktion,Privat,REST_ANVENDELSE Øvrige brancher,1983,444590.63523838104
Dansk produktion,Privat,REST_ANVENDELSE Øvrige brancher,1984,491192.3249411399
Dansk produktion,Privat,REST_ANVENDELSE Øvrige brancher,1985,526952.9415746888
Dansk produktion,Privat,REST_ANVENDELSE Øvrige brancher,1986,590514.223854884
Dansk produktion,Privat,REST_ANVENDELSE Øvrige brancher,1987,603906.8186000179
Dansk produktion,Privat,REST_ANVENDELSE Øvrige brancher,1988,601309.7807261881
Dansk produktion,Privat,REST_ANVENDELSE Øvrige brancher,1989,594574.1513040228
Dansk produktion,Privat,REST_ANVENDELSE Øvrige brancher,1990,602484.4660088896
Dansk produktion,Privat,REST_ANVENDELSE Øvrige brancher,1991,595991.8563805413
Dansk produktion,Privat,REST_ANVENDELSE Øvrige brancher,1992,601575.6350465565
Dansk produktion,Privat,REST_ANVENDELSE Øvrige brancher,1993,610704.0009568833
Dansk produktion,Privat,REST_ANVENDELSE Øvrige brancher,1994,644467.9518911466
Dansk produktion,Privat,REST_ANVENDELSE Øvrige brancher,1995,680445.9669861263
Dansk produktion,Privat,REST_ANVENDELSE Øvrige brancher,1996,710572.7737407588
Dansk produktion,Privat,REST_ANVENDELSE Øvrige brancher,1997,731906.5768914823
Dansk produktion,Privat,REST_ANVENDELSE Øvrige brancher,1998,755570.3193040325
Dansk produktion,Privat,REST_ANVENDELSE Øvrige brancher,1999,808381.6262364478
Dansk produktion,Privat,REST_ANVENDELSE Øvrige brancher,2000,838349.6644151836
Dansk produktion,Privat,REST_ANVENDELSE Øvrige brancher,2001,878662.3204350126
Dansk produktion,Privat,REST_ANVENDELSE Øvrige brancher,2002,888544.1151207
Dansk produktion,Privat,REST_ANVENDELSE Øvrige brancher,2003,881156.5384931458
Dansk produktion,Privat,REST_ANVENDELSE Øvrige brancher,2004,903260.8392807704
Dansk produktion,Privat,REST_ANVENDELSE Øvrige brancher,2005,974597.9569718259
Dansk produktion,Privat,REST_ANVENDELSE Øvrige brancher,2006,1030327.6472472989
Dansk produktion,Privat,REST_ANVENDELSE Øvrige brancher,2007,1080547.6726409965
Dansk produktion,Privat,REST_ANVENDELSE Øvrige brancher,2008,1071824.4634214386
Dansk produktion,Privat,REST_ANVENDELSE Øvrige brancher,2009,988618.5946967981
Dansk produktion,Privat,REST_ANVENDELSE Øvrige brancher,2010,970623.273555277
Dansk produktion,Privat,REST_ANVENDELSE Øvrige brancher,2011,987458.3969801465
Dansk produktion,Privat,REST_ANVENDELSE Øvrige brancher,2012,997540.3163265017
Dansk produktion,Privat,REST_ANVENDELSE Øvrige brancher,2013,982302.8609119792
Dansk produktion,Privat,REST_ANVENDELSE Øvrige brancher,2014,1019573.9686178728
Dansk produktion,Privat,REST_ANVENDELSE Øvrige brancher,2015,1042865.7986165372
Dansk produktion,Privat,REST_ANVENDELSE Øvrige brancher,2016,1084168.388321
Dansk produktion,Privat,REST_ANVENDELSE Øvrige brancher,2017,1108418.4589979933
Dansk produktion,Privat,REST_ANVENDELSE Øvrige brancher,2018,1115536.6747929475
Dansk produktion,Privat,REST_ANVENDELSE Øvrige brancher,2019,1120701.0093899816
Dansk produktion,Privat,REST_ANVENDELSE Øvrige brancher,2020,1102893.473
Dansk produktion,Privat,REST_ANVENDELSE Øvrige brancher,2021,1176677.872
Dansk produktion,Privat,REST_ANVENDELSE Øvrige brancher,2022,1225378.618175255
Dansk produktion,REST_TILGANG Øvrige brancher,01000 Landbrug og gartneri- (Anvendelse),1967,19892.138448854694
Dansk produktion,REST_TILGANG Øvrige brancher,01000 Landbrug og gartneri- (Anvendelse),1968,19938.00725222011
Dansk produktion,REST_TILGANG Øvrige brancher,01000 Landbrug og gartneri- (Anvendelse),1969,19724.738743068574
Dansk produktion,REST_TILGANG Øvrige brancher,01000 Landbrug og gartneri- (Anvendelse),1970,19842.25153193944
Dansk produktion,REST_TILGANG Øvrige brancher,01000 Landbrug og gartneri- (Anvendelse),1971,20239.980515587242
Dansk produktion,REST_TILGANG Øvrige brancher,01000 Landbrug og gartneri- (Anvendelse),1972,20856.439381038523
Dansk produktion,REST_TILGANG Øvrige brancher,01000 Landbrug og gartneri- (Anvendelse),1973,21426.84143072989
Dansk produktion,REST_TILGANG Øvrige brancher,01000 Landbrug og gartneri- (Anvendelse),1974,19820.198027403545
Dansk produktion,REST_TILGANG Øvrige brancher,01000 Landbrug og gartneri- (Anvendelse),1975,18734.600693644737
Dansk produktion,REST_TILGANG Øvrige brancher,01000 Landbrug og gartneri- (Anvendelse),1976,20734.088360568636
Dansk produktion,REST_TILGANG Øvrige brancher,01000 Landbrug og gartneri- (Anvendelse),1977,20386.470792827346
Dansk produktion,REST_TILGANG Øvrige brancher,01000 Landbrug og gartneri- (Anvendelse),1978,22082.434024303442
Dansk produktion,REST_TILGANG Øvrige brancher,01000 Landbrug og gartneri- (Anvendelse),1979,22083.161987066196
Dansk produktion,REST_TILGANG Øvrige brancher,01000 Landbrug og gartneri- (Anvendelse),1980,21609.60812592452
Dansk produktion,REST_TILGANG Øvrige brancher,01000 Landbrug og gartneri- (Anvendelse),1981,20560.13884837473
Dansk produktion,REST_TILGANG Øvrige brancher,01000 Landbrug og gartneri- (Anvendelse),1982,21386.2337277442
Dansk produktion,REST_TILGANG Øvrige brancher,01000 Landbrug og gartneri- (Anvendelse),1983,21429.443680860848
Dansk produktion,REST_TILGANG Øvrige brancher,01000 Landbrug og gartneri- (Anvendelse),1984,22311.646311438555
Dansk produktion,REST_TILGANG Øvrige brancher,01000 Landbrug og gartneri- (Anvendelse),1985,22753.45762648544
Dansk produktion,REST_TILGANG Øvrige brancher,01000 Landbrug og gartneri- (Anvendelse),1986,23355.624292696524
Dansk produktion,REST_TILGANG Øvrige brancher,01000 Landbrug og gartneri- (Anvendelse),1987,25509.11221409843
Dansk produktion,REST_TILGANG Øvrige brancher,01000 Landbrug og gartneri- (Anvendelse),1988,26566.356415410828
Dansk produktion,REST_TILGANG Øvrige brancher,01000 Landbrug og gartneri- (Anvendelse),1989,24580.1696929254
Dansk produktion,REST_TILGANG Øvrige brancher,01000 Landbrug og gartneri- (Anvendelse),1990,25331.937995449476
Dansk produktion,REST_TILGANG Øvrige brancher,01000 Landbrug og gartneri- (Anvendelse),1991,24493.236163327772
Dansk produktion,REST_TILGANG Øvrige brancher,01000 Landbrug og gartneri- (Anvendelse),1992,25263.853801660167
Dansk produktion,REST_TILGANG Øvrige brancher,01000 Landbrug og gartneri- (Anvendelse),1993,26470.824293749378
Dansk produktion,REST_TILGANG Øvrige brancher,01000 Landbrug og gartneri- (Anvendelse),1994,25674.1135601199
Dansk produktion,REST_TILGANG Øvrige brancher,01000 Landbrug og gartneri- (Anvendelse),1995,24362.44379931843
Dansk produktion,REST_TILGANG Øvrige brancher,01000 Landbrug og gartneri- (Anvendelse),1996,24081.28573008337
Dansk produktion,REST_TILGANG Øvrige brancher,01000 Landbrug og gartneri- (Anvendelse),1997,25366.734356735684
Dansk produktion,REST_TILGANG Øvrige brancher,01000 Landbrug og gartneri- (Anvendelse),1998,25601.39333860623
Dansk produktion,REST_TILGANG Øvrige brancher,01000 Landbrug og gartneri- (Anvendelse),1999,25678.75668871426
Dansk produktion,REST_TILGANG Øvrige brancher,01000 Landbrug og gartneri- (Anvendelse),2000,24772.285176846806
Dansk produktion,REST_TILGANG Øvrige brancher,01000 Landbrug og gartneri- (Anvendelse),2001,23547.76824619315
Dansk produktion,REST_TILGANG Øvrige brancher,01000 Landbrug og gartneri- (Anvendelse),2002,22871.629559598696
Dansk produktion,REST_TILGANG Øvrige brancher,01000 Landbrug og gartneri- (Anvendelse),2003,21340.025467960462
Dansk produktion,REST_TILGANG Øvrige brancher,01000 Landbrug og gartneri- (Anvendelse),2004,20833.181183217886
Dansk produktion,REST_TILGANG Øvrige brancher,01000 Landbrug og gartneri- (Anvendelse),2005,21822.553449207582
Dansk produktion,REST_TILGANG Øvrige brancher,01000 Landbrug og gartneri- (Anvendelse),2006,22678.79929367204
Dansk produktion,REST_TILGANG Øvrige brancher,01000 Landbrug og gartneri- (Anvendelse),2007,21891.43043228483
Dansk produktion,REST_TILGANG Øvrige brancher,01000 Landbrug og gartneri- (Anvendelse),2008,22131.588016328085
Dansk produktion,REST_TILGANG Øvrige brancher,01000 Landbrug og gartneri- (Anvendelse),2009,21808.300826673123
Dansk produktion,REST_TILGANG Øvrige brancher,01000 Landbrug og gartneri- (Anvendelse),2010,21820.353536206487
Dansk produktion,REST_TILGANG Øvrige brancher,01000 Landbrug og gartneri- (Anvendelse),2011,20950.087512168488
Dansk produktion,REST_TILGANG Øvrige brancher,01000 Landbrug og gartneri- (Anvendelse),2012,21332.074088074743
Dansk produktion,REST_TILGANG Øvrige brancher,01000 Landbrug og gartneri- (Anvendelse),2013,22353.224185088635
Dansk produktion,REST_TILGANG Øvrige brancher,01000 Landbrug og gartneri- (Anvendelse),2014,21675.510466613985
Dansk produktion,REST_TILGANG Øvrige brancher,01000 Landbrug og gartneri- (Anvendelse),2015,22278.092516400513
Dansk produktion,REST_TILGANG Øvrige brancher,01000 Landbrug og gartneri- (Anvendelse),2016,21824.046427306144
Dansk produktion,REST_TILGANG Øvrige brancher,01000 Landbrug og gartneri- (Anvendelse),2017,22278.97794950111
Dansk produktion,REST_TILGANG Øvrige brancher,01000 Landbrug og gartneri- (Anvendelse),2018,21721.156517353375
Dansk produktion,REST_TILGANG Øvrige brancher,01000 Landbrug og gartneri- (Anvendelse),2019,20558.771738216386
Dansk produktion,REST_TILGANG Øvrige brancher,01000 Landbrug og gartneri- (Anvendelse),2020,22008.078
Dansk produktion,REST_TILGANG Øvrige brancher,01000 Landbrug og gartneri- (Anvendelse),2021,21872.132
Dansk produktion,REST_TILGANG Øvrige brancher,01000 Landbrug og gartneri- (Anvendelse),2022,20752.792200388525
Dansk produktion,REST_TILGANG Øvrige brancher,"10120 Føde-, drikke- og tobaksvareindustri- (Anvendelse)",1967,14332.510292535151
Dansk produktion,REST_TILGANG Øvrige brancher,"10120 Føde-, drikke- og tobaksvareindustri- (Anvendelse)",1968,16154.196471624582
Dansk produktion,REST_TILGANG Øvrige brancher,"10120 Føde-, drikke- og tobaksvareindustri- (Anvendelse)",1969,16347.925628143263
Dansk produktion,REST_TILGANG Øvrige brancher,"10120 Føde-, drikke- og tobaksvareindustri- (Anvendelse)",1970,17202.042343458692
Dansk produktion,REST_TILGANG Øvrige brancher,"10120 Føde-, drikke- og tobaksvareindustri- (Anvendelse)",1971,19070.95497164559
Dansk produktion,REST_TILGANG Øvrige brancher,"10120 Føde-, drikke- og tobaksvareindustri- (Anvendelse)",1972,20086.54567408365
Dansk produktion,REST_TILGANG Øvrige brancher,"10120 Føde-, drikke- og tobaksvareindustri- (Anvendelse)",1973,18914.995749525795
Dansk produktion,REST_TILGANG Øvrige brancher,"10120 Føde-, drikke- og tobaksvareindustri- (Anvendelse)",1974,20369.668550994982
Dansk produktion,REST_TILGANG Øvrige brancher,"10120 Føde-, drikke- og tobaksvareindustri- (Anvendelse)",1975,19959.21125727339
Dansk produktion,REST_TILGANG Øvrige brancher,"10120 Føde-, drikke- og tobaksvareindustri- (Anvendelse)",1976,21244.82802967631
Dansk produktion,REST_TILGANG Øvrige brancher,"10120 Føde-, drikke- og tobaksvareindustri- (Anvendelse)",1977,20733.547347649346
Dansk produktion,REST_TILGANG Øvrige brancher,"10120 Føde-, drikke- og tobaksvareindustri- (Anvendelse)",1978,21002.751014747795
Dansk produktion,REST_TILGANG Øvrige brancher,"10120 Føde-, drikke- og tobaksvareindustri- (Anvendelse)",1979,21988.36600085502
Dansk produktion,REST_TILGANG Øvrige brancher,"10120 Føde-, drikke- og tobaksvareindustri- (Anvendelse)",1980,23624.42011236751
Dansk produktion,REST_TILGANG Øvrige brancher,"10120 Føde-, drikke- og tobaksvareindustri- (Anvendelse)",1981,23541.22078834581
Dansk produktion,REST_TILGANG Øvrige brancher,"10120 Føde-, drikke- og tobaksvareindustri- (Anvendelse)",1982,24185.28842074467
Dansk produktion,REST_TILGANG Øvrige brancher,"10120 Føde-, drikke- og tobaksvareindustri- (Anvendelse)",1983,24076.64003746739
Dansk produktion,REST_TILGANG Øvrige brancher,"10120 Føde-, drikke- og tobaksvareindustri- (Anvendelse)",1984,25436.64634369906
Dansk produktion,REST_TILGANG Øvrige brancher,"10120 Føde-, drikke- og tobaksvareindustri- (Anvendelse)",1985,25473.44337850332
Dansk produktion,REST_TILGANG Øvrige brancher,"10120 Føde-, drikke- og tobaksvareindustri- (Anvendelse)",1986,27027.624617167075
Dansk produktion,REST_TILGANG Øvrige brancher,"10120 Føde-, drikke- og tobaksvareindustri- (Anvendelse)",1987,28413.35434939662
Dansk produktion,REST_TILGANG Øvrige brancher,"10120 Føde-, drikke- og tobaksvareindustri- (Anvendelse)",1988,28119.19438063489
Dansk produktion,REST_TILGANG Øvrige brancher,"10120 Føde-, drikke- og tobaksvareindustri- (Anvendelse)",1989,28140.018343890228
Dansk produktion,REST_TILGANG Øvrige brancher,"10120 Føde-, drikke- og tobaksvareindustri- (Anvendelse)",1990,29573.615229700634
Dansk produktion,REST_TILGANG Øvrige brancher,"10120 Føde-, drikke- og tobaksvareindustri- (Anvendelse)",1991,30007.483502729236
Dansk produktion,REST_TILGANG Øvrige brancher,"10120 Føde-, drikke- og tobaksvareindustri- (Anvendelse)",1992,31121.884094233996
Dansk produktion,REST_TILGANG Øvrige brancher,"10120 Føde-, drikke- og tobaksvareindustri- (Anvendelse)",1993,31002.432492547643
Dansk produktion,REST_TILGANG Øvrige brancher,"10120 Føde-, drikke- og tobaksvareindustri- (Anvendelse)",1994,31964.264921060945
Dansk produktion,REST_TILGANG Øvrige brancher,"10120 Føde-, drikke- og tobaksvareindustri- (Anvendelse)",1995,30045.842933080577
Dansk produktion,REST_TILGANG Øvrige brancher,"10120 Føde-, drikke- og tobaksvareindustri- (Anvendelse)",1996,29658.810111300165
Dansk produktion,REST_TILGANG Øvrige brancher,"10120 Føde-, drikke- og tobaksvareindustri- (Anvendelse)",1997,29476.622934038172
Dansk produktion,REST_TILGANG Øvrige brancher,"10120 Føde-, drikke- og tobaksvareindustri- (Anvendelse)",1998,29795.786403967548
Dansk produktion,REST_TILGANG Øvrige brancher,"10120 Føde-, drikke- og tobaksvareindustri- (Anvendelse)",1999,30166.103942045782
Dansk produktion,REST_TILGANG Øvrige brancher,"10120 Føde-, drikke- og tobaksvareindustri- (Anvendelse)",2000,29688.45421919727
Dansk produktion,REST_TILGANG Øvrige brancher,"10120 Føde-, drikke- og tobaksvareindustri- (Anvendelse)",2001,29239.70278229518
Dansk produktion,REST_TILGANG Øvrige brancher,"10120 Føde-, drikke- og tobaksvareindustri- (Anvendelse)",2002,30154.242272845437
Dansk produktion,REST_TILGANG Øvrige brancher,"10120 Føde-, drikke- og tobaksvareindustri- (Anvendelse)",2003,29446.712334679785
Dansk produktion,REST_TILGANG Øvrige brancher,"10120 Føde-, drikke- og tobaksvareindustri- (Anvendelse)",2004,28811.29480901426
Dansk produktion,REST_TILGANG Øvrige brancher,"10120 Føde-, drikke- og tobaksvareindustri- (Anvendelse)",2005,30996.957574045693
Dansk produktion,REST_TILGANG Øvrige brancher,"10120 Føde-, drikke- og tobaksvareindustri- (Anvendelse)",2006,31086.807030869833
Dansk produktion,REST_TILGANG Øvrige brancher,"10120 Føde-, drikke- og tobaksvareindustri- (Anvendelse)",2007,29565.586720700754
Dansk produktion,REST_TILGANG Øvrige brancher,"10120 Føde-, drikke- og tobaksvareindustri- (Anvendelse)",2008,28853.672200857764
Dansk produktion,REST_TILGANG Øvrige brancher,"10120 Føde-, drikke- og tobaksvareindustri- (Anvendelse)",2009,28442.757208231087
Dansk produktion,REST_TILGANG Øvrige brancher,"10120 Føde-, drikke- og tobaksvareindustri- (Anvendelse)",2010,25380.877288937096
Dansk produktion,REST_TILGANG Øvrige brancher,"10120 Føde-, drikke- og tobaksvareindustri- (Anvendelse)",2011,26772.84887763976
Dansk produktion,REST_TILGANG Øvrige brancher,"10120 Føde-, drikke- og tobaksvareindustri- (Anvendelse)",2012,24871.108718788735
Dansk produktion,REST_TILGANG Øvrige brancher,"10120 Føde-, drikke- og tobaksvareindustri- (Anvendelse)",2013,25666.94040523232
Dansk produktion,REST_TILGANG Øvrige brancher,"10120 Føde-, drikke- og tobaksvareindustri- (Anvendelse)",2014,25556.317986590202
Dansk produktion,REST_TILGANG Øvrige brancher,"10120 Føde-, drikke- og tobaksvareindustri- (Anvendelse)",2015,26832.452715003517
Dansk produktion,REST_TILGANG Øvrige brancher,"10120 Føde-, drikke- og tobaksvareindustri- (Anvendelse)",2016,28840.181523053077
Dansk produktion,REST_TILGANG Øvrige brancher,"10120 Føde-, drikke- og tobaksvareindustri- (Anvendelse)",2017,30414.555385835865
Dansk produktion,REST_TILGANG Øvrige brancher,"10120 Føde-, drikke- og tobaksvareindustri- (Anvendelse)",2018,30944.364279133926
Dansk produktion,REST_TILGANG Øvrige brancher,"10120 Føde-, drikke- og tobaksvareindustri- (Anvendelse)",2019,28660.48367327802
Dansk produktion,REST_TILGANG Øvrige brancher,"10120 Føde-, drikke- og tobaksvareindustri- (Anvendelse)",2020,30573.137
Dansk produktion,REST_TILGANG Øvrige brancher,"10120 Føde-, drikke- og tobaksvareindustri- (Anvendelse)",2021,30115.972
Dansk produktion,REST_TILGANG Øvrige brancher,"10120 Føde-, drikke- og tobaksvareindustri- (Anvendelse)",2022,29253.513027264533
Dansk produktion,REST_TILGANG Øvrige brancher,"Anvendelse, i alt-(Anvendelse)",1967,1109665.213340058
Dansk produktion,REST_TILGANG Øvrige brancher,"Anvendelse, i alt-(Anvendelse)",1968,1150467.1933431244
Dansk produktion,REST_TILGANG Øvrige brancher,"Anvendelse, i alt-(Anvendelse)",1969,1244272.4004389008
Dansk produktion,REST_TILGANG Øvrige brancher,"Anvendelse, i alt-(Anvendelse)",1970,1296967.2772803418
Dansk produktion,REST_TILGANG Øvrige brancher,"Anvendelse, i alt-(Anvendelse)",1971,1323255.2329059436
Dansk produktion,REST_TILGANG Øvrige brancher,"Anvendelse, i alt-(Anvendelse)",1972,1389078.7702400815
Dansk produktion,REST_TILGANG Øvrige brancher,"Anvendelse, i alt-(Anvendelse)",1973,1455464.8299443154
Dansk produktion,REST_TILGANG Øvrige brancher,"Anvendelse, i alt-(Anvendelse)",1974,1429114.2456689342
Dansk produktion,REST_TILGANG Øvrige brancher,"Anvendelse, i alt-(Anvendelse)",1975,1395556.6842931833
Dansk produktion,REST_TILGANG Øvrige brancher,"Anvendelse, i alt-(Anvendelse)",1976,1504518.1191974771
Dansk produktion,REST_TILGANG Øvrige brancher,"Anvendelse, i alt-(Anvendelse)",1977,1524849.2950614658
Dansk produktion,REST_TILGANG Øvrige brancher,"Anvendelse, i alt-(Anvendelse)",1978,1565128.534262393
Dansk produktion,REST_TILGANG Øvrige brancher,"Anvendelse, i alt-(Anvendelse)",1979,1624836.9869719956
Dansk produktion,REST_TILGANG Øvrige brancher,"Anvendelse, i alt-(Anvendelse)",1980,1610111.1697227405
Dansk produktion,REST_TILGANG Øvrige brancher,"Anvendelse, i alt-(Anvendelse)",1981,1578283.3960326822
Dansk produktion,REST_TILGANG Øvrige brancher,"Anvendelse, i alt-(Anvendelse)",1982,1618114.6175674472
Dansk produktion,REST_TILGANG Øvrige brancher,"Anvendelse, i alt-(Anvendelse)",1983,1656903.970010277
Dansk produktion,REST_TILGANG Øvrige brancher,"Anvendelse, i alt-(Anvendelse)",1984,1747167.8235158282
Dansk produktion,REST_TILGANG Øvrige brancher,"Anvendelse, i alt-(Anvendelse)",1985,1838273.0149549774
Dansk produktion,REST_TILGANG Øvrige brancher,"Anvendelse, i alt-(Anvendelse)",1986,1959928.7734041521
Dansk produktion,REST_TILGANG Øvrige brancher,"Anvendelse, i alt-(Anvendelse)",1987,1995809.2459983216
Dansk produktion,REST_TILGANG Øvrige brancher,"Anvendelse, i alt-(Anvendelse)",1988,2024259.2800306377
Dansk produktion,REST_TILGANG Øvrige brancher,"Anvendelse, i alt-(Anvendelse)",1989,2032213.6773359622
Dansk produktion,REST_TILGANG Øvrige brancher,"Anvendelse, i alt-(Anvendelse)",1990,2061376.4384690998
Dansk produktion,REST_TILGANG Øvrige brancher,"Anvendelse, i alt-(Anvendelse)",1991,2081193.2096290141
Dansk produktion,REST_TILGANG Øvrige brancher,"Anvendelse, i alt-(Anvendelse)",1992,2112919.2061160025
Dansk produktion,REST_TILGANG Øvrige brancher,"Anvendelse, i alt-(Anvendelse)",1993,2121405.3304087864
Dansk produktion,REST_TILGANG Øvrige brancher,"Anvendelse, i alt-(Anvendelse)",1994,2237038.360188793
Dansk produktion,REST_TILGANG Øvrige brancher,"Anvendelse, i alt-(Anvendelse)",1995,2322092.566369626
Dansk produktion,REST_TILGANG Øvrige brancher,"Anvendelse, i alt-(Anvendelse)",1996,2404761.9899626942
Dansk produktion,REST_TILGANG Øvrige brancher,"Anvendelse, i alt-(Anvendelse)",1997,2483498.2392602535
Dansk produktion,REST_TILGANG Øvrige brancher,"Anvendelse, i alt-(Anvendelse)",1998,2556756.6043456825
Dansk produktion,REST_TILGANG Øvrige brancher,"Anvendelse, i alt-(Anvendelse)",1999,2672884.7803104487
Dansk produktion,REST_TILGANG Øvrige brancher,"Anvendelse, i alt-(Anvendelse)",2000,2814342.666237871
Dansk produktion,REST_TILGANG Øvrige brancher,"Anvendelse, i alt-(Anvendelse)",2001,2887124.8652193756
Dansk produktion,REST_TILGANG Øvrige brancher,"Anvendelse, i alt-(Anvendelse)",2002,2919063.570854669
Dansk produktion,REST_TILGANG Øvrige brancher,"Anvendelse, i alt-(Anvendelse)",2003,2924155.7349513816
Dansk produktion,REST_TILGANG Øvrige brancher,"Anvendelse, i alt-(Anvendelse)",2004,2993388.003021371
Dansk produktion,REST_TILGANG Øvrige brancher,"Anvendelse, i alt-(Anvendelse)",2005,3163125.558010897
Dansk produktion,REST_TILGANG Øvrige brancher,"Anvendelse, i alt-(Anvendelse)",2006,3345591.1949158153
Dansk produktion,REST_TILGANG Øvrige brancher,"Anvendelse, i alt-(Anvendelse)",2007,3450061.5836840263
Dansk produktion,REST_TILGANG Øvrige brancher,"Anvendelse, i alt-(Anvendelse)",2008,3489091.0481750662
Dansk produktion,REST_TILGANG Øvrige brancher,"Anvendelse, i alt-(Anvendelse)",2009,3255992.657996442
Dansk produktion,REST_TILGANG Øvrige brancher,"Anvendelse, i alt-(Anvendelse)",2010,3260982.0134801148
Dansk produktion,REST_TILGANG Øvrige brancher,"Anvendelse, i alt-(Anvendelse)",2011,3349605.56060521
Dansk produktion,REST_TILGANG Øvrige brancher,"Anvendelse, i alt-(Anvendelse)",2012,3379079.5327336034
Dansk produktion,REST_TILGANG Øvrige brancher,"Anvendelse, i alt-(Anvendelse)",2013,3383461.5393682173
Dansk produktion,REST_TILGANG Øvrige brancher,"Anvendelse, i alt-(Anvendelse)",2014,3454295.9787515528
Dansk produktion,REST_TILGANG Øvrige brancher,"Anvendelse, i alt-(Anvendelse)",2015,3545031.5170628997
Dansk produktion,REST_TILGANG Øvrige brancher,"Anvendelse, i alt-(Anvendelse)",2016,3681621.569739005
Dansk produktion,REST_TILGANG Øvrige brancher,"Anvendelse, i alt-(Anvendelse)",2017,3775390.757328587
Dansk produktion,REST_TILGANG Øvrige brancher,"Anvendelse, i alt-(Anvendelse)",2018,3850118.533052297
Dansk produktion,REST_TILGANG Øvrige brancher,"Anvendelse, i alt-(Anvendelse)",2019,3911961.729734923
Dansk produktion,REST_TILGANG Øvrige brancher,"Anvendelse, i alt-(Anvendelse)",2020,3813550.26
Dansk produktion,REST_TILGANG Øvrige brancher,"Anvendelse, i alt-(Anvendelse)",2021,4064668.822
Dansk produktion,REST_TILGANG Øvrige brancher,"Anvendelse, i alt-(Anvendelse)",2022,4180703.9438266163
Dansk produktion,REST_TILGANG Øvrige brancher,Eksport - (Anvendelse),1967,83436.49453393016
Dansk produktion,REST_TILGANG Øvrige brancher,Eksport - (Anvendelse),1968,98347.42677599016
Dansk produktion,REST_TILGANG Øvrige brancher,Eksport - (Anvendelse),1969,109440.5776370512
Dansk produktion,REST_TILGANG Øvrige brancher,Eksport - (Anvendelse),1970,115310.61111118509
Dansk produktion,REST_TILGANG Øvrige brancher,Eksport - (Anvendelse),1971,122448.67675293569
Dansk produktion,REST_TILGANG Øvrige brancher,Eksport - (Anvendelse),1972,132967.93787126342
Dansk produktion,REST_TILGANG Øvrige brancher,Eksport - (Anvendelse),1973,148665.6189032101
Dansk produktion,REST_TILGANG Øvrige brancher,Eksport - (Anvendelse),1974,153183.71012755463
Dansk produktion,REST_TILGANG Øvrige brancher,Eksport - (Anvendelse),1975,151046.95622350677
Dansk produktion,REST_TILGANG Øvrige brancher,Eksport - (Anvendelse),1976,159681.7539399204
Dansk produktion,REST_TILGANG Øvrige brancher,Eksport - (Anvendelse),1977,164561.04044610556
Dansk produktion,REST_TILGANG Øvrige brancher,Eksport - (Anvendelse),1978,165255.18087425095
Dansk produktion,REST_TILGANG Øvrige brancher,Eksport - (Anvendelse),1979,182772.8090642952
Dansk produktion,REST_TILGANG Øvrige brancher,Eksport - (Anvendelse),1980,191839.36535630803
Dansk produktion,REST_TILGANG Øvrige brancher,Eksport - (Anvendelse),1981,208336.41439343258
Dansk produktion,REST_TILGANG Øvrige brancher,Eksport - (Anvendelse),1982,216260.68473909257
Dansk produktion,REST_TILGANG Øvrige brancher,Eksport - (Anvendelse),1983,228113.43870804372
Dansk produktion,REST_TILGANG Øvrige brancher,Eksport - (Anvendelse),1984,233487.86119032445
Dansk produktion,REST_TILGANG Øvrige brancher,Eksport - (Anvendelse),1985,249796.9427928632
Dansk produktion,REST_TILGANG Øvrige brancher,Eksport - (Anvendelse),1986,252343.67355987726
Dansk produktion,REST_TILGANG Øvrige brancher,Eksport - (Anvendelse),1987,264430.31635105534
Dansk produktion,REST_TILGANG Øvrige brancher,Eksport - (Anvendelse),1988,295094.03821102704
Dansk produktion,REST_TILGANG Øvrige brancher,Eksport - (Anvendelse),1989,309188.142260337
Dansk produktion,REST_TILGANG Øvrige brancher,Eksport - (Anvendelse),1990,325632.57600000896
Dansk produktion,REST_TILGANG Øvrige brancher,Eksport - (Anvendelse),1991,341356.61956392124
Dansk produktion,REST_TILGANG Øvrige brancher,Eksport - (Anvendelse),1992,345360.0638243351
Dansk produktion,REST_TILGANG Øvrige brancher,Eksport - (Anvendelse),1993,351856.56819927087
Dansk produktion,REST_TILGANG Øvrige brancher,Eksport - (Anvendelse),1994,380934.7896655213
Dansk produktion,REST_TILGANG Øvrige brancher,Eksport - (Anvendelse),1995,397340.9880719226
Dansk produktion,REST_TILGANG Øvrige brancher,Eksport - (Anvendelse),1996,420585.6320108109
Dansk produktion,REST_TILGANG Øvrige brancher,Eksport - (Anvendelse),1997,432497.32416095206
Dansk produktion,REST_TILGANG Øvrige brancher,Eksport - (Anvendelse),1998,447185.5437393844
Dansk produktion,REST_TILGANG Øvrige brancher,Eksport - (Anvendelse),1999,501526.67400728463
Dansk produktion,REST_TILGANG Øvrige brancher,Eksport - (Anvendelse),2000,573113.2007578976
Dansk produktion,REST_TILGANG Øvrige brancher,Eksport - (Anvendelse),2001,587810.3654099532
Dansk produktion,REST_TILGANG Øvrige brancher,Eksport - (Anvendelse),2002,604371.1214375871
Dansk produktion,REST_TILGANG Øvrige brancher,Eksport - (Anvendelse),2003,601377.4898678177
Dansk produktion,REST_TILGANG Øvrige brancher,Eksport - (Anvendelse),2004,613058.4591689598
Dansk produktion,REST_TILGANG Øvrige brancher,Eksport - (Anvendelse),2005,658511.2452321653
Dansk produktion,REST_TILGANG Øvrige brancher,Eksport - (Anvendelse),2006,715826.5711234667
Dansk produktion,REST_TILGANG Øvrige brancher,Eksport - (Anvendelse),2007,762219.3740324819
Dansk produktion,REST_TILGANG Øvrige brancher,Eksport - (Anvendelse),2008,790972.7204873429
Dansk produktion,REST_TILGANG Øvrige brancher,Eksport - (Anvendelse),2009,712137.7834959857
Dansk produktion,REST_TILGANG Øvrige brancher,Eksport - (Anvendelse),2010,727146.2641976969
Dansk produktion,REST_TILGANG Øvrige brancher,Eksport - (Anvendelse),2011,778294.0045206542
Dansk produktion,REST_TILGANG Øvrige brancher,Eksport - (Anvendelse),2012,792049.9123916351
Dansk produktion,REST_TILGANG Øvrige brancher,Eksport - (Anvendelse),2013,793231.8341013276
Dansk produktion,REST_TILGANG Øvrige brancher,Eksport - (Anvendelse),2014,816766.0484358306
Dansk produktion,REST_TILGANG Øvrige brancher,Eksport - (Anvendelse),2015,838119.5739450511
Dansk produktion,REST_TILGANG Øvrige brancher,Eksport - (Anvendelse),2016,887126.643158481
Dansk produktion,REST_TILGANG Øvrige brancher,Eksport - (Anvendelse),2017,917529.0453046681
Dansk produktion,REST_TILGANG Øvrige brancher,Eksport - (Anvendelse),2018,950765.9544011842
Dansk produktion,REST_TILGANG Øvrige brancher,Eksport - (Anvendelse),2019,994059.8847801918
Dansk produktion,REST_TILGANG Øvrige brancher,Eksport - (Anvendelse),2020,937890.886
Dansk produktion,REST_TILGANG Øvrige brancher,Eksport - (Anvendelse),2021,1005223.771
Dansk produktion,REST_TILGANG Øvrige brancher,Eksport - (Anvendelse),2022,1055205.6676438323
Dansk produktion,REST_TILGANG Øvrige brancher,Faste bruttoinvesteringer + Lagerforøgelse + Værdigenstande (Anvendelse),1967,154624.97950407673
Dansk produktion,REST_TILGANG Øvrige brancher,Faste bruttoinvesteringer + Lagerforøgelse + Værdigenstande (Anvendelse),1968,155388.8981659395
Dansk produktion,REST_TILGANG Øvrige brancher,Faste bruttoinvesteringer + Lagerforøgelse + Værdigenstande (Anvendelse),1969,179468.53538102645
Dansk produktion,REST_TILGANG Øvrige brancher,Faste bruttoinvesteringer + Lagerforøgelse + Værdigenstande (Anvendelse),1970,183468.34508597574
Dansk produktion,REST_TILGANG Øvrige brancher,Faste bruttoinvesteringer + Lagerforøgelse + Værdigenstande (Anvendelse),1971,182132.30616138616
Dansk produktion,REST_TILGANG Øvrige brancher,Faste bruttoinvesteringer + Lagerforøgelse + Værdigenstande (Anvendelse),1972,196216.53151370803
Dansk produktion,REST_TILGANG Øvrige brancher,Faste bruttoinvesteringer + Lagerforøgelse + Værdigenstande (Anvendelse),1973,208898.87768310995
Dansk produktion,REST_TILGANG Øvrige brancher,Faste bruttoinvesteringer + Lagerforøgelse + Værdigenstande (Anvendelse),1974,187186.22348348916
Dansk produktion,REST_TILGANG Øvrige brancher,Faste bruttoinvesteringer + Lagerforøgelse + Værdigenstande (Anvendelse),1975,159735.8457290174
Dansk produktion,REST_TILGANG Øvrige brancher,Faste bruttoinvesteringer + Lagerforøgelse + Værdigenstande (Anvendelse),1976,189023.7522617939
Dansk produktion,REST_TILGANG Øvrige brancher,Faste bruttoinvesteringer + Lagerforøgelse + Værdigenstande (Anvendelse),1977,185811.1061939073
Dansk produktion,REST_TILGANG Øvrige brancher,Faste bruttoinvesteringer + Lagerforøgelse + Værdigenstande (Anvendelse),1978,187492.65389385723
Dansk produktion,REST_TILGANG Øvrige brancher,Faste bruttoinvesteringer + Lagerforøgelse + Værdigenstande (Anvendelse),1979,192830.99298602215
Dansk produktion,REST_TILGANG Øvrige brancher,Faste bruttoinvesteringer + Lagerforøgelse + Værdigenstande (Anvendelse),1980,171212.15092222174
Dansk produktion,REST_TILGANG Øvrige brancher,Faste bruttoinvesteringer + Lagerforøgelse + Værdigenstande (Anvendelse),1981,138813.59765705562
Dansk produktion,REST_TILGANG Øvrige brancher,Faste bruttoinvesteringer + Lagerforøgelse + Værdigenstande (Anvendelse),1982,151219.11567682656
Dansk produktion,REST_TILGANG Øvrige brancher,Faste bruttoinvesteringer + Lagerforøgelse + Værdigenstande (Anvendelse),1983,157127.7828623254
Dansk produktion,REST_TILGANG Øvrige brancher,Faste bruttoinvesteringer + Lagerforøgelse + Værdigenstande (Anvendelse),1984,179508.72141578438
Dansk produktion,REST_TILGANG Øvrige brancher,Faste bruttoinvesteringer + Lagerforøgelse + Værdigenstande (Anvendelse),1985,193874.41965122413
Dansk produktion,REST_TILGANG Øvrige brancher,Faste bruttoinvesteringer + Lagerforøgelse + Værdigenstande (Anvendelse),1986,221969.51944934684
Dansk produktion,REST_TILGANG Øvrige brancher,Faste bruttoinvesteringer + Lagerforøgelse + Værdigenstande (Anvendelse),1987,223158.52271472433
Dansk produktion,REST_TILGANG Øvrige brancher,Faste bruttoinvesteringer + Lagerforøgelse + Værdigenstande (Anvendelse),1988,217003.00533183548
Dansk produktion,REST_TILGANG Øvrige brancher,Faste bruttoinvesteringer + Lagerforøgelse + Værdigenstande (Anvendelse),1989,214289.31942956298
Dansk produktion,REST_TILGANG Øvrige brancher,Faste bruttoinvesteringer + Lagerforøgelse + Værdigenstande (Anvendelse),1990,212771.41690243012
Dansk produktion,REST_TILGANG Øvrige brancher,Faste bruttoinvesteringer + Lagerforøgelse + Værdigenstande (Anvendelse),1991,204552.40183957142
Dansk produktion,REST_TILGANG Øvrige brancher,Faste bruttoinvesteringer + Lagerforøgelse + Værdigenstande (Anvendelse),1992,207119.96183693229
Dansk produktion,REST_TILGANG Øvrige brancher,Faste bruttoinvesteringer + Lagerforøgelse + Værdigenstande (Anvendelse),1993,192345.98922564226
Dansk produktion,REST_TILGANG Øvrige brancher,Faste bruttoinvesteringer + Lagerforøgelse + Værdigenstande (Anvendelse),1994,214409.05727773052
Dansk produktion,REST_TILGANG Øvrige brancher,Faste bruttoinvesteringer + Lagerforøgelse + Værdigenstande (Anvendelse),1995,237207.33411712726
Dansk produktion,REST_TILGANG Øvrige brancher,Faste bruttoinvesteringer + Lagerforøgelse + Værdigenstande (Anvendelse),1996,246206.4456278093
Dansk produktion,REST_TILGANG Øvrige brancher,Faste bruttoinvesteringer + Lagerforøgelse + Værdigenstande (Anvendelse),1997,274893.7902283765
Dansk produktion,REST_TILGANG Øvrige brancher,Faste bruttoinvesteringer + Lagerforøgelse + Værdigenstande (Anvendelse),1998,287869.29928446136
Dansk produktion,REST_TILGANG Øvrige brancher,Faste bruttoinvesteringer + Lagerforøgelse + Værdigenstande (Anvendelse),1999,278445.60808191495
Dansk produktion,REST_TILGANG Øvrige brancher,Faste bruttoinvesteringer + Lagerforøgelse + Værdigenstande (Anvendelse),2000,299359.9648472503
Dansk produktion,REST_TILGANG Øvrige brancher,Faste bruttoinvesteringer + Lagerforøgelse + Værdigenstande (Anvendelse),2001,299380.51504015486
Dansk produktion,REST_TILGANG Øvrige brancher,Faste bruttoinvesteringer + Lagerforøgelse + Værdigenstande (Anvendelse),2002,291201.11901793996
Dansk produktion,REST_TILGANG Øvrige brancher,Faste bruttoinvesteringer + Lagerforøgelse + Værdigenstande (Anvendelse),2003,292907.7579308233
Dansk produktion,REST_TILGANG Øvrige brancher,Faste bruttoinvesteringer + Lagerforøgelse + Værdigenstande (Anvendelse),2004,301784.4856726159
Dansk produktion,REST_TILGANG Øvrige brancher,Faste bruttoinvesteringer + Lagerforøgelse + Værdigenstande (Anvendelse),2005,318229.0017707909
Dansk produktion,REST_TILGANG Øvrige brancher,Faste bruttoinvesteringer + Lagerforøgelse + Værdigenstande (Anvendelse),2006,353524.75249888643
Dansk produktion,REST_TILGANG Øvrige brancher,Faste bruttoinvesteringer + Lagerforøgelse + Værdigenstande (Anvendelse),2007,355124.31111271505
Dansk produktion,REST_TILGANG Øvrige brancher,Faste bruttoinvesteringer + Lagerforøgelse + Værdigenstande (Anvendelse),2008,347880.86671232077
Dansk produktion,REST_TILGANG Øvrige brancher,Faste bruttoinvesteringer + Lagerforøgelse + Værdigenstande (Anvendelse),2009,278797.9714889558
Dansk produktion,REST_TILGANG Øvrige brancher,Faste bruttoinvesteringer + Lagerforøgelse + Værdigenstande (Anvendelse),2010,268126.9781804629
Dansk produktion,REST_TILGANG Øvrige brancher,Faste bruttoinvesteringer + Lagerforøgelse + Værdigenstande (Anvendelse),2011,281516.6485394793
Dansk produktion,REST_TILGANG Øvrige brancher,Faste bruttoinvesteringer + Lagerforøgelse + Værdigenstande (Anvendelse),2012,285395.6889810587
Dansk produktion,REST_TILGANG Øvrige brancher,Faste bruttoinvesteringer + Lagerforøgelse + Værdigenstande (Anvendelse),2013,295844.2257861913
Dansk produktion,REST_TILGANG Øvrige brancher,Faste bruttoinvesteringer + Lagerforøgelse + Værdigenstande (Anvendelse),2014,303618.6446642026
Dansk produktion,REST_TILGANG Øvrige brancher,Faste bruttoinvesteringer + Lagerforøgelse + Værdigenstande (Anvendelse),2015,321698.1349645932
Dansk produktion,REST_TILGANG Øvrige brancher,Faste bruttoinvesteringer + Lagerforøgelse + Værdigenstande (Anvendelse),2016,342391.22133972234
Dansk produktion,REST_TILGANG Øvrige brancher,Faste bruttoinvesteringer + Lagerforøgelse + Værdigenstande (Anvendelse),2017,355515.298300288
Dansk produktion,REST_TILGANG Øvrige brancher,Faste bruttoinvesteringer + Lagerforøgelse + Værdigenstande (Anvendelse),2018,365109.4931766128
Dansk produktion,REST_TILGANG Øvrige brancher,Faste bruttoinvesteringer + Lagerforøgelse + Værdigenstande (Anvendelse),2019,365632.05096073716
Dansk produktion,REST_TILGANG Øvrige brancher,Faste bruttoinvesteringer + Lagerforøgelse + Værdigenstande (Anvendelse),2020,376050.973
Dansk produktion,REST_TILGANG Øvrige brancher,Faste bruttoinvesteringer + Lagerforøgelse + Værdigenstande (Anvendelse),2021,428594.618
Dansk produktion,REST_TILGANG Øvrige brancher,Faste bruttoinvesteringer + Lagerforøgelse + Værdigenstande (Anvendelse),2022,447050.7842543343
Dansk produktion,REST_TILGANG Øvrige brancher,Husholdningernes forbrugsudgifter + NPISH (Anvendelse),1967,316829.5463547676
Dansk produktion,REST_TILGANG Øvrige brancher,Husholdningernes forbrugsudgifter + NPISH (Anvendelse),1968,325373.5766768331
Dansk produktion,REST_TILGANG Øvrige brancher,Husholdningernes forbrugsudgifter + NPISH (Anvendelse),1969,341454.84123919485
Dansk produktion,REST_TILGANG Øvrige brancher,Husholdningernes forbrugsudgifter + NPISH (Anvendelse),1970,350649.8164754691
Dansk produktion,REST_TILGANG Øvrige brancher,Husholdningernes forbrugsudgifter + NPISH (Anvendelse),1971,356455.27002564096
Dansk produktion,REST_TILGANG Øvrige brancher,Husholdningernes forbrugsudgifter + NPISH (Anvendelse),1972,361368.3893235545
Dansk produktion,REST_TILGANG Øvrige brancher,Husholdningernes forbrugsudgifter + NPISH (Anvendelse),1973,375116.91832223523
Dansk produktion,REST_TILGANG Øvrige brancher,Husholdningernes forbrugsudgifter + NPISH (Anvendelse),1974,375261.27081524715
Dansk produktion,REST_TILGANG Øvrige brancher,Husholdningernes forbrugsudgifter + NPISH (Anvendelse),1975,384080.7313540099
Dansk produktion,REST_TILGANG Øvrige brancher,Husholdningernes forbrugsudgifter + NPISH (Anvendelse),1976,408767.7073711496
Dansk produktion,REST_TILGANG Øvrige brancher,Husholdningernes forbrugsudgifter + NPISH (Anvendelse),1977,417040.66353934136
Dansk produktion,REST_TILGANG Øvrige brancher,Husholdningernes forbrugsudgifter + NPISH (Anvendelse),1978,420868.79446569056
Dansk produktion,REST_TILGANG Øvrige brancher,Husholdningernes forbrugsudgifter + NPISH (Anvendelse),1979,424650.632081185
Dansk produktion,REST_TILGANG Øvrige brancher,Husholdningernes forbrugsudgifter + NPISH (Anvendelse),1980,417928.5574768519
Dansk produktion,REST_TILGANG Øvrige brancher,Husholdningernes forbrugsudgifter + NPISH (Anvendelse),1981,414871.1745835837
Dansk produktion,REST_TILGANG Øvrige brancher,Husholdningernes forbrugsudgifter + NPISH (Anvendelse),1982,418569.06646569166
Dansk produktion,REST_TILGANG Øvrige brancher,Husholdningernes forbrugsudgifter + NPISH (Anvendelse),1983,424870.94088768837
Dansk produktion,REST_TILGANG Øvrige brancher,Husholdningernes forbrugsudgifter + NPISH (Anvendelse),1984,438316.94918662374
Dansk produktion,REST_TILGANG Øvrige brancher,Husholdningernes forbrugsudgifter + NPISH (Anvendelse),1985,454056.6402665263
Dansk produktion,REST_TILGANG Øvrige brancher,Husholdningernes forbrugsudgifter + NPISH (Anvendelse),1986,477530.44484591275
Dansk produktion,REST_TILGANG Øvrige brancher,Husholdningernes forbrugsudgifter + NPISH (Anvendelse),1987,473689.87804613746
Dansk produktion,REST_TILGANG Øvrige brancher,Husholdningernes forbrugsudgifter + NPISH (Anvendelse),1988,478894.3861348492
Dansk produktion,REST_TILGANG Øvrige brancher,Husholdningernes forbrugsudgifter + NPISH (Anvendelse),1989,484426.6279877647
Dansk produktion,REST_TILGANG Øvrige brancher,Husholdningernes forbrugsudgifter + NPISH (Anvendelse),1990,496025.19303364237
Dansk produktion,REST_TILGANG Øvrige brancher,Husholdningernes forbrugsudgifter + NPISH (Anvendelse),1991,507340.7303145694
Dansk produktion,REST_TILGANG Øvrige brancher,Husholdningernes forbrugsudgifter + NPISH (Anvendelse),1992,521196.9660201976
Dansk produktion,REST_TILGANG Øvrige brancher,Husholdningernes forbrugsudgifter + NPISH (Anvendelse),1993,513228.32153435913
Dansk produktion,REST_TILGANG Øvrige brancher,Husholdningernes forbrugsudgifter + NPISH (Anvendelse),1994,536024.0102055795
Dansk produktion,REST_TILGANG Øvrige brancher,Husholdningernes forbrugsudgifter + NPISH (Anvendelse),1995,541128.1373263515
Dansk produktion,REST_TILGANG Øvrige brancher,Husholdningernes forbrugsudgifter + NPISH (Anvendelse),1996,548989.9539185549
Dansk produktion,REST_TILGANG Øvrige brancher,Husholdningernes forbrugsudgifter + NPISH (Anvendelse),1997,561799.5545312611
Dansk produktion,REST_TILGANG Øvrige brancher,Husholdningernes forbrugsudgifter + NPISH (Anvendelse),1998,573526.6047095632
Dansk produktion,REST_TILGANG Øvrige brancher,Husholdningernes forbrugsudgifter + NPISH (Anvendelse),1999,577047.360159691
Dansk produktion,REST_TILGANG Øvrige brancher,Husholdningernes forbrugsudgifter + NPISH (Anvendelse),2000,586438.4377922569
Dansk produktion,REST_TILGANG Øvrige brancher,Husholdningernes forbrugsudgifter + NPISH (Anvendelse),2001,595148.414009354
Dansk produktion,REST_TILGANG Øvrige brancher,Husholdningernes forbrugsudgifter + NPISH (Anvendelse),2002,599927.0753817485
Dansk produktion,REST_TILGANG Øvrige brancher,Husholdningernes forbrugsudgifter + NPISH (Anvendelse),2003,612260.6985128236
Dansk produktion,REST_TILGANG Øvrige brancher,Husholdningernes forbrugsudgifter + NPISH (Anvendelse),2004,632346.0743747206
Dansk produktion,REST_TILGANG Øvrige brancher,Husholdningernes forbrugsudgifter + NPISH (Anvendelse),2005,655125.0097203483
Dansk produktion,REST_TILGANG Øvrige brancher,Husholdningernes forbrugsudgifter + NPISH (Anvendelse),2006,671986.5167495843
Dansk produktion,REST_TILGANG Øvrige brancher,Husholdningernes forbrugsudgifter + NPISH (Anvendelse),2007,678157.2128204431
Dansk produktion,REST_TILGANG Øvrige brancher,Husholdningernes forbrugsudgifter + NPISH (Anvendelse),2008,687446.6727056494
Dansk produktion,REST_TILGANG Øvrige brancher,Husholdningernes forbrugsudgifter + NPISH (Anvendelse),2009,673424.9328481411
Dansk produktion,REST_TILGANG Øvrige brancher,Husholdningernes forbrugsudgifter + NPISH (Anvendelse),2010,683997.727690221
Dansk produktion,REST_TILGANG Øvrige brancher,Husholdningernes forbrugsudgifter + NPISH (Anvendelse),2011,693658.3823823653
Dansk produktion,REST_TILGANG Øvrige brancher,Husholdningernes forbrugsudgifter + NPISH (Anvendelse),2012,691936.8921287586
Dansk produktion,REST_TILGANG Øvrige brancher,Husholdningernes forbrugsudgifter + NPISH (Anvendelse),2013,699646.7434363913
Dansk produktion,REST_TILGANG Øvrige brancher,Husholdningernes forbrugsudgifter + NPISH (Anvendelse),2014,692612.9826724232
Dansk produktion,REST_TILGANG Øvrige brancher,Husholdningernes forbrugsudgifter + NPISH (Anvendelse),2015,705738.2244914983
Dansk produktion,REST_TILGANG Øvrige brancher,Husholdningernes forbrugsudgifter + NPISH (Anvendelse),2016,728526.9691469099
Dansk produktion,REST_TILGANG Øvrige brancher,Husholdningernes forbrugsudgifter + NPISH (Anvendelse),2017,747783.2145457303
Dansk produktion,REST_TILGANG Øvrige brancher,Husholdningernes forbrugsudgifter + NPISH (Anvendelse),2018,770195.2735322973
Dansk produktion,REST_TILGANG Øvrige brancher,Husholdningernes forbrugsudgifter + NPISH (Anvendelse),2019,782323.9751097015
Dansk produktion,REST_TILGANG Øvrige brancher,Husholdningernes forbrugsudgifter + NPISH (Anvendelse),2020,753763.288
Dansk produktion,REST_TILGANG Øvrige brancher,Husholdningernes forbrugsudgifter + NPISH (Anvendelse),2021,784306.083
Dansk produktion,REST_TILGANG Øvrige brancher,Husholdningernes forbrugsudgifter + NPISH (Anvendelse),2022,796024.9909709705
Dansk produktion,REST_TILGANG Øvrige brancher,"Offentligt forbrug, i alt-(Anvendelse)",1967,206543.2093380499
Dansk produktion,REST_TILGANG Øvrige brancher,"Offentligt forbrug, i alt-(Anvendelse)",1968,218050.32780289708
Dansk produktion,REST_TILGANG Øvrige brancher,"Offentligt forbrug, i alt-(Anvendelse)",1969,233302.24628130478
Dansk produktion,REST_TILGANG Øvrige brancher,"Offentligt forbrug, i alt-(Anvendelse)",1970,247523.54837153433
Dansk produktion,REST_TILGANG Øvrige brancher,"Offentligt forbrug, i alt-(Anvendelse)",1971,262753.5101780853
Dansk produktion,REST_TILGANG Øvrige brancher,"Offentligt forbrug, i alt-(Anvendelse)",1972,274128.09712593805
Dansk produktion,REST_TILGANG Øvrige brancher,"Offentligt forbrug, i alt-(Anvendelse)",1973,279317.761409741
Dansk produktion,REST_TILGANG Øvrige brancher,"Offentligt forbrug, i alt-(Anvendelse)",1974,283639.00612751325
Dansk produktion,REST_TILGANG Øvrige brancher,"Offentligt forbrug, i alt-(Anvendelse)",1975,281196.9645637934
Dansk produktion,REST_TILGANG Øvrige brancher,"Offentligt forbrug, i alt-(Anvendelse)",1976,293487.1749135799
Dansk produktion,REST_TILGANG Øvrige brancher,"Offentligt forbrug, i alt-(Anvendelse)",1977,297994.6995060265
Dansk produktion,REST_TILGANG Øvrige brancher,"Offentligt forbrug, i alt-(Anvendelse)",1978,317279.4010808089
Dansk produktion,REST_TILGANG Øvrige brancher,"Offentligt forbrug, i alt-(Anvendelse)",1979,333999.7946203529
Dansk produktion,REST_TILGANG Øvrige brancher,"Offentligt forbrug, i alt-(Anvendelse)",1980,344847.17429153697
Dansk produktion,REST_TILGANG Øvrige brancher,"Offentligt forbrug, i alt-(Anvendelse)",1981,349686.2542186375
Dansk produktion,REST_TILGANG Øvrige brancher,"Offentligt forbrug, i alt-(Anvendelse)",1982,361019.42283621227
Dansk produktion,REST_TILGANG Øvrige brancher,"Offentligt forbrug, i alt-(Anvendelse)",1983,360666.80096089834
Dansk produktion,REST_TILGANG Øvrige brancher,"Offentligt forbrug, i alt-(Anvendelse)",1984,354532.5755688579
Dansk produktion,REST_TILGANG Øvrige brancher,"Offentligt forbrug, i alt-(Anvendelse)",1985,362435.1913381797
Dansk produktion,REST_TILGANG Øvrige brancher,"Offentligt forbrug, i alt-(Anvendelse)",1986,365045.1556254025
Dansk produktion,REST_TILGANG Øvrige brancher,"Offentligt forbrug, i alt-(Anvendelse)",1987,371817.17520685244
Dansk produktion,REST_TILGANG Øvrige brancher,"Offentligt forbrug, i alt-(Anvendelse)",1988,371373.7744983515
Dansk produktion,REST_TILGANG Øvrige brancher,"Offentligt forbrug, i alt-(Anvendelse)",1989,368155.66875402
Dansk produktion,REST_TILGANG Øvrige brancher,"Offentligt forbrug, i alt-(Anvendelse)",1990,361415.0167940397
Dansk produktion,REST_TILGANG Øvrige brancher,"Offentligt forbrug, i alt-(Anvendelse)",1991,366649.3042038571
Dansk produktion,REST_TILGANG Øvrige brancher,"Offentligt forbrug, i alt-(Anvendelse)",1992,368683.9209584879
Dansk produktion,REST_TILGANG Øvrige brancher,"Offentligt forbrug, i alt-(Anvendelse)",1993,384444.5961787815
Dansk produktion,REST_TILGANG Øvrige brancher,"Offentligt forbrug, i alt-(Anvendelse)",1994,392104.18375037535
Dansk produktion,REST_TILGANG Øvrige brancher,"Offentligt forbrug, i alt-(Anvendelse)",1995,400242.78345396847
Dansk produktion,REST_TILGANG Øvrige brancher,"Offentligt forbrug, i alt-(Anvendelse)",1996,412625.23088499304
Dansk produktion,REST_TILGANG Øvrige brancher,"Offentligt forbrug, i alt-(Anvendelse)",1997,414719.86726235674
Dansk produktion,REST_TILGANG Øvrige brancher,"Offentligt forbrug, i alt-(Anvendelse)",1998,426988.1985973421
Dansk produktion,REST_TILGANG Øvrige brancher,"Offentligt forbrug, i alt-(Anvendelse)",1999,440552.5887965911
Dansk produktion,REST_TILGANG Øvrige brancher,"Offentligt forbrug, i alt-(Anvendelse)",2000,453014.9686943537
Dansk produktion,REST_TILGANG Øvrige brancher,"Offentligt forbrug, i alt-(Anvendelse)",2001,461197.2486612247
Dansk produktion,REST_TILGANG Øvrige brancher,"Offentligt forbrug, i alt-(Anvendelse)",2002,469706.6360380822
Dansk produktion,REST_TILGANG Øvrige brancher,"Offentligt forbrug, i alt-(Anvendelse)",2003,470886.96094950667
Dansk produktion,REST_TILGANG Øvrige brancher,"Offentligt forbrug, i alt-(Anvendelse)",2004,477594.8840051384
Dansk produktion,REST_TILGANG Øvrige brancher,"Offentligt forbrug, i alt-(Anvendelse)",2005,483899.29949935136
Dansk produktion,REST_TILGANG Øvrige brancher,"Offentligt forbrug, i alt-(Anvendelse)",2006,497733.5918942683
Dansk produktion,REST_TILGANG Øvrige brancher,"Offentligt forbrug, i alt-(Anvendelse)",2007,502958.94349125103
Dansk produktion,REST_TILGANG Øvrige brancher,"Offentligt forbrug, i alt-(Anvendelse)",2008,518401.6918432244
Dansk produktion,REST_TILGANG Øvrige brancher,"Offentligt forbrug, i alt-(Anvendelse)",2009,534269.8818632364
Dansk produktion,REST_TILGANG Øvrige brancher,"Offentligt forbrug, i alt-(Anvendelse)",2010,542618.8815477382
Dansk produktion,REST_TILGANG Øvrige brancher,"Offentligt forbrug, i alt-(Anvendelse)",2011,539977.9086827156
Dansk produktion,REST_TILGANG Øvrige brancher,"Offentligt forbrug, i alt-(Anvendelse)",2012,544693.7646095598
Dansk produktion,REST_TILGANG Øvrige brancher,"Offentligt forbrug, i alt-(Anvendelse)",2013,544989.6381347599
Dansk produktion,REST_TILGANG Øvrige brancher,"Offentligt forbrug, i alt-(Anvendelse)",2014,555626.0434517728
Dansk produktion,REST_TILGANG Øvrige brancher,"Offentligt forbrug, i alt-(Anvendelse)",2015,566889.6656825125
Dansk produktion,REST_TILGANG Øvrige brancher,"Offentligt forbrug, i alt-(Anvendelse)",2016,566935.4371826942
Dansk produktion,REST_TILGANG Øvrige brancher,"Offentligt forbrug, i alt-(Anvendelse)",2017,572303.4759499372
Dansk produktion,REST_TILGANG Øvrige brancher,"Offentligt forbrug, i alt-(Anvendelse)",2018,574721.6019053286
Dansk produktion,REST_TILGANG Øvrige brancher,"Offentligt forbrug, i alt-(Anvendelse)",2019,580137.9372457443
Dansk produktion,REST_TILGANG Øvrige brancher,"Offentligt forbrug, i alt-(Anvendelse)",2020,569545.675
Dansk produktion,REST_TILGANG Øvrige brancher,"Offentligt forbrug, i alt-(Anvendelse)",2021,597184.084
Dansk produktion,REST_TILGANG Øvrige brancher,"Offentligt forbrug, i alt-(Anvendelse)",2022,582718.6814826032
Dansk produktion,REST_TILGANG Øvrige brancher,Privat,1967,336603.4425260802
Dansk produktion,REST_TILGANG Øvrige brancher,Privat,1968,336986.6451657418
Dansk produktion,REST_TILGANG Øvrige brancher,Privat,1969,359438.39435809886
Dansk produktion,REST_TILGANG Øvrige brancher,Privat,1970,377600.27031259483
Dansk produktion,REST_TILGANG Øvrige brancher,Privat,1971,378098.023410024
Dansk produktion,REST_TILGANG Øvrige brancher,Privat,1972,398122.87327161635
Dansk produktion,REST_TILGANG Øvrige brancher,Privat,1973,412768.4048264281
Dansk produktion,REST_TILGANG Øvrige brancher,Privat,1974,399151.0396163626
Dansk produktion,REST_TILGANG Øvrige brancher,Privat,1975,391215.75455585704
Dansk produktion,REST_TILGANG Øvrige brancher,Privat,1976,423041.6911505633
Dansk produktion,REST_TILGANG Øvrige brancher,Privat,1977,429833.05148255825
Dansk produktion,REST_TILGANG Øvrige brancher,Privat,1978,442528.7886196917
Dansk produktion,REST_TILGANG Øvrige brancher,Privat,1979,454778.21875126404
Dansk produktion,REST_TILGANG Øvrige brancher,Privat,1980,447889.8696680622
Dansk produktion,REST_TILGANG Øvrige brancher,Privat,1981,430640.9020658516
Dansk produktion,REST_TILGANG Øvrige brancher,Privat,1982,435590.3135196643
Dansk produktion,REST_TILGANG Øvrige brancher,Privat,1983,448729.6715663196
Dansk produktion,REST_TILGANG Øvrige brancher,Privat,1984,498804.2938324551
Dansk produktion,REST_TILGANG Øvrige brancher,Privat,1985,533015.7948709282
Dansk produktion,REST_TILGANG Øvrige brancher,Privat,1986,594676.0610659318
Dansk produktion,REST_TILGANG Øvrige brancher,Privat,1987,609087.1078955967
Dansk produktion,REST_TILGANG Øvrige brancher,Privat,1988,610721.4059971354
Dansk produktion,REST_TILGANG Øvrige brancher,Privat,1989,603149.062877393
Dansk produktion,REST_TILGANG Øvrige brancher,Privat,1990,609113.5860497955
Dansk produktion,REST_TILGANG Øvrige brancher,Privat,1991,602157.0002753349
Dansk produktion,REST_TILGANG Øvrige brancher,Privat,1992,608477.8613500032
Dansk produktion,REST_TILGANG Øvrige brancher,Privat,1993,609138.4849038869
Dansk produktion,REST_TILGANG Øvrige brancher,Privat,1994,639424.6357577647
Dansk produktion,REST_TILGANG Øvrige brancher,Privat,1995,667788.1833961782
Dansk produktion,REST_TILGANG Øvrige brancher,Privat,1996,693766.3516343375
Dansk produktion,REST_TILGANG Øvrige brancher,Privat,1997,716898.9806195776
Dansk produktion,REST_TILGANG Øvrige brancher,Privat,1998,735563.1828862687
Dansk produktion,REST_TILGANG Øvrige brancher,Privat,1999,782567.5569191246
Dansk produktion,REST_TILGANG Øvrige brancher,Privat,2000,808607.8426889816
Dansk produktion,REST_TILGANG Øvrige brancher,Privat,2001,844514.4072368373
Dansk produktion,REST_TILGANG Øvrige brancher,Privat,2002,853439.5756801399
Dansk produktion,REST_TILGANG Øvrige brancher,Privat,2003,844308.9241909338
Dansk produktion,REST_TILGANG Øvrige brancher,Privat,2004,861654.7362650275
Dansk produktion,REST_TILGANG Øvrige brancher,Privat,2005,936006.2223150606
Dansk produktion,REST_TILGANG Øvrige brancher,Privat,2006,990550.8916631964
Dansk produktion,REST_TILGANG Øvrige brancher,Privat,2007,1033690.758770069
Dansk produktion,REST_TILGANG Øvrige brancher,Privat,2008,1022642.1684633067
Dansk produktion,REST_TILGANG Øvrige brancher,Privat,2009,932849.2664112739
Dansk produktion,REST_TILGANG Øvrige brancher,Privat,2010,917970.2718453928
Dansk produktion,REST_TILGANG Øvrige brancher,Privat,2011,941532.7505053807
Dansk produktion,REST_TILGANG Øvrige brancher,Privat,2012,947211.3340922988
Dansk produktion,REST_TILGANG Øvrige brancher,Privat,2013,932547.3920941977
Dansk produktion,REST_TILGANG Øvrige brancher,Privat,2014,966961.1918772937
Dansk produktion,REST_TILGANG Øvrige brancher,Privat,2015,992884.8198991412
Dansk produktion,REST_TILGANG Øvrige brancher,Privat,2016,1032659.7644113565
Dansk produktion,REST_TILGANG Øvrige brancher,Privat,2017,1057834.8894235413
Dansk produktion,REST_TILGANG Øvrige brancher,Privat,2018,1063172.7224407718
Dansk produktion,REST_TILGANG Øvrige brancher,Privat,2019,1066100.2189931178
Dansk produktion,REST_TILGANG Øvrige brancher,Privat,2020,1048147.1260000002
Dansk produktion,REST_TILGANG Øvrige brancher,Privat,2021,1116229.1209999998
Dansk produktion,REST_TILGANG Øvrige brancher,Privat,2022,1162029.6593119858
Dansk produktion,REST_TILGANG Øvrige brancher,REST_ANVENDELSE Øvrige brancher,1967,333549.588217316
Dansk produktion,REST_TILGANG Øvrige brancher,REST_ANVENDELSE Øvrige brancher,1968,333773.78586466965
Dansk produktion,REST_TILGANG Øvrige brancher,REST_ANVENDELSE Øvrige brancher,1969,359668.10189918696
Dansk produktion,REST_TILGANG Øvrige brancher,REST_ANVENDELSE Øvrige brancher,1970,379483.9812656571
Dansk produktion,REST_TILGANG Øvrige brancher,REST_ANVENDELSE Øvrige brancher,1971,377403.10914035415
Dansk produktion,REST_TILGANG Øvrige brancher,REST_ANVENDELSE Øvrige brancher,1972,398810.73803505185
Dansk produktion,REST_TILGANG Øvrige brancher,REST_ANVENDELSE Øvrige brancher,1973,415064.16519693984
Dansk produktion,REST_TILGANG Øvrige brancher,REST_ANVENDELSE Øvrige brancher,1974,402824.7460287639
Dansk produktion,REST_TILGANG Øvrige brancher,REST_ANVENDELSE Øvrige brancher,1975,397272.5982510457
Dansk produktion,REST_TILGANG Øvrige brancher,REST_ANVENDELSE Øvrige brancher,1976,426907.12834255537
Dansk produktion,REST_TILGANG Øvrige brancher,REST_ANVENDELSE Øvrige brancher,1977,434251.6059981748
Dansk produktion,REST_TILGANG Øvrige brancher,REST_ANVENDELSE Øvrige brancher,1978,449440.4988844541
Dansk produktion,REST_TILGANG Øvrige brancher,REST_ANVENDELSE Øvrige brancher,1979,463650.6430051289
Dansk produktion,REST_TILGANG Øvrige brancher,REST_ANVENDELSE Øvrige brancher,1980,456559.9630867387
Dansk produktion,REST_TILGANG Øvrige brancher,REST_ANVENDELSE Øvrige brancher,1981,438308.6446709243
Dansk produktion,REST_TILGANG Øvrige brancher,REST_ANVENDELSE Øvrige brancher,1982,440985.7017084703
Dansk produktion,REST_TILGANG Øvrige brancher,REST_ANVENDELSE Øvrige brancher,1983,453851.0754354851
Dansk produktion,REST_TILGANG Øvrige brancher,REST_ANVENDELSE Øvrige brancher,1984,504015.05224319577
Dansk produktion,REST_TILGANG Øvrige brancher,REST_ANVENDELSE Øvrige brancher,1985,538217.3495980878
Dansk produktion,REST_TILGANG Øvrige brancher,REST_ANVENDELSE Øvrige brancher,1986,600442.9813025814
Dansk produktion,REST_TILGANG Øvrige brancher,REST_ANVENDELSE Øvrige brancher,1987,614779.1801322621
Dansk produktion,REST_TILGANG Øvrige brancher,REST_ANVENDELSE Øvrige brancher,1988,610583.4287459688
Dansk produktion,REST_TILGANG Øvrige brancher,REST_ANVENDELSE Øvrige brancher,1989,605776.4513707395
Dansk produktion,REST_TILGANG Øvrige brancher,REST_ANVENDELSE Øvrige brancher,1990,611075.0136874184
Dansk produktion,REST_TILGANG Øvrige brancher,REST_ANVENDELSE Øvrige brancher,1991,606718.0328344547
Dansk produktion,REST_TILGANG Øvrige brancher,REST_ANVENDELSE Øvrige brancher,1992,614055.5663187889
Dansk produktion,REST_TILGANG Øvrige brancher,REST_ANVENDELSE Øvrige brancher,1993,621828.3190517493
Dansk produktion,REST_TILGANG Øvrige brancher,REST_ANVENDELSE Øvrige brancher,1994,654904.4992258959
Dansk produktion,REST_TILGANG Øvrige brancher,REST_ANVENDELSE Øvrige brancher,1995,690788.545371583
Dansk produktion,REST_TILGANG Øvrige brancher,REST_ANVENDELSE Øvrige brancher,1996,721533.2871711807
Dansk produktion,REST_TILGANG Øvrige brancher,REST_ANVENDELSE Øvrige brancher,1997,743617.4164523903
Dansk produktion,REST_TILGANG Øvrige brancher,REST_ANVENDELSE Øvrige brancher,1998,764770.0427291424
Dansk produktion,REST_TILGANG Øvrige brancher,REST_ANVENDELSE Øvrige brancher,1999,817626.8699884632
Dansk produktion,REST_TILGANG Øvrige brancher,REST_ANVENDELSE Øvrige brancher,2000,846818.3145458486
Dansk produktion,REST_TILGANG Øvrige brancher,REST_ANVENDELSE Øvrige brancher,2001,889083.4304020393
Dansk produktion,REST_TILGANG Øvrige brancher,REST_ANVENDELSE Øvrige brancher,2002,898570.418196938
Dansk produktion,REST_TILGANG Øvrige brancher,REST_ANVENDELSE Øvrige brancher,2003,893683.088061447
Dansk produktion,REST_TILGANG Øvrige brancher,REST_ANVENDELSE Øvrige brancher,2004,916546.3634423922
Dansk produktion,REST_TILGANG Øvrige brancher,REST_ANVENDELSE Øvrige brancher,2005,992247.1210394624
Dansk produktion,REST_TILGANG Øvrige brancher,REST_ANVENDELSE Øvrige brancher,2006,1050071.8728600694
Dansk produktion,REST_TILGANG Øvrige brancher,REST_ANVENDELSE Øvrige brancher,2007,1096477.0370388962
Dansk produktion,REST_TILGANG Øvrige brancher,REST_ANVENDELSE Øvrige brancher,2008,1089560.6206087125
Dansk produktion,REST_TILGANG Øvrige brancher,REST_ANVENDELSE Øvrige brancher,2009,1006372.816853614
Dansk produktion,REST_TILGANG Øvrige brancher,REST_ANVENDELSE Øvrige brancher,2010,991991.1340429075
Dansk produktion,REST_TILGANG Øvrige brancher,REST_ANVENDELSE Øvrige brancher,2011,1008549.7817738074
Dansk produktion,REST_TILGANG Øvrige brancher,REST_ANVENDELSE Øvrige brancher,2012,1019064.0082024903
Dansk produktion,REST_TILGANG Øvrige brancher,REST_ANVENDELSE Øvrige brancher,2013,1002258.3612752323
Dansk produktion,REST_TILGANG Øvrige brancher,REST_ANVENDELSE Øvrige brancher,2014,1038958.0302533975
Dansk produktion,REST_TILGANG Øvrige brancher,REST_ANVENDELSE Øvrige brancher,2015,1064136.1486551666
Dansk produktion,REST_TILGANG Øvrige brancher,REST_ANVENDELSE Øvrige brancher,2016,1105830.269170285
Dansk produktion,REST_TILGANG Øvrige brancher,REST_ANVENDELSE Øvrige brancher,2017,1129390.8401853445
Dansk produktion,REST_TILGANG Øvrige brancher,REST_ANVENDELSE Øvrige brancher,2018,1136518.9954281277
Dansk produktion,REST_TILGANG Øvrige brancher,REST_ANVENDELSE Øvrige brancher,2019,1140806.8936953165
Dansk produktion,REST_TILGANG Øvrige brancher,REST_ANVENDELSE Øvrige brancher,2020,1123718.219
Dansk produktion,REST_TILGANG Øvrige brancher,REST_ANVENDELSE Øvrige brancher,2021,1197372.174
Dansk produktion,REST_TILGANG Øvrige brancher,REST_ANVENDELSE Øvrige brancher,2022,1247270.6942257837
Import eksklusiv told,01000 Landbrug og gartneri-(Tilgang),01000 Landbrug og gartneri- (Anvendelse),1967,1690.1296079878045
Import eksklusiv told,01000 Landbrug og gartneri-(Tilgang),01000 Landbrug og gartneri- (Anvendelse),1968,836.0456423688524
Import eksklusiv told,01000 Landbrug og gartneri-(Tilgang),01000 Landbrug og gartneri- (Anvendelse),1969,440.8116656599859
Import eksklusiv told,01000 Landbrug og gartneri-(Tilgang),01000 Landbrug og gartneri- (Anvendelse),1970,873.555844714002
Import eksklusiv told,01000 Landbrug og gartneri-(Tilgang),01000 Landbrug og gartneri- (Anvendelse),1971,1302.4235461843202
Import eksklusiv told,01000 Landbrug og gartneri-(Tilgang),01000 Landbrug og gartneri- (Anvendelse),1972,831.6775986129798
Import eksklusiv told,01000 Landbrug og gartneri-(Tilgang),01000 Landbrug og gartneri- (Anvendelse),1973,874.872380784534
Import eksklusiv told,01000 Landbrug og gartneri-(Tilgang),01000 Landbrug og gartneri- (Anvendelse),1974,873.7052908680199
Import eksklusiv told,01000 Landbrug og gartneri-(Tilgang),01000 Landbrug og gartneri- (Anvendelse),1975,678.5414826779241
Import eksklusiv told,01000 Landbrug og gartneri-(Tilgang),01000 Landbrug og gartneri- (Anvendelse),1976,1252.8443926982795
Import eksklusiv told,01000 Landbrug og gartneri-(Tilgang),01000 Landbrug og gartneri- (Anvendelse),1977,1016.4230357818121
Import eksklusiv told,01000 Landbrug og gartneri-(Tilgang),01000 Landbrug og gartneri- (Anvendelse),1978,684.9877904298322
Import eksklusiv told,01000 Landbrug og gartneri-(Tilgang),01000 Landbrug og gartneri- (Anvendelse),1979,714.2958789307824
Import eksklusiv told,01000 Landbrug og gartneri-(Tilgang),01000 Landbrug og gartneri- (Anvendelse),1980,719.9708660029182
Import eksklusiv told,01000 Landbrug og gartneri-(Tilgang),01000 Landbrug og gartneri- (Anvendelse),1981,1007.6512334219337
Import eksklusiv told,01000 Landbrug og gartneri-(Tilgang),01000 Landbrug og gartneri- (Anvendelse),1982,700.5939333737741
Import eksklusiv told,01000 Landbrug og gartneri-(Tilgang),01000 Landbrug og gartneri- (Anvendelse),1983,1198.8942481848155
Import eksklusiv told,01000 Landbrug og gartneri-(Tilgang),01000 Landbrug og gartneri- (Anvendelse),1984,694.3477504551245
Import eksklusiv told,01000 Landbrug og gartneri-(Tilgang),01000 Landbrug og gartneri- (Anvendelse),1985,649.3753633117933
Import eksklusiv told,01000 Landbrug og gartneri-(Tilgang),01000 Landbrug og gartneri- (Anvendelse),1986,794.3298647901702
Import eksklusiv told,01000 Landbrug og gartneri-(Tilgang),01000 Landbrug og gartneri- (Anvendelse),1987,620.6934454452455
Import eksklusiv told,01000 Landbrug og gartneri-(Tilgang),01000 Landbrug og gartneri- (Anvendelse),1988,427.76107405101834
Import eksklusiv told,01000 Landbrug og gartneri-(Tilgang),01000 Landbrug og gartneri- (Anvendelse),1989,294.6376925404812
Import eksklusiv told,01000 Landbrug og gartneri-(Tilgang),01000 Landbrug og gartneri- (Anvendelse),1990,225.93966926484117
Import eksklusiv told,01000 Landbrug og gartneri-(Tilgang),01000 Landbrug og gartneri- (Anvendelse),1991,360.03147866578007
Import eksklusiv told,01000 Landbrug og gartneri-(Tilgang),01000 Landbrug og gartneri- (Anvendelse),1992,1432.4551829697089
Import eksklusiv told,01000 Landbrug og gartneri-(Tilgang),01000 Landbrug og gartneri- (Anvendelse),1993,684.613143680583
Import eksklusiv told,01000 Landbrug og gartneri-(Tilgang),01000 Landbrug og gartneri- (Anvendelse),1994,539.4100724926037
Import eksklusiv told,01000 Landbrug og gartneri-(Tilgang),01000 Landbrug og gartneri- (Anvendelse),1995,551.3811939187332
Import eksklusiv told,01000 Landbrug og gartneri-(Tilgang),01000 Landbrug og gartneri- (Anvendelse),1996,526.2972913655802
Import eksklusiv told,01000 Landbrug og gartneri-(Tilgang),01000 Landbrug og gartneri- (Anvendelse),1997,514.5015842679907
Import eksklusiv told,01000 Landbrug og gartneri-(Tilgang),01000 Landbrug og gartneri- (Anvendelse),1998,750.4462467918358
Import eksklusiv told,01000 Landbrug og gartneri-(Tilgang),01000 Landbrug og gartneri- (Anvendelse),1999,742.338355370314
Import eksklusiv told,01000 Landbrug og gartneri-(Tilgang),01000 Landbrug og gartneri- (Anvendelse),2000,807.8504319478257
Import eksklusiv told,01000 Landbrug og gartneri-(Tilgang),01000 Landbrug og gartneri- (Anvendelse),2001,936.8710595634537
Import eksklusiv told,01000 Landbrug og gartneri-(Tilgang),01000 Landbrug og gartneri- (Anvendelse),2002,1153.7082947137108
Import eksklusiv told,01000 Landbrug og gartneri-(Tilgang),01000 Landbrug og gartneri- (Anvendelse),2003,892.6681083314387
Import eksklusiv told,01000 Landbrug og gartneri-(Tilgang),01000 Landbrug og gartneri- (Anvendelse),2004,604.0799280615352
Import eksklusiv told,01000 Landbrug og gartneri-(Tilgang),01000 Landbrug og gartneri- (Anvendelse),2005,568.7848691323778
Import eksklusiv told,01000 Landbrug og gartneri-(Tilgang),01000 Landbrug og gartneri- (Anvendelse),2006,817.8295666990866
Import eksklusiv told,01000 Landbrug og gartneri-(Tilgang),01000 Landbrug og gartneri- (Anvendelse),2007,504.6142062346456
Import eksklusiv told,01000 Landbrug og gartneri-(Tilgang),01000 Landbrug og gartneri- (Anvendelse),2008,928.5554257383453
Import eksklusiv told,01000 Landbrug og gartneri-(Tilgang),01000 Landbrug og gartneri- (Anvendelse),2009,755.5859557523058
Import eksklusiv told,01000 Landbrug og gartneri-(Tilgang),01000 Landbrug og gartneri- (Anvendelse),2010,809.2318881779515
Import eksklusiv told,01000 Landbrug og gartneri-(Tilgang),01000 Landbrug og gartneri- (Anvendelse),2011,1254.8327613033498
Import eksklusiv told,01000 Landbrug og gartneri-(Tilgang),01000 Landbrug og gartneri- (Anvendelse),2012,1026.9569024346754
Import eksklusiv told,01000 Landbrug og gartneri-(Tilgang),01000 Landbrug og gartneri- (Anvendelse),2013,945.7486203781687
Import eksklusiv told,01000 Landbrug og gartneri-(Tilgang),01000 Landbrug og gartneri- (Anvendelse),2014,735.0597415276756
Import eksklusiv told,01000 Landbrug og gartneri-(Tilgang),01000 Landbrug og gartneri- (Anvendelse),2015,823.8196575506975
Import eksklusiv told,01000 Landbrug og gartneri-(Tilgang),01000 Landbrug og gartneri- (Anvendelse),2016,1006.4774020468772
Import eksklusiv told,01000 Landbrug og gartneri-(Tilgang),01000 Landbrug og gartneri- (Anvendelse),2017,1160.87506741919
Import eksklusiv told,01000 Landbrug og gartneri-(Tilgang),01000 Landbrug og gartneri- (Anvendelse),2018,1403.3293377000846
Import eksklusiv told,01000 Landbrug og gartneri-(Tilgang),01000 Landbrug og gartneri- (Anvendelse),2019,1214.0151015649556
Import eksklusiv told,01000 Landbrug og gartneri-(Tilgang),01000 Landbrug og gartneri- (Anvendelse),2020,641.172
Import eksklusiv told,01000 Landbrug og gartneri-(Tilgang),01000 Landbrug og gartneri- (Anvendelse),2021,625.6229999999999
Import eksklusiv told,01000 Landbrug og gartneri-(Tilgang),01000 Landbrug og gartneri- (Anvendelse),2022,904.1545721315249
Import eksklusiv told,01000 Landbrug og gartneri-(Tilgang),"10120 Føde-, drikke- og tobaksvareindustri- (Anvendelse)",1967,2238.2665432338827
Import eksklusiv told,01000 Landbrug og gartneri-(Tilgang),"10120 Føde-, drikke- og tobaksvareindustri- (Anvendelse)",1968,1580.369544800046
Import eksklusiv told,01000 Landbrug og gartneri-(Tilgang),"10120 Føde-, drikke- og tobaksvareindustri- (Anvendelse)",1969,1604.6794779235265
Import eksklusiv told,01000 Landbrug og gartneri-(Tilgang),"10120 Føde-, drikke- og tobaksvareindustri- (Anvendelse)",1970,1921.5578772277147
Import eksklusiv told,01000 Landbrug og gartneri-(Tilgang),"10120 Føde-, drikke- og tobaksvareindustri- (Anvendelse)",1971,1851.5508484705053
Import eksklusiv told,01000 Landbrug og gartneri-(Tilgang),"10120 Føde-, drikke- og tobaksvareindustri- (Anvendelse)",1972,1593.3890129403446
Import eksklusiv told,01000 Landbrug og gartneri-(Tilgang),"10120 Føde-, drikke- og tobaksvareindustri- (Anvendelse)",1973,2040.637166562334
Import eksklusiv told,01000 Landbrug og gartneri-(Tilgang),"10120 Føde-, drikke- og tobaksvareindustri- (Anvendelse)",1974,1795.9876192858014
Import eksklusiv told,01000 Landbrug og gartneri-(Tilgang),"10120 Føde-, drikke- og tobaksvareindustri- (Anvendelse)",1975,1596.1718805307212
Import eksklusiv told,01000 Landbrug og gartneri-(Tilgang),"10120 Føde-, drikke- og tobaksvareindustri- (Anvendelse)",1976,1839.2100915991548
Import eksklusiv told,01000 Landbrug og gartneri-(Tilgang),"10120 Føde-, drikke- og tobaksvareindustri- (Anvendelse)",1977,1550.86716234896
Import eksklusiv told,01000 Landbrug og gartneri-(Tilgang),"10120 Føde-, drikke- og tobaksvareindustri- (Anvendelse)",1978,2051.5292812365956
Import eksklusiv told,01000 Landbrug og gartneri-(Tilgang),"10120 Føde-, drikke- og tobaksvareindustri- (Anvendelse)",1979,2051.634805007344
Import eksklusiv told,01000 Landbrug og gartneri-(Tilgang),"10120 Føde-, drikke- og tobaksvareindustri- (Anvendelse)",1980,1776.8473745660872
Import eksklusiv told,01000 Landbrug og gartneri-(Tilgang),"10120 Føde-, drikke- og tobaksvareindustri- (Anvendelse)",1981,1477.857587508439
Import eksklusiv told,01000 Landbrug og gartneri-(Tilgang),"10120 Føde-, drikke- og tobaksvareindustri- (Anvendelse)",1982,1470.2065563041194
Import eksklusiv told,01000 Landbrug og gartneri-(Tilgang),"10120 Føde-, drikke- og tobaksvareindustri- (Anvendelse)",1983,1417.1812510846944
Import eksklusiv told,01000 Landbrug og gartneri-(Tilgang),"10120 Føde-, drikke- og tobaksvareindustri- (Anvendelse)",1984,1249.5457576569909
Import eksklusiv told,01000 Landbrug og gartneri-(Tilgang),"10120 Føde-, drikke- og tobaksvareindustri- (Anvendelse)",1985,1342.0862138731416
Import eksklusiv told,01000 Landbrug og gartneri-(Tilgang),"10120 Føde-, drikke- og tobaksvareindustri- (Anvendelse)",1986,1412.9146990867075
Import eksklusiv told,01000 Landbrug og gartneri-(Tilgang),"10120 Føde-, drikke- og tobaksvareindustri- (Anvendelse)",1987,1208.564635128448
Import eksklusiv told,01000 Landbrug og gartneri-(Tilgang),"10120 Føde-, drikke- og tobaksvareindustri- (Anvendelse)",1988,1065.2477301509755
Import eksklusiv told,01000 Landbrug og gartneri-(Tilgang),"10120 Føde-, drikke- og tobaksvareindustri- (Anvendelse)",1989,1015.7946970514979
Import eksklusiv told,01000 Landbrug og gartneri-(Tilgang),"10120 Føde-, drikke- og tobaksvareindustri- (Anvendelse)",1990,1372.474847883852
Import eksklusiv told,01000 Landbrug og gartneri-(Tilgang),"10120 Føde-, drikke- og tobaksvareindustri- (Anvendelse)",1991,1584.519865118053
Import eksklusiv told,01000 Landbrug og gartneri-(Tilgang),"10120 Føde-, drikke- og tobaksvareindustri- (Anvendelse)",1992,1456.214679814664
Import eksklusiv told,01000 Landbrug og gartneri-(Tilgang),"10120 Føde-, drikke- og tobaksvareindustri- (Anvendelse)",1993,1610.9444611423887
Import eksklusiv told,01000 Landbrug og gartneri-(Tilgang),"10120 Føde-, drikke- og tobaksvareindustri- (Anvendelse)",1994,1910.1649384056007
Import eksklusiv told,01000 Landbrug og gartneri-(Tilgang),"10120 Føde-, drikke- og tobaksvareindustri- (Anvendelse)",1995,2203.4458209184127
Import eksklusiv told,01000 Landbrug og gartneri-(Tilgang),"10120 Føde-, drikke- og tobaksvareindustri- (Anvendelse)",1996,2081.5888281184493
Import eksklusiv told,01000 Landbrug og gartneri-(Tilgang),"10120 Føde-, drikke- og tobaksvareindustri- (Anvendelse)",1997,2187.8589411175467
Import eksklusiv told,01000 Landbrug og gartneri-(Tilgang),"10120 Føde-, drikke- og tobaksvareindustri- (Anvendelse)",1998,2330.1156952257415
Import eksklusiv told,01000 Landbrug og gartneri-(Tilgang),"10120 Føde-, drikke- og tobaksvareindustri- (Anvendelse)",1999,2396.8690524872122
Import eksklusiv told,01000 Landbrug og gartneri-(Tilgang),"10120 Føde-, drikke- og tobaksvareindustri- (Anvendelse)",2000,2457.618103311449
Import eksklusiv told,01000 Landbrug og gartneri-(Tilgang),"10120 Føde-, drikke- og tobaksvareindustri- (Anvendelse)",2001,2499.4126834219983
Import eksklusiv told,01000 Landbrug og gartneri-(Tilgang),"10120 Føde-, drikke- og tobaksvareindustri- (Anvendelse)",2002,3374.8661163804713
Import eksklusiv told,01000 Landbrug og gartneri-(Tilgang),"10120 Føde-, drikke- og tobaksvareindustri- (Anvendelse)",2003,3695.4958576921813
Import eksklusiv told,01000 Landbrug og gartneri-(Tilgang),"10120 Føde-, drikke- og tobaksvareindustri- (Anvendelse)",2004,3269.605043637336
Import eksklusiv told,01000 Landbrug og gartneri-(Tilgang),"10120 Føde-, drikke- og tobaksvareindustri- (Anvendelse)",2005,2901.3580207429336
Import eksklusiv told,01000 Landbrug og gartneri-(Tilgang),"10120 Føde-, drikke- og tobaksvareindustri- (Anvendelse)",2006,3587.9200544628684
Import eksklusiv told,01000 Landbrug og gartneri-(Tilgang),"10120 Føde-, drikke- og tobaksvareindustri- (Anvendelse)",2007,3380.675879137948
Import eksklusiv told,01000 Landbrug og gartneri-(Tilgang),"10120 Føde-, drikke- og tobaksvareindustri- (Anvendelse)",2008,4376.7085125444155
Import eksklusiv told,01000 Landbrug og gartneri-(Tilgang),"10120 Føde-, drikke- og tobaksvareindustri- (Anvendelse)",2009,2814.643826570247
Import eksklusiv told,01000 Landbrug og gartneri-(Tilgang),"10120 Føde-, drikke- og tobaksvareindustri- (Anvendelse)",2010,2482.968169356922
Import eksklusiv told,01000 Landbrug og gartneri-(Tilgang),"10120 Føde-, drikke- og tobaksvareindustri- (Anvendelse)",2011,2205.8294961754577
Import eksklusiv told,01000 Landbrug og gartneri-(Tilgang),"10120 Føde-, drikke- og tobaksvareindustri- (Anvendelse)",2012,2126.8489757054986
Import eksklusiv told,01000 Landbrug og gartneri-(Tilgang),"10120 Føde-, drikke- og tobaksvareindustri- (Anvendelse)",2013,2306.6478084281925
Import eksklusiv told,01000 Landbrug og gartneri-(Tilgang),"10120 Føde-, drikke- og tobaksvareindustri- (Anvendelse)",2014,2138.143864160405
Import eksklusiv told,01000 Landbrug og gartneri-(Tilgang),"10120 Føde-, drikke- og tobaksvareindustri- (Anvendelse)",2015,2352.7391233249737
Import eksklusiv told,01000 Landbrug og gartneri-(Tilgang),"10120 Føde-, drikke- og tobaksvareindustri- (Anvendelse)",2016,2119.7413709278844
Import eksklusiv told,01000 Landbrug og gartneri-(Tilgang),"10120 Føde-, drikke- og tobaksvareindustri- (Anvendelse)",2017,2526.9213214059587
Import eksklusiv told,01000 Landbrug og gartneri-(Tilgang),"10120 Føde-, drikke- og tobaksvareindustri- (Anvendelse)",2018,2599.8441941037663
Import eksklusiv told,01000 Landbrug og gartneri-(Tilgang),"10120 Føde-, drikke- og tobaksvareindustri- (Anvendelse)",2019,2862.9786264780246
Import eksklusiv told,01000 Landbrug og gartneri-(Tilgang),"10120 Føde-, drikke- og tobaksvareindustri- (Anvendelse)",2020,2317.639
Import eksklusiv told,01000 Landbrug og gartneri-(Tilgang),"10120 Føde-, drikke- og tobaksvareindustri- (Anvendelse)",2021,1652.0620000000001
Import eksklusiv told,01000 Landbrug og gartneri-(Tilgang),"10120 Føde-, drikke- og tobaksvareindustri- (Anvendelse)",2022,1786.899918253102
Import eksklusiv told,01000 Landbrug og gartneri-(Tilgang),"Anvendelse, i alt-(Anvendelse)",1967,6551.520454471089
Import eksklusiv told,01000 Landbrug og gartneri-(Tilgang),"Anvendelse, i alt-(Anvendelse)",1968,6369.015963279901
Import eksklusiv told,01000 Landbrug og gartneri-(Tilgang),"Anvendelse, i alt-(Anvendelse)",1969,5950.765275256336
Import eksklusiv told,01000 Landbrug og gartneri-(Tilgang),"Anvendelse, i alt-(Anvendelse)",1970,6719.348867814265
Import eksklusiv told,01000 Landbrug og gartneri-(Tilgang),"Anvendelse, i alt-(Anvendelse)",1971,7221.134047569836
Import eksklusiv told,01000 Landbrug og gartneri-(Tilgang),"Anvendelse, i alt-(Anvendelse)",1972,6608.917522496194
Import eksklusiv told,01000 Landbrug og gartneri-(Tilgang),"Anvendelse, i alt-(Anvendelse)",1973,6881.552831308784
Import eksklusiv told,01000 Landbrug og gartneri-(Tilgang),"Anvendelse, i alt-(Anvendelse)",1974,7024.867432303481
Import eksklusiv told,01000 Landbrug og gartneri-(Tilgang),"Anvendelse, i alt-(Anvendelse)",1975,6375.665391733417
Import eksklusiv told,01000 Landbrug og gartneri-(Tilgang),"Anvendelse, i alt-(Anvendelse)",1976,6915.304760527459
Import eksklusiv told,01000 Landbrug og gartneri-(Tilgang),"Anvendelse, i alt-(Anvendelse)",1977,6961.263022717661
Import eksklusiv told,01000 Landbrug og gartneri-(Tilgang),"Anvendelse, i alt-(Anvendelse)",1978,7421.175553875234
Import eksklusiv told,01000 Landbrug og gartneri-(Tilgang),"Anvendelse, i alt-(Anvendelse)",1979,7661.691686501582
Import eksklusiv told,01000 Landbrug og gartneri-(Tilgang),"Anvendelse, i alt-(Anvendelse)",1980,7174.045651345843
Import eksklusiv told,01000 Landbrug og gartneri-(Tilgang),"Anvendelse, i alt-(Anvendelse)",1981,7462.736974046042
Import eksklusiv told,01000 Landbrug og gartneri-(Tilgang),"Anvendelse, i alt-(Anvendelse)",1982,6952.153968578938
Import eksklusiv told,01000 Landbrug og gartneri-(Tilgang),"Anvendelse, i alt-(Anvendelse)",1983,7229.501087009803
Import eksklusiv told,01000 Landbrug og gartneri-(Tilgang),"Anvendelse, i alt-(Anvendelse)",1984,5860.905853694731
Import eksklusiv told,01000 Landbrug og gartneri-(Tilgang),"Anvendelse, i alt-(Anvendelse)",1985,6104.071224512596
Import eksklusiv told,01000 Landbrug og gartneri-(Tilgang),"Anvendelse, i alt-(Anvendelse)",1986,6303.706116942911
Import eksklusiv told,01000 Landbrug og gartneri-(Tilgang),"Anvendelse, i alt-(Anvendelse)",1987,6415.135064910049
Import eksklusiv told,01000 Landbrug og gartneri-(Tilgang),"Anvendelse, i alt-(Anvendelse)",1988,6851.226739197708
Import eksklusiv told,01000 Landbrug og gartneri-(Tilgang),"Anvendelse, i alt-(Anvendelse)",1989,6842.05326229304
Import eksklusiv told,01000 Landbrug og gartneri-(Tilgang),"Anvendelse, i alt-(Anvendelse)",1990,5997.654730930713
Import eksklusiv told,01000 Landbrug og gartneri-(Tilgang),"Anvendelse, i alt-(Anvendelse)",1991,6211.69238315029
Import eksklusiv told,01000 Landbrug og gartneri-(Tilgang),"Anvendelse, i alt-(Anvendelse)",1992,6785.753188823994
Import eksklusiv told,01000 Landbrug og gartneri-(Tilgang),"Anvendelse, i alt-(Anvendelse)",1993,6724.091059595242
Import eksklusiv told,01000 Landbrug og gartneri-(Tilgang),"Anvendelse, i alt-(Anvendelse)",1994,6952.079757149877
Import eksklusiv told,01000 Landbrug og gartneri-(Tilgang),"Anvendelse, i alt-(Anvendelse)",1995,6839.052131058367
Import eksklusiv told,01000 Landbrug og gartneri-(Tilgang),"Anvendelse, i alt-(Anvendelse)",1996,7173.41286883911
Import eksklusiv told,01000 Landbrug og gartneri-(Tilgang),"Anvendelse, i alt-(Anvendelse)",1997,7377.670460655813
Import eksklusiv told,01000 Landbrug og gartneri-(Tilgang),"Anvendelse, i alt-(Anvendelse)",1998,8270.41169463443
Import eksklusiv told,01000 Landbrug og gartneri-(Tilgang),"Anvendelse, i alt-(Anvendelse)",1999,8311.542515579804
Import eksklusiv told,01000 Landbrug og gartneri-(Tilgang),"Anvendelse, i alt-(Anvendelse)",2000,8816.852554078638
Import eksklusiv told,01000 Landbrug og gartneri-(Tilgang),"Anvendelse, i alt-(Anvendelse)",2001,8845.370338816083
Import eksklusiv told,01000 Landbrug og gartneri-(Tilgang),"Anvendelse, i alt-(Anvendelse)",2002,9278.854911246504
Import eksklusiv told,01000 Landbrug og gartneri-(Tilgang),"Anvendelse, i alt-(Anvendelse)",2003,9551.21889643883
Import eksklusiv told,01000 Landbrug og gartneri-(Tilgang),"Anvendelse, i alt-(Anvendelse)",2004,9424.73012531135
Import eksklusiv told,01000 Landbrug og gartneri-(Tilgang),"Anvendelse, i alt-(Anvendelse)",2005,8839.094885977878
Import eksklusiv told,01000 Landbrug og gartneri-(Tilgang),"Anvendelse, i alt-(Anvendelse)",2006,9849.690904810092
Import eksklusiv told,01000 Landbrug og gartneri-(Tilgang),"Anvendelse, i alt-(Anvendelse)",2007,10111.361530273714
Import eksklusiv told,01000 Landbrug og gartneri-(Tilgang),"Anvendelse, i alt-(Anvendelse)",2008,11114.149727347398
Import eksklusiv told,01000 Landbrug og gartneri-(Tilgang),"Anvendelse, i alt-(Anvendelse)",2009,8908.441114285006
Import eksklusiv told,01000 Landbrug og gartneri-(Tilgang),"Anvendelse, i alt-(Anvendelse)",2010,9343.550988147514
Import eksklusiv told,01000 Landbrug og gartneri-(Tilgang),"Anvendelse, i alt-(Anvendelse)",2011,8728.885053590677
Import eksklusiv told,01000 Landbrug og gartneri-(Tilgang),"Anvendelse, i alt-(Anvendelse)",2012,8559.97979017315
Import eksklusiv told,01000 Landbrug og gartneri-(Tilgang),"Anvendelse, i alt-(Anvendelse)",2013,9308.845960893717
Import eksklusiv told,01000 Landbrug og gartneri-(Tilgang),"Anvendelse, i alt-(Anvendelse)",2014,11006.214760092793
Import eksklusiv told,01000 Landbrug og gartneri-(Tilgang),"Anvendelse, i alt-(Anvendelse)",2015,11637.102045753729
Import eksklusiv told,01000 Landbrug og gartneri-(Tilgang),"Anvendelse, i alt-(Anvendelse)",2016,11738.44767350416
Import eksklusiv told,01000 Landbrug og gartneri-(Tilgang),"Anvendelse, i alt-(Anvendelse)",2017,13390.662677271248
Import eksklusiv told,01000 Landbrug og gartneri-(Tilgang),"Anvendelse, i alt-(Anvendelse)",2018,14219.973884278972
Import eksklusiv told,01000 Landbrug og gartneri-(Tilgang),"Anvendelse, i alt-(Anvendelse)",2019,14353.529354597582
Import eksklusiv told,01000 Landbrug og gartneri-(Tilgang),"Anvendelse, i alt-(Anvendelse)",2020,12555.94
Import eksklusiv told,01000 Landbrug og gartneri-(Tilgang),"Anvendelse, i alt-(Anvendelse)",2021,11939.019999999999
Import eksklusiv told,01000 Landbrug og gartneri-(Tilgang),"Anvendelse, i alt-(Anvendelse)",2022,11204.667380268347
Import eksklusiv told,01000 Landbrug og gartneri-(Tilgang),Eksport - (Anvendelse),1967,924.3510435397067
Import eksklusiv told,01000 Landbrug og gartneri-(Tilgang),Eksport - (Anvendelse),1968,823.5722860217434
Import eksklusiv told,01000 Landbrug og gartneri-(Tilgang),Eksport - (Anvendelse),1969,741.9672811587025
Import eksklusiv told,01000 Landbrug og gartneri-(Tilgang),Eksport - (Anvendelse),1970,999.4062569350018
Import eksklusiv told,01000 Landbrug og gartneri-(Tilgang),Eksport - (Anvendelse),1971,791.5425644556469
Import eksklusiv told,01000 Landbrug og gartneri-(Tilgang),Eksport - (Anvendelse),1972,901.3833160495354
Import eksklusiv told,01000 Landbrug og gartneri-(Tilgang),Eksport - (Anvendelse),1973,1656.247467943507
Import eksklusiv told,01000 Landbrug og gartneri-(Tilgang),Eksport - (Anvendelse),1974,1942.0559641957727
Import eksklusiv told,01000 Landbrug og gartneri-(Tilgang),Eksport - (Anvendelse),1975,1298.725286270521
Import eksklusiv told,01000 Landbrug og gartneri-(Tilgang),Eksport - (Anvendelse),1976,1573.4211050406145
Import eksklusiv told,01000 Landbrug og gartneri-(Tilgang),Eksport - (Anvendelse),1977,2064.380038230416
Import eksklusiv told,01000 Landbrug og gartneri-(Tilgang),Eksport - (Anvendelse),1978,1810.8009082627677
Import eksklusiv told,01000 Landbrug og gartneri-(Tilgang),Eksport - (Anvendelse),1979,2602.406626618913
Import eksklusiv told,01000 Landbrug og gartneri-(Tilgang),Eksport - (Anvendelse),1980,2370.143784508425
Import eksklusiv told,01000 Landbrug og gartneri-(Tilgang),Eksport - (Anvendelse),1981,2992.2978143092764
Import eksklusiv told,01000 Landbrug og gartneri-(Tilgang),Eksport - (Anvendelse),1982,2989.214481273116
Import eksklusiv told,01000 Landbrug og gartneri-(Tilgang),Eksport - (Anvendelse),1983,3253.741751245436
Import eksklusiv told,01000 Landbrug og gartneri-(Tilgang),Eksport - (Anvendelse),1984,1188.9814008226122
Import eksklusiv told,01000 Landbrug og gartneri-(Tilgang),Eksport - (Anvendelse),1985,1470.7486725630833
Import eksklusiv told,01000 Landbrug og gartneri-(Tilgang),Eksport - (Anvendelse),1986,1131.8151096416882
Import eksklusiv told,01000 Landbrug og gartneri-(Tilgang),Eksport - (Anvendelse),1987,2485.529134867099
Import eksklusiv told,01000 Landbrug og gartneri-(Tilgang),Eksport - (Anvendelse),1988,1872.4058366219465
Import eksklusiv told,01000 Landbrug og gartneri-(Tilgang),Eksport - (Anvendelse),1989,1588.2377217745284
Import eksklusiv told,01000 Landbrug og gartneri-(Tilgang),Eksport - (Anvendelse),1990,805.0288076767723
Import eksklusiv told,01000 Landbrug og gartneri-(Tilgang),Eksport - (Anvendelse),1991,1067.003243079234
Import eksklusiv told,01000 Landbrug og gartneri-(Tilgang),Eksport - (Anvendelse),1992,1326.738046091738
Import eksklusiv told,01000 Landbrug og gartneri-(Tilgang),Eksport - (Anvendelse),1993,727.5371700782304
Import eksklusiv told,01000 Landbrug og gartneri-(Tilgang),Eksport - (Anvendelse),1994,807.1916502337427
Import eksklusiv told,01000 Landbrug og gartneri-(Tilgang),Eksport - (Anvendelse),1995,468.7054225711584
Import eksklusiv told,01000 Landbrug og gartneri-(Tilgang),Eksport - (Anvendelse),1996,766.4174620256696
Import eksklusiv told,01000 Landbrug og gartneri-(Tilgang),Eksport - (Anvendelse),1997,782.503116655215
Import eksklusiv told,01000 Landbrug og gartneri-(Tilgang),Eksport - (Anvendelse),1998,1075.4170989635704
Import eksklusiv told,01000 Landbrug og gartneri-(Tilgang),Eksport - (Anvendelse),1999,838.0900888071787
Import eksklusiv told,01000 Landbrug og gartneri-(Tilgang),Eksport - (Anvendelse),2000,952.829962207893
Import eksklusiv told,01000 Landbrug og gartneri-(Tilgang),Eksport - (Anvendelse),2001,1013.6473065490361
Import eksklusiv told,01000 Landbrug og gartneri-(Tilgang),Eksport - (Anvendelse),2002,893.8539053896719
Import eksklusiv told,01000 Landbrug og gartneri-(Tilgang),Eksport - (Anvendelse),2003,825.7328161241531
Import eksklusiv told,01000 Landbrug og gartneri-(Tilgang),Eksport - (Anvendelse),2004,982.4151850520215
Import eksklusiv told,01000 Landbrug og gartneri-(Tilgang),Eksport - (Anvendelse),2005,563.7670984351871
Import eksklusiv told,01000 Landbrug og gartneri-(Tilgang),Eksport - (Anvendelse),2006,1078.8075927004743
Import eksklusiv told,01000 Landbrug og gartneri-(Tilgang),Eksport - (Anvendelse),2007,614.429340460928
Import eksklusiv told,01000 Landbrug og gartneri-(Tilgang),Eksport - (Anvendelse),2008,1115.7959060467515
Import eksklusiv told,01000 Landbrug og gartneri-(Tilgang),Eksport - (Anvendelse),2009,627.2663103656711
Import eksklusiv told,01000 Landbrug og gartneri-(Tilgang),Eksport - (Anvendelse),2010,1372.654193955748
Import eksklusiv told,01000 Landbrug og gartneri-(Tilgang),Eksport - (Anvendelse),2011,1271.5554246561048
Import eksklusiv told,01000 Landbrug og gartneri-(Tilgang),Eksport - (Anvendelse),2012,1078.1368971833124
Import eksklusiv told,01000 Landbrug og gartneri-(Tilgang),Eksport - (Anvendelse),2013,3957.1554945953676
Import eksklusiv told,01000 Landbrug og gartneri-(Tilgang),Eksport - (Anvendelse),2014,2799.9526827214995
Import eksklusiv told,01000 Landbrug og gartneri-(Tilgang),Eksport - (Anvendelse),2015,3307.9586172590166
Import eksklusiv told,01000 Landbrug og gartneri-(Tilgang),Eksport - (Anvendelse),2016,2852.8886765956777
Import eksklusiv told,01000 Landbrug og gartneri-(Tilgang),Eksport - (Anvendelse),2017,3460.2540033190107
Import eksklusiv told,01000 Landbrug og gartneri-(Tilgang),Eksport - (Anvendelse),2018,3331.2641034251033
Import eksklusiv told,01000 Landbrug og gartneri-(Tilgang),Eksport - (Anvendelse),2019,4023.037636182978
Import eksklusiv told,01000 Landbrug og gartneri-(Tilgang),Eksport - (Anvendelse),2020,2742.5080000000003
Import eksklusiv told,01000 Landbrug og gartneri-(Tilgang),Eksport - (Anvendelse),2021,3399.581
Import eksklusiv told,01000 Landbrug og gartneri-(Tilgang),Eksport - (Anvendelse),2022,1498.5420314974283
Import eksklusiv told,01000 Landbrug og gartneri-(Tilgang),Faste bruttoinvesteringer + Lagerforøgelse + Værdigenstande (Anvendelse),1967,-3687.1663383350856
Import eksklusiv told,01000 Landbrug og gartneri-(Tilgang),Faste bruttoinvesteringer + Lagerforøgelse + Værdigenstande (Anvendelse),1968,855.80406138511
Import eksklusiv told,01000 Landbrug og gartneri-(Tilgang),Faste bruttoinvesteringer + Lagerforøgelse + Værdigenstande (Anvendelse),1969,617.3016510688069
Import eksklusiv told,01000 Landbrug og gartneri-(Tilgang),Faste bruttoinvesteringer + Lagerforøgelse + Værdigenstande (Anvendelse),1970,-188.0577794356606
Import eksklusiv told,01000 Landbrug og gartneri-(Tilgang),Faste bruttoinvesteringer + Lagerforøgelse + Værdigenstande (Anvendelse),1971,725.3391067846577
Import eksklusiv told,01000 Landbrug og gartneri-(Tilgang),Faste bruttoinvesteringer + Lagerforøgelse + Værdigenstande (Anvendelse),1972,1524.4649087117787
Import eksklusiv told,01000 Landbrug og gartneri-(Tilgang),Faste bruttoinvesteringer + Lagerforøgelse + Værdigenstande (Anvendelse),1973,-130.51842298135304
Import eksklusiv told,01000 Landbrug og gartneri-(Tilgang),Faste bruttoinvesteringer + Lagerforøgelse + Værdigenstande (Anvendelse),1974,-646.351955319153
Import eksklusiv told,01000 Landbrug og gartneri-(Tilgang),Faste bruttoinvesteringer + Lagerforøgelse + Værdigenstande (Anvendelse),1975,476.49610366419455
Import eksklusiv told,01000 Landbrug og gartneri-(Tilgang),Faste bruttoinvesteringer + Lagerforøgelse + Værdigenstande (Anvendelse),1976,-1259.0306230963104
Import eksklusiv told,01000 Landbrug og gartneri-(Tilgang),Faste bruttoinvesteringer + Lagerforøgelse + Værdigenstande (Anvendelse),1977,-271.3086930425267
Import eksklusiv told,01000 Landbrug og gartneri-(Tilgang),Faste bruttoinvesteringer + Lagerforøgelse + Værdigenstande (Anvendelse),1978,909.1000520435584
Import eksklusiv told,01000 Landbrug og gartneri-(Tilgang),Faste bruttoinvesteringer + Lagerforøgelse + Værdigenstande (Anvendelse),1979,438.07520661554685
Import eksklusiv told,01000 Landbrug og gartneri-(Tilgang),Faste bruttoinvesteringer + Lagerforøgelse + Værdigenstande (Anvendelse),1980,-20.13740980361474
Import eksklusiv told,01000 Landbrug og gartneri-(Tilgang),Faste bruttoinvesteringer + Lagerforøgelse + Værdigenstande (Anvendelse),1981,113.70391405051114
Import eksklusiv told,01000 Landbrug og gartneri-(Tilgang),Faste bruttoinvesteringer + Lagerforøgelse + Værdigenstande (Anvendelse),1982,-581.4747158339183
Import eksklusiv told,01000 Landbrug og gartneri-(Tilgang),Faste bruttoinvesteringer + Lagerforøgelse + Værdigenstande (Anvendelse),1983,-796.3362645432345
Import eksklusiv told,01000 Landbrug og gartneri-(Tilgang),Faste bruttoinvesteringer + Lagerforøgelse + Værdigenstande (Anvendelse),1984,739.3591373681015
Import eksklusiv told,01000 Landbrug og gartneri-(Tilgang),Faste bruttoinvesteringer + Lagerforøgelse + Værdigenstande (Anvendelse),1985,687.7238884394106
Import eksklusiv told,01000 Landbrug og gartneri-(Tilgang),Faste bruttoinvesteringer + Lagerforøgelse + Værdigenstande (Anvendelse),1986,885.2124934169747
Import eksklusiv told,01000 Landbrug og gartneri-(Tilgang),Faste bruttoinvesteringer + Lagerforøgelse + Værdigenstande (Anvendelse),1987,-450.9102517743803
Import eksklusiv told,01000 Landbrug og gartneri-(Tilgang),Faste bruttoinvesteringer + Lagerforøgelse + Værdigenstande (Anvendelse),1988,1196.2942125095028
Import eksklusiv told,01000 Landbrug og gartneri-(Tilgang),Faste bruttoinvesteringer + Lagerforøgelse + Værdigenstande (Anvendelse),1989,2066.079948578931
Import eksklusiv told,01000 Landbrug og gartneri-(Tilgang),Faste bruttoinvesteringer + Lagerforøgelse + Værdigenstande (Anvendelse),1990,1916.1647028987684
Import eksklusiv told,01000 Landbrug og gartneri-(Tilgang),Faste bruttoinvesteringer + Lagerforøgelse + Værdigenstande (Anvendelse),1991,-733.6496045478083
Import eksklusiv told,01000 Landbrug og gartneri-(Tilgang),Faste bruttoinvesteringer + Lagerforøgelse + Værdigenstande (Anvendelse),1992,-2401.5558598709554
Import eksklusiv told,01000 Landbrug og gartneri-(Tilgang),Faste bruttoinvesteringer + Lagerforøgelse + Værdigenstande (Anvendelse),1993,-297.9255237614964
Import eksklusiv told,01000 Landbrug og gartneri-(Tilgang),Faste bruttoinvesteringer + Lagerforøgelse + Værdigenstande (Anvendelse),1994,-164.30829285148945
Import eksklusiv told,01000 Landbrug og gartneri-(Tilgang),Faste bruttoinvesteringer + Lagerforøgelse + Værdigenstande (Anvendelse),1995,174.39881786361138
Import eksklusiv told,01000 Landbrug og gartneri-(Tilgang),Faste bruttoinvesteringer + Lagerforøgelse + Værdigenstande (Anvendelse),1996,-12.056142038191267
Import eksklusiv told,01000 Landbrug og gartneri-(Tilgang),Faste bruttoinvesteringer + Lagerforøgelse + Værdigenstande (Anvendelse),1997,200.22553118204408
Import eksklusiv told,01000 Landbrug og gartneri-(Tilgang),Faste bruttoinvesteringer + Lagerforøgelse + Værdigenstande (Anvendelse),1998,14.429677337192178
Import eksklusiv told,01000 Landbrug og gartneri-(Tilgang),Faste bruttoinvesteringer + Lagerforøgelse + Værdigenstande (Anvendelse),1999,-41.45771051835219
Import eksklusiv told,01000 Landbrug og gartneri-(Tilgang),Faste bruttoinvesteringer + Lagerforøgelse + Værdigenstande (Anvendelse),2000,36.701887289718286
Import eksklusiv told,01000 Landbrug og gartneri-(Tilgang),Faste bruttoinvesteringer + Lagerforøgelse + Værdigenstande (Anvendelse),2001,44.762197305924275
Import eksklusiv told,01000 Landbrug og gartneri-(Tilgang),Faste bruttoinvesteringer + Lagerforøgelse + Værdigenstande (Anvendelse),2002,1.1759366520853927
Import eksklusiv told,01000 Landbrug og gartneri-(Tilgang),Faste bruttoinvesteringer + Lagerforøgelse + Værdigenstande (Anvendelse),2003,195.8899396821327
Import eksklusiv told,01000 Landbrug og gartneri-(Tilgang),Faste bruttoinvesteringer + Lagerforøgelse + Værdigenstande (Anvendelse),2004,116.56578246353223
Import eksklusiv told,01000 Landbrug og gartneri-(Tilgang),Faste bruttoinvesteringer + Lagerforøgelse + Værdigenstande (Anvendelse),2005,1835.4209694663903
Import eksklusiv told,01000 Landbrug og gartneri-(Tilgang),Faste bruttoinvesteringer + Lagerforøgelse + Værdigenstande (Anvendelse),2006,435.53329308242235
Import eksklusiv told,01000 Landbrug og gartneri-(Tilgang),Faste bruttoinvesteringer + Lagerforøgelse + Værdigenstande (Anvendelse),2007,3538.8897227426696
Import eksklusiv told,01000 Landbrug og gartneri-(Tilgang),Faste bruttoinvesteringer + Lagerforøgelse + Værdigenstande (Anvendelse),2008,-451.1102882699211
Import eksklusiv told,01000 Landbrug og gartneri-(Tilgang),Faste bruttoinvesteringer + Lagerforøgelse + Værdigenstande (Anvendelse),2009,918.4175491512806
Import eksklusiv told,01000 Landbrug og gartneri-(Tilgang),Faste bruttoinvesteringer + Lagerforøgelse + Værdigenstande (Anvendelse),2010,164.36711123425488
Import eksklusiv told,01000 Landbrug og gartneri-(Tilgang),Faste bruttoinvesteringer + Lagerforøgelse + Værdigenstande (Anvendelse),2011,138.50859330712834
Import eksklusiv told,01000 Landbrug og gartneri-(Tilgang),Faste bruttoinvesteringer + Lagerforøgelse + Værdigenstande (Anvendelse),2012,430.7621981423446
Import eksklusiv told,01000 Landbrug og gartneri-(Tilgang),Faste bruttoinvesteringer + Lagerforøgelse + Værdigenstande (Anvendelse),2013,-4292.346968138195
Import eksklusiv told,01000 Landbrug og gartneri-(Tilgang),Faste bruttoinvesteringer + Lagerforøgelse + Værdigenstande (Anvendelse),2014,61.97266925175148
Import eksklusiv told,01000 Landbrug og gartneri-(Tilgang),Faste bruttoinvesteringer + Lagerforøgelse + Værdigenstande (Anvendelse),2015,-822.9066472937651
Import eksklusiv told,01000 Landbrug og gartneri-(Tilgang),Faste bruttoinvesteringer + Lagerforøgelse + Værdigenstande (Anvendelse),2016,-28.219047691465455
Import eksklusiv told,01000 Landbrug og gartneri-(Tilgang),Faste bruttoinvesteringer + Lagerforøgelse + Værdigenstande (Anvendelse),2017,-345.0765821274804
Import eksklusiv told,01000 Landbrug og gartneri-(Tilgang),Faste bruttoinvesteringer + Lagerforøgelse + Værdigenstande (Anvendelse),2018,79.19109045714589
Import eksklusiv told,01000 Landbrug og gartneri-(Tilgang),Faste bruttoinvesteringer + Lagerforøgelse + Værdigenstande (Anvendelse),2019,-544.0370567461027
Import eksklusiv told,01000 Landbrug og gartneri-(Tilgang),Faste bruttoinvesteringer + Lagerforøgelse + Værdigenstande (Anvendelse),2020,217.9
Import eksklusiv told,01000 Landbrug og gartneri-(Tilgang),Faste bruttoinvesteringer + Lagerforøgelse + Værdigenstande (Anvendelse),2021,-829.368
Import eksklusiv told,01000 Landbrug og gartneri-(Tilgang),Faste bruttoinvesteringer + Lagerforøgelse + Værdigenstande (Anvendelse),2022,143.54568473164346
Import eksklusiv told,01000 Landbrug og gartneri-(Tilgang),Husholdningernes forbrugsudgifter + NPISH (Anvendelse),1967,1769.4188644338103
Import eksklusiv told,01000 Landbrug og gartneri-(Tilgang),Husholdningernes forbrugsudgifter + NPISH (Anvendelse),1968,1574.4576972638372
Import eksklusiv told,01000 Landbrug og gartneri-(Tilgang),Husholdningernes forbrugsudgifter + NPISH (Anvendelse),1969,1570.5684172069757
Import eksklusiv told,01000 Landbrug og gartneri-(Tilgang),Husholdningernes forbrugsudgifter + NPISH (Anvendelse),1970,1692.2734381477326
Import eksklusiv told,01000 Landbrug og gartneri-(Tilgang),Husholdningernes forbrugsudgifter + NPISH (Anvendelse),1971,1715.9212880787447
Import eksklusiv told,01000 Landbrug og gartneri-(Tilgang),Husholdningernes forbrugsudgifter + NPISH (Anvendelse),1972,1528.7112677949162
Import eksklusiv told,01000 Landbrug og gartneri-(Tilgang),Husholdningernes forbrugsudgifter + NPISH (Anvendelse),1973,1515.7434022659556
Import eksklusiv told,01000 Landbrug og gartneri-(Tilgang),Husholdningernes forbrugsudgifter + NPISH (Anvendelse),1974,1859.1196303999614
Import eksklusiv told,01000 Landbrug og gartneri-(Tilgang),Husholdningernes forbrugsudgifter + NPISH (Anvendelse),1975,1791.679627131453
Import eksklusiv told,01000 Landbrug og gartneri-(Tilgang),Husholdningernes forbrugsudgifter + NPISH (Anvendelse),1976,1915.4323559897655
Import eksklusiv told,01000 Landbrug og gartneri-(Tilgang),Husholdningernes forbrugsudgifter + NPISH (Anvendelse),1977,1765.738963260305
Import eksklusiv told,01000 Landbrug og gartneri-(Tilgang),Husholdningernes forbrugsudgifter + NPISH (Anvendelse),1978,1845.2393308629235
Import eksklusiv told,01000 Landbrug og gartneri-(Tilgang),Husholdningernes forbrugsudgifter + NPISH (Anvendelse),1979,1929.105340092299
Import eksklusiv told,01000 Landbrug og gartneri-(Tilgang),Husholdningernes forbrugsudgifter + NPISH (Anvendelse),1980,2033.8414793466284
Import eksklusiv told,01000 Landbrug og gartneri-(Tilgang),Husholdningernes forbrugsudgifter + NPISH (Anvendelse),1981,1813.971026792379
Import eksklusiv told,01000 Landbrug og gartneri-(Tilgang),Husholdningernes forbrugsudgifter + NPISH (Anvendelse),1982,1802.372141168511
Import eksklusiv told,01000 Landbrug og gartneri-(Tilgang),Husholdningernes forbrugsudgifter + NPISH (Anvendelse),1983,1728.5336770303309
Import eksklusiv told,01000 Landbrug og gartneri-(Tilgang),Husholdningernes forbrugsudgifter + NPISH (Anvendelse),1984,1929.5337356036823
Import eksklusiv told,01000 Landbrug og gartneri-(Tilgang),Husholdningernes forbrugsudgifter + NPISH (Anvendelse),1985,1864.4013127714886
Import eksklusiv told,01000 Landbrug og gartneri-(Tilgang),Husholdningernes forbrugsudgifter + NPISH (Anvendelse),1986,1979.9448293500182
Import eksklusiv told,01000 Landbrug og gartneri-(Tilgang),Husholdningernes forbrugsudgifter + NPISH (Anvendelse),1987,2020.6810289958833
Import eksklusiv told,01000 Landbrug og gartneri-(Tilgang),Husholdningernes forbrugsudgifter + NPISH (Anvendelse),1988,2496.7418098751673
Import eksklusiv told,01000 Landbrug og gartneri-(Tilgang),Husholdningernes forbrugsudgifter + NPISH (Anvendelse),1989,2349.363577237964
Import eksklusiv told,01000 Landbrug og gartneri-(Tilgang),Husholdningernes forbrugsudgifter + NPISH (Anvendelse),1990,2282.432863653355
Import eksklusiv told,01000 Landbrug og gartneri-(Tilgang),Husholdningernes forbrugsudgifter + NPISH (Anvendelse),1991,2487.8615578831736
Import eksklusiv told,01000 Landbrug og gartneri-(Tilgang),Husholdningernes forbrugsudgifter + NPISH (Anvendelse),1992,2477.833372279825
Import eksklusiv told,01000 Landbrug og gartneri-(Tilgang),Husholdningernes forbrugsudgifter + NPISH (Anvendelse),1993,2504.480413039971
Import eksklusiv told,01000 Landbrug og gartneri-(Tilgang),Husholdningernes forbrugsudgifter + NPISH (Anvendelse),1994,2450.3313702986366
Import eksklusiv told,01000 Landbrug og gartneri-(Tilgang),Husholdningernes forbrugsudgifter + NPISH (Anvendelse),1995,2613.595861862414
Import eksklusiv told,01000 Landbrug og gartneri-(Tilgang),Husholdningernes forbrugsudgifter + NPISH (Anvendelse),1996,2592.265692463354
Import eksklusiv told,01000 Landbrug og gartneri-(Tilgang),Husholdningernes forbrugsudgifter + NPISH (Anvendelse),1997,2886.446536899329
Import eksklusiv told,01000 Landbrug og gartneri-(Tilgang),Husholdningernes forbrugsudgifter + NPISH (Anvendelse),1998,3133.3375329218397
Import eksklusiv told,01000 Landbrug og gartneri-(Tilgang),Husholdningernes forbrugsudgifter + NPISH (Anvendelse),1999,3432.9207588918366
Import eksklusiv told,01000 Landbrug og gartneri-(Tilgang),Husholdningernes forbrugsudgifter + NPISH (Anvendelse),2000,3500.119640895665
Import eksklusiv told,01000 Landbrug og gartneri-(Tilgang),Husholdningernes forbrugsudgifter + NPISH (Anvendelse),2001,3161.3716597670696
Import eksklusiv told,01000 Landbrug og gartneri-(Tilgang),Husholdningernes forbrugsudgifter + NPISH (Anvendelse),2002,2897.9594240765055
Import eksklusiv told,01000 Landbrug og gartneri-(Tilgang),Husholdningernes forbrugsudgifter + NPISH (Anvendelse),2003,3100.27431798468
Import eksklusiv told,01000 Landbrug og gartneri-(Tilgang),Husholdningernes forbrugsudgifter + NPISH (Anvendelse),2004,3566.876094864851
Import eksklusiv told,01000 Landbrug og gartneri-(Tilgang),Husholdningernes forbrugsudgifter + NPISH (Anvendelse),2005,3066.0354760359496
Import eksklusiv told,01000 Landbrug og gartneri-(Tilgang),Husholdningernes forbrugsudgifter + NPISH (Anvendelse),2006,3645.995117535231
Import eksklusiv told,01000 Landbrug og gartneri-(Tilgang),Husholdningernes forbrugsudgifter + NPISH (Anvendelse),2007,3785.7924400291085
Import eksklusiv told,01000 Landbrug og gartneri-(Tilgang),Husholdningernes forbrugsudgifter + NPISH (Anvendelse),2008,4057.9667509598376
Import eksklusiv told,01000 Landbrug og gartneri-(Tilgang),Husholdningernes forbrugsudgifter + NPISH (Anvendelse),2009,3712.6704474237554
Import eksklusiv told,01000 Landbrug og gartneri-(Tilgang),Husholdningernes forbrugsudgifter + NPISH (Anvendelse),2010,3927.3600917299777
Import eksklusiv told,01000 Landbrug og gartneri-(Tilgang),Husholdningernes forbrugsudgifter + NPISH (Anvendelse),2011,3542.558934108338
Import eksklusiv told,01000 Landbrug og gartneri-(Tilgang),Husholdningernes forbrugsudgifter + NPISH (Anvendelse),2012,3642.996000667242
Import eksklusiv told,01000 Landbrug og gartneri-(Tilgang),Husholdningernes forbrugsudgifter + NPISH (Anvendelse),2013,3858.990989842218
Import eksklusiv told,01000 Landbrug og gartneri-(Tilgang),Husholdningernes forbrugsudgifter + NPISH (Anvendelse),2014,3922.107322773636
Import eksklusiv told,01000 Landbrug og gartneri-(Tilgang),Husholdningernes forbrugsudgifter + NPISH (Anvendelse),2015,4215.546088135103
Import eksklusiv told,01000 Landbrug og gartneri-(Tilgang),Husholdningernes forbrugsudgifter + NPISH (Anvendelse),2016,4214.792592491166
Import eksklusiv told,01000 Landbrug og gartneri-(Tilgang),Husholdningernes forbrugsudgifter + NPISH (Anvendelse),2017,4883.346140202118
Import eksklusiv told,01000 Landbrug og gartneri-(Tilgang),Husholdningernes forbrugsudgifter + NPISH (Anvendelse),2018,5024.053268952928
Import eksklusiv told,01000 Landbrug og gartneri-(Tilgang),Husholdningernes forbrugsudgifter + NPISH (Anvendelse),2019,5141.210308572399
Import eksklusiv told,01000 Landbrug og gartneri-(Tilgang),Husholdningernes forbrugsudgifter + NPISH (Anvendelse),2020,5194.796
Import eksklusiv told,01000 Landbrug og gartneri-(Tilgang),Husholdningernes forbrugsudgifter + NPISH (Anvendelse),2021,5232.627999999999
Import eksklusiv told,01000 Landbrug og gartneri-(Tilgang),Husholdningernes forbrugsudgifter + NPISH (Anvendelse),2022,5147.135466470003
Import eksklusiv told,01000 Landbrug og gartneri-(Tilgang),"Offentligt forbrug, i alt-(Anvendelse)",1967,0.001238167254271626
Import eksklusiv told,01000 Landbrug og gartneri-(Tilgang),"Offentligt forbrug, i alt-(Anvendelse)",1968,0.0015919293269206617
Import eksklusiv told,01000 Landbrug og gartneri-(Tilgang),"Offentligt forbrug, i alt-(Anvendelse)",1969,0.0026532155448677694
Import eksklusiv told,01000 Landbrug og gartneri-(Tilgang),"Offentligt forbrug, i alt-(Anvendelse)",1970,0.004737884901549588
Import eksklusiv told,01000 Landbrug og gartneri-(Tilgang),"Offentligt forbrug, i alt-(Anvendelse)",1971,0.00724617690825231
Import eksklusiv told,01000 Landbrug og gartneri-(Tilgang),"Offentligt forbrug, i alt-(Anvendelse)",1972,0.006521559217427078
Import eksklusiv told,01000 Landbrug og gartneri-(Tilgang),"Offentligt forbrug, i alt-(Anvendelse)",1973,0.014460848699512216
Import eksklusiv told,01000 Landbrug og gartneri-(Tilgang),"Offentligt forbrug, i alt-(Anvendelse)",1974,0.02082362212729759
Import eksklusiv told,01000 Landbrug og gartneri-(Tilgang),"Offentligt forbrug, i alt-(Anvendelse)",1975,0.02449837897329128
Import eksklusiv told,01000 Landbrug og gartneri-(Tilgang),"Offentligt forbrug, i alt-(Anvendelse)",1976,0.02722042108143476
Import eksklusiv told,01000 Landbrug og gartneri-(Tilgang),"Offentligt forbrug, i alt-(Anvendelse)",1977,0.03350205671561201
Import eksklusiv told,01000 Landbrug og gartneri-(Tilgang),"Offentligt forbrug, i alt-(Anvendelse)",1978,0.04490701219326716
Import eksklusiv told,01000 Landbrug og gartneri-(Tilgang),"Offentligt forbrug, i alt-(Anvendelse)",1979,0.05786095801824808
Import eksklusiv told,01000 Landbrug og gartneri-(Tilgang),"Offentligt forbrug, i alt-(Anvendelse)",1980,0.05879419927660692
Import eksklusiv told,01000 Landbrug og gartneri-(Tilgang),"Offentligt forbrug, i alt-(Anvendelse)",1981,0.06541889778664714
Import eksklusiv told,01000 Landbrug og gartneri-(Tilgang),"Offentligt forbrug, i alt-(Anvendelse)",1982,0.07901243498906733
Import eksklusiv told,01000 Landbrug og gartneri-(Tilgang),"Offentligt forbrug, i alt-(Anvendelse)",1983,0.08845957395515147
Import eksklusiv told,01000 Landbrug og gartneri-(Tilgang),"Offentligt forbrug, i alt-(Anvendelse)",1984,0.09658341237960415
Import eksklusiv told,01000 Landbrug og gartneri-(Tilgang),"Offentligt forbrug, i alt-(Anvendelse)",1985,0.12096369123270811
Import eksklusiv told,01000 Landbrug og gartneri-(Tilgang),"Offentligt forbrug, i alt-(Anvendelse)",1986,0.14515642947924973
Import eksklusiv told,01000 Landbrug og gartneri-(Tilgang),"Offentligt forbrug, i alt-(Anvendelse)",1987,0.17055880463811843
Import eksklusiv told,01000 Landbrug og gartneri-(Tilgang),"Offentligt forbrug, i alt-(Anvendelse)",1988,0.21658260906427737
Import eksklusiv told,01000 Landbrug og gartneri-(Tilgang),"Offentligt forbrug, i alt-(Anvendelse)",1989,0.24169363620216455
Import eksklusiv told,01000 Landbrug og gartneri-(Tilgang),"Offentligt forbrug, i alt-(Anvendelse)",1990,0.24169363620216455
Import eksklusiv told,01000 Landbrug og gartneri-(Tilgang),"Offentligt forbrug, i alt-(Anvendelse)",1991,0.17455651503489664
Import eksklusiv told,01000 Landbrug og gartneri-(Tilgang),"Offentligt forbrug, i alt-(Anvendelse)",1992,0.22485246004495157
Import eksklusiv told,01000 Landbrug og gartneri-(Tilgang),"Offentligt forbrug, i alt-(Anvendelse)",1993,0.16898849481639217
Import eksklusiv told,01000 Landbrug og gartneri-(Tilgang),"Offentligt forbrug, i alt-(Anvendelse)",1994,0.30815549054753866
Import eksklusiv told,01000 Landbrug og gartneri-(Tilgang),"Offentligt forbrug, i alt-(Anvendelse)",1995,0.2505563334358492
Import eksklusiv told,01000 Landbrug og gartneri-(Tilgang),"Offentligt forbrug, i alt-(Anvendelse)",1996,0.21942211448819926
Import eksklusiv told,01000 Landbrug og gartneri-(Tilgang),"Offentligt forbrug, i alt-(Anvendelse)",1997,0.1340094793182962
Import eksklusiv told,01000 Landbrug og gartneri-(Tilgang),"Offentligt forbrug, i alt-(Anvendelse)",1998,0.19518771987664885
Import eksklusiv told,01000 Landbrug og gartneri-(Tilgang),"Offentligt forbrug, i alt-(Anvendelse)",1999,0.3636951039428205
Import eksklusiv told,01000 Landbrug og gartneri-(Tilgang),"Offentligt forbrug, i alt-(Anvendelse)",2000,0.579469437998449
Import eksklusiv told,01000 Landbrug og gartneri-(Tilgang),"Offentligt forbrug, i alt-(Anvendelse)",2001,0.6878594048183028
Import eksklusiv told,01000 Landbrug og gartneri-(Tilgang),"Offentligt forbrug, i alt-(Anvendelse)",2002,1.6113997212476574
Import eksklusiv told,01000 Landbrug og gartneri-(Tilgang),"Offentligt forbrug, i alt-(Anvendelse)",2003,2.1444637704482714
Import eksklusiv told,01000 Landbrug og gartneri-(Tilgang),"Offentligt forbrug, i alt-(Anvendelse)",2004,3.886506347065539
Import eksklusiv told,01000 Landbrug og gartneri-(Tilgang),"Offentligt forbrug, i alt-(Anvendelse)",2005,1.6977896147707354
Import eksklusiv told,01000 Landbrug og gartneri-(Tilgang),"Offentligt forbrug, i alt-(Anvendelse)",2006,6.923050721616541
Import eksklusiv told,01000 Landbrug og gartneri-(Tilgang),"Offentligt forbrug, i alt-(Anvendelse)",2007,0.04548168975493821
Import eksklusiv told,01000 Landbrug og gartneri-(Tilgang),"Offentligt forbrug, i alt-(Anvendelse)",2008,0.05102823728602823
Import eksklusiv told,01000 Landbrug og gartneri-(Tilgang),"Offentligt forbrug, i alt-(Anvendelse)",2009,0.05306936677746935
Import eksklusiv told,01000 Landbrug og gartneri-(Tilgang),"Offentligt forbrug, i alt-(Anvendelse)",2010,0.05692895708855803
Import eksklusiv told,01000 Landbrug og gartneri-(Tilgang),"Offentligt forbrug, i alt-(Anvendelse)",2011,0.0578938546663302
Import eksklusiv told,01000 Landbrug og gartneri-(Tilgang),"Offentligt forbrug, i alt-(Anvendelse)",2012,0.05696008281687326
Import eksklusiv told,01000 Landbrug og gartneri-(Tilgang),"Offentligt forbrug, i alt-(Anvendelse)",2013,0.0551518262195122
Import eksklusiv told,01000 Landbrug og gartneri-(Tilgang),"Offentligt forbrug, i alt-(Anvendelse)",2014,0.0551518262195122
Import eksklusiv told,01000 Landbrug og gartneri-(Tilgang),"Offentligt forbrug, i alt-(Anvendelse)",2015,0.04938969512195122
Import eksklusiv told,01000 Landbrug og gartneri-(Tilgang),"Offentligt forbrug, i alt-(Anvendelse)",2016,0.03552592105263158
Import eksklusiv told,01000 Landbrug og gartneri-(Tilgang),"Offentligt forbrug, i alt-(Anvendelse)",2017,0.022773026315789473
Import eksklusiv told,01000 Landbrug og gartneri-(Tilgang),"Offentligt forbrug, i alt-(Anvendelse)",2018,0.031684210526315794
Import eksklusiv told,01000 Landbrug og gartneri-(Tilgang),"Offentligt forbrug, i alt-(Anvendelse)",2019,0.04752631578947369
Import eksklusiv told,01000 Landbrug og gartneri-(Tilgang),"Offentligt forbrug, i alt-(Anvendelse)",2020,0.043
Import eksklusiv told,01000 Landbrug og gartneri-(Tilgang),"Offentligt forbrug, i alt-(Anvendelse)",2021,0.026
Import eksklusiv told,01000 Landbrug og gartneri-(Tilgang),"Offentligt forbrug, i alt-(Anvendelse)",2022,0.02184
Import eksklusiv told,01000 Landbrug og gartneri-(Tilgang),Privat,1967,5474.5491966234395
Import eksklusiv told,01000 Landbrug og gartneri-(Tilgang),Privat,1968,3491.5382970793144
Import eksklusiv told,01000 Landbrug og gartneri-(Tilgang),Privat,1969,3256.5937614850995
Import eksklusiv told,01000 Landbrug og gartneri-(Tilgang),Privat,1970,4147.597814627423
Import eksklusiv told,01000 Landbrug og gartneri-(Tilgang),Privat,1971,4450.201385718286
Import eksklusiv told,01000 Landbrug og gartneri-(Tilgang),Privat,1972,3547.2045142455063
Import eksklusiv told,01000 Landbrug og gartneri-(Tilgang),Privat,1973,4279.638812447416
Import eksklusiv told,01000 Landbrug og gartneri-(Tilgang),Privat,1974,4039.907323476346
Import eksklusiv told,01000 Landbrug og gartneri-(Tilgang),Privat,1975,3530.7329600105663
Import eksklusiv told,01000 Landbrug og gartneri-(Tilgang),Privat,1976,4585.272104977081
Import eksklusiv told,01000 Landbrug og gartneri-(Tilgang),Privat,1977,4051.5396068762534
Import eksklusiv told,01000 Landbrug og gartneri-(Tilgang),Privat,1978,4263.372037114463
Import eksklusiv told,01000 Landbrug og gartneri-(Tilgang),Privat,1979,4033.377028360153
Import eksklusiv told,01000 Landbrug og gartneri-(Tilgang),Privat,1980,3799.1143562890147
Import eksklusiv told,01000 Landbrug og gartneri-(Tilgang),Privat,1981,3745.4496251495075
Import eksklusiv told,01000 Landbrug og gartneri-(Tilgang),Privat,1982,3442.032518197623
Import eksklusiv told,01000 Landbrug og gartneri-(Tilgang),Privat,1983,3726.308146933988
Import eksklusiv told,01000 Landbrug og gartneri-(Tilgang),Privat,1984,3082.695850736566
Import eksklusiv told,01000 Landbrug og gartneri-(Tilgang),Privat,1985,3231.7762909627545
Import eksklusiv told,01000 Landbrug og gartneri-(Tilgang),Privat,1986,3523.8977246001164
Import eksklusiv told,01000 Landbrug og gartneri-(Tilgang),Privat,1987,3097.020900355553
Import eksklusiv told,01000 Landbrug og gartneri-(Tilgang),Privat,1988,2729.4540359641856
Import eksklusiv told,01000 Landbrug og gartneri-(Tilgang),Privat,1989,2763.848904165227
Import eksklusiv told,01000 Landbrug og gartneri-(Tilgang),Privat,1990,2595.2734550201285
Import eksklusiv told,01000 Landbrug og gartneri-(Tilgang),Privat,1991,3294.738687125906
Import eksklusiv told,01000 Landbrug og gartneri-(Tilgang),Privat,1992,4347.626791636895
Import eksklusiv told,01000 Landbrug og gartneri-(Tilgang),Privat,1993,3814.247574685693
Import eksklusiv told,01000 Landbrug og gartneri-(Tilgang),Privat,1994,4052.6586475622958
Import eksklusiv told,01000 Landbrug og gartneri-(Tilgang),Privat,1995,3967.8374211315045
Import eksklusiv told,01000 Landbrug og gartneri-(Tilgang),Privat,1996,4080.5327778481446
Import eksklusiv told,01000 Landbrug og gartneri-(Tilgang),Privat,1997,3572.892611885266
Import eksklusiv told,01000 Landbrug og gartneri-(Tilgang),Privat,1998,4266.324376641301
Import eksklusiv told,01000 Landbrug og gartneri-(Tilgang),Privat,1999,4380.001773967572
Import eksklusiv told,01000 Landbrug og gartneri-(Tilgang),Privat,2000,4544.62480313208
Import eksklusiv told,01000 Landbrug og gartneri-(Tilgang),Privat,2001,4866.231210146049
Import eksklusiv told,01000 Landbrug og gartneri-(Tilgang),Privat,2002,5947.69775639119
Import eksklusiv told,01000 Landbrug og gartneri-(Tilgang),Privat,2003,6052.588747069345
Import eksklusiv told,01000 Landbrug og gartneri-(Tilgang),Privat,2004,5148.925356755552
Import eksklusiv told,01000 Landbrug og gartneri-(Tilgang),Privat,2005,4639.6507506520475
Import eksklusiv told,01000 Landbrug og gartneri-(Tilgang),Privat,2006,5477.335749695205
Import eksklusiv told,01000 Landbrug og gartneri-(Tilgang),Privat,2007,5199.833547960099
Import eksklusiv told,01000 Landbrug og gartneri-(Tilgang),Privat,2008,6697.073853864616
Import eksklusiv told,01000 Landbrug og gartneri-(Tilgang),Privat,2009,4797.850335319774
Import eksklusiv told,01000 Landbrug og gartneri-(Tilgang),Privat,2010,4394.619600398904
Import eksklusiv told,01000 Landbrug og gartneri-(Tilgang),Privat,2011,4336.059185072578
Import eksklusiv told,01000 Landbrug og gartneri-(Tilgang),Privat,2012,4072.8236088315334
Import eksklusiv told,01000 Landbrug og gartneri-(Tilgang),Privat,2013,4342.937506350387
Import eksklusiv told,01000 Landbrug og gartneri-(Tilgang),Privat,2014,3863.2895391807956
Import eksklusiv told,01000 Landbrug og gartneri-(Tilgang),Privat,2015,4463.849284756104
Import eksklusiv told,01000 Landbrug og gartneri-(Tilgang),Privat,2016,4372.243851135495
Import eksklusiv told,01000 Landbrug og gartneri-(Tilgang),Privat,2017,4895.2585881346595
Import eksklusiv told,01000 Landbrug og gartneri-(Tilgang),Privat,2018,5448.6079971962035
Import eksklusiv told,01000 Landbrug og gartneri-(Tilgang),Privat,2019,5431.269395848106
Import eksklusiv told,01000 Landbrug og gartneri-(Tilgang),Privat,2020,4101.391
Import eksklusiv told,01000 Landbrug og gartneri-(Tilgang),Privat,2021,3839.547
Import eksklusiv told,01000 Landbrug og gartneri-(Tilgang),Privat,2022,4042.003456091833
Import eksklusiv told,01000 Landbrug og gartneri-(Tilgang),REST_ANVENDELSE Øvrige brancher,1967,1606.7363122496627
Import eksklusiv told,01000 Landbrug og gartneri-(Tilgang),REST_ANVENDELSE Øvrige brancher,1968,1112.4871858584652
Import eksklusiv told,01000 Landbrug og gartneri-(Tilgang),REST_ANVENDELSE Øvrige brancher,1969,1211.002868707069
Import eksklusiv told,01000 Landbrug og gartneri-(Tilgang),REST_ANVENDELSE Øvrige brancher,1970,1353.0031315230092
Import eksklusiv told,01000 Landbrug og gartneri-(Tilgang),REST_ANVENDELSE Øvrige brancher,1971,1408.3857365441822
Import eksklusiv told,01000 Landbrug og gartneri-(Tilgang),REST_ANVENDELSE Øvrige brancher,1972,1212.2626151499796
Import eksklusiv told,01000 Landbrug og gartneri-(Tilgang),REST_ANVENDELSE Øvrige brancher,1973,1374.7267409234546
Import eksklusiv told,01000 Landbrug og gartneri-(Tilgang),REST_ANVENDELSE Øvrige brancher,1974,1458.8139773375149
Import eksklusiv told,01000 Landbrug og gartneri-(Tilgang),REST_ANVENDELSE Øvrige brancher,1975,1299.8894288612576
Import eksklusiv told,01000 Landbrug og gartneri-(Tilgang),REST_ANVENDELSE Øvrige brancher,1976,1575.6388514123742
Import eksklusiv told,01000 Landbrug og gartneri-(Tilgang),REST_ANVENDELSE Øvrige brancher,1977,1696.5176771333347
Import eksklusiv told,01000 Landbrug og gartneri-(Tilgang),REST_ANVENDELSE Øvrige brancher,1978,1538.9703958021569
Import eksklusiv told,01000 Landbrug og gartneri-(Tilgang),REST_ANVENDELSE Øvrige brancher,1979,1294.9978614294703
Import eksklusiv told,01000 Landbrug og gartneri-(Tilgang),REST_ANVENDELSE Øvrige brancher,1980,1365.993431608929
Import eksklusiv told,01000 Landbrug og gartneri-(Tilgang),REST_ANVENDELSE Øvrige brancher,1981,1310.8899420694106
Import eksklusiv told,01000 Landbrug og gartneri-(Tilgang),REST_ANVENDELSE Øvrige brancher,1982,1335.7477581811568
Import eksklusiv told,01000 Landbrug og gartneri-(Tilgang),REST_ANVENDELSE Øvrige brancher,1983,1082.1582913581992
Import eksklusiv told,01000 Landbrug og gartneri-(Tilgang),REST_ANVENDELSE Øvrige brancher,1984,1164.4903454804087
Import eksklusiv told,01000 Landbrug og gartneri-(Tilgang),REST_ANVENDELSE Øvrige brancher,1985,1250.0507576985535
Import eksklusiv told,01000 Landbrug og gartneri-(Tilgang),REST_ANVENDELSE Øvrige brancher,1986,1360.6943131987498
Import eksklusiv told,01000 Landbrug og gartneri-(Tilgang),REST_ANVENDELSE Øvrige brancher,1987,1357.3567330598207
Import eksklusiv told,01000 Landbrug og gartneri-(Tilgang),REST_ANVENDELSE Øvrige brancher,1988,1405.07172710751
Import eksklusiv told,01000 Landbrug og gartneri-(Tilgang),REST_ANVENDELSE Øvrige brancher,1989,1782.4326925149787
Import eksklusiv told,01000 Landbrug og gartneri-(Tilgang),REST_ANVENDELSE Øvrige brancher,1990,1157.7069612303023
Import eksklusiv told,01000 Landbrug og gartneri-(Tilgang),REST_ANVENDELSE Øvrige brancher,1991,1498.6089312841452
Import eksklusiv told,01000 Landbrug og gartneri-(Tilgang),REST_ANVENDELSE Øvrige brancher,1992,1322.2734131097443
Import eksklusiv told,01000 Landbrug og gartneri-(Tilgang),REST_ANVENDELSE Øvrige brancher,1993,1912.596086643771
Import eksklusiv told,01000 Landbrug og gartneri-(Tilgang),REST_ANVENDELSE Øvrige brancher,1994,1959.3416488616815
Import eksklusiv told,01000 Landbrug og gartneri-(Tilgang),REST_ANVENDELSE Øvrige brancher,1995,1534.6984678563401
Import eksklusiv told,01000 Landbrug og gartneri-(Tilgang),REST_ANVENDELSE Øvrige brancher,1996,1818.447433678671
Import eksklusiv told,01000 Landbrug og gartneri-(Tilgang),REST_ANVENDELSE Øvrige brancher,1997,1177.625163163698
Import eksklusiv told,01000 Landbrug og gartneri-(Tilgang),REST_ANVENDELSE Øvrige brancher,1998,1493.999785005115
Import eksklusiv told,01000 Landbrug og gartneri-(Tilgang),REST_ANVENDELSE Øvrige brancher,1999,1626.7723019043785
Import eksklusiv told,01000 Landbrug og gartneri-(Tilgang),REST_ANVENDELSE Øvrige brancher,2000,1690.2551477284037
Import eksklusiv told,01000 Landbrug og gartneri-(Tilgang),REST_ANVENDELSE Øvrige brancher,2001,1818.9021023977139
Import eksklusiv told,01000 Landbrug og gartneri-(Tilgang),REST_ANVENDELSE Øvrige brancher,2002,1757.9690712625054
Import eksklusiv told,01000 Landbrug og gartneri-(Tilgang),REST_ANVENDELSE Øvrige brancher,2003,1843.7173847147767
Import eksklusiv told,01000 Landbrug og gartneri-(Tilgang),REST_ANVENDELSE Øvrige brancher,2004,1653.0656116670043
Import eksklusiv told,01000 Landbrug og gartneri-(Tilgang),REST_ANVENDELSE Øvrige brancher,2005,1517.0846449138533
Import eksklusiv told,01000 Landbrug og gartneri-(Tilgang),REST_ANVENDELSE Øvrige brancher,2006,1438.7239369579995
Import eksklusiv told,01000 Landbrug og gartneri-(Tilgang),REST_ANVENDELSE Øvrige brancher,2007,1626.4627781683791
Import eksklusiv told,01000 Landbrug og gartneri-(Tilgang),REST_ANVENDELSE Øvrige brancher,2008,1630.6656763186393
Import eksklusiv told,01000 Landbrug og gartneri-(Tilgang),REST_ANVENDELSE Øvrige brancher,2009,1449.5427310165496
Import eksklusiv told,01000 Landbrug og gartneri-(Tilgang),REST_ANVENDELSE Øvrige brancher,2010,1374.663134614403
Import eksklusiv told,01000 Landbrug og gartneri-(Tilgang),REST_ANVENDELSE Øvrige brancher,2011,1072.3798090476798
Import eksklusiv told,01000 Landbrug og gartneri-(Tilgang),REST_ANVENDELSE Øvrige brancher,2012,1147.5523373451445
Import eksklusiv told,01000 Landbrug og gartneri-(Tilgang),REST_ANVENDELSE Øvrige brancher,2013,1334.0244548793096
Import eksklusiv told,01000 Landbrug og gartneri-(Tilgang),REST_ANVENDELSE Øvrige brancher,2014,1232.732479595518
Import eksklusiv told,01000 Landbrug og gartneri-(Tilgang),REST_ANVENDELSE Øvrige brancher,2015,1567.7593609007142
Import eksklusiv told,01000 Landbrug og gartneri-(Tilgang),REST_ANVENDELSE Øvrige brancher,2016,1513.517729361645
Import eksklusiv told,01000 Landbrug og gartneri-(Tilgang),REST_ANVENDELSE Øvrige brancher,2017,1508.9767850021403
Import eksklusiv told,01000 Landbrug og gartneri-(Tilgang),REST_ANVENDELSE Øvrige brancher,2018,1752.4483742061302
Import eksklusiv told,01000 Landbrug og gartneri-(Tilgang),REST_ANVENDELSE Øvrige brancher,2019,1661.9688616440742
Import eksklusiv told,01000 Landbrug og gartneri-(Tilgang),REST_ANVENDELSE Øvrige brancher,2020,1441.8829999999998
Import eksklusiv told,01000 Landbrug og gartneri-(Tilgang),REST_ANVENDELSE Øvrige brancher,2021,1858.4719999999998
Import eksklusiv told,01000 Landbrug og gartneri-(Tilgang),REST_ANVENDELSE Øvrige brancher,2022,1659.9133675492608
Import eksklusiv told,"10120 Føde-, drikke- og tobaksvareindustri-(Tilgang)",01000 Landbrug og gartneri- (Anvendelse),1967,1808.5866569074572
Import eksklusiv told,"10120 Føde-, drikke- og tobaksvareindustri-(Tilgang)",01000 Landbrug og gartneri- (Anvendelse),1968,1695.576887379563
Import eksklusiv told,"10120 Føde-, drikke- og tobaksvareindustri-(Tilgang)",01000 Landbrug og gartneri- (Anvendelse),1969,1857.689210568004
Import eksklusiv told,"10120 Føde-, drikke- og tobaksvareindustri-(Tilgang)",01000 Landbrug og gartneri- (Anvendelse),1970,1918.2904617433992
Import eksklusiv told,"10120 Føde-, drikke- og tobaksvareindustri-(Tilgang)",01000 Landbrug og gartneri- (Anvendelse),1971,1810.5278435261866
Import eksklusiv told,"10120 Føde-, drikke- og tobaksvareindustri-(Tilgang)",01000 Landbrug og gartneri- (Anvendelse),1972,2101.0082254480744
Import eksklusiv told,"10120 Føde-, drikke- og tobaksvareindustri-(Tilgang)",01000 Landbrug og gartneri- (Anvendelse),1973,2131.2432755851905
Import eksklusiv told,"10120 Føde-, drikke- og tobaksvareindustri-(Tilgang)",01000 Landbrug og gartneri- (Anvendelse),1974,2035.353540672671
Import eksklusiv told,"10120 Føde-, drikke- og tobaksvareindustri-(Tilgang)",01000 Landbrug og gartneri- (Anvendelse),1975,2648.2906604025925
Import eksklusiv told,"10120 Føde-, drikke- og tobaksvareindustri-(Tilgang)",01000 Landbrug og gartneri- (Anvendelse),1976,3230.3575460627476
Import eksklusiv told,"10120 Føde-, drikke- og tobaksvareindustri-(Tilgang)",01000 Landbrug og gartneri- (Anvendelse),1977,3500.0378287259527
Import eksklusiv told,"10120 Føde-, drikke- og tobaksvareindustri-(Tilgang)",01000 Landbrug og gartneri- (Anvendelse),1978,4078.424101544881
Import eksklusiv told,"10120 Føde-, drikke- og tobaksvareindustri-(Tilgang)",01000 Landbrug og gartneri- (Anvendelse),1979,4422.1909191836085
Import eksklusiv told,"10120 Føde-, drikke- og tobaksvareindustri-(Tilgang)",01000 Landbrug og gartneri- (Anvendelse),1980,4563.753815739045
Import eksklusiv told,"10120 Føde-, drikke- og tobaksvareindustri-(Tilgang)",01000 Landbrug og gartneri- (Anvendelse),1981,4798.9578576832955
Import eksklusiv told,"10120 Føde-, drikke- og tobaksvareindustri-(Tilgang)",01000 Landbrug og gartneri- (Anvendelse),1982,5526.701226519392
Import eksklusiv told,"10120 Føde-, drikke- og tobaksvareindustri-(Tilgang)",01000 Landbrug og gartneri- (Anvendelse),1983,5308.401157250183
Import eksklusiv told,"10120 Føde-, drikke- og tobaksvareindustri-(Tilgang)",01000 Landbrug og gartneri- (Anvendelse),1984,5109.283932955233
Import eksklusiv told,"10120 Føde-, drikke- og tobaksvareindustri-(Tilgang)",01000 Landbrug og gartneri- (Anvendelse),1985,5516.001286349426
Import eksklusiv told,"10120 Føde-, drikke- og tobaksvareindustri-(Tilgang)",01000 Landbrug og gartneri- (Anvendelse),1986,5695.130353068012
Import eksklusiv told,"10120 Føde-, drikke- og tobaksvareindustri-(Tilgang)",01000 Landbrug og gartneri- (Anvendelse),1987,6009.6969624628155
Import eksklusiv told,"10120 Føde-, drikke- og tobaksvareindustri-(Tilgang)",01000 Landbrug og gartneri- (Anvendelse),1988,5304.021696263495
Import eksklusiv told,"10120 Føde-, drikke- og tobaksvareindustri-(Tilgang)",01000 Landbrug og gartneri- (Anvendelse),1989,5456.8415132627915
Import eksklusiv told,"10120 Føde-, drikke- og tobaksvareindustri-(Tilgang)",01000 Landbrug og gartneri- (Anvendelse),1990,5701.558397853364
Import eksklusiv told,"10120 Føde-, drikke- og tobaksvareindustri-(Tilgang)",01000 Landbrug og gartneri- (Anvendelse),1991,5826.75135618853
Import eksklusiv told,"10120 Føde-, drikke- og tobaksvareindustri-(Tilgang)",01000 Landbrug og gartneri- (Anvendelse),1992,5965.964421139719
Import eksklusiv told,"10120 Føde-, drikke- og tobaksvareindustri-(Tilgang)",01000 Landbrug og gartneri- (Anvendelse),1993,6475.293441214869
Import eksklusiv told,"10120 Føde-, drikke- og tobaksvareindustri-(Tilgang)",01000 Landbrug og gartneri- (Anvendelse),1994,6417.022363635224
Import eksklusiv told,"10120 Føde-, drikke- og tobaksvareindustri-(Tilgang)",01000 Landbrug og gartneri- (Anvendelse),1995,5809.568071760954
Import eksklusiv told,"10120 Føde-, drikke- og tobaksvareindustri-(Tilgang)",01000 Landbrug og gartneri- (Anvendelse),1996,5207.453327567202
Import eksklusiv told,"10120 Føde-, drikke- og tobaksvareindustri-(Tilgang)",01000 Landbrug og gartneri- (Anvendelse),1997,5169.039200854648
Import eksklusiv told,"10120 Føde-, drikke- og tobaksvareindustri-(Tilgang)",01000 Landbrug og gartneri- (Anvendelse),1998,5769.24179730928
Import eksklusiv told,"10120 Føde-, drikke- og tobaksvareindustri-(Tilgang)",01000 Landbrug og gartneri- (Anvendelse),1999,5155.414659010218
Import eksklusiv told,"10120 Føde-, drikke- og tobaksvareindustri-(Tilgang)",01000 Landbrug og gartneri- (Anvendelse),2000,5390.714282566619
Import eksklusiv told,"10120 Føde-, drikke- og tobaksvareindustri-(Tilgang)",01000 Landbrug og gartneri- (Anvendelse),2001,5443.38706671199
Import eksklusiv told,"10120 Føde-, drikke- og tobaksvareindustri-(Tilgang)",01000 Landbrug og gartneri- (Anvendelse),2002,5467.706359771889
Import eksklusiv told,"10120 Føde-, drikke- og tobaksvareindustri-(Tilgang)",01000 Landbrug og gartneri- (Anvendelse),2003,4225.159255963395
Import eksklusiv told,"10120 Føde-, drikke- og tobaksvareindustri-(Tilgang)",01000 Landbrug og gartneri- (Anvendelse),2004,5074.095978925622
Import eksklusiv told,"10120 Føde-, drikke- og tobaksvareindustri-(Tilgang)",01000 Landbrug og gartneri- (Anvendelse),2005,5122.799810000865
Import eksklusiv told,"10120 Føde-, drikke- og tobaksvareindustri-(Tilgang)",01000 Landbrug og gartneri- (Anvendelse),2006,5026.74404853764
Import eksklusiv told,"10120 Føde-, drikke- og tobaksvareindustri-(Tilgang)",01000 Landbrug og gartneri- (Anvendelse),2007,5279.791944370047
Import eksklusiv told,"10120 Føde-, drikke- og tobaksvareindustri-(Tilgang)",01000 Landbrug og gartneri- (Anvendelse),2008,4539.176021059522
Import eksklusiv told,"10120 Føde-, drikke- og tobaksvareindustri-(Tilgang)",01000 Landbrug og gartneri- (Anvendelse),2009,5732.292915975738
Import eksklusiv told,"10120 Føde-, drikke- og tobaksvareindustri-(Tilgang)",01000 Landbrug og gartneri- (Anvendelse),2010,6456.844769230221
Import eksklusiv told,"10120 Føde-, drikke- og tobaksvareindustri-(Tilgang)",01000 Landbrug og gartneri- (Anvendelse),2011,6082.520438103535
Import eksklusiv told,"10120 Føde-, drikke- og tobaksvareindustri-(Tilgang)",01000 Landbrug og gartneri- (Anvendelse),2012,6347.9548982304605
Import eksklusiv told,"10120 Føde-, drikke- og tobaksvareindustri-(Tilgang)",01000 Landbrug og gartneri- (Anvendelse),2013,5790.777530101077
Import eksklusiv told,"10120 Føde-, drikke- og tobaksvareindustri-(Tilgang)",01000 Landbrug og gartneri- (Anvendelse),2014,6275.7085164732125
Import eksklusiv told,"10120 Føde-, drikke- og tobaksvareindustri-(Tilgang)",01000 Landbrug og gartneri- (Anvendelse),2015,7055.210350059786
Import eksklusiv told,"10120 Føde-, drikke- og tobaksvareindustri-(Tilgang)",01000 Landbrug og gartneri- (Anvendelse),2016,6522.527732333028
Import eksklusiv told,"10120 Føde-, drikke- og tobaksvareindustri-(Tilgang)",01000 Landbrug og gartneri- (Anvendelse),2017,5927.518881371421
Import eksklusiv told,"10120 Føde-, drikke- og tobaksvareindustri-(Tilgang)",01000 Landbrug og gartneri- (Anvendelse),2018,6157.967227176885
Import eksklusiv told,"10120 Føde-, drikke- og tobaksvareindustri-(Tilgang)",01000 Landbrug og gartneri- (Anvendelse),2019,5987.4998578588375
Import eksklusiv told,"10120 Føde-, drikke- og tobaksvareindustri-(Tilgang)",01000 Landbrug og gartneri- (Anvendelse),2020,6014.407
Import eksklusiv told,"10120 Føde-, drikke- og tobaksvareindustri-(Tilgang)",01000 Landbrug og gartneri- (Anvendelse),2021,6132.786
Import eksklusiv told,"10120 Føde-, drikke- og tobaksvareindustri-(Tilgang)",01000 Landbrug og gartneri- (Anvendelse),2022,5832.779317278278
Import eksklusiv told,"10120 Føde-, drikke- og tobaksvareindustri-(Tilgang)","10120 Føde-, drikke- og tobaksvareindustri- (Anvendelse)",1967,863.9322549965782
Import eksklusiv told,"10120 Føde-, drikke- og tobaksvareindustri-(Tilgang)","10120 Føde-, drikke- og tobaksvareindustri- (Anvendelse)",1968,1068.9072720947338
Import eksklusiv told,"10120 Føde-, drikke- og tobaksvareindustri-(Tilgang)","10120 Føde-, drikke- og tobaksvareindustri- (Anvendelse)",1969,1172.754853568051
Import eksklusiv told,"10120 Føde-, drikke- og tobaksvareindustri-(Tilgang)","10120 Føde-, drikke- og tobaksvareindustri- (Anvendelse)",1970,1474.0914164956002
Import eksklusiv told,"10120 Føde-, drikke- og tobaksvareindustri-(Tilgang)","10120 Føde-, drikke- og tobaksvareindustri- (Anvendelse)",1971,1454.180471764095
Import eksklusiv told,"10120 Føde-, drikke- og tobaksvareindustri-(Tilgang)","10120 Føde-, drikke- og tobaksvareindustri- (Anvendelse)",1972,1498.7768488394534
Import eksklusiv told,"10120 Føde-, drikke- og tobaksvareindustri-(Tilgang)","10120 Føde-, drikke- og tobaksvareindustri- (Anvendelse)",1973,1569.2632767146747
Import eksklusiv told,"10120 Føde-, drikke- og tobaksvareindustri-(Tilgang)","10120 Føde-, drikke- og tobaksvareindustri- (Anvendelse)",1974,1745.7509480024435
Import eksklusiv told,"10120 Føde-, drikke- og tobaksvareindustri-(Tilgang)","10120 Føde-, drikke- og tobaksvareindustri- (Anvendelse)",1975,1860.978100466999
Import eksklusiv told,"10120 Føde-, drikke- og tobaksvareindustri-(Tilgang)","10120 Føde-, drikke- og tobaksvareindustri- (Anvendelse)",1976,2348.9862434801344
Import eksklusiv told,"10120 Føde-, drikke- og tobaksvareindustri-(Tilgang)","10120 Føde-, drikke- og tobaksvareindustri- (Anvendelse)",1977,2427.502421157355
Import eksklusiv told,"10120 Føde-, drikke- og tobaksvareindustri-(Tilgang)","10120 Føde-, drikke- og tobaksvareindustri- (Anvendelse)",1978,2299.4516794973174
Import eksklusiv told,"10120 Føde-, drikke- og tobaksvareindustri-(Tilgang)","10120 Føde-, drikke- og tobaksvareindustri- (Anvendelse)",1979,2620.5183110367634
Import eksklusiv told,"10120 Føde-, drikke- og tobaksvareindustri-(Tilgang)","10120 Føde-, drikke- og tobaksvareindustri- (Anvendelse)",1980,2706.43287521908
Import eksklusiv told,"10120 Føde-, drikke- og tobaksvareindustri-(Tilgang)","10120 Føde-, drikke- og tobaksvareindustri- (Anvendelse)",1981,3077.7133548537035
Import eksklusiv told,"10120 Føde-, drikke- og tobaksvareindustri-(Tilgang)","10120 Føde-, drikke- og tobaksvareindustri- (Anvendelse)",1982,2869.6795346572944
Import eksklusiv told,"10120 Føde-, drikke- og tobaksvareindustri-(Tilgang)","10120 Føde-, drikke- og tobaksvareindustri- (Anvendelse)",1983,2949.4591823122455
Import eksklusiv told,"10120 Føde-, drikke- og tobaksvareindustri-(Tilgang)","10120 Føde-, drikke- og tobaksvareindustri- (Anvendelse)",1984,3399.364974025763
Import eksklusiv told,"10120 Føde-, drikke- og tobaksvareindustri-(Tilgang)","10120 Føde-, drikke- og tobaksvareindustri- (Anvendelse)",1985,3816.221570242609
Import eksklusiv told,"10120 Føde-, drikke- og tobaksvareindustri-(Tilgang)","10120 Føde-, drikke- og tobaksvareindustri- (Anvendelse)",1986,4027.934764634424
Import eksklusiv told,"10120 Føde-, drikke- og tobaksvareindustri-(Tilgang)","10120 Føde-, drikke- og tobaksvareindustri- (Anvendelse)",1987,4481.660214333203
Import eksklusiv told,"10120 Føde-, drikke- og tobaksvareindustri-(Tilgang)","10120 Føde-, drikke- og tobaksvareindustri- (Anvendelse)",1988,4981.492942828403
Import eksklusiv told,"10120 Føde-, drikke- og tobaksvareindustri-(Tilgang)","10120 Føde-, drikke- og tobaksvareindustri- (Anvendelse)",1989,5603.457625265204
Import eksklusiv told,"10120 Føde-, drikke- og tobaksvareindustri-(Tilgang)","10120 Føde-, drikke- og tobaksvareindustri- (Anvendelse)",1990,6123.502381363808
Import eksklusiv told,"10120 Føde-, drikke- og tobaksvareindustri-(Tilgang)","10120 Føde-, drikke- og tobaksvareindustri- (Anvendelse)",1991,7030.937572364553
Import eksklusiv told,"10120 Føde-, drikke- og tobaksvareindustri-(Tilgang)","10120 Føde-, drikke- og tobaksvareindustri- (Anvendelse)",1992,7723.0478195802325
Import eksklusiv told,"10120 Føde-, drikke- og tobaksvareindustri-(Tilgang)","10120 Føde-, drikke- og tobaksvareindustri- (Anvendelse)",1993,7576.0740414062
Import eksklusiv told,"10120 Føde-, drikke- og tobaksvareindustri-(Tilgang)","10120 Føde-, drikke- og tobaksvareindustri- (Anvendelse)",1994,8563.100644014465
Import eksklusiv told,"10120 Føde-, drikke- og tobaksvareindustri-(Tilgang)","10120 Føde-, drikke- og tobaksvareindustri- (Anvendelse)",1995,9656.683091336214
Import eksklusiv told,"10120 Føde-, drikke- og tobaksvareindustri-(Tilgang)","10120 Føde-, drikke- og tobaksvareindustri- (Anvendelse)",1996,10371.871583294267
Import eksklusiv told,"10120 Føde-, drikke- og tobaksvareindustri-(Tilgang)","10120 Føde-, drikke- og tobaksvareindustri- (Anvendelse)",1997,10626.931215870123
Import eksklusiv told,"10120 Føde-, drikke- og tobaksvareindustri-(Tilgang)","10120 Føde-, drikke- og tobaksvareindustri- (Anvendelse)",1998,10573.136402954364
Import eksklusiv told,"10120 Føde-, drikke- og tobaksvareindustri-(Tilgang)","10120 Føde-, drikke- og tobaksvareindustri- (Anvendelse)",1999,10253.34627110611
Import eksklusiv told,"10120 Føde-, drikke- og tobaksvareindustri-(Tilgang)","10120 Føde-, drikke- og tobaksvareindustri- (Anvendelse)",2000,11984.549178277655
Import eksklusiv told,"10120 Føde-, drikke- og tobaksvareindustri-(Tilgang)","10120 Føde-, drikke- og tobaksvareindustri- (Anvendelse)",2001,12631.720549530819
Import eksklusiv told,"10120 Føde-, drikke- og tobaksvareindustri-(Tilgang)","10120 Føde-, drikke- og tobaksvareindustri- (Anvendelse)",2002,12457.4725021148
Import eksklusiv told,"10120 Føde-, drikke- og tobaksvareindustri-(Tilgang)","10120 Føde-, drikke- og tobaksvareindustri- (Anvendelse)",2003,13977.083172609207
Import eksklusiv told,"10120 Føde-, drikke- og tobaksvareindustri-(Tilgang)","10120 Føde-, drikke- og tobaksvareindustri- (Anvendelse)",2004,14482.957039947434
Import eksklusiv told,"10120 Føde-, drikke- og tobaksvareindustri-(Tilgang)","10120 Føde-, drikke- og tobaksvareindustri- (Anvendelse)",2005,15490.407320577257
Import eksklusiv told,"10120 Føde-, drikke- og tobaksvareindustri-(Tilgang)","10120 Føde-, drikke- og tobaksvareindustri- (Anvendelse)",2006,16975.117244656234
Import eksklusiv told,"10120 Føde-, drikke- og tobaksvareindustri-(Tilgang)","10120 Føde-, drikke- og tobaksvareindustri- (Anvendelse)",2007,17575.41920837343
Import eksklusiv told,"10120 Føde-, drikke- og tobaksvareindustri-(Tilgang)","10120 Føde-, drikke- og tobaksvareindustri- (Anvendelse)",2008,17301.019095194188
Import eksklusiv told,"10120 Føde-, drikke- og tobaksvareindustri-(Tilgang)","10120 Føde-, drikke- og tobaksvareindustri- (Anvendelse)",2009,16043.327912920437
Import eksklusiv told,"10120 Føde-, drikke- og tobaksvareindustri-(Tilgang)","10120 Føde-, drikke- og tobaksvareindustri- (Anvendelse)",2010,15050.058210808575
Import eksklusiv told,"10120 Føde-, drikke- og tobaksvareindustri-(Tilgang)","10120 Føde-, drikke- og tobaksvareindustri- (Anvendelse)",2011,15061.08745775043
Import eksklusiv told,"10120 Føde-, drikke- og tobaksvareindustri-(Tilgang)","10120 Føde-, drikke- og tobaksvareindustri- (Anvendelse)",2012,15230.715978050377
Import eksklusiv told,"10120 Føde-, drikke- og tobaksvareindustri-(Tilgang)","10120 Føde-, drikke- og tobaksvareindustri- (Anvendelse)",2013,16344.20005638033
Import eksklusiv told,"10120 Føde-, drikke- og tobaksvareindustri-(Tilgang)","10120 Føde-, drikke- og tobaksvareindustri- (Anvendelse)",2014,17290.55537315564
Import eksklusiv told,"10120 Føde-, drikke- og tobaksvareindustri-(Tilgang)","10120 Føde-, drikke- og tobaksvareindustri- (Anvendelse)",2015,17964.440616865224
Import eksklusiv told,"10120 Føde-, drikke- og tobaksvareindustri-(Tilgang)","10120 Føde-, drikke- og tobaksvareindustri- (Anvendelse)",2016,16320.649149279367
Import eksklusiv told,"10120 Føde-, drikke- og tobaksvareindustri-(Tilgang)","10120 Føde-, drikke- og tobaksvareindustri- (Anvendelse)",2017,16603.618451454888
Import eksklusiv told,"10120 Føde-, drikke- og tobaksvareindustri-(Tilgang)","10120 Føde-, drikke- og tobaksvareindustri- (Anvendelse)",2018,17489.572781500385
Import eksklusiv told,"10120 Føde-, drikke- og tobaksvareindustri-(Tilgang)","10120 Føde-, drikke- og tobaksvareindustri- (Anvendelse)",2019,17510.78169425063
Import eksklusiv told,"10120 Føde-, drikke- og tobaksvareindustri-(Tilgang)","10120 Føde-, drikke- og tobaksvareindustri- (Anvendelse)",2020,17608.054
Import eksklusiv told,"10120 Føde-, drikke- og tobaksvareindustri-(Tilgang)","10120 Føde-, drikke- og tobaksvareindustri- (Anvendelse)",2021,17224.302
Import eksklusiv told,"10120 Føde-, drikke- og tobaksvareindustri-(Tilgang)","10120 Føde-, drikke- og tobaksvareindustri- (Anvendelse)",2022,16713.948353440195
Import eksklusiv told,"10120 Føde-, drikke- og tobaksvareindustri-(Tilgang)","Anvendelse, i alt-(Anvendelse)",1967,6915.291846285477
Import eksklusiv told,"10120 Føde-, drikke- og tobaksvareindustri-(Tilgang)","Anvendelse, i alt-(Anvendelse)",1968,6779.268632599974
Import eksklusiv told,"10120 Føde-, drikke- og tobaksvareindustri-(Tilgang)","Anvendelse, i alt-(Anvendelse)",1969,7315.36714453519
Import eksklusiv told,"10120 Føde-, drikke- og tobaksvareindustri-(Tilgang)","Anvendelse, i alt-(Anvendelse)",1970,8433.093851711203
Import eksklusiv told,"10120 Føde-, drikke- og tobaksvareindustri-(Tilgang)","Anvendelse, i alt-(Anvendelse)",1971,8827.798597736446
Import eksklusiv told,"10120 Føde-, drikke- og tobaksvareindustri-(Tilgang)","Anvendelse, i alt-(Anvendelse)",1972,9346.793941250762
Import eksklusiv told,"10120 Føde-, drikke- og tobaksvareindustri-(Tilgang)","Anvendelse, i alt-(Anvendelse)",1973,10609.023125355332
Import eksklusiv told,"10120 Føde-, drikke- og tobaksvareindustri-(Tilgang)","Anvendelse, i alt-(Anvendelse)",1974,10568.535119469294
Import eksklusiv told,"10120 Føde-, drikke- og tobaksvareindustri-(Tilgang)","Anvendelse, i alt-(Anvendelse)",1975,10782.483842167416
Import eksklusiv told,"10120 Føde-, drikke- og tobaksvareindustri-(Tilgang)","Anvendelse, i alt-(Anvendelse)",1976,12725.183818196447
Import eksklusiv told,"10120 Føde-, drikke- og tobaksvareindustri-(Tilgang)","Anvendelse, i alt-(Anvendelse)",1977,13287.822752852486
Import eksklusiv told,"10120 Føde-, drikke- og tobaksvareindustri-(Tilgang)","Anvendelse, i alt-(Anvendelse)",1978,13892.836909402728
Import eksklusiv told,"10120 Føde-, drikke- og tobaksvareindustri-(Tilgang)","Anvendelse, i alt-(Anvendelse)",1979,14362.761989821924
Import eksklusiv told,"10120 Føde-, drikke- og tobaksvareindustri-(Tilgang)","Anvendelse, i alt-(Anvendelse)",1980,15423.990040608875
Import eksklusiv told,"10120 Føde-, drikke- og tobaksvareindustri-(Tilgang)","Anvendelse, i alt-(Anvendelse)",1981,17368.931165816208
Import eksklusiv told,"10120 Føde-, drikke- og tobaksvareindustri-(Tilgang)","Anvendelse, i alt-(Anvendelse)",1982,17311.200649610706
Import eksklusiv told,"10120 Føde-, drikke- og tobaksvareindustri-(Tilgang)","Anvendelse, i alt-(Anvendelse)",1983,18104.450971362236
Import eksklusiv told,"10120 Føde-, drikke- og tobaksvareindustri-(Tilgang)","Anvendelse, i alt-(Anvendelse)",1984,19048.654861027575
Import eksklusiv told,"10120 Føde-, drikke- og tobaksvareindustri-(Tilgang)","Anvendelse, i alt-(Anvendelse)",1985,21121.195426580398
Import eksklusiv told,"10120 Føde-, drikke- og tobaksvareindustri-(Tilgang)","Anvendelse, i alt-(Anvendelse)",1986,21743.40455252617
Import eksklusiv told,"10120 Føde-, drikke- og tobaksvareindustri-(Tilgang)","Anvendelse, i alt-(Anvendelse)",1987,22480.70565479204
Import eksklusiv told,"10120 Føde-, drikke- og tobaksvareindustri-(Tilgang)","Anvendelse, i alt-(Anvendelse)",1988,23351.024865545456
Import eksklusiv told,"10120 Føde-, drikke- og tobaksvareindustri-(Tilgang)","Anvendelse, i alt-(Anvendelse)",1989,24813.933848853027
Import eksklusiv told,"10120 Føde-, drikke- og tobaksvareindustri-(Tilgang)","Anvendelse, i alt-(Anvendelse)",1990,25483.260606454594
Import eksklusiv told,"10120 Føde-, drikke- og tobaksvareindustri-(Tilgang)","Anvendelse, i alt-(Anvendelse)",1991,28066.24346823305
Import eksklusiv told,"10120 Føde-, drikke- og tobaksvareindustri-(Tilgang)","Anvendelse, i alt-(Anvendelse)",1992,32651.82083333986
Import eksklusiv told,"10120 Føde-, drikke- og tobaksvareindustri-(Tilgang)","Anvendelse, i alt-(Anvendelse)",1993,32604.096093909324
Import eksklusiv told,"10120 Føde-, drikke- og tobaksvareindustri-(Tilgang)","Anvendelse, i alt-(Anvendelse)",1994,34185.8673924178
Import eksklusiv told,"10120 Føde-, drikke- og tobaksvareindustri-(Tilgang)","Anvendelse, i alt-(Anvendelse)",1995,36510.042011585676
Import eksklusiv told,"10120 Føde-, drikke- og tobaksvareindustri-(Tilgang)","Anvendelse, i alt-(Anvendelse)",1996,38208.622611863946
Import eksklusiv told,"10120 Føde-, drikke- og tobaksvareindustri-(Tilgang)","Anvendelse, i alt-(Anvendelse)",1997,40730.724365677845
Import eksklusiv told,"10120 Føde-, drikke- og tobaksvareindustri-(Tilgang)","Anvendelse, i alt-(Anvendelse)",1998,42720.684535651664
Import eksklusiv told,"10120 Føde-, drikke- og tobaksvareindustri-(Tilgang)","Anvendelse, i alt-(Anvendelse)",1999,42570.350689519844
Import eksklusiv told,"10120 Føde-, drikke- og tobaksvareindustri-(Tilgang)","Anvendelse, i alt-(Anvendelse)",2000,46919.78627991154
Import eksklusiv told,"10120 Føde-, drikke- og tobaksvareindustri-(Tilgang)","Anvendelse, i alt-(Anvendelse)",2001,49898.0961693654
Import eksklusiv told,"10120 Føde-, drikke- og tobaksvareindustri-(Tilgang)","Anvendelse, i alt-(Anvendelse)",2002,51638.92707285841
Import eksklusiv told,"10120 Føde-, drikke- og tobaksvareindustri-(Tilgang)","Anvendelse, i alt-(Anvendelse)",2003,52834.10152623878
Import eksklusiv told,"10120 Føde-, drikke- og tobaksvareindustri-(Tilgang)","Anvendelse, i alt-(Anvendelse)",2004,57260.33094577281
Import eksklusiv told,"10120 Føde-, drikke- og tobaksvareindustri-(Tilgang)","Anvendelse, i alt-(Anvendelse)",2005,59548.92958418948
Import eksklusiv told,"10120 Føde-, drikke- og tobaksvareindustri-(Tilgang)","Anvendelse, i alt-(Anvendelse)",2006,64442.76084050439
Import eksklusiv told,"10120 Føde-, drikke- og tobaksvareindustri-(Tilgang)","Anvendelse, i alt-(Anvendelse)",2007,66175.89376808294
Import eksklusiv told,"10120 Føde-, drikke- og tobaksvareindustri-(Tilgang)","Anvendelse, i alt-(Anvendelse)",2008,66905.6908647077
Import eksklusiv told,"10120 Føde-, drikke- og tobaksvareindustri-(Tilgang)","Anvendelse, i alt-(Anvendelse)",2009,59645.403778073574
Import eksklusiv told,"10120 Føde-, drikke- og tobaksvareindustri-(Tilgang)","Anvendelse, i alt-(Anvendelse)",2010,62727.62322532908
Import eksklusiv told,"10120 Føde-, drikke- og tobaksvareindustri-(Tilgang)","Anvendelse, i alt-(Anvendelse)",2011,66725.1142919843
Import eksklusiv told,"10120 Føde-, drikke- og tobaksvareindustri-(Tilgang)","Anvendelse, i alt-(Anvendelse)",2012,66467.46548981106
Import eksklusiv told,"10120 Føde-, drikke- og tobaksvareindustri-(Tilgang)","Anvendelse, i alt-(Anvendelse)",2013,69823.67067521653
Import eksklusiv told,"10120 Føde-, drikke- og tobaksvareindustri-(Tilgang)","Anvendelse, i alt-(Anvendelse)",2014,72821.45334675197
Import eksklusiv told,"10120 Føde-, drikke- og tobaksvareindustri-(Tilgang)","Anvendelse, i alt-(Anvendelse)",2015,77519.03855853593
Import eksklusiv told,"10120 Føde-, drikke- og tobaksvareindustri-(Tilgang)","Anvendelse, i alt-(Anvendelse)",2016,77161.20326285399
Import eksklusiv told,"10120 Føde-, drikke- og tobaksvareindustri-(Tilgang)","Anvendelse, i alt-(Anvendelse)",2017,78120.77720282842
Import eksklusiv told,"10120 Føde-, drikke- og tobaksvareindustri-(Tilgang)","Anvendelse, i alt-(Anvendelse)",2018,81883.17263198674
Import eksklusiv told,"10120 Føde-, drikke- og tobaksvareindustri-(Tilgang)","Anvendelse, i alt-(Anvendelse)",2019,83382.34925191711
Import eksklusiv told,"10120 Føde-, drikke- og tobaksvareindustri-(Tilgang)","Anvendelse, i alt-(Anvendelse)",2020,83929.371
Import eksklusiv told,"10120 Føde-, drikke- og tobaksvareindustri-(Tilgang)","Anvendelse, i alt-(Anvendelse)",2021,88399.85900000001
Import eksklusiv told,"10120 Føde-, drikke- og tobaksvareindustri-(Tilgang)","Anvendelse, i alt-(Anvendelse)",2022,90840.34186420859
Import eksklusiv told,"10120 Føde-, drikke- og tobaksvareindustri-(Tilgang)",Eksport - (Anvendelse),1967,238.11507275832992
Import eksklusiv told,"10120 Føde-, drikke- og tobaksvareindustri-(Tilgang)",Eksport - (Anvendelse),1968,286.0836234804519
Import eksklusiv told,"10120 Føde-, drikke- og tobaksvareindustri-(Tilgang)",Eksport - (Anvendelse),1969,277.46280799627056
Import eksklusiv told,"10120 Føde-, drikke- og tobaksvareindustri-(Tilgang)",Eksport - (Anvendelse),1970,345.14308087446335
Import eksklusiv told,"10120 Føde-, drikke- og tobaksvareindustri-(Tilgang)",Eksport - (Anvendelse),1971,275.4048165322695
Import eksklusiv told,"10120 Føde-, drikke- og tobaksvareindustri-(Tilgang)",Eksport - (Anvendelse),1972,288.4223731707947
Import eksklusiv told,"10120 Føde-, drikke- og tobaksvareindustri-(Tilgang)",Eksport - (Anvendelse),1973,439.1548524479679
Import eksklusiv told,"10120 Føde-, drikke- og tobaksvareindustri-(Tilgang)",Eksport - (Anvendelse),1974,521.3318744192408
Import eksklusiv told,"10120 Føde-, drikke- og tobaksvareindustri-(Tilgang)",Eksport - (Anvendelse),1975,484.2542374090374
Import eksklusiv told,"10120 Føde-, drikke- og tobaksvareindustri-(Tilgang)",Eksport - (Anvendelse),1976,605.6583733917797
Import eksklusiv told,"10120 Føde-, drikke- og tobaksvareindustri-(Tilgang)",Eksport - (Anvendelse),1977,680.0331278124642
Import eksklusiv told,"10120 Føde-, drikke- og tobaksvareindustri-(Tilgang)",Eksport - (Anvendelse),1978,705.4807054573504
Import eksklusiv told,"10120 Føde-, drikke- og tobaksvareindustri-(Tilgang)",Eksport - (Anvendelse),1979,600.4984005638499
Import eksklusiv told,"10120 Føde-, drikke- og tobaksvareindustri-(Tilgang)",Eksport - (Anvendelse),1980,669.986416239502
Import eksklusiv told,"10120 Føde-, drikke- og tobaksvareindustri-(Tilgang)",Eksport - (Anvendelse),1981,1034.0459051425423
Import eksklusiv told,"10120 Føde-, drikke- og tobaksvareindustri-(Tilgang)",Eksport - (Anvendelse),1982,1228.8930314857166
Import eksklusiv told,"10120 Føde-, drikke- og tobaksvareindustri-(Tilgang)",Eksport - (Anvendelse),1983,1298.2000970005013
Import eksklusiv told,"10120 Føde-, drikke- og tobaksvareindustri-(Tilgang)",Eksport - (Anvendelse),1984,1519.4899338908276
Import eksklusiv told,"10120 Føde-, drikke- og tobaksvareindustri-(Tilgang)",Eksport - (Anvendelse),1985,1880.9177415152726
Import eksklusiv told,"10120 Føde-, drikke- og tobaksvareindustri-(Tilgang)",Eksport - (Anvendelse),1986,1991.982047614351
Import eksklusiv told,"10120 Føde-, drikke- og tobaksvareindustri-(Tilgang)",Eksport - (Anvendelse),1987,2012.504575579754
Import eksklusiv told,"10120 Føde-, drikke- og tobaksvareindustri-(Tilgang)",Eksport - (Anvendelse),1988,2614.7700731377176
Import eksklusiv told,"10120 Føde-, drikke- og tobaksvareindustri-(Tilgang)",Eksport - (Anvendelse),1989,2495.5793711898314
Import eksklusiv told,"10120 Føde-, drikke- og tobaksvareindustri-(Tilgang)",Eksport - (Anvendelse),1990,2622.349549623088
Import eksklusiv told,"10120 Føde-, drikke- og tobaksvareindustri-(Tilgang)",Eksport - (Anvendelse),1991,3041.313287707556
Import eksklusiv told,"10120 Føde-, drikke- og tobaksvareindustri-(Tilgang)",Eksport - (Anvendelse),1992,5259.794312927166
Import eksklusiv told,"10120 Føde-, drikke- og tobaksvareindustri-(Tilgang)",Eksport - (Anvendelse),1993,5028.662633576741
Import eksklusiv told,"10120 Føde-, drikke- og tobaksvareindustri-(Tilgang)",Eksport - (Anvendelse),1994,5185.061898975781
Import eksklusiv told,"10120 Føde-, drikke- og tobaksvareindustri-(Tilgang)",Eksport - (Anvendelse),1995,4777.397430728052
Import eksklusiv told,"10120 Føde-, drikke- og tobaksvareindustri-(Tilgang)",Eksport - (Anvendelse),1996,5484.429776902741
Import eksklusiv told,"10120 Føde-, drikke- og tobaksvareindustri-(Tilgang)",Eksport - (Anvendelse),1997,5996.083581978946
Import eksklusiv told,"10120 Føde-, drikke- og tobaksvareindustri-(Tilgang)",Eksport - (Anvendelse),1998,6280.183528150458
Import eksklusiv told,"10120 Føde-, drikke- og tobaksvareindustri-(Tilgang)",Eksport - (Anvendelse),1999,6465.996872397378
Import eksklusiv told,"10120 Føde-, drikke- og tobaksvareindustri-(Tilgang)",Eksport - (Anvendelse),2000,7155.845685595515
Import eksklusiv told,"10120 Føde-, drikke- og tobaksvareindustri-(Tilgang)",Eksport - (Anvendelse),2001,8285.317974565893
Import eksklusiv told,"10120 Føde-, drikke- og tobaksvareindustri-(Tilgang)",Eksport - (Anvendelse),2002,8108.035293717634
Import eksklusiv told,"10120 Føde-, drikke- og tobaksvareindustri-(Tilgang)",Eksport - (Anvendelse),2003,9208.329919959535
Import eksklusiv told,"10120 Føde-, drikke- og tobaksvareindustri-(Tilgang)",Eksport - (Anvendelse),2004,10247.859775521363
Import eksklusiv told,"10120 Føde-, drikke- og tobaksvareindustri-(Tilgang)",Eksport - (Anvendelse),2005,10089.609545315992
Import eksklusiv told,"10120 Føde-, drikke- og tobaksvareindustri-(Tilgang)",Eksport - (Anvendelse),2006,10898.661774095835
Import eksklusiv told,"10120 Føde-, drikke- og tobaksvareindustri-(Tilgang)",Eksport - (Anvendelse),2007,10964.766163656235
Import eksklusiv told,"10120 Føde-, drikke- og tobaksvareindustri-(Tilgang)",Eksport - (Anvendelse),2008,12199.590344457856
Import eksklusiv told,"10120 Føde-, drikke- og tobaksvareindustri-(Tilgang)",Eksport - (Anvendelse),2009,10225.638388211895
Import eksklusiv told,"10120 Føde-, drikke- og tobaksvareindustri-(Tilgang)",Eksport - (Anvendelse),2010,11944.315453473908
Import eksklusiv told,"10120 Føde-, drikke- og tobaksvareindustri-(Tilgang)",Eksport - (Anvendelse),2011,13169.998922045963
Import eksklusiv told,"10120 Føde-, drikke- og tobaksvareindustri-(Tilgang)",Eksport - (Anvendelse),2012,12510.840545621082
Import eksklusiv told,"10120 Føde-, drikke- og tobaksvareindustri-(Tilgang)",Eksport - (Anvendelse),2013,12828.612973661866
Import eksklusiv told,"10120 Føde-, drikke- og tobaksvareindustri-(Tilgang)",Eksport - (Anvendelse),2014,13783.187978010852
Import eksklusiv told,"10120 Føde-, drikke- og tobaksvareindustri-(Tilgang)",Eksport - (Anvendelse),2015,14393.273014831908
Import eksklusiv told,"10120 Føde-, drikke- og tobaksvareindustri-(Tilgang)",Eksport - (Anvendelse),2016,14910.512131468457
Import eksklusiv told,"10120 Føde-, drikke- og tobaksvareindustri-(Tilgang)",Eksport - (Anvendelse),2017,15298.43632844684
Import eksklusiv told,"10120 Føde-, drikke- og tobaksvareindustri-(Tilgang)",Eksport - (Anvendelse),2018,16105.463057126788
Import eksklusiv told,"10120 Føde-, drikke- og tobaksvareindustri-(Tilgang)",Eksport - (Anvendelse),2019,16561.894792604195
Import eksklusiv told,"10120 Føde-, drikke- og tobaksvareindustri-(Tilgang)",Eksport - (Anvendelse),2020,16201.022
Import eksklusiv told,"10120 Føde-, drikke- og tobaksvareindustri-(Tilgang)",Eksport - (Anvendelse),2021,18773.478
Import eksklusiv told,"10120 Føde-, drikke- og tobaksvareindustri-(Tilgang)",Eksport - (Anvendelse),2022,19796.09305345449
Import eksklusiv told,"10120 Føde-, drikke- og tobaksvareindustri-(Tilgang)",Faste bruttoinvesteringer + Lagerforøgelse + Værdigenstande (Anvendelse),1967,245.3010120122718
Import eksklusiv told,"10120 Føde-, drikke- og tobaksvareindustri-(Tilgang)",Faste bruttoinvesteringer + Lagerforøgelse + Værdigenstande (Anvendelse),1968,13.849596506698287
Import eksklusiv told,"10120 Føde-, drikke- og tobaksvareindustri-(Tilgang)",Faste bruttoinvesteringer + Lagerforøgelse + Værdigenstande (Anvendelse),1969,-42.09044602541414
Import eksklusiv told,"10120 Føde-, drikke- og tobaksvareindustri-(Tilgang)",Faste bruttoinvesteringer + Lagerforøgelse + Værdigenstande (Anvendelse),1970,93.98865468161098
Import eksklusiv told,"10120 Føde-, drikke- og tobaksvareindustri-(Tilgang)",Faste bruttoinvesteringer + Lagerforøgelse + Værdigenstande (Anvendelse),1971,-14.404576413033855
Import eksklusiv told,"10120 Føde-, drikke- og tobaksvareindustri-(Tilgang)",Faste bruttoinvesteringer + Lagerforøgelse + Værdigenstande (Anvendelse),1972,51.08860716596358
Import eksklusiv told,"10120 Føde-, drikke- og tobaksvareindustri-(Tilgang)",Faste bruttoinvesteringer + Lagerforøgelse + Værdigenstande (Anvendelse),1973,34.04871436627638
Import eksklusiv told,"10120 Føde-, drikke- og tobaksvareindustri-(Tilgang)",Faste bruttoinvesteringer + Lagerforøgelse + Værdigenstande (Anvendelse),1974,208.6049769451175
Import eksklusiv told,"10120 Føde-, drikke- og tobaksvareindustri-(Tilgang)",Faste bruttoinvesteringer + Lagerforøgelse + Værdigenstande (Anvendelse),1975,-85.01742316953774
Import eksklusiv told,"10120 Føde-, drikke- og tobaksvareindustri-(Tilgang)",Faste bruttoinvesteringer + Lagerforøgelse + Værdigenstande (Anvendelse),1976,-6.108961281234214
Import eksklusiv told,"10120 Føde-, drikke- og tobaksvareindustri-(Tilgang)",Faste bruttoinvesteringer + Lagerforøgelse + Værdigenstande (Anvendelse),1977,339.6926639198968
Import eksklusiv told,"10120 Føde-, drikke- og tobaksvareindustri-(Tilgang)",Faste bruttoinvesteringer + Lagerforøgelse + Værdigenstande (Anvendelse),1978,-743.4434604197122
Import eksklusiv told,"10120 Føde-, drikke- og tobaksvareindustri-(Tilgang)",Faste bruttoinvesteringer + Lagerforøgelse + Værdigenstande (Anvendelse),1979,708.4647443834973
Import eksklusiv told,"10120 Føde-, drikke- og tobaksvareindustri-(Tilgang)",Faste bruttoinvesteringer + Lagerforøgelse + Værdigenstande (Anvendelse),1980,1050.1737327547603
Import eksklusiv told,"10120 Føde-, drikke- og tobaksvareindustri-(Tilgang)",Faste bruttoinvesteringer + Lagerforøgelse + Værdigenstande (Anvendelse),1981,1174.8605300876554
Import eksklusiv told,"10120 Føde-, drikke- og tobaksvareindustri-(Tilgang)",Faste bruttoinvesteringer + Lagerforøgelse + Værdigenstande (Anvendelse),1982,-180.93795971513134
Import eksklusiv told,"10120 Føde-, drikke- og tobaksvareindustri-(Tilgang)",Faste bruttoinvesteringer + Lagerforøgelse + Værdigenstande (Anvendelse),1983,1823.963045151785
Import eksklusiv told,"10120 Føde-, drikke- og tobaksvareindustri-(Tilgang)",Faste bruttoinvesteringer + Lagerforøgelse + Værdigenstande (Anvendelse),1984,646.1231389125974
Import eksklusiv told,"10120 Føde-, drikke- og tobaksvareindustri-(Tilgang)",Faste bruttoinvesteringer + Lagerforøgelse + Værdigenstande (Anvendelse),1985,1353.1223996617796
Import eksklusiv told,"10120 Føde-, drikke- og tobaksvareindustri-(Tilgang)",Faste bruttoinvesteringer + Lagerforøgelse + Værdigenstande (Anvendelse),1986,1693.3517302665045
Import eksklusiv told,"10120 Føde-, drikke- og tobaksvareindustri-(Tilgang)",Faste bruttoinvesteringer + Lagerforøgelse + Værdigenstande (Anvendelse),1987,29.72858888760126
Import eksklusiv told,"10120 Føde-, drikke- og tobaksvareindustri-(Tilgang)",Faste bruttoinvesteringer + Lagerforøgelse + Værdigenstande (Anvendelse),1988,6392.624081443953
Import eksklusiv told,"10120 Føde-, drikke- og tobaksvareindustri-(Tilgang)",Faste bruttoinvesteringer + Lagerforøgelse + Værdigenstande (Anvendelse),1989,8085.88910116817
Import eksklusiv told,"10120 Føde-, drikke- og tobaksvareindustri-(Tilgang)",Faste bruttoinvesteringer + Lagerforøgelse + Værdigenstande (Anvendelse),1990,15080.431764879782
Import eksklusiv told,"10120 Føde-, drikke- og tobaksvareindustri-(Tilgang)",Faste bruttoinvesteringer + Lagerforøgelse + Værdigenstande (Anvendelse),1991,2788.7370175621827
Import eksklusiv told,"10120 Føde-, drikke- og tobaksvareindustri-(Tilgang)",Faste bruttoinvesteringer + Lagerforøgelse + Værdigenstande (Anvendelse),1992,-97.43155615848623
Import eksklusiv told,"10120 Føde-, drikke- og tobaksvareindustri-(Tilgang)",Faste bruttoinvesteringer + Lagerforøgelse + Værdigenstande (Anvendelse),1993,-695.9687403963139
Import eksklusiv told,"10120 Føde-, drikke- og tobaksvareindustri-(Tilgang)",Faste bruttoinvesteringer + Lagerforøgelse + Værdigenstande (Anvendelse),1994,-315.91291887481196
Import eksklusiv told,"10120 Føde-, drikke- og tobaksvareindustri-(Tilgang)",Faste bruttoinvesteringer + Lagerforøgelse + Værdigenstande (Anvendelse),1995,236.19053307740796
Import eksklusiv told,"10120 Føde-, drikke- og tobaksvareindustri-(Tilgang)",Faste bruttoinvesteringer + Lagerforøgelse + Værdigenstande (Anvendelse),1996,120.11423292032276
Import eksklusiv told,"10120 Føde-, drikke- og tobaksvareindustri-(Tilgang)",Faste bruttoinvesteringer + Lagerforøgelse + Værdigenstande (Anvendelse),1997,-4.49691641128218
Import eksklusiv told,"10120 Føde-, drikke- og tobaksvareindustri-(Tilgang)",Faste bruttoinvesteringer + Lagerforøgelse + Værdigenstande (Anvendelse),1998,40.84802422460042
Import eksklusiv told,"10120 Føde-, drikke- og tobaksvareindustri-(Tilgang)",Faste bruttoinvesteringer + Lagerforøgelse + Værdigenstande (Anvendelse),1999,35.486302412793215
Import eksklusiv told,"10120 Føde-, drikke- og tobaksvareindustri-(Tilgang)",Faste bruttoinvesteringer + Lagerforøgelse + Værdigenstande (Anvendelse),2000,-729.0588321148774
Import eksklusiv told,"10120 Føde-, drikke- og tobaksvareindustri-(Tilgang)",Faste bruttoinvesteringer + Lagerforøgelse + Værdigenstande (Anvendelse),2001,-882.5331330737082
Import eksklusiv told,"10120 Føde-, drikke- og tobaksvareindustri-(Tilgang)",Faste bruttoinvesteringer + Lagerforøgelse + Værdigenstande (Anvendelse),2002,-435.91698314025007
Import eksklusiv told,"10120 Føde-, drikke- og tobaksvareindustri-(Tilgang)",Faste bruttoinvesteringer + Lagerforøgelse + Værdigenstande (Anvendelse),2003,-1661.7622298435056
Import eksklusiv told,"10120 Føde-, drikke- og tobaksvareindustri-(Tilgang)",Faste bruttoinvesteringer + Lagerforøgelse + Værdigenstande (Anvendelse),2004,-499.59775612980656
Import eksklusiv told,"10120 Føde-, drikke- og tobaksvareindustri-(Tilgang)",Faste bruttoinvesteringer + Lagerforøgelse + Værdigenstande (Anvendelse),2005,-308.3352644952245
Import eksklusiv told,"10120 Føde-, drikke- og tobaksvareindustri-(Tilgang)",Faste bruttoinvesteringer + Lagerforøgelse + Værdigenstande (Anvendelse),2006,-918.5856524815696
Import eksklusiv told,"10120 Føde-, drikke- og tobaksvareindustri-(Tilgang)",Faste bruttoinvesteringer + Lagerforøgelse + Værdigenstande (Anvendelse),2007,-195.23197080062957
Import eksklusiv told,"10120 Føde-, drikke- og tobaksvareindustri-(Tilgang)",Faste bruttoinvesteringer + Lagerforøgelse + Værdigenstande (Anvendelse),2008,-1265.5939799163752
Import eksklusiv told,"10120 Føde-, drikke- og tobaksvareindustri-(Tilgang)",Faste bruttoinvesteringer + Lagerforøgelse + Værdigenstande (Anvendelse),2009,48.468949533550905
Import eksklusiv told,"10120 Føde-, drikke- og tobaksvareindustri-(Tilgang)",Faste bruttoinvesteringer + Lagerforøgelse + Værdigenstande (Anvendelse),2010,544.8780782472788
Import eksklusiv told,"10120 Føde-, drikke- og tobaksvareindustri-(Tilgang)",Faste bruttoinvesteringer + Lagerforøgelse + Værdigenstande (Anvendelse),2011,-541.5120485207337
Import eksklusiv told,"10120 Føde-, drikke- og tobaksvareindustri-(Tilgang)",Faste bruttoinvesteringer + Lagerforøgelse + Værdigenstande (Anvendelse),2012,42.537157028854146
Import eksklusiv told,"10120 Føde-, drikke- og tobaksvareindustri-(Tilgang)",Faste bruttoinvesteringer + Lagerforøgelse + Værdigenstande (Anvendelse),2013,575.9818160605979
Import eksklusiv told,"10120 Føde-, drikke- og tobaksvareindustri-(Tilgang)",Faste bruttoinvesteringer + Lagerforøgelse + Værdigenstande (Anvendelse),2014,307.9080266661248
Import eksklusiv told,"10120 Føde-, drikke- og tobaksvareindustri-(Tilgang)",Faste bruttoinvesteringer + Lagerforøgelse + Værdigenstande (Anvendelse),2015,222.41633732369155
Import eksklusiv told,"10120 Føde-, drikke- og tobaksvareindustri-(Tilgang)",Faste bruttoinvesteringer + Lagerforøgelse + Værdigenstande (Anvendelse),2016,320.8122946205619
Import eksklusiv told,"10120 Føde-, drikke- og tobaksvareindustri-(Tilgang)",Faste bruttoinvesteringer + Lagerforøgelse + Værdigenstande (Anvendelse),2017,561.6563935918679
Import eksklusiv told,"10120 Føde-, drikke- og tobaksvareindustri-(Tilgang)",Faste bruttoinvesteringer + Lagerforøgelse + Værdigenstande (Anvendelse),2018,262.24460950118566
Import eksklusiv told,"10120 Føde-, drikke- og tobaksvareindustri-(Tilgang)",Faste bruttoinvesteringer + Lagerforøgelse + Værdigenstande (Anvendelse),2019,267.47589408262394
Import eksklusiv told,"10120 Føde-, drikke- og tobaksvareindustri-(Tilgang)",Faste bruttoinvesteringer + Lagerforøgelse + Værdigenstande (Anvendelse),2020,134.93600000000004
Import eksklusiv told,"10120 Føde-, drikke- og tobaksvareindustri-(Tilgang)",Faste bruttoinvesteringer + Lagerforøgelse + Værdigenstande (Anvendelse),2021,-676.5169999999999
Import eksklusiv told,"10120 Føde-, drikke- og tobaksvareindustri-(Tilgang)",Faste bruttoinvesteringer + Lagerforøgelse + Værdigenstande (Anvendelse),2022,548.1027805556204
Import eksklusiv told,"10120 Føde-, drikke- og tobaksvareindustri-(Tilgang)",Husholdningernes forbrugsudgifter + NPISH (Anvendelse),1967,3034.0400858247217
Import eksklusiv told,"10120 Føde-, drikke- og tobaksvareindustri-(Tilgang)",Husholdningernes forbrugsudgifter + NPISH (Anvendelse),1968,3052.714459494175
Import eksklusiv told,"10120 Føde-, drikke- og tobaksvareindustri-(Tilgang)",Husholdningernes forbrugsudgifter + NPISH (Anvendelse),1969,3291.7077198524357
Import eksklusiv told,"10120 Føde-, drikke- og tobaksvareindustri-(Tilgang)",Husholdningernes forbrugsudgifter + NPISH (Anvendelse),1970,3741.004519609603
Import eksklusiv told,"10120 Føde-, drikke- og tobaksvareindustri-(Tilgang)",Husholdningernes forbrugsudgifter + NPISH (Anvendelse),1971,4411.746131094575
Import eksklusiv told,"10120 Føde-, drikke- og tobaksvareindustri-(Tilgang)",Husholdningernes forbrugsudgifter + NPISH (Anvendelse),1972,4336.484354232849
Import eksklusiv told,"10120 Føde-, drikke- og tobaksvareindustri-(Tilgang)",Husholdningernes forbrugsudgifter + NPISH (Anvendelse),1973,5224.558891578197
Import eksklusiv told,"10120 Føde-, drikke- og tobaksvareindustri-(Tilgang)",Husholdningernes forbrugsudgifter + NPISH (Anvendelse),1974,4542.56007107623
Import eksklusiv told,"10120 Føde-, drikke- og tobaksvareindustri-(Tilgang)",Husholdningernes forbrugsudgifter + NPISH (Anvendelse),1975,4616.858906897638
Import eksklusiv told,"10120 Føde-, drikke- og tobaksvareindustri-(Tilgang)",Husholdningernes forbrugsudgifter + NPISH (Anvendelse),1976,5060.106367490404
Import eksklusiv told,"10120 Føde-, drikke- og tobaksvareindustri-(Tilgang)",Husholdningernes forbrugsudgifter + NPISH (Anvendelse),1977,5057.508850966708
Import eksklusiv told,"10120 Føde-, drikke- og tobaksvareindustri-(Tilgang)",Husholdningernes forbrugsudgifter + NPISH (Anvendelse),1978,5263.981720182244
Import eksklusiv told,"10120 Føde-, drikke- og tobaksvareindustri-(Tilgang)",Husholdningernes forbrugsudgifter + NPISH (Anvendelse),1979,4604.789096582199
Import eksklusiv told,"10120 Føde-, drikke- og tobaksvareindustri-(Tilgang)",Husholdningernes forbrugsudgifter + NPISH (Anvendelse),1980,5086.1571921276145
Import eksklusiv told,"10120 Føde-, drikke- og tobaksvareindustri-(Tilgang)",Husholdningernes forbrugsudgifter + NPISH (Anvendelse),1981,5847.208742535158
Import eksklusiv told,"10120 Føde-, drikke- og tobaksvareindustri-(Tilgang)",Husholdningernes forbrugsudgifter + NPISH (Anvendelse),1982,5707.743512138942
Import eksklusiv told,"10120 Føde-, drikke- og tobaksvareindustri-(Tilgang)",Husholdningernes forbrugsudgifter + NPISH (Anvendelse),1983,5817.248866289996
Import eksklusiv told,"10120 Føde-, drikke- og tobaksvareindustri-(Tilgang)",Husholdningernes forbrugsudgifter + NPISH (Anvendelse),1984,6618.998075681966
Import eksklusiv told,"10120 Føde-, drikke- og tobaksvareindustri-(Tilgang)",Husholdningernes forbrugsudgifter + NPISH (Anvendelse),1985,7071.325403723613
Import eksklusiv told,"10120 Føde-, drikke- og tobaksvareindustri-(Tilgang)",Husholdningernes forbrugsudgifter + NPISH (Anvendelse),1986,7094.163264563202
Import eksklusiv told,"10120 Føde-, drikke- og tobaksvareindustri-(Tilgang)",Husholdningernes forbrugsudgifter + NPISH (Anvendelse),1987,7343.603750068933
Import eksklusiv told,"10120 Føde-, drikke- og tobaksvareindustri-(Tilgang)",Husholdningernes forbrugsudgifter + NPISH (Anvendelse),1988,7118.316784514573
Import eksklusiv told,"10120 Føde-, drikke- og tobaksvareindustri-(Tilgang)",Husholdningernes forbrugsudgifter + NPISH (Anvendelse),1989,7363.628939432951
Import eksklusiv told,"10120 Føde-, drikke- og tobaksvareindustri-(Tilgang)",Husholdningernes forbrugsudgifter + NPISH (Anvendelse),1990,6809.1134809111145
Import eksklusiv told,"10120 Føde-, drikke- og tobaksvareindustri-(Tilgang)",Husholdningernes forbrugsudgifter + NPISH (Anvendelse),1991,7955.328406284523
Import eksklusiv told,"10120 Føde-, drikke- og tobaksvareindustri-(Tilgang)",Husholdningernes forbrugsudgifter + NPISH (Anvendelse),1992,8548.324848683496
Import eksklusiv told,"10120 Føde-, drikke- og tobaksvareindustri-(Tilgang)",Husholdningernes forbrugsudgifter + NPISH (Anvendelse),1993,8324.73300122714
Import eksklusiv told,"10120 Føde-, drikke- og tobaksvareindustri-(Tilgang)",Husholdningernes forbrugsudgifter + NPISH (Anvendelse),1994,8587.596402558565
Import eksklusiv told,"10120 Føde-, drikke- og tobaksvareindustri-(Tilgang)",Husholdningernes forbrugsudgifter + NPISH (Anvendelse),1995,9486.999026330925
Import eksklusiv told,"10120 Føde-, drikke- og tobaksvareindustri-(Tilgang)",Husholdningernes forbrugsudgifter + NPISH (Anvendelse),1996,9872.786718172125
Import eksklusiv told,"10120 Føde-, drikke- og tobaksvareindustri-(Tilgang)",Husholdningernes forbrugsudgifter + NPISH (Anvendelse),1997,11412.210537217252
Import eksklusiv told,"10120 Føde-, drikke- og tobaksvareindustri-(Tilgang)",Husholdningernes forbrugsudgifter + NPISH (Anvendelse),1998,11755.9228488251
Import eksklusiv told,"10120 Føde-, drikke- og tobaksvareindustri-(Tilgang)",Husholdningernes forbrugsudgifter + NPISH (Anvendelse),1999,12024.7240608495
Import eksklusiv told,"10120 Føde-, drikke- og tobaksvareindustri-(Tilgang)",Husholdningernes forbrugsudgifter + NPISH (Anvendelse),2000,12576.336153662087
Import eksklusiv told,"10120 Føde-, drikke- og tobaksvareindustri-(Tilgang)",Husholdningernes forbrugsudgifter + NPISH (Anvendelse),2001,13348.24753682884
Import eksklusiv told,"10120 Føde-, drikke- og tobaksvareindustri-(Tilgang)",Husholdningernes forbrugsudgifter + NPISH (Anvendelse),2002,14771.630975330268
Import eksklusiv told,"10120 Føde-, drikke- og tobaksvareindustri-(Tilgang)",Husholdningernes forbrugsudgifter + NPISH (Anvendelse),2003,14751.875505251275
Import eksklusiv told,"10120 Føde-, drikke- og tobaksvareindustri-(Tilgang)",Husholdningernes forbrugsudgifter + NPISH (Anvendelse),2004,16405.70433178752
Import eksklusiv told,"10120 Føde-, drikke- og tobaksvareindustri-(Tilgang)",Husholdningernes forbrugsudgifter + NPISH (Anvendelse),2005,17342.080121904743
Import eksklusiv told,"10120 Føde-, drikke- og tobaksvareindustri-(Tilgang)",Husholdningernes forbrugsudgifter + NPISH (Anvendelse),2006,18991.542991965438
Import eksklusiv told,"10120 Føde-, drikke- og tobaksvareindustri-(Tilgang)",Husholdningernes forbrugsudgifter + NPISH (Anvendelse),2007,19838.451318672654
Import eksklusiv told,"10120 Føde-, drikke- og tobaksvareindustri-(Tilgang)",Husholdningernes forbrugsudgifter + NPISH (Anvendelse),2008,20277.854136168473
Import eksklusiv told,"10120 Føde-, drikke- og tobaksvareindustri-(Tilgang)",Husholdningernes forbrugsudgifter + NPISH (Anvendelse),2009,18369.735434656417
Import eksklusiv told,"10120 Føde-, drikke- og tobaksvareindustri-(Tilgang)",Husholdningernes forbrugsudgifter + NPISH (Anvendelse),2010,20149.32735379627
Import eksklusiv told,"10120 Føde-, drikke- og tobaksvareindustri-(Tilgang)",Husholdningernes forbrugsudgifter + NPISH (Anvendelse),2011,21206.212285926526
Import eksklusiv told,"10120 Føde-, drikke- og tobaksvareindustri-(Tilgang)",Husholdningernes forbrugsudgifter + NPISH (Anvendelse),2012,21793.181807457648
Import eksklusiv told,"10120 Føde-, drikke- og tobaksvareindustri-(Tilgang)",Husholdningernes forbrugsudgifter + NPISH (Anvendelse),2013,22952.380100429502
Import eksklusiv told,"10120 Føde-, drikke- og tobaksvareindustri-(Tilgang)",Husholdningernes forbrugsudgifter + NPISH (Anvendelse),2014,23301.141876719026
Import eksklusiv told,"10120 Føde-, drikke- og tobaksvareindustri-(Tilgang)",Husholdningernes forbrugsudgifter + NPISH (Anvendelse),2015,25229.329024842827
Import eksklusiv told,"10120 Føde-, drikke- og tobaksvareindustri-(Tilgang)",Husholdningernes forbrugsudgifter + NPISH (Anvendelse),2016,26607.18561709635
Import eksklusiv told,"10120 Føde-, drikke- og tobaksvareindustri-(Tilgang)",Husholdningernes forbrugsudgifter + NPISH (Anvendelse),2017,27030.798100516586
Import eksklusiv told,"10120 Føde-, drikke- og tobaksvareindustri-(Tilgang)",Husholdningernes forbrugsudgifter + NPISH (Anvendelse),2018,28538.369883961834
Import eksklusiv told,"10120 Føde-, drikke- og tobaksvareindustri-(Tilgang)",Husholdningernes forbrugsudgifter + NPISH (Anvendelse),2019,29118.919466944
Import eksklusiv told,"10120 Føde-, drikke- og tobaksvareindustri-(Tilgang)",Husholdningernes forbrugsudgifter + NPISH (Anvendelse),2020,30677.945
Import eksklusiv told,"10120 Føde-, drikke- og tobaksvareindustri-(Tilgang)",Husholdningernes forbrugsudgifter + NPISH (Anvendelse),2021,33894.411
Import eksklusiv told,"10120 Føde-, drikke- og tobaksvareindustri-(Tilgang)",Husholdningernes forbrugsudgifter + NPISH (Anvendelse),2022,33984.78537385881
Import eksklusiv told,"10120 Føde-, drikke- og tobaksvareindustri-(Tilgang)","Offentligt forbrug, i alt-(Anvendelse)",1967,0.004192277153893528
Import eksklusiv told,"10120 Føde-, drikke- og tobaksvareindustri-(Tilgang)","Offentligt forbrug, i alt-(Anvendelse)",1968,0.00812253698566871
Import eksklusiv told,"10120 Føde-, drikke- og tobaksvareindustri-(Tilgang)","Offentligt forbrug, i alt-(Anvendelse)",1969,0.014079064108492433
Import eksklusiv told,"10120 Føde-, drikke- og tobaksvareindustri-(Tilgang)","Offentligt forbrug, i alt-(Anvendelse)",1970,0.024537797446229664
Import eksklusiv told,"10120 Føde-, drikke- og tobaksvareindustri-(Tilgang)","Offentligt forbrug, i alt-(Anvendelse)",1971,0.036507454737073404
Import eksklusiv told,"10120 Føde-, drikke- og tobaksvareindustri-(Tilgang)","Offentligt forbrug, i alt-(Anvendelse)",1972,0.03274379960954006
Import eksklusiv told,"10120 Føde-, drikke- og tobaksvareindustri-(Tilgang)","Offentligt forbrug, i alt-(Anvendelse)",1973,0.07113308191038013
Import eksklusiv told,"10120 Føde-, drikke- og tobaksvareindustri-(Tilgang)","Offentligt forbrug, i alt-(Anvendelse)",1974,0.09737069409043837
Import eksklusiv told,"10120 Føde-, drikke- og tobaksvareindustri-(Tilgang)","Offentligt forbrug, i alt-(Anvendelse)",1975,0.11921668314919058
Import eksklusiv told,"10120 Føde-, drikke- og tobaksvareindustri-(Tilgang)","Offentligt forbrug, i alt-(Anvendelse)",1976,0.13147897055882163
Import eksklusiv told,"10120 Føde-, drikke- og tobaksvareindustri-(Tilgang)","Offentligt forbrug, i alt-(Anvendelse)",1977,0.16522758332258333
Import eksklusiv told,"10120 Føde-, drikke- og tobaksvareindustri-(Tilgang)","Offentligt forbrug, i alt-(Anvendelse)",1978,0.22402478639683593
Import eksklusiv told,"10120 Føde-, drikke- og tobaksvareindustri-(Tilgang)","Offentligt forbrug, i alt-(Anvendelse)",1979,0.27469705951040596
Import eksklusiv told,"10120 Føde-, drikke- og tobaksvareindustri-(Tilgang)","Offentligt forbrug, i alt-(Anvendelse)",1980,0.2854121930374076
Import eksklusiv told,"10120 Føde-, drikke- og tobaksvareindustri-(Tilgang)","Offentligt forbrug, i alt-(Anvendelse)",1981,0.3169301039249741
Import eksklusiv told,"10120 Føde-, drikke- og tobaksvareindustri-(Tilgang)","Offentligt forbrug, i alt-(Anvendelse)",1982,0.36856478377791935
Import eksklusiv told,"10120 Føde-, drikke- og tobaksvareindustri-(Tilgang)","Offentligt forbrug, i alt-(Anvendelse)",1983,0.42173183082656784
Import eksklusiv told,"10120 Føde-, drikke- og tobaksvareindustri-(Tilgang)","Offentligt forbrug, i alt-(Anvendelse)",1984,0.4543201995722571
Import eksklusiv told,"10120 Føde-, drikke- og tobaksvareindustri-(Tilgang)","Offentligt forbrug, i alt-(Anvendelse)",1985,0.5818486766451713
Import eksklusiv told,"10120 Føde-, drikke- og tobaksvareindustri-(Tilgang)","Offentligt forbrug, i alt-(Anvendelse)",1986,0.7036037317178028
Import eksklusiv told,"10120 Føde-, drikke- og tobaksvareindustri-(Tilgang)","Offentligt forbrug, i alt-(Anvendelse)",1987,0.8795046646472534
Import eksklusiv told,"10120 Føde-, drikke- og tobaksvareindustri-(Tilgang)","Offentligt forbrug, i alt-(Anvendelse)",1988,1.0571386116942356
Import eksklusiv told,"10120 Føde-, drikke- og tobaksvareindustri-(Tilgang)","Offentligt forbrug, i alt-(Anvendelse)",1989,1.2177979751736028
Import eksklusiv told,"10120 Føde-, drikke- og tobaksvareindustri-(Tilgang)","Offentligt forbrug, i alt-(Anvendelse)",1990,1.2338686229398232
Import eksklusiv told,"10120 Føde-, drikke- og tobaksvareindustri-(Tilgang)","Offentligt forbrug, i alt-(Anvendelse)",1991,0.9867781156502053
Import eksklusiv told,"10120 Føde-, drikke- og tobaksvareindustri-(Tilgang)","Offentligt forbrug, i alt-(Anvendelse)",1992,1.1615522960083136
Import eksklusiv told,"10120 Føde-, drikke- og tobaksvareindustri-(Tilgang)","Offentligt forbrug, i alt-(Anvendelse)",1993,1.1116246372671217
Import eksklusiv told,"10120 Føde-, drikke- og tobaksvareindustri-(Tilgang)","Offentligt forbrug, i alt-(Anvendelse)",1994,1.4139865386037789
Import eksklusiv told,"10120 Føde-, drikke- og tobaksvareindustri-(Tilgang)","Offentligt forbrug, i alt-(Anvendelse)",1995,1.0786819608319445
Import eksklusiv told,"10120 Føde-, drikke- og tobaksvareindustri-(Tilgang)","Offentligt forbrug, i alt-(Anvendelse)",1996,1.3072286111026805
Import eksklusiv told,"10120 Føde-, drikke- og tobaksvareindustri-(Tilgang)","Offentligt forbrug, i alt-(Anvendelse)",1997,1.6171008838557965
Import eksklusiv told,"10120 Føde-, drikke- og tobaksvareindustri-(Tilgang)","Offentligt forbrug, i alt-(Anvendelse)",1998,2.5534683583442335
Import eksklusiv told,"10120 Føde-, drikke- og tobaksvareindustri-(Tilgang)","Offentligt forbrug, i alt-(Anvendelse)",1999,4.733532327837689
Import eksklusiv told,"10120 Føde-, drikke- og tobaksvareindustri-(Tilgang)","Offentligt forbrug, i alt-(Anvendelse)",2000,13.277013709095431
Import eksklusiv told,"10120 Føde-, drikke- og tobaksvareindustri-(Tilgang)","Offentligt forbrug, i alt-(Anvendelse)",2001,13.88051433223613
Import eksklusiv told,"10120 Føde-, drikke- og tobaksvareindustri-(Tilgang)","Offentligt forbrug, i alt-(Anvendelse)",2002,22.81359271213574
Import eksklusiv told,"10120 Føde-, drikke- og tobaksvareindustri-(Tilgang)","Offentligt forbrug, i alt-(Anvendelse)",2003,17.30094051495918
Import eksklusiv told,"10120 Føde-, drikke- og tobaksvareindustri-(Tilgang)","Offentligt forbrug, i alt-(Anvendelse)",2004,40.4631105761115
Import eksklusiv told,"10120 Føde-, drikke- og tobaksvareindustri-(Tilgang)","Offentligt forbrug, i alt-(Anvendelse)",2005,48.647846124046815
Import eksklusiv told,"10120 Føde-, drikke- og tobaksvareindustri-(Tilgang)","Offentligt forbrug, i alt-(Anvendelse)",2006,44.34218134250153
Import eksklusiv told,"10120 Føde-, drikke- og tobaksvareindustri-(Tilgang)","Offentligt forbrug, i alt-(Anvendelse)",2007,53.25350525388979
Import eksklusiv told,"10120 Føde-, drikke- og tobaksvareindustri-(Tilgang)","Offentligt forbrug, i alt-(Anvendelse)",2008,70.00496111864116
Import eksklusiv told,"10120 Føde-, drikke- og tobaksvareindustri-(Tilgang)","Offentligt forbrug, i alt-(Anvendelse)",2009,71.03385996571461
Import eksklusiv told,"10120 Føde-, drikke- og tobaksvareindustri-(Tilgang)","Offentligt forbrug, i alt-(Anvendelse)",2010,73.55883581663113
Import eksklusiv told,"10120 Føde-, drikke- og tobaksvareindustri-(Tilgang)","Offentligt forbrug, i alt-(Anvendelse)",2011,90.15135166981317
Import eksklusiv told,"10120 Føde-, drikke- og tobaksvareindustri-(Tilgang)","Offentligt forbrug, i alt-(Anvendelse)",2012,90.45243016127523
Import eksklusiv told,"10120 Føde-, drikke- og tobaksvareindustri-(Tilgang)","Offentligt forbrug, i alt-(Anvendelse)",2013,79.83000125857198
Import eksklusiv told,"10120 Føde-, drikke- og tobaksvareindustri-(Tilgang)","Offentligt forbrug, i alt-(Anvendelse)",2014,93.62423990215379
Import eksklusiv told,"10120 Føde-, drikke- og tobaksvareindustri-(Tilgang)","Offentligt forbrug, i alt-(Anvendelse)",2015,95.63598132865482
Import eksklusiv told,"10120 Føde-, drikke- og tobaksvareindustri-(Tilgang)","Offentligt forbrug, i alt-(Anvendelse)",2016,54.612489389391506
Import eksklusiv told,"10120 Føde-, drikke- og tobaksvareindustri-(Tilgang)","Offentligt forbrug, i alt-(Anvendelse)",2017,53.7475206466827
Import eksklusiv told,"10120 Føde-, drikke- og tobaksvareindustri-(Tilgang)","Offentligt forbrug, i alt-(Anvendelse)",2018,95.72436199093768
Import eksklusiv told,"10120 Føde-, drikke- og tobaksvareindustri-(Tilgang)","Offentligt forbrug, i alt-(Anvendelse)",2019,78.33375550689166
Import eksklusiv told,"10120 Føde-, drikke- og tobaksvareindustri-(Tilgang)","Offentligt forbrug, i alt-(Anvendelse)",2020,54.852
Import eksklusiv told,"10120 Føde-, drikke- og tobaksvareindustri-(Tilgang)","Offentligt forbrug, i alt-(Anvendelse)",2021,50.606
Import eksklusiv told,"10120 Føde-, drikke- og tobaksvareindustri-(Tilgang)","Offentligt forbrug, i alt-(Anvendelse)",2022,46.71561194972276
Import eksklusiv told,"10120 Føde-, drikke- og tobaksvareindustri-(Tilgang)",Privat,1967,3332.3016573957593
Import eksklusiv told,"10120 Føde-, drikke- og tobaksvareindustri-(Tilgang)",Privat,1968,3434.7997961533256
Import eksklusiv told,"10120 Føde-, drikke- og tobaksvareindustri-(Tilgang)",Privat,1969,3829.2060313427237
Import eksklusiv told,"10120 Føde-, drikke- og tobaksvareindustri-(Tilgang)",Privat,1970,4315.0136842531065
Import eksklusiv told,"10120 Føde-, drikke- og tobaksvareindustri-(Tilgang)",Privat,1971,4200.188422362721
Import eksklusiv told,"10120 Føde-, drikke- og tobaksvareindustri-(Tilgang)",Privat,1972,4602.99559625968
Import eksklusiv told,"10120 Føde-, drikke- og tobaksvareindustri-(Tilgang)",Privat,1973,4879.833563144589
Import eksklusiv told,"10120 Føde-, drikke- og tobaksvareindustri-(Tilgang)",Privat,1974,4918.800359712187
Import eksklusiv told,"10120 Føde-, drikke- og tobaksvareindustri-(Tilgang)",Privat,1975,5678.650812136033
Import eksklusiv told,"10120 Føde-, drikke- og tobaksvareindustri-(Tilgang)",Privat,1976,6951.041357059327
Import eksklusiv told,"10120 Føde-, drikke- og tobaksvareindustri-(Tilgang)",Privat,1977,7330.068897283903
Import eksklusiv told,"10120 Føde-, drikke- og tobaksvareindustri-(Tilgang)",Privat,1978,7934.365204784055
Import eksklusiv told,"10120 Føde-, drikke- og tobaksvareindustri-(Tilgang)",Privat,1979,8813.995695303627
Import eksklusiv told,"10120 Føde-, drikke- og tobaksvareindustri-(Tilgang)",Privat,1980,9191.693826783228
Import eksklusiv told,"10120 Føde-, drikke- og tobaksvareindustri-(Tilgang)",Privat,1981,9967.324591271656
Import eksklusiv told,"10120 Føde-, drikke- og tobaksvareindustri-(Tilgang)",Privat,1982,10398.709648352446
Import eksklusiv told,"10120 Føde-, drikke- og tobaksvareindustri-(Tilgang)",Privat,1983,10431.103853823903
Import eksklusiv told,"10120 Føde-, drikke- og tobaksvareindustri-(Tilgang)",Privat,1984,10732.031773368155
Import eksklusiv told,"10120 Føde-, drikke- og tobaksvareindustri-(Tilgang)",Privat,1985,11785.024697087341
Import eksklusiv told,"10120 Føde-, drikke- og tobaksvareindustri-(Tilgang)",Privat,1986,12110.673127401893
Import eksklusiv told,"10120 Føde-, drikke- og tobaksvareindustri-(Tilgang)",Privat,1987,13136.728391012006
Import eksklusiv told,"10120 Føde-, drikke- og tobaksvareindustri-(Tilgang)",Privat,1988,13064.772558234605
Import eksklusiv told,"10120 Føde-, drikke- og tobaksvareindustri-(Tilgang)",Privat,1989,14273.520631474265
Import eksklusiv told,"10120 Føde-, drikke- og tobaksvareindustri-(Tilgang)",Privat,1990,14832.195318946657
Import eksklusiv told,"10120 Føde-, drikke- og tobaksvareindustri-(Tilgang)",Privat,1991,16856.233113445353
Import eksklusiv told,"10120 Føde-, drikke- og tobaksvareindustri-(Tilgang)",Privat,1992,18783.74299096316
Import eksklusiv told,"10120 Føde-, drikke- og tobaksvareindustri-(Tilgang)",Privat,1993,19835.5084386531
Import eksklusiv told,"10120 Føde-, drikke- og tobaksvareindustri-(Tilgang)",Privat,1994,20710.47282987276
Import eksklusiv told,"10120 Føde-, drikke- og tobaksvareindustri-(Tilgang)",Privat,1995,22002.17323436905
Import eksklusiv told,"10120 Føde-, drikke- og tobaksvareindustri-(Tilgang)",Privat,1996,22462.394077579218
Import eksklusiv told,"10120 Føde-, drikke- og tobaksvareindustri-(Tilgang)",Privat,1997,22752.60629380066
Import eksklusiv told,"10120 Føde-, drikke- og tobaksvareindustri-(Tilgang)",Privat,1998,24002.304784946416
Import eksklusiv told,"10120 Føde-, drikke- og tobaksvareindustri-(Tilgang)",Privat,1999,23366.73240472658
Import eksklusiv told,"10120 Føde-, drikke- og tobaksvareindustri-(Tilgang)",Privat,2000,26158.368777578627
Import eksklusiv told,"10120 Føde-, drikke- og tobaksvareindustri-(Tilgang)",Privat,2001,26931.393611471056
Import eksklusiv told,"10120 Føde-, drikke- og tobaksvareindustri-(Tilgang)",Privat,2002,27405.33159072036
Import eksklusiv told,"10120 Føde-, drikke- og tobaksvareindustri-(Tilgang)",Privat,2003,26859.621170966482
Import eksklusiv told,"10120 Føde-, drikke- og tobaksvareindustri-(Tilgang)",Privat,2004,29150.166673066175
Import eksklusiv told,"10120 Føde-, drikke- og tobaksvareindustri-(Tilgang)",Privat,2005,30494.03319512037
Import eksklusiv told,"10120 Føde-, drikke- og tobaksvareindustri-(Tilgang)",Privat,2006,32519.127820057005
Import eksklusiv told,"10120 Føde-, drikke- og tobaksvareindustri-(Tilgang)",Privat,2007,34019.82690824293
Import eksklusiv told,"10120 Føde-, drikke- og tobaksvareindustri-(Tilgang)",Privat,2008,31727.490655972153
Import eksklusiv told,"10120 Føde-, drikke- og tobaksvareindustri-(Tilgang)",Privat,2009,30057.068333237887
Import eksklusiv told,"10120 Føde-, drikke- og tobaksvareindustri-(Tilgang)",Privat,2010,30329.634857234865
Import eksklusiv told,"10120 Føde-, drikke- og tobaksvareindustri-(Tilgang)",Privat,2011,30243.3729256974
Import eksklusiv told,"10120 Føde-, drikke- og tobaksvareindustri-(Tilgang)",Privat,2012,30890.071967404492
Import eksklusiv told,"10120 Føde-, drikke- og tobaksvareindustri-(Tilgang)",Privat,2013,31978.41863305327
Import eksklusiv told,"10120 Føde-, drikke- og tobaksvareindustri-(Tilgang)",Privat,2014,34029.15874159838
Import eksklusiv told,"10120 Føde-, drikke- og tobaksvareindustri-(Tilgang)",Privat,2015,36180.94646434466
Import eksklusiv told,"10120 Føde-, drikke- og tobaksvareindustri-(Tilgang)",Privat,2016,33837.1333161228
Import eksklusiv told,"10120 Føde-, drikke- og tobaksvareindustri-(Tilgang)",Privat,2017,33745.90903898727
Import eksklusiv told,"10120 Føde-, drikke- og tobaksvareindustri-(Tilgang)",Privat,2018,35551.60214357697
Import eksklusiv told,"10120 Føde-, drikke- og tobaksvareindustri-(Tilgang)",Privat,2019,35751.11721756324
Import eksklusiv told,"10120 Føde-, drikke- og tobaksvareindustri-(Tilgang)",Privat,2020,35158.208999999995
Import eksklusiv told,"10120 Føde-, drikke- og tobaksvareindustri-(Tilgang)",Privat,2021,35163.432
Import eksklusiv told,"10120 Føde-, drikke- og tobaksvareindustri-(Tilgang)",Privat,2022,34641.72916065342
Import eksklusiv told,"10120 Føde-, drikke- og tobaksvareindustri-(Tilgang)",REST_ANVENDELSE Øvrige brancher,1967,870.2976296367962
Import eksklusiv told,"10120 Føde-, drikke- og tobaksvareindustri-(Tilgang)",REST_ANVENDELSE Øvrige brancher,1968,919.3027064457842
Import eksklusiv told,"10120 Føde-, drikke- og tobaksvareindustri-(Tilgang)",REST_ANVENDELSE Øvrige brancher,1969,1090.907731751876
Import eksklusiv told,"10120 Føde-, drikke- og tobaksvareindustri-(Tilgang)",REST_ANVENDELSE Øvrige brancher,1970,1280.0421067588507
Import eksklusiv told,"10120 Føde-, drikke- og tobaksvareindustri-(Tilgang)",REST_ANVENDELSE Øvrige brancher,1971,1357.7059629546359
Import eksklusiv told,"10120 Føde-, drikke- og tobaksvareindustri-(Tilgang)",REST_ANVENDELSE Øvrige brancher,1972,1448.4415390315582
Import eksklusiv told,"10120 Føde-, drikke- og tobaksvareindustri-(Tilgang)",REST_ANVENDELSE Øvrige brancher,1973,1722.8689125176684
Import eksklusiv told,"10120 Føde-, drikke- og tobaksvareindustri-(Tilgang)",REST_ANVENDELSE Øvrige brancher,1974,1735.5685755372278
Import eksklusiv told,"10120 Føde-, drikke- og tobaksvareindustri-(Tilgang)",REST_ANVENDELSE Øvrige brancher,1975,1659.0814241991914
Import eksklusiv told,"10120 Føde-, drikke- og tobaksvareindustri-(Tilgang)",REST_ANVENDELSE Øvrige brancher,1976,1928.790405520511
Import eksklusiv told,"10120 Føde-, drikke- og tobaksvareindustri-(Tilgang)",REST_ANVENDELSE Øvrige brancher,1977,1959.6021314732263
Import eksklusiv told,"10120 Føde-, drikke- og tobaksvareindustri-(Tilgang)",REST_ANVENDELSE Øvrige brancher,1978,2114.4261471670684
Import eksklusiv told,"10120 Føde-, drikke- og tobaksvareindustri-(Tilgang)",REST_ANVENDELSE Øvrige brancher,1979,2367.806208643585
Import eksklusiv told,"10120 Føde-, drikke- og tobaksvareindustri-(Tilgang)",REST_ANVENDELSE Øvrige brancher,1980,2620.546757608357
Import eksklusiv told,"10120 Føde-, drikke- og tobaksvareindustri-(Tilgang)",REST_ANVENDELSE Øvrige brancher,1981,2879.733662856715
Import eksklusiv told,"10120 Føde-, drikke- og tobaksvareindustri-(Tilgang)",REST_ANVENDELSE Øvrige brancher,1982,2508.6799889061517
Import eksklusiv told,"10120 Føde-, drikke- og tobaksvareindustri-(Tilgang)",REST_ANVENDELSE Øvrige brancher,1983,2803.103992869661
Import eksklusiv told,"10120 Føde-, drikke- og tobaksvareindustri-(Tilgang)",REST_ANVENDELSE Øvrige brancher,1984,2974.1210358093026
Import eksklusiv told,"10120 Føde-, drikke- og tobaksvareindustri-(Tilgang)",REST_ANVENDELSE Øvrige brancher,1985,3288.846327750687
Import eksklusiv told,"10120 Føde-, drikke- og tobaksvareindustri-(Tilgang)",REST_ANVENDELSE Øvrige brancher,1986,3256.071980976842
Import eksklusiv told,"10120 Føde-, drikke- og tobaksvareindustri-(Tilgang)",REST_ANVENDELSE Øvrige brancher,1987,3657.2679566944757
Import eksklusiv told,"10120 Føde-, drikke- og tobaksvareindustri-(Tilgang)",REST_ANVENDELSE Øvrige brancher,1988,3598.427226986437
Import eksklusiv told,"10120 Føde-, drikke- og tobaksvareindustri-(Tilgang)",REST_ANVENDELSE Øvrige brancher,1989,4200.217746919168
Import eksklusiv told,"10120 Føde-, drikke- og tobaksvareindustri-(Tilgang)",REST_ANVENDELSE Øvrige brancher,1990,3930.9686532026817
Import eksklusiv told,"10120 Føde-, drikke- og tobaksvareindustri-(Tilgang)",REST_ANVENDELSE Øvrige brancher,1991,4945.885848711665
Import eksklusiv told,"10120 Føde-, drikke- og tobaksvareindustri-(Tilgang)",REST_ANVENDELSE Øvrige brancher,1992,6080.345925261444
Import eksklusiv told,"10120 Føde-, drikke- og tobaksvareindustri-(Tilgang)",REST_ANVENDELSE Øvrige brancher,1993,6800.873553078527
Import eksklusiv told,"10120 Føde-, drikke- og tobaksvareindustri-(Tilgang)",REST_ANVENDELSE Øvrige brancher,1994,6710.003518936318
Import eksklusiv told,"10120 Føde-, drikke- og tobaksvareindustri-(Tilgang)",REST_ANVENDELSE Øvrige brancher,1995,7582.326333057888
Import eksklusiv told,"10120 Føde-, drikke- og tobaksvareindustri-(Tilgang)",REST_ANVENDELSE Øvrige brancher,1996,8001.169504199026
Import eksklusiv told,"10120 Føde-, drikke- og tobaksvareindustri-(Tilgang)",REST_ANVENDELSE Øvrige brancher,1997,8220.000517273536
Import eksklusiv told,"10120 Føde-, drikke- og tobaksvareindustri-(Tilgang)",REST_ANVENDELSE Øvrige brancher,1998,9002.067251493358
Import eksklusiv told,"10120 Føde-, drikke- og tobaksvareindustri-(Tilgang)",REST_ANVENDELSE Øvrige brancher,1999,9153.524235283154
Import eksklusiv told,"10120 Føde-, drikke- og tobaksvareindustri-(Tilgang)",REST_ANVENDELSE Øvrige brancher,2000,10070.911450849786
Import eksklusiv told,"10120 Føde-, drikke- og tobaksvareindustri-(Tilgang)",REST_ANVENDELSE Øvrige brancher,2001,10230.34233616315
Import eksklusiv told,"10120 Føde-, drikke- og tobaksvareindustri-(Tilgang)",REST_ANVENDELSE Øvrige brancher,2002,10985.586455590079
Import eksklusiv told,"10120 Føde-, drikke- og tobaksvareindustri-(Tilgang)",REST_ANVENDELSE Øvrige brancher,2003,9998.274464365066
Import eksklusiv told,"10120 Føde-, drikke- og tobaksvareindustri-(Tilgang)",REST_ANVENDELSE Øvrige brancher,2004,10942.536702150348
Import eksklusiv told,"10120 Føde-, drikke- og tobaksvareindustri-(Tilgang)",REST_ANVENDELSE Øvrige brancher,2005,11489.482190541139
Import eksklusiv told,"10120 Føde-, drikke- og tobaksvareindustri-(Tilgang)",REST_ANVENDELSE Øvrige brancher,2006,11927.649754468699
Import eksklusiv told,"10120 Føde-, drikke- og tobaksvareindustri-(Tilgang)",REST_ANVENDELSE Øvrige brancher,2007,12587.34431291101
Import eksklusiv told,"10120 Føde-, drikke- og tobaksvareindustri-(Tilgang)",REST_ANVENDELSE Øvrige brancher,2008,11245.009445262824
Import eksklusiv told,"10120 Føde-, drikke- og tobaksvareindustri-(Tilgang)",REST_ANVENDELSE Øvrige brancher,2009,9532.179064703256
Import eksklusiv told,"10120 Føde-, drikke- og tobaksvareindustri-(Tilgang)",REST_ANVENDELSE Øvrige brancher,2010,10113.43487149447
Import eksklusiv told,"10120 Føde-, drikke- og tobaksvareindustri-(Tilgang)",REST_ANVENDELSE Øvrige brancher,2011,10266.149555959631
Import eksklusiv told,"10120 Føde-, drikke- og tobaksvareindustri-(Tilgang)",REST_ANVENDELSE Øvrige brancher,2012,10521.31093702241
Import eksklusiv told,"10120 Føde-, drikke- og tobaksvareindustri-(Tilgang)",REST_ANVENDELSE Øvrige brancher,2013,11179.204841713648
Import eksklusiv told,"10120 Føde-, drikke- og tobaksvareindustri-(Tilgang)",REST_ANVENDELSE Øvrige brancher,2014,11781.035950561176
Import eksklusiv told,"10120 Føde-, drikke- og tobaksvareindustri-(Tilgang)",REST_ANVENDELSE Øvrige brancher,2015,12588.628237713536
Import eksklusiv told,"10120 Føde-, drikke- og tobaksvareindustri-(Tilgang)",REST_ANVENDELSE Øvrige brancher,2016,12406.634217275467
Import eksklusiv told,"10120 Føde-, drikke- og tobaksvareindustri-(Tilgang)",REST_ANVENDELSE Øvrige brancher,2017,12515.550845397423
Import eksklusiv told,"10120 Føde-, drikke- og tobaksvareindustri-(Tilgang)",REST_ANVENDELSE Øvrige brancher,2018,13214.24301989222
Import eksklusiv told,"10120 Føde-, drikke- og tobaksvareindustri-(Tilgang)",REST_ANVENDELSE Øvrige brancher,2019,13826.53186019456
Import eksklusiv told,"10120 Føde-, drikke- og tobaksvareindustri-(Tilgang)",REST_ANVENDELSE Øvrige brancher,2020,13238.154
Import eksklusiv told,"10120 Føde-, drikke- og tobaksvareindustri-(Tilgang)",REST_ANVENDELSE Øvrige brancher,2021,13000.797
Import eksklusiv told,"10120 Føde-, drikke- og tobaksvareindustri-(Tilgang)",REST_ANVENDELSE Øvrige brancher,2022,13798.437834750208
Import eksklusiv told,Privat,01000 Landbrug og gartneri- (Anvendelse),1967,7091.707799946762
Import eksklusiv told,Privat,01000 Landbrug og gartneri- (Anvendelse),1968,5745.596928308862
Import eksklusiv told,Privat,01000 Landbrug og gartneri- (Anvendelse),1969,5426.5002396045775
Import eksklusiv told,Privat,01000 Landbrug og gartneri- (Anvendelse),1970,6327.067198646338
Import eksklusiv told,Privat,01000 Landbrug og gartneri- (Anvendelse),1971,6935.012363093634
Import eksklusiv told,Privat,01000 Landbrug og gartneri- (Anvendelse),1972,6793.743279093551
Import eksklusiv told,Privat,01000 Landbrug og gartneri- (Anvendelse),1973,7208.9647764501
Import eksklusiv told,Privat,01000 Landbrug og gartneri- (Anvendelse),1974,6964.53153079221
Import eksklusiv told,Privat,01000 Landbrug og gartneri- (Anvendelse),1975,7384.630049858308
Import eksklusiv told,Privat,01000 Landbrug og gartneri- (Anvendelse),1976,8786.81555812733
Import eksklusiv told,Privat,01000 Landbrug og gartneri- (Anvendelse),1977,8956.958623770315
Import eksklusiv told,Privat,01000 Landbrug og gartneri- (Anvendelse),1978,9361.471408933006
Import eksklusiv told,Privat,01000 Landbrug og gartneri- (Anvendelse),1979,10504.768200503422
Import eksklusiv told,Privat,01000 Landbrug og gartneri- (Anvendelse),1980,10397.335263462397
Import eksklusiv told,Privat,01000 Landbrug og gartneri- (Anvendelse),1981,11075.317761026363
Import eksklusiv told,Privat,01000 Landbrug og gartneri- (Anvendelse),1982,11681.103547655865
Import eksklusiv told,Privat,01000 Landbrug og gartneri- (Anvendelse),1983,12659.126288073201
Import eksklusiv told,Privat,01000 Landbrug og gartneri- (Anvendelse),1984,11981.08742443603
Import eksklusiv told,Privat,01000 Landbrug og gartneri- (Anvendelse),1985,12199.207472076734
Import eksklusiv told,Privat,01000 Landbrug og gartneri- (Anvendelse),1986,12127.079638502875
Import eksklusiv told,Privat,01000 Landbrug og gartneri- (Anvendelse),1987,12043.80524933698
Import eksklusiv told,Privat,01000 Landbrug og gartneri- (Anvendelse),1988,10546.394003234629
Import eksklusiv told,Privat,01000 Landbrug og gartneri- (Anvendelse),1989,11120.678212669567
Import eksklusiv told,Privat,01000 Landbrug og gartneri- (Anvendelse),1990,11477.580608192078
Import eksklusiv told,Privat,01000 Landbrug og gartneri- (Anvendelse),1991,11778.695562071165
Import eksklusiv told,Privat,01000 Landbrug og gartneri- (Anvendelse),1992,12966.84483340417
Import eksklusiv told,Privat,01000 Landbrug og gartneri- (Anvendelse),1993,12232.43235112987
Import eksklusiv told,Privat,01000 Landbrug og gartneri- (Anvendelse),1994,11218.1012229306
Import eksklusiv told,Privat,01000 Landbrug og gartneri- (Anvendelse),1995,10511.013626178888
Import eksklusiv told,Privat,01000 Landbrug og gartneri- (Anvendelse),1996,9836.254524844895
Import eksklusiv told,Privat,01000 Landbrug og gartneri- (Anvendelse),1997,10011.296810877535
Import eksklusiv told,Privat,01000 Landbrug og gartneri- (Anvendelse),1998,11135.222862286466
Import eksklusiv told,Privat,01000 Landbrug og gartneri- (Anvendelse),1999,10713.561964702983
Import eksklusiv told,Privat,01000 Landbrug og gartneri- (Anvendelse),2000,10401.5284881098
Import eksklusiv told,Privat,01000 Landbrug og gartneri- (Anvendelse),2001,10384.540588436137
Import eksklusiv told,Privat,01000 Landbrug og gartneri- (Anvendelse),2002,11153.202629688596
Import eksklusiv told,Privat,01000 Landbrug og gartneri- (Anvendelse),2003,9686.564850864977
Import eksklusiv told,Privat,01000 Landbrug og gartneri- (Anvendelse),2004,10448.87447611261
Import eksklusiv told,Privat,01000 Landbrug og gartneri- (Anvendelse),2005,10024.515634349165
Import eksklusiv told,Privat,01000 Landbrug og gartneri- (Anvendelse),2006,10151.313297503973
Import eksklusiv told,Privat,01000 Landbrug og gartneri- (Anvendelse),2007,10264.05261889527
Import eksklusiv told,Privat,01000 Landbrug og gartneri- (Anvendelse),2008,11154.048441515983
Import eksklusiv told,Privat,01000 Landbrug og gartneri- (Anvendelse),2009,11488.028286011498
Import eksklusiv told,Privat,01000 Landbrug og gartneri- (Anvendelse),2010,11792.985175235262
Import eksklusiv told,Privat,01000 Landbrug og gartneri- (Anvendelse),2011,12527.803572104767
Import eksklusiv told,Privat,01000 Landbrug og gartneri- (Anvendelse),2012,12160.540120010748
Import eksklusiv told,Privat,01000 Landbrug og gartneri- (Anvendelse),2013,11764.289675009335
Import eksklusiv told,Privat,01000 Landbrug og gartneri- (Anvendelse),2014,11792.98030151267
Import eksklusiv told,Privat,01000 Landbrug og gartneri- (Anvendelse),2015,12700.763494816665
Import eksklusiv told,Privat,01000 Landbrug og gartneri- (Anvendelse),2016,12370.46324989775
Import eksklusiv told,Privat,01000 Landbrug og gartneri- (Anvendelse),2017,11815.87059856259
Import eksklusiv told,Privat,01000 Landbrug og gartneri- (Anvendelse),2018,11784.498446854344
Import eksklusiv told,Privat,01000 Landbrug og gartneri- (Anvendelse),2019,11118.360143479042
Import eksklusiv told,Privat,01000 Landbrug og gartneri- (Anvendelse),2020,10519.724000000002
Import eksklusiv told,Privat,01000 Landbrug og gartneri- (Anvendelse),2021,10918.513
Import eksklusiv told,Privat,01000 Landbrug og gartneri- (Anvendelse),2022,10684.460828719426
Import eksklusiv told,Privat,"10120 Føde-, drikke- og tobaksvareindustri- (Anvendelse)",1967,5607.245087043012
Import eksklusiv told,Privat,"10120 Føde-, drikke- og tobaksvareindustri- (Anvendelse)",1968,5183.517332794166
Import eksklusiv told,Privat,"10120 Føde-, drikke- og tobaksvareindustri- (Anvendelse)",1969,5451.780720379519
Import eksklusiv told,Privat,"10120 Føde-, drikke- og tobaksvareindustri- (Anvendelse)",1970,6453.21027292327
Import eksklusiv told,Privat,"10120 Føde-, drikke- og tobaksvareindustri- (Anvendelse)",1971,6666.233534577751
Import eksklusiv told,Privat,"10120 Føde-, drikke- og tobaksvareindustri- (Anvendelse)",1972,6430.882120995045
Import eksklusiv told,Privat,"10120 Føde-, drikke- og tobaksvareindustri- (Anvendelse)",1973,7448.244549912341
Import eksklusiv told,Privat,"10120 Føde-, drikke- og tobaksvareindustri- (Anvendelse)",1974,7544.367123735358
Import eksklusiv told,Privat,"10120 Føde-, drikke- og tobaksvareindustri- (Anvendelse)",1975,7046.420575794582
Import eksklusiv told,Privat,"10120 Føde-, drikke- og tobaksvareindustri- (Anvendelse)",1976,8266.870359598368
Import eksklusiv told,Privat,"10120 Føde-, drikke- og tobaksvareindustri- (Anvendelse)",1977,8183.411432499838
Import eksklusiv told,Privat,"10120 Føde-, drikke- og tobaksvareindustri- (Anvendelse)",1978,8960.729758201125
Import eksklusiv told,Privat,"10120 Føde-, drikke- og tobaksvareindustri- (Anvendelse)",1979,9746.62018810585
Import eksklusiv told,Privat,"10120 Føde-, drikke- og tobaksvareindustri- (Anvendelse)",1980,9901.859066026813
Import eksklusiv told,Privat,"10120 Føde-, drikke- og tobaksvareindustri- (Anvendelse)",1981,10098.210620087764
Import eksklusiv told,Privat,"10120 Føde-, drikke- og tobaksvareindustri- (Anvendelse)",1982,10231.022909537867
Import eksklusiv told,Privat,"10120 Føde-, drikke- og tobaksvareindustri- (Anvendelse)",1983,9944.706539738758
Import eksklusiv told,Privat,"10120 Føde-, drikke- og tobaksvareindustri- (Anvendelse)",1984,10548.681816373772
Import eksklusiv told,Privat,"10120 Føde-, drikke- og tobaksvareindustri- (Anvendelse)",1985,11068.81410495346
Import eksklusiv told,Privat,"10120 Føde-, drikke- og tobaksvareindustri- (Anvendelse)",1986,12000.484603915089
Import eksklusiv told,Privat,"10120 Føde-, drikke- og tobaksvareindustri- (Anvendelse)",1987,12639.050879053457
Import eksklusiv told,Privat,"10120 Føde-, drikke- og tobaksvareindustri- (Anvendelse)",1988,12670.190539408728
Import eksklusiv told,Privat,"10120 Føde-, drikke- og tobaksvareindustri- (Anvendelse)",1989,13529.714531548492
Import eksklusiv told,Privat,"10120 Føde-, drikke- og tobaksvareindustri- (Anvendelse)",1990,15100.98859868393
Import eksklusiv told,Privat,"10120 Føde-, drikke- og tobaksvareindustri- (Anvendelse)",1991,16807.164413228245
Import eksklusiv told,Privat,"10120 Føde-, drikke- og tobaksvareindustri- (Anvendelse)",1992,16443.015527592757
Import eksklusiv told,Privat,"10120 Føde-, drikke- og tobaksvareindustri- (Anvendelse)",1993,16460.75951558816
Import eksklusiv told,Privat,"10120 Føde-, drikke- og tobaksvareindustri- (Anvendelse)",1994,18320.851074631228
Import eksklusiv told,Privat,"10120 Føde-, drikke- og tobaksvareindustri- (Anvendelse)",1995,19482.19689155311
Import eksklusiv told,Privat,"10120 Føde-, drikke- og tobaksvareindustri- (Anvendelse)",1996,20617.12370488495
Import eksklusiv told,Privat,"10120 Føde-, drikke- og tobaksvareindustri- (Anvendelse)",1997,21007.172721544215
Import eksklusiv told,Privat,"10120 Føde-, drikke- og tobaksvareindustri- (Anvendelse)",1998,21430.871024726217
Import eksklusiv told,Privat,"10120 Føde-, drikke- og tobaksvareindustri- (Anvendelse)",1999,21625.250898787297
Import eksklusiv told,Privat,"10120 Føde-, drikke- og tobaksvareindustri- (Anvendelse)",2000,24105.50873853316
Import eksklusiv told,Privat,"10120 Føde-, drikke- og tobaksvareindustri- (Anvendelse)",2001,25363.283092115307
Import eksklusiv told,Privat,"10120 Føde-, drikke- og tobaksvareindustri- (Anvendelse)",2002,27074.007533677566
Import eksklusiv told,Privat,"10120 Føde-, drikke- og tobaksvareindustri- (Anvendelse)",2003,29461.587155365167
Import eksklusiv told,Privat,"10120 Føde-, drikke- og tobaksvareindustri- (Anvendelse)",2004,29827.7402813121
Import eksklusiv told,Privat,"10120 Føde-, drikke- og tobaksvareindustri- (Anvendelse)",2005,30730.940469922127
Import eksklusiv told,Privat,"10120 Føde-, drikke- og tobaksvareindustri- (Anvendelse)",2006,33368.06380203686
Import eksklusiv told,Privat,"10120 Føde-, drikke- og tobaksvareindustri- (Anvendelse)",2007,33448.35224026794
Import eksklusiv told,Privat,"10120 Føde-, drikke- og tobaksvareindustri- (Anvendelse)",2008,35815.563328225304
Import eksklusiv told,Privat,"10120 Føde-, drikke- og tobaksvareindustri- (Anvendelse)",2009,31781.021863191312
Import eksklusiv told,Privat,"10120 Føde-, drikke- og tobaksvareindustri- (Anvendelse)",2010,29716.817221907528
Import eksklusiv told,Privat,"10120 Føde-, drikke- og tobaksvareindustri- (Anvendelse)",2011,29469.976271005562
Import eksklusiv told,Privat,"10120 Føde-, drikke- og tobaksvareindustri- (Anvendelse)",2012,29758.99504064944
Import eksklusiv told,Privat,"10120 Føde-, drikke- og tobaksvareindustri- (Anvendelse)",2013,30504.341225544074
Import eksklusiv told,Privat,"10120 Føde-, drikke- og tobaksvareindustri- (Anvendelse)",2014,30787.11558664773
Import eksklusiv told,Privat,"10120 Føde-, drikke- og tobaksvareindustri- (Anvendelse)",2015,32211.70482174148
Import eksklusiv told,Privat,"10120 Føde-, drikke- og tobaksvareindustri- (Anvendelse)",2016,31849.30583333753
Import eksklusiv told,Privat,"10120 Føde-, drikke- og tobaksvareindustri- (Anvendelse)",2017,32818.15747958464
Import eksklusiv told,Privat,"10120 Føde-, drikke- og tobaksvareindustri- (Anvendelse)",2018,33930.14287952751
Import eksklusiv told,Privat,"10120 Føde-, drikke- og tobaksvareindustri- (Anvendelse)",2019,34769.77170361882
Import eksklusiv told,Privat,"10120 Føde-, drikke- og tobaksvareindustri- (Anvendelse)",2020,35642.888
Import eksklusiv told,Privat,"10120 Føde-, drikke- og tobaksvareindustri- (Anvendelse)",2021,34193.16499999999
Import eksklusiv told,Privat,"10120 Føde-, drikke- og tobaksvareindustri- (Anvendelse)",2022,34474.61983037438
Import eksklusiv told,Privat,"Anvendelse, i alt-(Anvendelse)",1967,99384.74187775025
Import eksklusiv told,Privat,"Anvendelse, i alt-(Anvendelse)",1968,106468.2146921524
Import eksklusiv told,Privat,"Anvendelse, i alt-(Anvendelse)",1969,121344.94168643783
Import eksklusiv told,Privat,"Anvendelse, i alt-(Anvendelse)",1970,132479.85856143123
Import eksklusiv told,Privat,"Anvendelse, i alt-(Anvendelse)",1971,133003.97482108348
Import eksklusiv told,Privat,"Anvendelse, i alt-(Anvendelse)",1972,134588.27792348445
Import eksklusiv told,Privat,"Anvendelse, i alt-(Anvendelse)",1973,158305.33415462144
Import eksklusiv told,Privat,"Anvendelse, i alt-(Anvendelse)",1974,155370.75703656243
Import eksklusiv told,Privat,"Anvendelse, i alt-(Anvendelse)",1975,146318.7545937545
Import eksklusiv told,Privat,"Anvendelse, i alt-(Anvendelse)",1976,170990.83109767453
Import eksklusiv told,Privat,"Anvendelse, i alt-(Anvendelse)",1977,170182.75756910787
Import eksklusiv told,Privat,"Anvendelse, i alt-(Anvendelse)",1978,171056.2233650483
Import eksklusiv told,Privat,"Anvendelse, i alt-(Anvendelse)",1979,183110.3657230115
Import eksklusiv told,Privat,"Anvendelse, i alt-(Anvendelse)",1980,173086.3895712433
Import eksklusiv told,Privat,"Anvendelse, i alt-(Anvendelse)",1981,173352.1163879361
Import eksklusiv told,Privat,"Anvendelse, i alt-(Anvendelse)",1982,174874.68387936606
Import eksklusiv told,Privat,"Anvendelse, i alt-(Anvendelse)",1983,181774.43999632433
Import eksklusiv told,Privat,"Anvendelse, i alt-(Anvendelse)",1984,194996.19654823793
Import eksklusiv told,Privat,"Anvendelse, i alt-(Anvendelse)",1985,214273.10598646355
Import eksklusiv told,Privat,"Anvendelse, i alt-(Anvendelse)",1986,229242.1977123805
Import eksklusiv told,Privat,"Anvendelse, i alt-(Anvendelse)",1987,224248.18745609198
Import eksklusiv told,Privat,"Anvendelse, i alt-(Anvendelse)",1988,230471.69871241544
Import eksklusiv told,Privat,"Anvendelse, i alt-(Anvendelse)",1989,245055.76481549046
Import eksklusiv told,Privat,"Anvendelse, i alt-(Anvendelse)",1990,249454.5299279819
Import eksklusiv told,Privat,"Anvendelse, i alt-(Anvendelse)",1991,261327.09859820045
Import eksklusiv told,Privat,"Anvendelse, i alt-(Anvendelse)",1992,261499.72971512584
Import eksklusiv told,Privat,"Anvendelse, i alt-(Anvendelse)",1993,255245.20457217883
Import eksklusiv told,Privat,"Anvendelse, i alt-(Anvendelse)",1994,291161.5392176908
Import eksklusiv told,Privat,"Anvendelse, i alt-(Anvendelse)",1995,313205.2570463646
Import eksklusiv told,Privat,"Anvendelse, i alt-(Anvendelse)",1996,323115.07637726876
Import eksklusiv told,Privat,"Anvendelse, i alt-(Anvendelse)",1997,353585.29644556966
Import eksklusiv told,Privat,"Anvendelse, i alt-(Anvendelse)",1998,380723.1335300776
Import eksklusiv told,Privat,"Anvendelse, i alt-(Anvendelse)",1999,388586.5532599055
Import eksklusiv told,Privat,"Anvendelse, i alt-(Anvendelse)",2000,435599.83989043155
Import eksklusiv told,Privat,"Anvendelse, i alt-(Anvendelse)",2001,444359.2667040035
Import eksklusiv told,Privat,"Anvendelse, i alt-(Anvendelse)",2002,474829.7882171584
Import eksklusiv told,Privat,"Anvendelse, i alt-(Anvendelse)",2003,461038.1644166402
Import eksklusiv told,Privat,"Anvendelse, i alt-(Anvendelse)",2004,500491.07373757486
Import eksklusiv told,Privat,"Anvendelse, i alt-(Anvendelse)",2005,566544.2988423407
Import eksklusiv told,Privat,"Anvendelse, i alt-(Anvendelse)",2006,647559.0095966881
Import eksklusiv told,Privat,"Anvendelse, i alt-(Anvendelse)",2007,667281.2095338242
Import eksklusiv told,Privat,"Anvendelse, i alt-(Anvendelse)",2008,701841.8454053582
Import eksklusiv told,Privat,"Anvendelse, i alt-(Anvendelse)",2009,602325.2537053191
Import eksklusiv told,Privat,"Anvendelse, i alt-(Anvendelse)",2010,616799.6377412853
Import eksklusiv told,Privat,"Anvendelse, i alt-(Anvendelse)",2011,657353.5090190955
Import eksklusiv told,Privat,"Anvendelse, i alt-(Anvendelse)",2012,678892.184768565
Import eksklusiv told,Privat,"Anvendelse, i alt-(Anvendelse)",2013,700362.7603862656
Import eksklusiv told,Privat,"Anvendelse, i alt-(Anvendelse)",2014,725643.6997314084
Import eksklusiv told,Privat,"Anvendelse, i alt-(Anvendelse)",2015,773182.024150229
Import eksklusiv told,Privat,"Anvendelse, i alt-(Anvendelse)",2016,799969.7610143269
Import eksklusiv told,Privat,"Anvendelse, i alt-(Anvendelse)",2017,837747.2870855413
Import eksklusiv told,Privat,"Anvendelse, i alt-(Anvendelse)",2018,893732.1242149334
Import eksklusiv told,Privat,"Anvendelse, i alt-(Anvendelse)",2019,929121.2001257027
Import eksklusiv told,Privat,"Anvendelse, i alt-(Anvendelse)",2020,937732.975
Import eksklusiv told,Privat,"Anvendelse, i alt-(Anvendelse)",2021,1026239.885
Import eksklusiv told,Privat,"Anvendelse, i alt-(Anvendelse)",2022,1097877.1231239056
Import eksklusiv told,Privat,Eksport - (Anvendelse),1967,2166.5941342413325
Import eksklusiv told,Privat,Eksport - (Anvendelse),1968,2459.5021182293567
Import eksklusiv told,Privat,Eksport - (Anvendelse),1969,2631.931402731251
Import eksklusiv told,Privat,Eksport - (Anvendelse),1970,3015.5966284944006
Import eksklusiv told,Privat,Eksport - (Anvendelse),1971,3108.535736162381
Import eksklusiv told,Privat,Eksport - (Anvendelse),1972,3124.1665205122636
Import eksklusiv told,Privat,Eksport - (Anvendelse),1973,4575.25468447087
Import eksklusiv told,Privat,Eksport - (Anvendelse),1974,5584.305845696449
Import eksklusiv told,Privat,Eksport - (Anvendelse),1975,4946.837902889327
Import eksklusiv told,Privat,Eksport - (Anvendelse),1976,5805.841644189342
Import eksklusiv told,Privat,Eksport - (Anvendelse),1977,6320.918981518205
Import eksklusiv told,Privat,Eksport - (Anvendelse),1978,6038.291113716542
Import eksklusiv told,Privat,Eksport - (Anvendelse),1979,8583.68303006253
Import eksklusiv told,Privat,Eksport - (Anvendelse),1980,10317.698223910662
Import eksklusiv told,Privat,Eksport - (Anvendelse),1981,12890.312980920522
Import eksklusiv told,Privat,Eksport - (Anvendelse),1982,12516.792609999591
Import eksklusiv told,Privat,Eksport - (Anvendelse),1983,13815.30352331667
Import eksklusiv told,Privat,Eksport - (Anvendelse),1984,13789.487760184673
Import eksklusiv told,Privat,Eksport - (Anvendelse),1985,15377.728909962363
Import eksklusiv told,Privat,Eksport - (Anvendelse),1986,16293.7013867489
Import eksklusiv told,Privat,Eksport - (Anvendelse),1987,20006.720127046832
Import eksklusiv told,Privat,Eksport - (Anvendelse),1988,22606.919997023557
Import eksklusiv told,Privat,Eksport - (Anvendelse),1989,25194.032518846358
Import eksklusiv told,Privat,Eksport - (Anvendelse),1990,27132.312679344665
Import eksklusiv told,Privat,Eksport - (Anvendelse),1991,29916.838873278244
Import eksklusiv told,Privat,Eksport - (Anvendelse),1992,29717.24119301545
Import eksklusiv told,Privat,Eksport - (Anvendelse),1993,29433.63045378539
Import eksklusiv told,Privat,Eksport - (Anvendelse),1994,34224.88764524183
Import eksklusiv told,Privat,Eksport - (Anvendelse),1995,35543.17261773303
Import eksklusiv told,Privat,Eksport - (Anvendelse),1996,39679.90819367027
Import eksklusiv told,Privat,Eksport - (Anvendelse),1997,45030.71623639079
Import eksklusiv told,Privat,Eksport - (Anvendelse),1998,49843.60013997284
Import eksklusiv told,Privat,Eksport - (Anvendelse),1999,54866.42354982843
Import eksklusiv told,Privat,Eksport - (Anvendelse),2000,65141.3663736341
Import eksklusiv told,Privat,Eksport - (Anvendelse),2001,68330.67228099047
Import eksklusiv told,Privat,Eksport - (Anvendelse),2002,80706.65964109678
Import eksklusiv told,Privat,Eksport - (Anvendelse),2003,78781.76524341099
Import eksklusiv told,Privat,Eksport - (Anvendelse),2004,88388.6455713715
Import eksklusiv told,Privat,Eksport - (Anvendelse),2005,106207.0195205971
Import eksklusiv told,Privat,Eksport - (Anvendelse),2006,132430.07574019142
Import eksklusiv told,Privat,Eksport - (Anvendelse),2007,128329.74610890428
Import eksklusiv told,Privat,Eksport - (Anvendelse),2008,138199.91359548416
Import eksklusiv told,Privat,Eksport - (Anvendelse),2009,126616.56091452288
Import eksklusiv told,Privat,Eksport - (Anvendelse),2010,135568.82907742102
Import eksklusiv told,Privat,Eksport - (Anvendelse),2011,153229.9466964716
Import eksklusiv told,Privat,Eksport - (Anvendelse),2012,152128.35179734524
Import eksklusiv told,Privat,Eksport - (Anvendelse),2013,163098.42857180638
Import eksklusiv told,Privat,Eksport - (Anvendelse),2014,168594.57481412007
Import eksklusiv told,Privat,Eksport - (Anvendelse),2015,177502.2288334282
Import eksklusiv told,Privat,Eksport - (Anvendelse),2016,169247.40409112812
Import eksklusiv told,Privat,Eksport - (Anvendelse),2017,185104.31856091198
Import eksklusiv told,Privat,Eksport - (Anvendelse),2018,197539.43668114382
Import eksklusiv told,Privat,Eksport - (Anvendelse),2019,211688.03083054535
Import eksklusiv told,Privat,Eksport - (Anvendelse),2020,210839.072
Import eksklusiv told,Privat,Eksport - (Anvendelse),2021,236994.68200000003
Import eksklusiv told,Privat,Eksport - (Anvendelse),2022,255008.08911283442
Import eksklusiv told,Privat,Faste bruttoinvesteringer + Lagerforøgelse + Værdigenstande (Anvendelse),1967,4929.126094740489
Import eksklusiv told,Privat,Faste bruttoinvesteringer + Lagerforøgelse + Værdigenstande (Anvendelse),1968,6363.992830188705
Import eksklusiv told,Privat,Faste bruttoinvesteringer + Lagerforøgelse + Værdigenstande (Anvendelse),1969,7289.502128188067
Import eksklusiv told,Privat,Faste bruttoinvesteringer + Lagerforøgelse + Værdigenstande (Anvendelse),1970,8529.980913459452
Import eksklusiv told,Privat,Faste bruttoinvesteringer + Lagerforøgelse + Værdigenstande (Anvendelse),1971,7458.703848198179
Import eksklusiv told,Privat,Faste bruttoinvesteringer + Lagerforøgelse + Værdigenstande (Anvendelse),1972,6224.513829775231
Import eksklusiv told,Privat,Faste bruttoinvesteringer + Lagerforøgelse + Værdigenstande (Anvendelse),1973,8771.524865519004
Import eksklusiv told,Privat,Faste bruttoinvesteringer + Lagerforøgelse + Værdigenstande (Anvendelse),1974,8449.505452809663
Import eksklusiv told,Privat,Faste bruttoinvesteringer + Lagerforøgelse + Værdigenstande (Anvendelse),1975,8216.584044971289
Import eksklusiv told,Privat,Faste bruttoinvesteringer + Lagerforøgelse + Værdigenstande (Anvendelse),1976,10474.440202208165
Import eksklusiv told,Privat,Faste bruttoinvesteringer + Lagerforøgelse + Værdigenstande (Anvendelse),1977,9549.226667367944
Import eksklusiv told,Privat,Faste bruttoinvesteringer + Lagerforøgelse + Værdigenstande (Anvendelse),1978,9359.765306113079
Import eksklusiv told,Privat,Faste bruttoinvesteringer + Lagerforøgelse + Værdigenstande (Anvendelse),1979,11010.902833138281
Import eksklusiv told,Privat,Faste bruttoinvesteringer + Lagerforøgelse + Værdigenstande (Anvendelse),1980,7730.958750728889
Import eksklusiv told,Privat,Faste bruttoinvesteringer + Lagerforøgelse + Værdigenstande (Anvendelse),1981,7828.147175820289
Import eksklusiv told,Privat,Faste bruttoinvesteringer + Lagerforøgelse + Værdigenstande (Anvendelse),1982,8815.342292464871
Import eksklusiv told,Privat,Faste bruttoinvesteringer + Lagerforøgelse + Værdigenstande (Anvendelse),1983,10217.50175080031
Import eksklusiv told,Privat,Faste bruttoinvesteringer + Lagerforøgelse + Værdigenstande (Anvendelse),1984,12758.33918844107
Import eksklusiv told,Privat,Faste bruttoinvesteringer + Lagerforøgelse + Værdigenstande (Anvendelse),1985,16937.839579439194
Import eksklusiv told,Privat,Faste bruttoinvesteringer + Lagerforøgelse + Værdigenstande (Anvendelse),1986,21184.950548963123
Import eksklusiv told,Privat,Faste bruttoinvesteringer + Lagerforøgelse + Værdigenstande (Anvendelse),1987,17033.60400735815
Import eksklusiv told,Privat,Faste bruttoinvesteringer + Lagerforøgelse + Værdigenstande (Anvendelse),1988,16801.006810363782
Import eksklusiv told,Privat,Faste bruttoinvesteringer + Lagerforøgelse + Værdigenstande (Anvendelse),1989,21863.861186934813
Import eksklusiv told,Privat,Faste bruttoinvesteringer + Lagerforøgelse + Værdigenstande (Anvendelse),1990,21593.75845126588
Import eksklusiv told,Privat,Faste bruttoinvesteringer + Lagerforøgelse + Værdigenstande (Anvendelse),1991,21746.239498883708
Import eksklusiv told,Privat,Faste bruttoinvesteringer + Lagerforøgelse + Værdigenstande (Anvendelse),1992,21129.036042853746
Import eksklusiv told,Privat,Faste bruttoinvesteringer + Lagerforøgelse + Værdigenstande (Anvendelse),1993,18625.703905462757
Import eksklusiv told,Privat,Faste bruttoinvesteringer + Lagerforøgelse + Værdigenstande (Anvendelse),1994,24717.429854365295
Import eksklusiv told,Privat,Faste bruttoinvesteringer + Lagerforøgelse + Værdigenstande (Anvendelse),1995,31697.731381268994
Import eksklusiv told,Privat,Faste bruttoinvesteringer + Lagerforøgelse + Værdigenstande (Anvendelse),1996,27372.070589539297
Import eksklusiv told,Privat,Faste bruttoinvesteringer + Lagerforøgelse + Værdigenstande (Anvendelse),1997,36292.8293138953
Import eksklusiv told,Privat,Faste bruttoinvesteringer + Lagerforøgelse + Værdigenstande (Anvendelse),1998,41354.539320285025
Import eksklusiv told,Privat,Faste bruttoinvesteringer + Lagerforøgelse + Værdigenstande (Anvendelse),1999,36761.12116155163
Import eksklusiv told,Privat,Faste bruttoinvesteringer + Lagerforøgelse + Værdigenstande (Anvendelse),2000,46221.03098318978
Import eksklusiv told,Privat,Faste bruttoinvesteringer + Lagerforøgelse + Værdigenstande (Anvendelse),2001,45065.13339583439
Import eksklusiv told,Privat,Faste bruttoinvesteringer + Lagerforøgelse + Værdigenstande (Anvendelse),2002,46423.380941250995
Import eksklusiv told,Privat,Faste bruttoinvesteringer + Lagerforøgelse + Værdigenstande (Anvendelse),2003,43577.19165729496
Import eksklusiv told,Privat,Faste bruttoinvesteringer + Lagerforøgelse + Værdigenstande (Anvendelse),2004,53814.59039597635
Import eksklusiv told,Privat,Faste bruttoinvesteringer + Lagerforøgelse + Værdigenstande (Anvendelse),2005,57961.92000590208
Import eksklusiv told,Privat,Faste bruttoinvesteringer + Lagerforøgelse + Værdigenstande (Anvendelse),2006,70655.00420072254
Import eksklusiv told,Privat,Faste bruttoinvesteringer + Lagerforøgelse + Værdigenstande (Anvendelse),2007,76184.2813372099
Import eksklusiv told,Privat,Faste bruttoinvesteringer + Lagerforøgelse + Værdigenstande (Anvendelse),2008,73854.59092795585
Import eksklusiv told,Privat,Faste bruttoinvesteringer + Lagerforøgelse + Værdigenstande (Anvendelse),2009,50375.085396712035
Import eksklusiv told,Privat,Faste bruttoinvesteringer + Lagerforøgelse + Værdigenstande (Anvendelse),2010,50044.047134267006
Import eksklusiv told,Privat,Faste bruttoinvesteringer + Lagerforøgelse + Værdigenstande (Anvendelse),2011,53735.44988022687
Import eksklusiv told,Privat,Faste bruttoinvesteringer + Lagerforøgelse + Værdigenstande (Anvendelse),2012,57544.95224103565
Import eksklusiv told,Privat,Faste bruttoinvesteringer + Lagerforøgelse + Værdigenstande (Anvendelse),2013,61003.67022311232
Import eksklusiv told,Privat,Faste bruttoinvesteringer + Lagerforøgelse + Værdigenstande (Anvendelse),2014,69859.32528788084
Import eksklusiv told,Privat,Faste bruttoinvesteringer + Lagerforøgelse + Værdigenstande (Anvendelse),2015,70965.79848486987
Import eksklusiv told,Privat,Faste bruttoinvesteringer + Lagerforøgelse + Værdigenstande (Anvendelse),2016,79841.74914690155
Import eksklusiv told,Privat,Faste bruttoinvesteringer + Lagerforøgelse + Værdigenstande (Anvendelse),2017,85427.18788058893
Import eksklusiv told,Privat,Faste bruttoinvesteringer + Lagerforøgelse + Værdigenstande (Anvendelse),2018,94707.63187436528
Import eksklusiv told,Privat,Faste bruttoinvesteringer + Lagerforøgelse + Værdigenstande (Anvendelse),2019,87274.37181693802
Import eksklusiv told,Privat,Faste bruttoinvesteringer + Lagerforøgelse + Værdigenstande (Anvendelse),2020,92678.146
Import eksklusiv told,Privat,Faste bruttoinvesteringer + Lagerforøgelse + Værdigenstande (Anvendelse),2021,114465.813
Import eksklusiv told,Privat,Faste bruttoinvesteringer + Lagerforøgelse + Værdigenstande (Anvendelse),2022,132578.87196416777
Import eksklusiv told,Privat,Husholdningernes forbrugsudgifter + NPISH (Anvendelse),1967,19145.65671835278
Import eksklusiv told,Privat,Husholdningernes forbrugsudgifter + NPISH (Anvendelse),1968,19865.697776543668
Import eksklusiv told,Privat,Husholdningernes forbrugsudgifter + NPISH (Anvendelse),1969,23025.485559499855
Import eksklusiv told,Privat,Husholdningernes forbrugsudgifter + NPISH (Anvendelse),1970,24525.769783962784
Import eksklusiv told,Privat,Husholdningernes forbrugsudgifter + NPISH (Anvendelse),1971,24716.453091904466
Import eksklusiv told,Privat,Husholdningernes forbrugsudgifter + NPISH (Anvendelse),1972,24909.620337014134
Import eksklusiv told,Privat,Husholdningernes forbrugsudgifter + NPISH (Anvendelse),1973,30243.55345778626
Import eksklusiv told,Privat,Husholdningernes forbrugsudgifter + NPISH (Anvendelse),1974,28019.877549201537
Import eksklusiv told,Privat,Husholdningernes forbrugsudgifter + NPISH (Anvendelse),1975,29284.962886371435
Import eksklusiv told,Privat,Husholdningernes forbrugsudgifter + NPISH (Anvendelse),1976,35207.80168577308
Import eksklusiv told,Privat,Husholdningernes forbrugsudgifter + NPISH (Anvendelse),1977,34772.686720647616
Import eksklusiv told,Privat,Husholdningernes forbrugsudgifter + NPISH (Anvendelse),1978,34575.33883017498
Import eksklusiv told,Privat,Husholdningernes forbrugsudgifter + NPISH (Anvendelse),1979,34309.4753538387
Import eksklusiv told,Privat,Husholdningernes forbrugsudgifter + NPISH (Anvendelse),1980,30718.80261875314
Import eksklusiv told,Privat,Husholdningernes forbrugsudgifter + NPISH (Anvendelse),1981,30905.845009729004
Import eksklusiv told,Privat,Husholdningernes forbrugsudgifter + NPISH (Anvendelse),1982,32183.50388310254
Import eksklusiv told,Privat,Husholdningernes forbrugsudgifter + NPISH (Anvendelse),1983,33483.7008353949
Import eksklusiv told,Privat,Husholdningernes forbrugsudgifter + NPISH (Anvendelse),1984,36152.56222494711
Import eksklusiv told,Privat,Husholdningernes forbrugsudgifter + NPISH (Anvendelse),1985,39480.91148782073
Import eksklusiv told,Privat,Husholdningernes forbrugsudgifter + NPISH (Anvendelse),1986,42620.697553820144
Import eksklusiv told,Privat,Husholdningernes forbrugsudgifter + NPISH (Anvendelse),1987,39898.16479028879
Import eksklusiv told,Privat,Husholdningernes forbrugsudgifter + NPISH (Anvendelse),1988,37793.1146395432
Import eksklusiv told,Privat,Husholdningernes forbrugsudgifter + NPISH (Anvendelse),1989,38156.4029622344
Import eksklusiv told,Privat,Husholdningernes forbrugsudgifter + NPISH (Anvendelse),1990,37551.56272232014
Import eksklusiv told,Privat,Husholdningernes forbrugsudgifter + NPISH (Anvendelse),1991,40498.80109946152
Import eksklusiv told,Privat,Husholdningernes forbrugsudgifter + NPISH (Anvendelse),1992,41282.29037662318
Import eksklusiv told,Privat,Husholdningernes forbrugsudgifter + NPISH (Anvendelse),1993,41340.18598832603
Import eksklusiv told,Privat,Husholdningernes forbrugsudgifter + NPISH (Anvendelse),1994,49541.850808944015
Import eksklusiv told,Privat,Husholdningernes forbrugsudgifter + NPISH (Anvendelse),1995,50660.976689541276
Import eksklusiv told,Privat,Husholdningernes forbrugsudgifter + NPISH (Anvendelse),1996,54105.395180715546
Import eksklusiv told,Privat,Husholdningernes forbrugsudgifter + NPISH (Anvendelse),1997,59636.39005649066
Import eksklusiv told,Privat,Husholdningernes forbrugsudgifter + NPISH (Anvendelse),1998,62447.13547292725
Import eksklusiv told,Privat,Husholdningernes forbrugsudgifter + NPISH (Anvendelse),1999,62478.71098996291
Import eksklusiv told,Privat,Husholdningernes forbrugsudgifter + NPISH (Anvendelse),2000,64736.16894581369
Import eksklusiv told,Privat,Husholdningernes forbrugsudgifter + NPISH (Anvendelse),2001,63733.1295322082
Import eksklusiv told,Privat,Husholdningernes forbrugsudgifter + NPISH (Anvendelse),2002,66800.07479649656
Import eksklusiv told,Privat,Husholdningernes forbrugsudgifter + NPISH (Anvendelse),2003,64975.33810717396
Import eksklusiv told,Privat,Husholdningernes forbrugsudgifter + NPISH (Anvendelse),2004,73115.97255773893
Import eksklusiv told,Privat,Husholdningernes forbrugsudgifter + NPISH (Anvendelse),2005,79075.7761744672
Import eksklusiv told,Privat,Husholdningernes forbrugsudgifter + NPISH (Anvendelse),2006,85664.1841504197
Import eksklusiv told,Privat,Husholdningernes forbrugsudgifter + NPISH (Anvendelse),2007,90661.24397270707
Import eksklusiv told,Privat,Husholdningernes forbrugsudgifter + NPISH (Anvendelse),2008,89995.41521589679
Import eksklusiv told,Privat,Husholdningernes forbrugsudgifter + NPISH (Anvendelse),2009,80386.66717347158
Import eksklusiv told,Privat,Husholdningernes forbrugsudgifter + NPISH (Anvendelse),2010,84543.45063192135
Import eksklusiv told,Privat,Husholdningernes forbrugsudgifter + NPISH (Anvendelse),2011,84873.01636520779
Import eksklusiv told,Privat,Husholdningernes forbrugsudgifter + NPISH (Anvendelse),2012,88479.8308638487
Import eksklusiv told,Privat,Husholdningernes forbrugsudgifter + NPISH (Anvendelse),2013,89713.2350445484
Import eksklusiv told,Privat,Husholdningernes forbrugsudgifter + NPISH (Anvendelse),2014,94742.14332069513
Import eksklusiv told,Privat,Husholdningernes forbrugsudgifter + NPISH (Anvendelse),2015,102376.93719639523
Import eksklusiv told,Privat,Husholdningernes forbrugsudgifter + NPISH (Anvendelse),2016,109172.59506404896
Import eksklusiv told,Privat,Husholdningernes forbrugsudgifter + NPISH (Anvendelse),2017,114585.27716025746
Import eksklusiv told,Privat,Husholdningernes forbrugsudgifter + NPISH (Anvendelse),2018,122329.13743443537
Import eksklusiv told,Privat,Husholdningernes forbrugsudgifter + NPISH (Anvendelse),2019,125966.20700805014
Import eksklusiv told,Privat,Husholdningernes forbrugsudgifter + NPISH (Anvendelse),2020,134704.667
Import eksklusiv told,Privat,Husholdningernes forbrugsudgifter + NPISH (Anvendelse),2021,144751.272
Import eksklusiv told,Privat,Husholdningernes forbrugsudgifter + NPISH (Anvendelse),2022,138802.280313516
Import eksklusiv told,Privat,"Offentligt forbrug, i alt-(Anvendelse)",1967,148.194810754654
Import eksklusiv told,Privat,"Offentligt forbrug, i alt-(Anvendelse)",1968,212.38208901914876
Import eksklusiv told,Privat,"Offentligt forbrug, i alt-(Anvendelse)",1969,230.80313935173336
Import eksklusiv told,Privat,"Offentligt forbrug, i alt-(Anvendelse)",1970,281.04585580257833
Import eksklusiv told,Privat,"Offentligt forbrug, i alt-(Anvendelse)",1971,285.03252166018234
Import eksklusiv told,Privat,"Offentligt forbrug, i alt-(Anvendelse)",1972,354.92559588477775
Import eksklusiv told,Privat,"Offentligt forbrug, i alt-(Anvendelse)",1973,317.35798689682935
Import eksklusiv told,Privat,"Offentligt forbrug, i alt-(Anvendelse)",1974,376.8608274909972
Import eksklusiv told,Privat,"Offentligt forbrug, i alt-(Anvendelse)",1975,359.65339414172223
Import eksklusiv told,Privat,"Offentligt forbrug, i alt-(Anvendelse)",1976,354.45172413479975
Import eksklusiv told,Privat,"Offentligt forbrug, i alt-(Anvendelse)",1977,411.7076845189449
Import eksklusiv told,Privat,"Offentligt forbrug, i alt-(Anvendelse)",1978,449.06761392498106
Import eksklusiv told,Privat,"Offentligt forbrug, i alt-(Anvendelse)",1979,478.71488083673233
Import eksklusiv told,Privat,"Offentligt forbrug, i alt-(Anvendelse)",1980,508.5026182084776
Import eksklusiv told,Privat,"Offentligt forbrug, i alt-(Anvendelse)",1981,500.86578087871993
Import eksklusiv told,Privat,"Offentligt forbrug, i alt-(Anvendelse)",1982,519.7207854185982
Import eksklusiv told,Privat,"Offentligt forbrug, i alt-(Anvendelse)",1983,533.0242582510732
Import eksklusiv told,Privat,"Offentligt forbrug, i alt-(Anvendelse)",1984,519.6089385205344
Import eksklusiv told,Privat,"Offentligt forbrug, i alt-(Anvendelse)",1985,543.6771428097155
Import eksklusiv told,Privat,"Offentligt forbrug, i alt-(Anvendelse)",1986,598.6269993875342
Import eksklusiv told,Privat,"Offentligt forbrug, i alt-(Anvendelse)",1987,660.9894655844246
Import eksklusiv told,Privat,"Offentligt forbrug, i alt-(Anvendelse)",1988,688.002428221099
Import eksklusiv told,Privat,"Offentligt forbrug, i alt-(Anvendelse)",1989,681.360323077549
Import eksklusiv told,Privat,"Offentligt forbrug, i alt-(Anvendelse)",1990,921.6277942962389
Import eksklusiv told,Privat,"Offentligt forbrug, i alt-(Anvendelse)",1991,1185.1061788969182
Import eksklusiv told,Privat,"Offentligt forbrug, i alt-(Anvendelse)",1992,1318.4227428320476
Import eksklusiv told,Privat,"Offentligt forbrug, i alt-(Anvendelse)",1993,1334.1832093754315
Import eksklusiv told,Privat,"Offentligt forbrug, i alt-(Anvendelse)",1994,1469.5712457089137
Import eksklusiv told,Privat,"Offentligt forbrug, i alt-(Anvendelse)",1995,1702.034231676772
Import eksklusiv told,Privat,"Offentligt forbrug, i alt-(Anvendelse)",1996,1658.493679006778
Import eksklusiv told,Privat,"Offentligt forbrug, i alt-(Anvendelse)",1997,1682.81730226696
Import eksklusiv told,Privat,"Offentligt forbrug, i alt-(Anvendelse)",1998,1979.7098744127325
Import eksklusiv told,Privat,"Offentligt forbrug, i alt-(Anvendelse)",1999,2269.2282149625626
Import eksklusiv told,Privat,"Offentligt forbrug, i alt-(Anvendelse)",2000,2617.7458840628146
Import eksklusiv told,Privat,"Offentligt forbrug, i alt-(Anvendelse)",2001,2801.281138444971
Import eksklusiv told,Privat,"Offentligt forbrug, i alt-(Anvendelse)",2002,3625.753133934729
Import eksklusiv told,Privat,"Offentligt forbrug, i alt-(Anvendelse)",2003,3627.4597039294194
Import eksklusiv told,Privat,"Offentligt forbrug, i alt-(Anvendelse)",2004,3924.325596062893
Import eksklusiv told,Privat,"Offentligt forbrug, i alt-(Anvendelse)",2005,3995.6932556079983
Import eksklusiv told,Privat,"Offentligt forbrug, i alt-(Anvendelse)",2006,3026.2088267903405
Import eksklusiv told,Privat,"Offentligt forbrug, i alt-(Anvendelse)",2007,3261.620915796995
Import eksklusiv told,Privat,"Offentligt forbrug, i alt-(Anvendelse)",2008,4053.5115189576572
Import eksklusiv told,Privat,"Offentligt forbrug, i alt-(Anvendelse)",2009,3769.546929163496
Import eksklusiv told,Privat,"Offentligt forbrug, i alt-(Anvendelse)",2010,4190.713953865232
Import eksklusiv told,Privat,"Offentligt forbrug, i alt-(Anvendelse)",2011,3868.2737493487894
Import eksklusiv told,Privat,"Offentligt forbrug, i alt-(Anvendelse)",2012,3891.389049995698
Import eksklusiv told,Privat,"Offentligt forbrug, i alt-(Anvendelse)",2013,3684.3283856030357
Import eksklusiv told,Privat,"Offentligt forbrug, i alt-(Anvendelse)",2014,3976.218756701285
Import eksklusiv told,Privat,"Offentligt forbrug, i alt-(Anvendelse)",2015,4106.204131899674
Import eksklusiv told,Privat,"Offentligt forbrug, i alt-(Anvendelse)",2016,4222.342227638781
Import eksklusiv told,Privat,"Offentligt forbrug, i alt-(Anvendelse)",2017,4400.352394302023
Import eksklusiv told,Privat,"Offentligt forbrug, i alt-(Anvendelse)",2018,4461.353857865872
Import eksklusiv told,Privat,"Offentligt forbrug, i alt-(Anvendelse)",2019,4584.6688157895405
Import eksklusiv told,Privat,"Offentligt forbrug, i alt-(Anvendelse)",2020,4264.482
Import eksklusiv told,Privat,"Offentligt forbrug, i alt-(Anvendelse)",2021,4701.837000000001
Import eksklusiv told,Privat,"Offentligt forbrug, i alt-(Anvendelse)",2022,4942.613643556376
Import eksklusiv told,Privat,Privat,1967,81086.305661768
Import eksklusiv told,Privat,Privat,1968,84291.05622225496
Import eksklusiv told,Privat,Privat,1969,95971.26823881414
Import eksklusiv told,Privat,Privat,1970,103573.95477410774
Import eksklusiv told,Privat,Privat,1971,106435.3230184232
Import eksklusiv told,Privat,Privat,1972,111596.95625697072
Import eksklusiv told,Privat,Privat,1973,123541.67710555388
Import eksklusiv told,Privat,Privat,1974,121401.29884024958
Import eksklusiv told,Privat,Privat,1975,110272.6897493088
Import eksklusiv told,Privat,Privat,1976,126243.79735045458
Import eksklusiv told,Privat,Privat,1977,126903.59363350747
Import eksklusiv told,Privat,Privat,1978,128865.78370098515
Import eksklusiv told,Privat,Privat,1979,135720.31300567096
Import eksklusiv told,Privat,Privat,1980,132992.7033935904
Import eksklusiv told,Privat,Privat,1981,128405.67639367578
Import eksklusiv told,Privat,Privat,1982,127207.65264962234
Import eksklusiv told,Privat,Privat,1983,129330.05535215927
Import eksklusiv told,Privat,Privat,1984,136680.156769795
Import eksklusiv told,Privat,Privat,1985,144943.3509391275
Import eksklusiv told,Privat,Privat,1986,148955.6010040674
Import eksklusiv told,Privat,Privat,1987,149522.49264616123
Import eksklusiv told,Privat,Privat,1988,155308.05393558196
Import eksklusiv told,Privat,Privat,1989,158015.6098127909
Import eksklusiv told,Privat,Privat,1990,162055.58717523862
Import eksklusiv told,Privat,Privat,1991,167646.20543847617
Import eksklusiv told,Privat,Privat,1992,168024.69539988137
Import eksklusiv told,Privat,Privat,1993,163487.61587656377
Import eksklusiv told,Privat,Privat,1994,177575.8517973688
Import eksklusiv told,Privat,Privat,1995,187054.10230312328
Import eksklusiv told,Privat,Privat,1996,195593.8568920842
Import eksklusiv told,Privat,Privat,1997,202333.09317119472
Import eksklusiv told,Privat,Privat,1998,215304.8832432005
Import eksklusiv told,Privat,Privat,1999,224059.77795457185
Import eksklusiv told,Privat,Privat,2000,245198.24401119683
Import eksklusiv told,Privat,Privat,2001,253385.41839905377
Import eksklusiv told,Privat,Privat,2002,264761.4002437843
Import eksklusiv told,Privat,Privat,2003,257893.4908410427
Import eksklusiv told,Privat,Privat,2004,264564.6644227904
Import eksklusiv told,Privat,Privat,2005,300674.2322593408
Import eksklusiv told,Privat,Privat,2006,334960.50439158233
Import eksklusiv told,Privat,Privat,2007,348030.65768792044
Import eksklusiv told,Privat,Privat,2008,371384.39729750546
Import eksklusiv told,Privat,Privat,2009,318156.49000658805
Import eksklusiv told,Privat,Privat,2010,317466.1632475981
Import eksklusiv told,Privat,Privat,2011,336597.3448714908
Import eksklusiv told,Privat,Privat,2012,349258.9685017811
Import eksklusiv told,Privat,Privat,2013,355339.04670111765
Import eksklusiv told,Privat,Privat,2014,359743.32315139915
Import eksklusiv told,Privat,Privat,2015,387378.2698026168
Import eksklusiv told,Privat,Privat,2016,405863.0763367679
Import eksklusiv told,Privat,Privat,2017,414307.72880907555
Import eksklusiv told,Privat,Privat,2018,439755.9479552109
Import eksklusiv told,Privat,Privat,2019,463352.50047523703
Import eksklusiv told,Privat,Privat,2020,455920.123
Import eksklusiv told,Privat,Privat,2021,482702.20399999997
Import eksklusiv told,Privat,Privat,2022,527874.9467483988
Import eksklusiv told,Privat,REST_ANVENDELSE Øvrige brancher,1967,71675.4977771162
Import eksklusiv told,Privat,REST_ANVENDELSE Øvrige brancher,1968,77482.36472613503
Import eksklusiv told,Privat,REST_ANVENDELSE Øvrige brancher,1969,89990.78364506864
Import eksklusiv told,Privat,REST_ANVENDELSE Øvrige brancher,1970,95867.96146282909
Import eksklusiv told,Privat,REST_ANVENDELSE Øvrige brancher,1971,98298.83917680975
Import eksklusiv told,Privat,REST_ANVENDELSE Øvrige brancher,1972,104280.17820962916
Import eksklusiv told,Privat,REST_ANVENDELSE Øvrige brancher,1973,115449.73404293126
Import eksklusiv told,Privat,REST_ANVENDELSE Øvrige brancher,1974,113736.60222461855
Import eksklusiv told,Privat,REST_ANVENDELSE Øvrige brancher,1975,102512.21194997791
Import eksklusiv told,Privat,REST_ANVENDELSE Øvrige brancher,1976,116088.22901162694
Import eksklusiv told,Privat,REST_ANVENDELSE Øvrige brancher,1977,117124.055712193
Import eksklusiv told,Privat,REST_ANVENDELSE Øvrige brancher,1978,117977.01339592217
Import eksklusiv told,Privat,REST_ANVENDELSE Øvrige brancher,1979,122556.71552587661
Import eksklusiv told,Privat,REST_ANVENDELSE Øvrige brancher,1980,119623.71740205179
Import eksklusiv told,Privat,REST_ANVENDELSE Øvrige brancher,1981,114737.7479727537
Import eksklusiv told,Privat,REST_ANVENDELSE Øvrige brancher,1982,112807.4979865641
Import eksklusiv told,Privat,REST_ANVENDELSE Øvrige brancher,1983,114165.0538477978
Import eksklusiv told,Privat,REST_ANVENDELSE Øvrige brancher,1984,121406.53242632796
Import eksklusiv told,Privat,REST_ANVENDELSE Øvrige brancher,1985,128861.69731135196
Import eksklusiv told,Privat,REST_ANVENDELSE Øvrige brancher,1986,131933.79651818643
Import eksklusiv told,Privat,REST_ANVENDELSE Øvrige brancher,1987,132280.99910683767
Import eksklusiv told,Privat,REST_ANVENDELSE Øvrige brancher,1988,140105.75244167054
Import eksklusiv told,Privat,REST_ANVENDELSE Øvrige brancher,1989,141898.495687817
Import eksklusiv told,Privat,REST_ANVENDELSE Øvrige brancher,1990,143371.2103534795
Import eksklusiv told,Privat,REST_ANVENDELSE Øvrige brancher,1991,147387.72701816482
Import eksklusiv told,Privat,REST_ANVENDELSE Øvrige brancher,1992,147315.27530494315
Import eksklusiv told,Privat,REST_ANVENDELSE Øvrige brancher,1993,145280.44136812375
Import eksklusiv told,Privat,REST_ANVENDELSE Øvrige brancher,1994,158830.6835204953
Import eksklusiv told,Privat,REST_ANVENDELSE Øvrige brancher,1995,168558.2425078869
Import eksklusiv told,Privat,REST_ANVENDELSE Øvrige brancher,1996,176626.90752461978
Import eksklusiv told,Privat,REST_ANVENDELSE Øvrige brancher,1997,183305.91503409657
Import eksklusiv told,Privat,REST_ANVENDELSE Øvrige brancher,1998,194941.7445995745
Import eksklusiv told,Privat,REST_ANVENDELSE Øvrige brancher,1999,203922.39748903294
Import eksklusiv told,Privat,REST_ANVENDELSE Øvrige brancher,2000,224290.68405314043
Import eksklusiv told,Privat,REST_ANVENDELSE Øvrige brancher,2001,231442.89192889963
Import eksklusiv told,Privat,REST_ANVENDELSE Øvrige brancher,2002,241329.31303636375
Import eksklusiv told,Privat,REST_ANVENDELSE Øvrige brancher,2003,233602.31362876817
Import eksklusiv told,Privat,REST_ANVENDELSE Øvrige brancher,2004,240749.97405818867
Import eksklusiv told,Privat,REST_ANVENDELSE Øvrige brancher,2005,278518.1371790509
Import eksklusiv told,Privat,REST_ANVENDELSE Øvrige brancher,2006,310537.0204487107
Import eksklusiv told,Privat,REST_ANVENDELSE Øvrige brancher,2007,322955.4481711088
Import eksklusiv told,Privat,REST_ANVENDELSE Øvrige brancher,2008,347516.0224662371
Import eksklusiv told,Privat,REST_ANVENDELSE Øvrige brancher,2009,298538.56068707217
Import eksklusiv told,Privat,REST_ANVENDELSE Øvrige brancher,2010,301491.9010196189
Import eksklusiv told,Privat,REST_ANVENDELSE Øvrige brancher,2011,320082.2614132278
Import eksklusiv told,Privat,REST_ANVENDELSE Øvrige brancher,2012,335393.0289725212
Import eksklusiv told,Privat,REST_ANVENDELSE Øvrige brancher,2013,340877.50256134337
Import eksklusiv told,Privat,REST_ANVENDELSE Øvrige brancher,2014,346096.82527329464
Import eksklusiv told,Privat,REST_ANVENDELSE Øvrige brancher,2015,373683.7033312947
Import eksklusiv told,Privat,REST_ANVENDELSE Øvrige brancher,2016,393979.85430433304
Import eksklusiv told,Privat,REST_ANVENDELSE Øvrige brancher,2017,403782.07963081653
Import eksklusiv told,Privat,REST_ANVENDELSE Øvrige brancher,2018,429020.6957872639
Import eksklusiv told,Privat,REST_ANVENDELSE Øvrige brancher,2019,453654.3430786827
Import eksklusiv told,Privat,REST_ANVENDELSE Øvrige brancher,2020,449083.997
Import eksklusiv told,Privat,REST_ANVENDELSE Øvrige brancher,2021,480214.602
Import eksklusiv told,Privat,REST_ANVENDELSE Øvrige brancher,2022,521492.4184469784
Import eksklusiv told,REST_TILGANG Øvrige brancher,01000 Landbrug og gartneri- (Anvendelse),1967,3196.332163073421
Import eksklusiv told,REST_TILGANG Øvrige brancher,01000 Landbrug og gartneri- (Anvendelse),1968,3479.4805912797506
Import eksklusiv told,REST_TILGANG Øvrige brancher,01000 Landbrug og gartneri- (Anvendelse),1969,3504.437820847346
Import eksklusiv told,REST_TILGANG Øvrige brancher,01000 Landbrug og gartneri- (Anvendelse),1970,3793.240228120237
Import eksklusiv told,REST_TILGANG Øvrige brancher,01000 Landbrug og gartneri- (Anvendelse),1971,4049.5634155649036
Import eksklusiv told,REST_TILGANG Øvrige brancher,01000 Landbrug og gartneri- (Anvendelse),1972,4212.671941191013
Import eksklusiv told,REST_TILGANG Øvrige brancher,01000 Landbrug og gartneri- (Anvendelse),1973,4753.305292534209
Import eksklusiv told,REST_TILGANG Øvrige brancher,01000 Landbrug og gartneri- (Anvendelse),1974,4598.472941286106
Import eksklusiv told,REST_TILGANG Øvrige brancher,01000 Landbrug og gartneri- (Anvendelse),1975,4332.189936916823
Import eksklusiv told,REST_TILGANG Øvrige brancher,01000 Landbrug og gartneri- (Anvendelse),1976,4163.620781185375
Import eksklusiv told,REST_TILGANG Øvrige brancher,01000 Landbrug og gartneri- (Anvendelse),1977,4406.977848918153
Import eksklusiv told,REST_TILGANG Øvrige brancher,01000 Landbrug og gartneri- (Anvendelse),1978,4563.509021052808
Import eksklusiv told,REST_TILGANG Øvrige brancher,01000 Landbrug og gartneri- (Anvendelse),1979,5569.9569510078745
Import eksklusiv told,REST_TILGANG Øvrige brancher,01000 Landbrug og gartneri- (Anvendelse),1980,5127.168792643867
Import eksklusiv told,REST_TILGANG Øvrige brancher,01000 Landbrug og gartneri- (Anvendelse),1981,5048.442130937191
Import eksklusiv told,REST_TILGANG Øvrige brancher,01000 Landbrug og gartneri- (Anvendelse),1982,5166.266474309741
Import eksklusiv told,REST_TILGANG Øvrige brancher,01000 Landbrug og gartneri- (Anvendelse),1983,5897.714858854156
Import eksklusiv told,REST_TILGANG Øvrige brancher,01000 Landbrug og gartneri- (Anvendelse),1984,6275.131362795334
Import eksklusiv told,REST_TILGANG Øvrige brancher,01000 Landbrug og gartneri- (Anvendelse),1985,5956.688930095341
Import eksklusiv told,REST_TILGANG Øvrige brancher,01000 Landbrug og gartneri- (Anvendelse),1986,5410.89079883892
Import eksklusiv told,REST_TILGANG Øvrige brancher,01000 Landbrug og gartneri- (Anvendelse),1987,5212.997303402683
Import eksklusiv told,REST_TILGANG Øvrige brancher,01000 Landbrug og gartneri- (Anvendelse),1988,4735.05662438683
Import eksklusiv told,REST_TILGANG Øvrige brancher,01000 Landbrug og gartneri- (Anvendelse),1989,5573.484773370452
Import eksklusiv told,REST_TILGANG Øvrige brancher,01000 Landbrug og gartneri- (Anvendelse),1990,5802.096266863462
Import eksklusiv told,REST_TILGANG Øvrige brancher,01000 Landbrug og gartneri- (Anvendelse),1991,5700.309945361119
Import eksklusiv told,REST_TILGANG Øvrige brancher,01000 Landbrug og gartneri- (Anvendelse),1992,4901.351434500816
Import eksklusiv told,REST_TILGANG Øvrige brancher,01000 Landbrug og gartneri- (Anvendelse),1993,5095.053265537168
Import eksklusiv told,REST_TILGANG Øvrige brancher,01000 Landbrug og gartneri- (Anvendelse),1994,4224.93610912476
Import eksklusiv told,REST_TILGANG Øvrige brancher,01000 Landbrug og gartneri- (Anvendelse),1995,4123.134310001712
Import eksklusiv told,REST_TILGANG Øvrige brancher,01000 Landbrug og gartneri- (Anvendelse),1996,4100.387100589336
Import eksklusiv told,REST_TILGANG Øvrige brancher,01000 Landbrug og gartneri- (Anvendelse),1997,4400.227804174637
Import eksklusiv told,REST_TILGANG Øvrige brancher,01000 Landbrug og gartneri- (Anvendelse),1998,4513.156073742235
Import eksklusiv told,REST_TILGANG Øvrige brancher,01000 Landbrug og gartneri- (Anvendelse),1999,4785.365723198734
Import eksklusiv told,REST_TILGANG Øvrige brancher,01000 Landbrug og gartneri- (Anvendelse),2000,4078.6805709275704
Import eksklusiv told,REST_TILGANG Øvrige brancher,01000 Landbrug og gartneri- (Anvendelse),2001,3763.8222050768627
Import eksklusiv told,REST_TILGANG Øvrige brancher,01000 Landbrug og gartneri- (Anvendelse),2002,4239.890004387178
Import eksklusiv told,REST_TILGANG Øvrige brancher,01000 Landbrug og gartneri- (Anvendelse),2003,4447.945692242965
Import eksklusiv told,REST_TILGANG Øvrige brancher,01000 Landbrug og gartneri- (Anvendelse),2004,4791.133081691442
Import eksklusiv told,REST_TILGANG Øvrige brancher,01000 Landbrug og gartneri- (Anvendelse),2005,4341.803245047824
Import eksklusiv told,REST_TILGANG Øvrige brancher,01000 Landbrug og gartneri- (Anvendelse),2006,4250.368515608083
Import eksklusiv told,REST_TILGANG Øvrige brancher,01000 Landbrug og gartneri- (Anvendelse),2007,4437.2197909055685
Import eksklusiv told,REST_TILGANG Øvrige brancher,01000 Landbrug og gartneri- (Anvendelse),2008,5481.231156588008
Import eksklusiv told,REST_TILGANG Øvrige brancher,01000 Landbrug og gartneri- (Anvendelse),2009,4967.586941845102
Import eksklusiv told,REST_TILGANG Øvrige brancher,01000 Landbrug og gartneri- (Anvendelse),2010,4538.022943574443
Import eksklusiv told,REST_TILGANG Øvrige brancher,01000 Landbrug og gartneri- (Anvendelse),2011,5135.102208452446
Import eksklusiv told,REST_TILGANG Øvrige brancher,01000 Landbrug og gartneri- (Anvendelse),2012,4796.512254175378
Import eksklusiv told,REST_TILGANG Øvrige brancher,01000 Landbrug og gartneri- (Anvendelse),2013,5005.548398443835
Import eksklusiv told,REST_TILGANG Øvrige brancher,01000 Landbrug og gartneri- (Anvendelse),2014,4747.180269444607
Import eksklusiv told,REST_TILGANG Øvrige brancher,01000 Landbrug og gartneri- (Anvendelse),2015,4803.29765346657
Import eksklusiv told,REST_TILGANG Øvrige brancher,01000 Landbrug og gartneri- (Anvendelse),2016,4803.472344806977
Import eksklusiv told,REST_TILGANG Øvrige brancher,01000 Landbrug og gartneri- (Anvendelse),2017,4678.839438904074
Import eksklusiv told,REST_TILGANG Øvrige brancher,01000 Landbrug og gartneri- (Anvendelse),2018,4212.843439425735
Import eksklusiv told,REST_TILGANG Øvrige brancher,01000 Landbrug og gartneri- (Anvendelse),2019,3920.8932588285393
Import eksklusiv told,REST_TILGANG Øvrige brancher,01000 Landbrug og gartneri- (Anvendelse),2020,3864.642
Import eksklusiv told,REST_TILGANG Øvrige brancher,01000 Landbrug og gartneri- (Anvendelse),2021,4160.433
Import eksklusiv told,REST_TILGANG Øvrige brancher,01000 Landbrug og gartneri- (Anvendelse),2022,3971.3520935975184
Import eksklusiv told,REST_TILGANG Øvrige brancher,"10120 Føde-, drikke- og tobaksvareindustri- (Anvendelse)",1967,1523.9600119557895
Import eksklusiv told,REST_TILGANG Øvrige brancher,"10120 Føde-, drikke- og tobaksvareindustri- (Anvendelse)",1968,1989.2237155613977
Import eksklusiv told,REST_TILGANG Øvrige brancher,"10120 Føde-, drikke- og tobaksvareindustri- (Anvendelse)",1969,2139.2612290405295
Import eksklusiv told,REST_TILGANG Øvrige brancher,"10120 Føde-, drikke- og tobaksvareindustri- (Anvendelse)",1970,2394.945401936182
Import eksklusiv told,REST_TILGANG Øvrige brancher,"10120 Føde-, drikke- og tobaksvareindustri- (Anvendelse)",1971,2780.7959401689136
Import eksklusiv told,REST_TILGANG Øvrige brancher,"10120 Føde-, drikke- og tobaksvareindustri- (Anvendelse)",1972,2877.377078008844
Import eksklusiv told,REST_TILGANG Øvrige brancher,"10120 Føde-, drikke- og tobaksvareindustri- (Anvendelse)",1973,3188.271383788594
Import eksklusiv told,REST_TILGANG Øvrige brancher,"10120 Føde-, drikke- og tobaksvareindustri- (Anvendelse)",1974,3492.526950187981
Import eksklusiv told,REST_TILGANG Øvrige brancher,"10120 Føde-, drikke- og tobaksvareindustri- (Anvendelse)",1975,3152.679016218712
Import eksklusiv told,REST_TILGANG Øvrige brancher,"10120 Føde-, drikke- og tobaksvareindustri- (Anvendelse)",1976,3584.8735601599765
Import eksklusiv told,REST_TILGANG Øvrige brancher,"10120 Føde-, drikke- og tobaksvareindustri- (Anvendelse)",1977,3862.5333180794682
Import eksklusiv told,REST_TILGANG Øvrige brancher,"10120 Føde-, drikke- og tobaksvareindustri- (Anvendelse)",1978,3976.4047953191816
Import eksklusiv told,REST_TILGANG Øvrige brancher,"10120 Føde-, drikke- og tobaksvareindustri- (Anvendelse)",1979,4463.701904147499
Import eksklusiv told,REST_TILGANG Øvrige brancher,"10120 Føde-, drikke- og tobaksvareindustri- (Anvendelse)",1980,4935.2471626177685
Import eksklusiv told,REST_TILGANG Øvrige brancher,"10120 Føde-, drikke- og tobaksvareindustri- (Anvendelse)",1981,5164.110783501091
Import eksklusiv told,REST_TILGANG Øvrige brancher,"10120 Føde-, drikke- og tobaksvareindustri- (Anvendelse)",1982,5516.35213061432
Import eksklusiv told,REST_TILGANG Øvrige brancher,"10120 Føde-, drikke- og tobaksvareindustri- (Anvendelse)",1983,5221.503399925248
Import eksklusiv told,REST_TILGANG Øvrige brancher,"10120 Føde-, drikke- og tobaksvareindustri- (Anvendelse)",1984,5664.9839213486775
Import eksklusiv told,REST_TILGANG Øvrige brancher,"10120 Føde-, drikke- og tobaksvareindustri- (Anvendelse)",1985,5619.19290443215
Import eksklusiv told,REST_TILGANG Øvrige brancher,"10120 Føde-, drikke- og tobaksvareindustri- (Anvendelse)",1986,6268.428659089201
Import eksklusiv told,REST_TILGANG Øvrige brancher,"10120 Føde-, drikke- og tobaksvareindustri- (Anvendelse)",1987,6781.496576434784
Import eksklusiv told,REST_TILGANG Øvrige brancher,"10120 Føde-, drikke- og tobaksvareindustri- (Anvendelse)",1988,6509.695976705171
Import eksklusiv told,REST_TILGANG Øvrige brancher,"10120 Føde-, drikke- og tobaksvareindustri- (Anvendelse)",1989,6847.787036710761
Import eksklusiv told,REST_TILGANG Øvrige brancher,"10120 Føde-, drikke- og tobaksvareindustri- (Anvendelse)",1990,7439.8701757303015
Import eksklusiv told,REST_TILGANG Øvrige brancher,"10120 Føde-, drikke- og tobaksvareindustri- (Anvendelse)",1991,8015.801593655271
Import eksklusiv told,REST_TILGANG Øvrige brancher,"10120 Føde-, drikke- og tobaksvareindustri- (Anvendelse)",1992,7191.16089518865
Import eksklusiv told,REST_TILGANG Øvrige brancher,"10120 Føde-, drikke- og tobaksvareindustri- (Anvendelse)",1993,7166.392025150382
Import eksklusiv told,REST_TILGANG Øvrige brancher,"10120 Føde-, drikke- og tobaksvareindustri- (Anvendelse)",1994,7716.523788266113
Import eksklusiv told,REST_TILGANG Øvrige brancher,"10120 Føde-, drikke- og tobaksvareindustri- (Anvendelse)",1995,7486.498375824888
Import eksklusiv told,REST_TILGANG Øvrige brancher,"10120 Føde-, drikke- og tobaksvareindustri- (Anvendelse)",1996,8045.9162227703555
Import eksklusiv told,REST_TILGANG Øvrige brancher,"10120 Føde-, drikke- og tobaksvareindustri- (Anvendelse)",1997,8069.047609274427
Import eksklusiv told,REST_TILGANG Øvrige brancher,"10120 Føde-, drikke- og tobaksvareindustri- (Anvendelse)",1998,8369.187273804919
Import eksklusiv told,REST_TILGANG Øvrige brancher,"10120 Føde-, drikke- og tobaksvareindustri- (Anvendelse)",1999,8781.474112585618
Import eksklusiv told,REST_TILGANG Øvrige brancher,"10120 Føde-, drikke- og tobaksvareindustri- (Anvendelse)",2000,9521.805822995391
Import eksklusiv told,REST_TILGANG Øvrige brancher,"10120 Føde-, drikke- og tobaksvareindustri- (Anvendelse)",2001,10093.034574557169
Import eksklusiv told,REST_TILGANG Øvrige brancher,"10120 Føde-, drikke- og tobaksvareindustri- (Anvendelse)",2002,10911.34391015638
Import eksklusiv told,REST_TILGANG Øvrige brancher,"10120 Føde-, drikke- og tobaksvareindustri- (Anvendelse)",2003,11473.828121162464
Import eksklusiv told,REST_TILGANG Øvrige brancher,"10120 Føde-, drikke- og tobaksvareindustri- (Anvendelse)",2004,11818.420372662735
Import eksklusiv told,REST_TILGANG Øvrige brancher,"10120 Føde-, drikke- og tobaksvareindustri- (Anvendelse)",2005,12144.6251978901
Import eksklusiv told,REST_TILGANG Øvrige brancher,"10120 Føde-, drikke- og tobaksvareindustri- (Anvendelse)",2006,12650.938555648625
Import eksklusiv told,REST_TILGANG Øvrige brancher,"10120 Føde-, drikke- og tobaksvareindustri- (Anvendelse)",2007,12377.722637372923
Import eksklusiv told,REST_TILGANG Øvrige brancher,"10120 Føde-, drikke- og tobaksvareindustri- (Anvendelse)",2008,13868.983074804999
Import eksklusiv told,REST_TILGANG Øvrige brancher,"10120 Føde-, drikke- og tobaksvareindustri- (Anvendelse)",2009,12940.225699230265
Import eksklusiv told,REST_TILGANG Øvrige brancher,"10120 Føde-, drikke- og tobaksvareindustri- (Anvendelse)",2010,12215.763285498288
Import eksklusiv told,REST_TILGANG Øvrige brancher,"10120 Føde-, drikke- og tobaksvareindustri- (Anvendelse)",2011,12251.268741439175
Import eksklusiv told,REST_TILGANG Øvrige brancher,"10120 Føde-, drikke- og tobaksvareindustri- (Anvendelse)",2012,12458.749065634602
Import eksklusiv told,REST_TILGANG Øvrige brancher,"10120 Føde-, drikke- og tobaksvareindustri- (Anvendelse)",2013,11897.881149527451
Import eksklusiv told,REST_TILGANG Øvrige brancher,"10120 Føde-, drikke- og tobaksvareindustri- (Anvendelse)",2014,11429.6251754649
Import eksklusiv told,REST_TILGANG Øvrige brancher,"10120 Føde-, drikke- og tobaksvareindustri- (Anvendelse)",2015,11959.656469848716
Import eksklusiv told,REST_TILGANG Øvrige brancher,"10120 Føde-, drikke- og tobaksvareindustri- (Anvendelse)",2016,13442.008501192222
Import eksklusiv told,REST_TILGANG Øvrige brancher,"10120 Føde-, drikke- og tobaksvareindustri- (Anvendelse)",2017,13718.228517342963
Import eksklusiv told,REST_TILGANG Øvrige brancher,"10120 Føde-, drikke- og tobaksvareindustri- (Anvendelse)",2018,13881.504572647611
Import eksklusiv told,REST_TILGANG Øvrige brancher,"10120 Føde-, drikke- og tobaksvareindustri- (Anvendelse)",2019,14422.812789231444
Import eksklusiv told,REST_TILGANG Øvrige brancher,"10120 Føde-, drikke- og tobaksvareindustri- (Anvendelse)",2020,15722.832
Import eksklusiv told,REST_TILGANG Øvrige brancher,"10120 Føde-, drikke- og tobaksvareindustri- (Anvendelse)",2021,15320.421000000002
Import eksklusiv told,REST_TILGANG Øvrige brancher,"10120 Føde-, drikke- og tobaksvareindustri- (Anvendelse)",2022,15977.698010095917
Import eksklusiv told,REST_TILGANG Øvrige brancher,"Anvendelse, i alt-(Anvendelse)",1967,84587.45016238136
Import eksklusiv told,REST_TILGANG Øvrige brancher,"Anvendelse, i alt-(Anvendelse)",1968,92297.21435737808
Import eksklusiv told,REST_TILGANG Øvrige brancher,"Anvendelse, i alt-(Anvendelse)",1969,107544.41940000883
Import eksklusiv told,REST_TILGANG Øvrige brancher,"Anvendelse, i alt-(Anvendelse)",1970,116570.61502591438
Import eksklusiv told,REST_TILGANG Øvrige brancher,"Anvendelse, i alt-(Anvendelse)",1971,115932.73116008463
Import eksklusiv told,REST_TILGANG Øvrige brancher,"Anvendelse, i alt-(Anvendelse)",1972,117791.64673616293
Import eksklusiv told,REST_TILGANG Øvrige brancher,"Anvendelse, i alt-(Anvendelse)",1973,140210.4637079668
Import eksklusiv told,REST_TILGANG Øvrige brancher,"Anvendelse, i alt-(Anvendelse)",1974,137038.54040691577
Import eksklusiv told,REST_TILGANG Øvrige brancher,"Anvendelse, i alt-(Anvendelse)",1975,128506.59088092663
Import eksklusiv told,REST_TILGANG Øvrige brancher,"Anvendelse, i alt-(Anvendelse)",1976,150694.8386063591
Import eksklusiv told,REST_TILGANG Øvrige brancher,"Anvendelse, i alt-(Anvendelse)",1977,149266.6863709909
Import eksklusiv told,REST_TILGANG Øvrige brancher,"Anvendelse, i alt-(Anvendelse)",1978,148756.50199589928
Import eksklusiv told,REST_TILGANG Øvrige brancher,"Anvendelse, i alt-(Anvendelse)",1979,160171.9549052294
Import eksklusiv told,REST_TILGANG Øvrige brancher,"Anvendelse, i alt-(Anvendelse)",1980,149727.1430991718
Import eksklusiv told,REST_TILGANG Øvrige brancher,"Anvendelse, i alt-(Anvendelse)",1981,147893.8771480773
Import eksklusiv told,REST_TILGANG Øvrige brancher,"Anvendelse, i alt-(Anvendelse)",1982,150100.72264360925
Import eksklusiv told,REST_TILGANG Øvrige brancher,"Anvendelse, i alt-(Anvendelse)",1983,155925.23087542804
Import eksklusiv told,REST_TILGANG Øvrige brancher,"Anvendelse, i alt-(Anvendelse)",1984,169908.54524129131
Import eksklusiv told,REST_TILGANG Øvrige brancher,"Anvendelse, i alt-(Anvendelse)",1985,186992.47651040283
Import eksklusiv told,REST_TILGANG Øvrige brancher,"Anvendelse, i alt-(Anvendelse)",1986,201051.5416223567
Import eksklusiv told,REST_TILGANG Øvrige brancher,"Anvendelse, i alt-(Anvendelse)",1987,195273.40971509393
Import eksklusiv told,REST_TILGANG Øvrige brancher,"Anvendelse, i alt-(Anvendelse)",1988,200149.85388609348
Import eksklusiv told,REST_TILGANG Øvrige brancher,"Anvendelse, i alt-(Anvendelse)",1989,213370.84485503455
Import eksklusiv told,REST_TILGANG Øvrige brancher,"Anvendelse, i alt-(Anvendelse)",1990,218160.09086880027
Import eksklusiv told,REST_TILGANG Øvrige brancher,"Anvendelse, i alt-(Anvendelse)",1991,227464.26504608823
Import eksklusiv told,REST_TILGANG Øvrige brancher,"Anvendelse, i alt-(Anvendelse)",1992,223161.33490617856
Import eksklusiv told,REST_TILGANG Øvrige brancher,"Anvendelse, i alt-(Anvendelse)",1993,217085.18061170168
Import eksklusiv told,REST_TILGANG Øvrige brancher,"Anvendelse, i alt-(Anvendelse)",1994,250952.46533968757
Import eksklusiv told,REST_TILGANG Øvrige brancher,"Anvendelse, i alt-(Anvendelse)",1995,270912.8046661993
Import eksklusiv told,REST_TILGANG Øvrige brancher,"Anvendelse, i alt-(Anvendelse)",1996,278891.2361559334
Import eksklusiv told,REST_TILGANG Øvrige brancher,"Anvendelse, i alt-(Anvendelse)",1997,306662.1023409852
Import eksklusiv told,REST_TILGANG Øvrige brancher,"Anvendelse, i alt-(Anvendelse)",1998,330804.72229629377
Import eksklusiv told,REST_TILGANG Øvrige brancher,"Anvendelse, i alt-(Anvendelse)",1999,338734.27115635265
Import eksklusiv told,REST_TILGANG Øvrige brancher,"Anvendelse, i alt-(Anvendelse)",2000,381001.3959504461
Import eksklusiv told,REST_TILGANG Øvrige brancher,"Anvendelse, i alt-(Anvendelse)",2001,387088.03415205615
Import eksklusiv told,REST_TILGANG Øvrige brancher,"Anvendelse, i alt-(Anvendelse)",2002,415359.613992759
Import eksklusiv told,REST_TILGANG Øvrige brancher,"Anvendelse, i alt-(Anvendelse)",2003,400310.9223020031
Import eksklusiv told,REST_TILGANG Øvrige brancher,"Anvendelse, i alt-(Anvendelse)",2004,435698.0542581971
Import eksklusiv told,REST_TILGANG Øvrige brancher,"Anvendelse, i alt-(Anvendelse)",2005,500098.8798720888
Import eksklusiv told,REST_TILGANG Øvrige brancher,"Anvendelse, i alt-(Anvendelse)",2006,574752.2439949686
Import eksklusiv told,REST_TILGANG Øvrige brancher,"Anvendelse, i alt-(Anvendelse)",2007,592737.0872384158
Import eksklusiv told,REST_TILGANG Øvrige brancher,"Anvendelse, i alt-(Anvendelse)",2008,625312.1390154951
Import eksklusiv told,REST_TILGANG Øvrige brancher,"Anvendelse, i alt-(Anvendelse)",2009,535761.7112170374
Import eksklusiv told,REST_TILGANG Øvrige brancher,"Anvendelse, i alt-(Anvendelse)",2010,546798.0862473017
Import eksklusiv told,REST_TILGANG Øvrige brancher,"Anvendelse, i alt-(Anvendelse)",2011,584347.7845633662
Import eksklusiv told,REST_TILGANG Øvrige brancher,"Anvendelse, i alt-(Anvendelse)",2012,605998.027984766
Import eksklusiv told,REST_TILGANG Øvrige brancher,"Anvendelse, i alt-(Anvendelse)",2013,623589.5500608379
Import eksklusiv told,REST_TILGANG Øvrige brancher,"Anvendelse, i alt-(Anvendelse)",2014,643626.7337475057
Import eksklusiv told,REST_TILGANG Øvrige brancher,"Anvendelse, i alt-(Anvendelse)",2015,686024.2265648138
Import eksklusiv told,REST_TILGANG Øvrige brancher,"Anvendelse, i alt-(Anvendelse)",2016,713018.0552705989
Import eksklusiv told,REST_TILGANG Øvrige brancher,"Anvendelse, i alt-(Anvendelse)",2017,747936.3587930584
Import eksklusiv told,REST_TILGANG Øvrige brancher,"Anvendelse, i alt-(Anvendelse)",2018,799047.0061702387
Import eksklusiv told,REST_TILGANG Øvrige brancher,"Anvendelse, i alt-(Anvendelse)",2019,833459.9519550736
Import eksklusiv told,REST_TILGANG Øvrige brancher,"Anvendelse, i alt-(Anvendelse)",2020,842916.809
Import eksklusiv told,REST_TILGANG Øvrige brancher,"Anvendelse, i alt-(Anvendelse)",2021,927245.605
Import eksklusiv told,REST_TILGANG Øvrige brancher,"Anvendelse, i alt-(Anvendelse)",2022,996990.4418063244
Import eksklusiv told,REST_TILGANG Øvrige brancher,Eksport - (Anvendelse),1967,1368.863780875206
Import eksklusiv told,REST_TILGANG Øvrige brancher,Eksport - (Anvendelse),1968,1641.4457859781783
Import eksklusiv told,REST_TILGANG Øvrige brancher,Eksport - (Anvendelse),1969,1857.0668794116389
Import eksklusiv told,REST_TILGANG Øvrige brancher,Eksport - (Anvendelse),1970,2021.304182074847
Import eksklusiv told,REST_TILGANG Øvrige brancher,Eksport - (Anvendelse),1971,2241.487225614664
Import eksklusiv told,REST_TILGANG Øvrige brancher,Eksport - (Anvendelse),1972,2187.848088652983
Import eksklusiv told,REST_TILGANG Øvrige brancher,Eksport - (Anvendelse),1973,2987.6690601648284
Import eksklusiv told,REST_TILGANG Øvrige brancher,Eksport - (Anvendelse),1974,3705.5005256182053
Import eksklusiv told,REST_TILGANG Øvrige brancher,Eksport - (Anvendelse),1975,3460.9601725581797
Import eksklusiv told,REST_TILGANG Øvrige brancher,Eksport - (Anvendelse),1976,4007.3896233095884
Import eksklusiv told,REST_TILGANG Øvrige brancher,Eksport - (Anvendelse),1977,4099.963577945365
Import eksklusiv told,REST_TILGANG Øvrige brancher,Eksport - (Anvendelse),1978,3997.672415721823
Import eksklusiv told,REST_TILGANG Øvrige brancher,Eksport - (Anvendelse),1979,5948.986366094507
Import eksklusiv told,REST_TILGANG Øvrige brancher,Eksport - (Anvendelse),1980,7820.383981815776
Import eksklusiv told,REST_TILGANG Øvrige brancher,Eksport - (Anvendelse),1981,9605.323111548612
Import eksklusiv told,REST_TILGANG Øvrige brancher,Eksport - (Anvendelse),1982,9087.886830957337
Import eksklusiv told,REST_TILGANG Øvrige brancher,Eksport - (Anvendelse),1983,10113.848087678794
Import eksklusiv told,REST_TILGANG Øvrige brancher,Eksport - (Anvendelse),1984,11407.268994386339
Import eksklusiv told,REST_TILGANG Øvrige brancher,Eksport - (Anvendelse),1985,12469.839987243096
Import eksklusiv told,REST_TILGANG Øvrige brancher,Eksport - (Anvendelse),1986,13599.642195362283
Import eksklusiv told,REST_TILGANG Øvrige brancher,Eksport - (Anvendelse),1987,16057.948644729355
Import eksklusiv told,REST_TILGANG Øvrige brancher,Eksport - (Anvendelse),1988,18635.463460523886
Import eksklusiv told,REST_TILGANG Øvrige brancher,Eksport - (Anvendelse),1989,21561.386330850528
Import eksklusiv told,REST_TILGANG Øvrige brancher,Eksport - (Anvendelse),1990,23983.236447576284
Import eksklusiv told,REST_TILGANG Øvrige brancher,Eksport - (Anvendelse),1991,26173.877619447707
Import eksklusiv told,REST_TILGANG Øvrige brancher,Eksport - (Anvendelse),1992,23916.493833758777
Import eksklusiv told,REST_TILGANG Øvrige brancher,Eksport - (Anvendelse),1993,24350.2856809496
Import eksklusiv told,REST_TILGANG Øvrige brancher,Eksport - (Anvendelse),1994,28841.54915780912
Import eksklusiv told,REST_TILGANG Øvrige brancher,Eksport - (Anvendelse),1995,30848.89074521243
Import eksklusiv told,REST_TILGANG Øvrige brancher,Eksport - (Anvendelse),1996,34009.86267765864
Import eksklusiv told,REST_TILGANG Øvrige brancher,Eksport - (Anvendelse),1997,38893.11301969291
Import eksklusiv told,REST_TILGANG Øvrige brancher,Eksport - (Anvendelse),1998,43041.38916141767
Import eksklusiv told,REST_TILGANG Øvrige brancher,Eksport - (Anvendelse),1999,48243.95232985711
Import eksklusiv told,REST_TILGANG Øvrige brancher,Eksport - (Anvendelse),2000,57787.665722648424
Import eksklusiv told,REST_TILGANG Øvrige brancher,Eksport - (Anvendelse),2001,59919.55729362632
Import eksklusiv told,REST_TILGANG Øvrige brancher,Eksport - (Anvendelse),2002,72608.21814713292
Import eksklusiv told,REST_TILGANG Øvrige brancher,Eksport - (Anvendelse),2003,69826.47719186498
Import eksklusiv told,REST_TILGANG Øvrige brancher,Eksport - (Anvendelse),2004,78331.60165281512
Import eksklusiv told,REST_TILGANG Øvrige brancher,Eksport - (Anvendelse),2005,96757.92621391827
Import eksklusiv told,REST_TILGANG Øvrige brancher,Eksport - (Anvendelse),2006,121500.26487457588
Import eksklusiv told,REST_TILGANG Øvrige brancher,Eksport - (Anvendelse),2007,118052.17452635507
Import eksklusiv told,REST_TILGANG Øvrige brancher,Eksport - (Anvendelse),2008,126142.83013472434
Import eksklusiv told,REST_TILGANG Øvrige brancher,Eksport - (Anvendelse),2009,116883.29352662855
Import eksklusiv told,REST_TILGANG Øvrige brancher,Eksport - (Anvendelse),2010,123189.18831704342
Import eksklusiv told,REST_TILGANG Øvrige brancher,Eksport - (Anvendelse),2011,139981.9568572433
Import eksklusiv told,REST_TILGANG Øvrige brancher,Eksport - (Anvendelse),2012,139812.0793534941
Import eksklusiv told,REST_TILGANG Øvrige brancher,Eksport - (Anvendelse),2013,145082.21031403073
Import eksklusiv told,REST_TILGANG Øvrige brancher,Eksport - (Anvendelse),2014,151987.2361048486
Import eksklusiv told,REST_TILGANG Øvrige brancher,Eksport - (Anvendelse),2015,159586.26358560007
Import eksklusiv told,REST_TILGANG Øvrige brancher,Eksport - (Anvendelse),2016,151544.74158547772
Import eksklusiv told,REST_TILGANG Øvrige brancher,Eksport - (Anvendelse),2017,166301.02505686166
Import eksklusiv told,REST_TILGANG Øvrige brancher,Eksport - (Anvendelse),2018,178149.8022369617
Import eksklusiv told,REST_TILGANG Øvrige brancher,Eksport - (Anvendelse),2019,191134.62000836094
Import eksklusiv told,REST_TILGANG Øvrige brancher,Eksport - (Anvendelse),2020,191895.544
Import eksklusiv told,REST_TILGANG Øvrige brancher,Eksport - (Anvendelse),2021,214821.62399999998
Import eksklusiv told,REST_TILGANG Øvrige brancher,Eksport - (Anvendelse),2022,233981.32000281263
Import eksklusiv told,REST_TILGANG Øvrige brancher,Faste bruttoinvesteringer + Lagerforøgelse + Værdigenstande (Anvendelse),1967,5459.349200769825
Import eksklusiv told,REST_TILGANG Øvrige brancher,Faste bruttoinvesteringer + Lagerforøgelse + Værdigenstande (Anvendelse),1968,5683.118660356313
Import eksklusiv told,REST_TILGANG Øvrige brancher,Faste bruttoinvesteringer + Lagerforøgelse + Værdigenstande (Anvendelse),1969,6663.109919051559
Import eksklusiv told,REST_TILGANG Øvrige brancher,Faste bruttoinvesteringer + Lagerforøgelse + Værdigenstande (Anvendelse),1970,8015.841272640156
Import eksklusiv told,REST_TILGANG Øvrige brancher,Faste bruttoinvesteringer + Lagerforøgelse + Værdigenstande (Anvendelse),1971,6908.786489162734
Import eksklusiv told,REST_TILGANG Øvrige brancher,Faste bruttoinvesteringer + Lagerforøgelse + Værdigenstande (Anvendelse),1972,5451.5069731684125
Import eksklusiv told,REST_TILGANG Øvrige brancher,Faste bruttoinvesteringer + Lagerforøgelse + Værdigenstande (Anvendelse),1973,8401.966968799841
Import eksklusiv told,REST_TILGANG Øvrige brancher,Faste bruttoinvesteringer + Lagerforøgelse + Værdigenstande (Anvendelse),1974,7991.956298542172
Import eksklusiv told,REST_TILGANG Øvrige brancher,Faste bruttoinvesteringer + Lagerforøgelse + Værdigenstande (Anvendelse),1975,7870.710401405195
Import eksklusiv told,REST_TILGANG Øvrige brancher,Faste bruttoinvesteringer + Lagerforøgelse + Værdigenstande (Anvendelse),1976,10471.207982197273
Import eksklusiv told,REST_TILGANG Øvrige brancher,Faste bruttoinvesteringer + Lagerforøgelse + Værdigenstande (Anvendelse),1977,9354.572246050822
Import eksklusiv told,REST_TILGANG Øvrige brancher,Faste bruttoinvesteringer + Lagerforøgelse + Værdigenstande (Anvendelse),1978,8995.383984678812
Import eksklusiv told,REST_TILGANG Øvrige brancher,Faste bruttoinvesteringer + Lagerforøgelse + Værdigenstande (Anvendelse),1979,10613.15360604913
Import eksklusiv told,REST_TILGANG Øvrige brancher,Faste bruttoinvesteringer + Lagerforøgelse + Værdigenstande (Anvendelse),1980,7496.468378237864
Import eksklusiv told,REST_TILGANG Øvrige brancher,Faste bruttoinvesteringer + Lagerforøgelse + Værdigenstande (Anvendelse),1981,7532.785507876487
Import eksklusiv told,REST_TILGANG Øvrige brancher,Faste bruttoinvesteringer + Lagerforøgelse + Værdigenstande (Anvendelse),1982,8934.005752970572
Import eksklusiv told,REST_TILGANG Øvrige brancher,Faste bruttoinvesteringer + Lagerforøgelse + Værdigenstande (Anvendelse),1983,10098.843648946598
Import eksklusiv told,REST_TILGANG Øvrige brancher,Faste bruttoinvesteringer + Lagerforøgelse + Værdigenstande (Anvendelse),1984,12536.237670337985
Import eksklusiv told,REST_TILGANG Øvrige brancher,Faste bruttoinvesteringer + Lagerforøgelse + Værdigenstande (Anvendelse),1985,16643.059122686034
Import eksklusiv told,REST_TILGANG Øvrige brancher,Faste bruttoinvesteringer + Lagerforøgelse + Værdigenstande (Anvendelse),1986,20808.22359494115
Import eksklusiv told,REST_TILGANG Øvrige brancher,Faste bruttoinvesteringer + Lagerforøgelse + Værdigenstande (Anvendelse),1987,17399.472586425538
Import eksklusiv told,REST_TILGANG Øvrige brancher,Faste bruttoinvesteringer + Lagerforøgelse + Værdigenstande (Anvendelse),1988,16391.422684972797
Import eksklusiv told,REST_TILGANG Øvrige brancher,Faste bruttoinvesteringer + Lagerforøgelse + Værdigenstande (Anvendelse),1989,21210.790921783122
Import eksklusiv told,REST_TILGANG Øvrige brancher,Faste bruttoinvesteringer + Lagerforøgelse + Værdigenstande (Anvendelse),1990,20653.461788475994
Import eksklusiv told,REST_TILGANG Øvrige brancher,Faste bruttoinvesteringer + Lagerforøgelse + Værdigenstande (Anvendelse),1991,21882.680123426555
Import eksklusiv told,REST_TILGANG Øvrige brancher,Faste bruttoinvesteringer + Lagerforøgelse + Værdigenstande (Anvendelse),1992,21743.386101054613
Import eksklusiv told,REST_TILGANG Øvrige brancher,Faste bruttoinvesteringer + Lagerforøgelse + Værdigenstande (Anvendelse),1993,18864.82602411305
Import eksklusiv told,REST_TILGANG Øvrige brancher,Faste bruttoinvesteringer + Lagerforøgelse + Værdigenstande (Anvendelse),1994,24666.175610704566
Import eksklusiv told,REST_TILGANG Øvrige brancher,Faste bruttoinvesteringer + Lagerforøgelse + Værdigenstande (Anvendelse),1995,31177.107886029014
Import eksklusiv told,REST_TILGANG Øvrige brancher,Faste bruttoinvesteringer + Lagerforøgelse + Værdigenstande (Anvendelse),1996,27056.516404382386
Import eksklusiv told,REST_TILGANG Øvrige brancher,Faste bruttoinvesteringer + Lagerforøgelse + Værdigenstande (Anvendelse),1997,35668.84729905995
Import eksklusiv told,REST_TILGANG Øvrige brancher,Faste bruttoinvesteringer + Lagerforøgelse + Værdigenstande (Anvendelse),1998,40926.84686870858
Import eksklusiv told,REST_TILGANG Øvrige brancher,Faste bruttoinvesteringer + Lagerforøgelse + Værdigenstande (Anvendelse),1999,36468.96063814103
Import eksklusiv told,REST_TILGANG Øvrige brancher,Faste bruttoinvesteringer + Lagerforøgelse + Værdigenstande (Anvendelse),2000,45503.32262678594
Import eksklusiv told,REST_TILGANG Øvrige brancher,Faste bruttoinvesteringer + Lagerforøgelse + Værdigenstande (Anvendelse),2001,44287.74427580353
Import eksklusiv told,REST_TILGANG Øvrige brancher,Faste bruttoinvesteringer + Lagerforøgelse + Værdigenstande (Anvendelse),2002,45854.3724470021
Import eksklusiv told,REST_TILGANG Øvrige brancher,Faste bruttoinvesteringer + Lagerforøgelse + Værdigenstande (Anvendelse),2003,42547.33760929244
Import eksklusiv told,REST_TILGANG Øvrige brancher,Faste bruttoinvesteringer + Lagerforøgelse + Værdigenstande (Anvendelse),2004,53167.298649278535
Import eksklusiv told,REST_TILGANG Øvrige brancher,Faste bruttoinvesteringer + Lagerforøgelse + Værdigenstande (Anvendelse),2005,56593.19220386588
Import eksklusiv told,REST_TILGANG Øvrige brancher,Faste bruttoinvesteringer + Lagerforøgelse + Værdigenstande (Anvendelse),2006,69707.05737295898
Import eksklusiv told,REST_TILGANG Øvrige brancher,Faste bruttoinvesteringer + Lagerforøgelse + Værdigenstande (Anvendelse),2007,74760.01752019754
Import eksklusiv told,REST_TILGANG Øvrige brancher,Faste bruttoinvesteringer + Lagerforøgelse + Værdigenstande (Anvendelse),2008,72621.52579903805
Import eksklusiv told,REST_TILGANG Øvrige brancher,Faste bruttoinvesteringer + Lagerforøgelse + Værdigenstande (Anvendelse),2009,49979.420755842984
Import eksklusiv told,REST_TILGANG Øvrige brancher,Faste bruttoinvesteringer + Lagerforøgelse + Værdigenstande (Anvendelse),2010,50722.1384608509
Import eksklusiv told,REST_TILGANG Øvrige brancher,Faste bruttoinvesteringer + Lagerforøgelse + Værdigenstande (Anvendelse),2011,52825.07216128645
Import eksklusiv told,REST_TILGANG Øvrige brancher,Faste bruttoinvesteringer + Lagerforøgelse + Værdigenstande (Anvendelse),2012,57164.603909975645
Import eksklusiv told,REST_TILGANG Øvrige brancher,Faste bruttoinvesteringer + Lagerforøgelse + Værdigenstande (Anvendelse),2013,65073.79438536427
Import eksklusiv told,REST_TILGANG Øvrige brancher,Faste bruttoinvesteringer + Lagerforøgelse + Værdigenstande (Anvendelse),2014,69510.11082033481
Import eksklusiv told,REST_TILGANG Øvrige brancher,Faste bruttoinvesteringer + Lagerforøgelse + Værdigenstande (Anvendelse),2015,71694.83038978158
Import eksklusiv told,REST_TILGANG Øvrige brancher,Faste bruttoinvesteringer + Lagerforøgelse + Værdigenstande (Anvendelse),2016,79509.47689668878
Import eksklusiv told,REST_TILGANG Øvrige brancher,Faste bruttoinvesteringer + Lagerforøgelse + Værdigenstande (Anvendelse),2017,85029.34495413263
Import eksklusiv told,REST_TILGANG Øvrige brancher,Faste bruttoinvesteringer + Lagerforøgelse + Værdigenstande (Anvendelse),2018,94358.07950156266
Import eksklusiv told,REST_TILGANG Øvrige brancher,Faste bruttoinvesteringer + Lagerforøgelse + Værdigenstande (Anvendelse),2019,87559.12840224942
Import eksklusiv told,REST_TILGANG Øvrige brancher,Faste bruttoinvesteringer + Lagerforøgelse + Værdigenstande (Anvendelse),2020,92325.31
Import eksklusiv told,REST_TILGANG Øvrige brancher,Faste bruttoinvesteringer + Lagerforøgelse + Værdigenstande (Anvendelse),2021,115971.698
Import eksklusiv told,REST_TILGANG Øvrige brancher,Faste bruttoinvesteringer + Lagerforøgelse + Værdigenstande (Anvendelse),2022,131182.02326234983
Import eksklusiv told,REST_TILGANG Øvrige brancher,Husholdningernes forbrugsudgifter + NPISH (Anvendelse),1967,14060.240938823606
Import eksklusiv told,REST_TILGANG Øvrige brancher,Husholdningernes forbrugsudgifter + NPISH (Anvendelse),1968,15107.366519591136
Import eksklusiv told,REST_TILGANG Øvrige brancher,Husholdningernes forbrugsudgifter + NPISH (Anvendelse),1969,18186.069424808637
Import eksklusiv told,REST_TILGANG Øvrige brancher,Husholdningernes forbrugsudgifter + NPISH (Anvendelse),1970,19068.160606386347
Import eksklusiv told,REST_TILGANG Øvrige brancher,Husholdningernes forbrugsudgifter + NPISH (Anvendelse),1971,18458.927132276654
Import eksklusiv told,REST_TILGANG Øvrige brancher,Husholdningernes forbrugsudgifter + NPISH (Anvendelse),1972,19051.154926849853
Import eksklusiv told,REST_TILGANG Øvrige brancher,Husholdningernes forbrugsudgifter + NPISH (Anvendelse),1973,23684.3922712044
Import eksklusiv told,REST_TILGANG Øvrige brancher,Husholdningernes forbrugsudgifter + NPISH (Anvendelse),1974,21603.66126149534
Import eksklusiv told,REST_TILGANG Øvrige brancher,Husholdningernes forbrugsudgifter + NPISH (Anvendelse),1975,22895.2874566316
Import eksklusiv told,REST_TILGANG Øvrige brancher,Husholdningernes forbrugsudgifter + NPISH (Anvendelse),1976,28273.93351224794
Import eksklusiv told,REST_TILGANG Øvrige brancher,Husholdningernes forbrugsudgifter + NPISH (Anvendelse),1977,28069.969061655407
Import eksklusiv told,REST_TILGANG Øvrige brancher,Husholdningernes forbrugsudgifter + NPISH (Anvendelse),1978,27476.551258796175
Import eksklusiv told,REST_TILGANG Øvrige brancher,Husholdningernes forbrugsudgifter + NPISH (Anvendelse),1979,27734.273211208005
Import eksklusiv told,REST_TILGANG Øvrige brancher,Husholdningernes forbrugsudgifter + NPISH (Anvendelse),1980,23430.637690805826
Import eksklusiv told,REST_TILGANG Øvrige brancher,Husholdningernes forbrugsudgifter + NPISH (Anvendelse),1981,23274.139649017736
Import eksklusiv told,REST_TILGANG Øvrige brancher,Husholdningernes forbrugsudgifter + NPISH (Anvendelse),1982,24674.27394334851
Import eksklusiv told,REST_TILGANG Øvrige brancher,Husholdningernes forbrugsudgifter + NPISH (Anvendelse),1983,25971.412960403562
Import eksklusiv told,REST_TILGANG Øvrige brancher,Husholdningernes forbrugsudgifter + NPISH (Anvendelse),1984,27657.1921302913
Import eksklusiv told,REST_TILGANG Øvrige brancher,Husholdningernes forbrugsudgifter + NPISH (Anvendelse),1985,30714.102011789153
Import eksklusiv told,REST_TILGANG Øvrige brancher,Husholdningernes forbrugsudgifter + NPISH (Anvendelse),1986,33659.495478541394
Import eksklusiv told,REST_TILGANG Øvrige brancher,Husholdningernes forbrugsudgifter + NPISH (Anvendelse),1987,30591.55362651031
Import eksklusiv told,REST_TILGANG Øvrige brancher,Husholdningernes forbrugsudgifter + NPISH (Anvendelse),1988,28075.95719167921
Import eksklusiv told,REST_TILGANG Øvrige brancher,Husholdningernes forbrugsudgifter + NPISH (Anvendelse),1989,28397.444146988426
Import eksklusiv told,REST_TILGANG Øvrige brancher,Husholdningernes forbrugsudgifter + NPISH (Anvendelse),1990,28367.743958893534
Import eksklusiv told,REST_TILGANG Øvrige brancher,Husholdningernes forbrugsudgifter + NPISH (Anvendelse),1991,30022.04503166238
Import eksklusiv told,REST_TILGANG Øvrige brancher,Husholdningernes forbrugsudgifter + NPISH (Anvendelse),1992,30284.457337282933
Import eksklusiv told,REST_TILGANG Øvrige brancher,Husholdningernes forbrugsudgifter + NPISH (Anvendelse),1993,30509.81878287281
Import eksklusiv told,REST_TILGANG Øvrige brancher,Husholdningernes forbrugsudgifter + NPISH (Anvendelse),1994,38310.47579927062
Import eksklusiv told,REST_TILGANG Øvrige brancher,Husholdningernes forbrugsudgifter + NPISH (Anvendelse),1995,38438.74590090876
Import eksklusiv told,REST_TILGANG Øvrige brancher,Husholdningernes forbrugsudgifter + NPISH (Anvendelse),1996,41485.61822991679
Import eksklusiv told,REST_TILGANG Øvrige brancher,Husholdningernes forbrugsudgifter + NPISH (Anvendelse),1997,45230.797675966416
Import eksklusiv told,REST_TILGANG Øvrige brancher,Husholdningernes forbrugsudgifter + NPISH (Anvendelse),1998,47422.72855324016
Import eksklusiv told,REST_TILGANG Øvrige brancher,Husholdningernes forbrugsudgifter + NPISH (Anvendelse),1999,46911.14846930345
Import eksklusiv told,REST_TILGANG Øvrige brancher,Husholdningernes forbrugsudgifter + NPISH (Anvendelse),2000,48580.73626675739
Import eksklusiv told,REST_TILGANG Øvrige brancher,Husholdningernes forbrugsudgifter + NPISH (Anvendelse),2001,47235.004573044665
Import eksklusiv told,REST_TILGANG Øvrige brancher,Husholdningernes forbrugsudgifter + NPISH (Anvendelse),2002,49244.017806024865
Import eksklusiv told,REST_TILGANG Øvrige brancher,Husholdningernes forbrugsudgifter + NPISH (Anvendelse),2003,47249.630679591304
Import eksklusiv told,REST_TILGANG Øvrige brancher,Husholdningernes forbrugsudgifter + NPISH (Anvendelse),2004,53265.605443016146
Import eksklusiv told,REST_TILGANG Øvrige brancher,Husholdningernes forbrugsudgifter + NPISH (Anvendelse),2005,58919.30512622618
Import eksklusiv told,REST_TILGANG Øvrige brancher,Husholdningernes forbrugsudgifter + NPISH (Anvendelse),2006,63319.17583838904
Import eksklusiv told,REST_TILGANG Øvrige brancher,Husholdningernes forbrugsudgifter + NPISH (Anvendelse),2007,67395.94859739652
Import eksklusiv told,REST_TILGANG Øvrige brancher,Husholdningernes forbrugsudgifter + NPISH (Anvendelse),2008,66205.0268696559
Import eksklusiv told,REST_TILGANG Øvrige brancher,Husholdningernes forbrugsudgifter + NPISH (Anvendelse),2009,58980.56399568471
Import eksklusiv told,REST_TILGANG Øvrige brancher,Husholdningernes forbrugsudgifter + NPISH (Anvendelse),2010,61214.67788254011
Import eksklusiv told,REST_TILGANG Øvrige brancher,Husholdningernes forbrugsudgifter + NPISH (Anvendelse),2011,61010.32954845462
Import eksklusiv told,REST_TILGANG Øvrige brancher,Husholdningernes forbrugsudgifter + NPISH (Anvendelse),2012,63803.24025308607
Import eksklusiv told,REST_TILGANG Øvrige brancher,Husholdningernes forbrugsudgifter + NPISH (Anvendelse),2013,63892.41782736198
Import eksklusiv told,REST_TILGANG Øvrige brancher,Husholdningernes forbrugsudgifter + NPISH (Anvendelse),2014,68192.02397082001
Import eksklusiv told,REST_TILGANG Øvrige brancher,Husholdningernes forbrugsudgifter + NPISH (Anvendelse),2015,73694.66010473952
Import eksklusiv told,REST_TILGANG Øvrige brancher,Husholdningernes forbrugsudgifter + NPISH (Anvendelse),2016,79105.86976293047
Import eksklusiv told,REST_TILGANG Øvrige brancher,Husholdningernes forbrugsudgifter + NPISH (Anvendelse),2017,83378.02442957481
Import eksklusiv told,REST_TILGANG Øvrige brancher,Husholdningernes forbrugsudgifter + NPISH (Anvendelse),2018,89341.82852937793
Import eksklusiv told,REST_TILGANG Øvrige brancher,Husholdningernes forbrugsudgifter + NPISH (Anvendelse),2019,92541.57943789188
Import eksklusiv told,REST_TILGANG Øvrige brancher,Husholdningernes forbrugsudgifter + NPISH (Anvendelse),2020,99553.773
Import eksklusiv told,REST_TILGANG Øvrige brancher,Husholdningernes forbrugsudgifter + NPISH (Anvendelse),2021,106179.101
Import eksklusiv told,REST_TILGANG Øvrige brancher,Husholdningernes forbrugsudgifter + NPISH (Anvendelse),2022,100204.89678824462
Import eksklusiv told,REST_TILGANG Øvrige brancher,"Offentligt forbrug, i alt-(Anvendelse)",1967,150.38647383172918
Import eksklusiv told,REST_TILGANG Øvrige brancher,"Offentligt forbrug, i alt-(Anvendelse)",1968,215.25094945118346
Import eksklusiv told,REST_TILGANG Øvrige brancher,"Offentligt forbrug, i alt-(Anvendelse)",1969,233.73552816834473
Import eksklusiv told,REST_TILGANG Øvrige brancher,"Offentligt forbrug, i alt-(Anvendelse)",1970,284.49794114323043
Import eksklusiv told,REST_TILGANG Øvrige brancher,"Offentligt forbrug, i alt-(Anvendelse)",1971,288.8593622434597
Import eksklusiv told,REST_TILGANG Øvrige brancher,"Offentligt forbrug, i alt-(Anvendelse)",1972,359.559454384047
Import eksklusiv told,REST_TILGANG Øvrige brancher,"Offentligt forbrug, i alt-(Anvendelse)",1973,321.08483755573394
Import eksklusiv told,REST_TILGANG Øvrige brancher,"Offentligt forbrug, i alt-(Anvendelse)",1974,380.92145271743203
Import eksklusiv told,REST_TILGANG Øvrige brancher,"Offentligt forbrug, i alt-(Anvendelse)",1975,363.3998186117952
Import eksklusiv told,REST_TILGANG Øvrige brancher,"Offentligt forbrug, i alt-(Anvendelse)",1976,358.2694253554976
Import eksklusiv told,REST_TILGANG Øvrige brancher,"Offentligt forbrug, i alt-(Anvendelse)",1977,416.0993674767606
Import eksklusiv told,REST_TILGANG Øvrige brancher,"Offentligt forbrug, i alt-(Anvendelse)",1978,453.483117601331
Import eksklusiv told,REST_TILGANG Øvrige brancher,"Offentligt forbrug, i alt-(Anvendelse)",1979,483.5700823978237
Import eksklusiv told,REST_TILGANG Øvrige brancher,"Offentligt forbrug, i alt-(Anvendelse)",1980,513.6787132782764
Import eksklusiv told,REST_TILGANG Øvrige brancher,"Offentligt forbrug, i alt-(Anvendelse)",1981,506.2265250739532
Import eksklusiv told,REST_TILGANG Øvrige brancher,"Offentligt forbrug, i alt-(Anvendelse)",1982,525.404415703402
Import eksklusiv told,REST_TILGANG Øvrige brancher,"Offentligt forbrug, i alt-(Anvendelse)",1983,538.7614115769693
Import eksklusiv told,REST_TILGANG Øvrige brancher,"Offentligt forbrug, i alt-(Anvendelse)",1984,525.4634003260471
Import eksklusiv told,REST_TILGANG Øvrige brancher,"Offentligt forbrug, i alt-(Anvendelse)",1985,549.861213997797
Import eksklusiv told,REST_TILGANG Øvrige brancher,"Offentligt forbrug, i alt-(Anvendelse)",1986,605.7767271279754
Import eksklusiv told,REST_TILGANG Øvrige brancher,"Offentligt forbrug, i alt-(Anvendelse)",1987,668.0877154153303
Import eksklusiv told,REST_TILGANG Øvrige brancher,"Offentligt forbrug, i alt-(Anvendelse)",1988,694.3642700631738
Import eksklusiv told,REST_TILGANG Øvrige brancher,"Offentligt forbrug, i alt-(Anvendelse)",1989,684.7640220650158
Import eksklusiv told,REST_TILGANG Øvrige brancher,"Offentligt forbrug, i alt-(Anvendelse)",1990,926.2011444270105
Import eksklusiv told,REST_TILGANG Øvrige brancher,"Offentligt forbrug, i alt-(Anvendelse)",1991,1190.8383354739622
Import eksklusiv told,REST_TILGANG Øvrige brancher,"Offentligt forbrug, i alt-(Anvendelse)",1992,1324.7423102150235
Import eksklusiv told,REST_TILGANG Øvrige brancher,"Offentligt forbrug, i alt-(Anvendelse)",1993,1340.655642031949
Import eksklusiv told,REST_TILGANG Øvrige brancher,"Offentligt forbrug, i alt-(Anvendelse)",1994,1476.5027116223705
Import eksklusiv told,REST_TILGANG Øvrige brancher,"Offentligt forbrug, i alt-(Anvendelse)",1995,1710.4982122229555
Import eksklusiv told,REST_TILGANG Øvrige brancher,"Offentligt forbrug, i alt-(Anvendelse)",1996,1666.5905966646515
Import eksklusiv told,REST_TILGANG Øvrige brancher,"Offentligt forbrug, i alt-(Anvendelse)",1997,1690.897695540204
Import eksklusiv told,REST_TILGANG Øvrige brancher,"Offentligt forbrug, i alt-(Anvendelse)",1998,1988.7637645106042
Import eksklusiv told,REST_TILGANG Øvrige brancher,"Offentligt forbrug, i alt-(Anvendelse)",1999,2278.477005275518
Import eksklusiv told,REST_TILGANG Øvrige brancher,"Offentligt forbrug, i alt-(Anvendelse)",2000,2622.647407856922
Import eksklusiv told,REST_TILGANG Øvrige brancher,"Offentligt forbrug, i alt-(Anvendelse)",2001,2806.8072398082063
Import eksklusiv told,REST_TILGANG Øvrige brancher,"Offentligt forbrug, i alt-(Anvendelse)",2002,3628.9989686859667
Import eksklusiv told,REST_TILGANG Øvrige brancher,"Offentligt forbrug, i alt-(Anvendelse)",2003,3633.9732264664667
Import eksklusiv told,REST_TILGANG Øvrige brancher,"Offentligt forbrug, i alt-(Anvendelse)",2004,3913.5951554634707
Import eksklusiv told,REST_TILGANG Øvrige brancher,"Offentligt forbrug, i alt-(Anvendelse)",2005,4006.314809395989
Import eksklusiv told,REST_TILGANG Øvrige brancher,"Offentligt forbrug, i alt-(Anvendelse)",2006,3027.9755283066966
Import eksklusiv told,REST_TILGANG Øvrige brancher,"Offentligt forbrug, i alt-(Anvendelse)",2007,3265.1096537915205
Import eksklusiv told,REST_TILGANG Øvrige brancher,"Offentligt forbrug, i alt-(Anvendelse)",2008,4050.847578787871
Import eksklusiv told,REST_TILGANG Øvrige brancher,"Offentligt forbrug, i alt-(Anvendelse)",2009,3784.906743704973
Import eksklusiv told,REST_TILGANG Øvrige brancher,"Offentligt forbrug, i alt-(Anvendelse)",2010,4202.298705637367
Import eksklusiv told,REST_TILGANG Øvrige brancher,"Offentligt forbrug, i alt-(Anvendelse)",2011,3910.630720450395
Import eksklusiv told,REST_TILGANG Øvrige brancher,"Offentligt forbrug, i alt-(Anvendelse)",2012,3891.969325393296
Import eksklusiv told,REST_TILGANG Øvrige brancher,"Offentligt forbrug, i alt-(Anvendelse)",2013,3715.1324273383766
Import eksklusiv told,REST_TILGANG Øvrige brancher,"Offentligt forbrug, i alt-(Anvendelse)",2014,4032.999537389426
Import eksklusiv told,REST_TILGANG Øvrige brancher,"Offentligt forbrug, i alt-(Anvendelse)",2015,4161.27151009577
Import eksklusiv told,REST_TILGANG Øvrige brancher,"Offentligt forbrug, i alt-(Anvendelse)",2016,4314.01955460358
Import eksklusiv told,REST_TILGANG Øvrige brancher,"Offentligt forbrug, i alt-(Anvendelse)",2017,4463.2162895132315
Import eksklusiv told,REST_TILGANG Øvrige brancher,"Offentligt forbrug, i alt-(Anvendelse)",2018,4444.557229428079
Import eksklusiv told,REST_TILGANG Øvrige brancher,"Offentligt forbrug, i alt-(Anvendelse)",2019,4716.994938005266
Import eksklusiv told,REST_TILGANG Øvrige brancher,"Offentligt forbrug, i alt-(Anvendelse)",2020,4297.12
Import eksklusiv told,REST_TILGANG Øvrige brancher,"Offentligt forbrug, i alt-(Anvendelse)",2021,4743.843
Import eksklusiv told,REST_TILGANG Øvrige brancher,"Offentligt forbrug, i alt-(Anvendelse)",2022,4982.105622896053
Import eksklusiv told,REST_TILGANG Øvrige brancher,Privat,1967,70203.43009600598
Import eksklusiv told,REST_TILGANG Øvrige brancher,Privat,1968,77330.37989915792
Import eksklusiv told,REST_TILGANG Øvrige brancher,Privat,1969,89523.77218331532
Import eksklusiv told,REST_TILGANG Øvrige brancher,Privat,1970,95156.96863902478
Import eksklusiv told,REST_TILGANG Øvrige brancher,Privat,1971,97803.82181952626
Import eksklusiv told,REST_TILGANG Øvrige brancher,Privat,1972,104112.26110538823
Import eksklusiv told,REST_TILGANG Øvrige brancher,Privat,1973,114971.44145609465
Import eksklusiv told,REST_TILGANG Øvrige brancher,Privat,1974,113050.05533181292
Import eksklusiv told,REST_TILGANG Øvrige brancher,Privat,1975,101247.51932173784
Import eksklusiv told,REST_TILGANG Øvrige brancher,Privat,1976,114568.23026229917
Import eksklusiv told,REST_TILGANG Øvrige brancher,Privat,1977,115602.59031483815
Import eksklusiv told,REST_TILGANG Øvrige brancher,Privat,1978,116448.70130796173
Import eksklusiv told,REST_TILGANG Øvrige brancher,Privat,1979,122795.3455014142
Import eksklusiv told,REST_TILGANG Øvrige brancher,Privat,1980,119896.4536836988
Import eksklusiv told,REST_TILGANG Øvrige brancher,Privat,1981,114486.60466848896
Import eksklusiv told,REST_TILGANG Øvrige brancher,Privat,1982,113168.52358905043
Import eksklusiv told,REST_TILGANG Øvrige brancher,Privat,1983,114923.33502483278
Import eksklusiv told,REST_TILGANG Øvrige brancher,Privat,1984,122852.86725584595
Import eksklusiv told,REST_TILGANG Øvrige brancher,Privat,1985,129886.89230537706
Import eksklusiv told,REST_TILGANG Øvrige brancher,Privat,1986,133228.13608173642
Import eksklusiv told,REST_TILGANG Øvrige brancher,Privat,1987,133346.52451038803
Import eksklusiv told,REST_TILGANG Øvrige brancher,Privat,1988,139650.7597949013
Import eksklusiv told,REST_TILGANG Øvrige brancher,Privat,1989,141111.16929677952
Import eksklusiv told,REST_TILGANG Øvrige brancher,Privat,1990,144807.7813686782
Import eksklusiv told,REST_TILGANG Øvrige brancher,Privat,1991,147811.04283383876
Import eksklusiv told,REST_TILGANG Øvrige brancher,Privat,1992,145411.99684835982
Import eksklusiv told,REST_TILGANG Øvrige brancher,Privat,1993,140502.1193073609
Import eksklusiv told,REST_TILGANG Øvrige brancher,Privat,1994,153496.65305088685
Import eksklusiv told,REST_TILGANG Øvrige brancher,Privat,1995,161872.03046009803
Import eksklusiv told,REST_TILGANG Øvrige brancher,Privat,1996,169818.87172802945
Import eksklusiv told,REST_TILGANG Øvrige brancher,Privat,1997,176836.01566259933
Import eksklusiv told,REST_TILGANG Øvrige brancher,Privat,1998,187801.38557139592
Import eksklusiv told,REST_TILGANG Øvrige brancher,Privat,1999,196976.11477504426
Import eksklusiv told,REST_TILGANG Øvrige brancher,Privat,2000,215337.5603267119
Import eksklusiv told,REST_TILGANG Øvrige brancher,Privat,2001,222443.19652021516
Import eksklusiv told,REST_TILGANG Øvrige brancher,Privat,2002,232236.1201555554
Import eksklusiv told,REST_TILGANG Øvrige brancher,Privat,2003,225769.6131957176
Import eksklusiv told,REST_TILGANG Øvrige brancher,Privat,2004,231316.12638575342
Import eksklusiv told,REST_TILGANG Øvrige brancher,Privat,2005,266426.86555960495
Import eksklusiv told,REST_TILGANG Øvrige brancher,Privat,2006,297712.7196788052
Import eksklusiv told,REST_TILGANG Øvrige brancher,Privat,2007,309632.3086409777
Import eksklusiv told,REST_TILGANG Øvrige brancher,Privat,2008,333330.51706937084
Import eksklusiv told,REST_TILGANG Øvrige brancher,Privat,2009,284059.79755531024
Import eksklusiv told,REST_TILGANG Øvrige brancher,Privat,2010,283507.42741436476
Import eksklusiv told,REST_TILGANG Øvrige brancher,Privat,2011,302577.1547944136
Import eksklusiv told,REST_TILGANG Øvrige brancher,Privat,2012,314838.9853846542
Import eksklusiv told,REST_TILGANG Øvrige brancher,Privat,2013,319601.291842227
Import eksklusiv told,REST_TILGANG Øvrige brancher,Privat,2014,322357.385868728
Import eksklusiv told,REST_TILGANG Øvrige brancher,Privat,2015,347289.26808965555
Import eksklusiv told,REST_TILGANG Øvrige brancher,Privat,2016,368104.0663170374
Import eksklusiv told,REST_TILGANG Øvrige brancher,Privat,2017,376083.3403953991
Import eksklusiv told,REST_TILGANG Øvrige brancher,Privat,2018,399156.28435756377
Import eksklusiv told,REST_TILGANG Øvrige brancher,Privat,2019,422596.062621921
Import eksklusiv told,REST_TILGANG Øvrige brancher,Privat,2020,417046.308
Import eksklusiv told,REST_TILGANG Øvrige brancher,Privat,2021,443984.27200000006
Import eksklusiv told,REST_TILGANG Øvrige brancher,Privat,2022,489406.9353080115
Import eksklusiv told,REST_TILGANG Øvrige brancher,REST_ANVENDELSE Øvrige brancher,1967,68531.7019882817
Import eksklusiv told,REST_TILGANG Øvrige brancher,REST_ANVENDELSE Øvrige brancher,1968,75112.53350481582
Import eksklusiv told,REST_TILGANG Øvrige brancher,REST_ANVENDELSE Øvrige brancher,1969,87341.76763519489
Import eksklusiv told,REST_TILGANG Øvrige brancher,REST_ANVENDELSE Øvrige brancher,1970,92818.59961261672
Import eksklusiv told,REST_TILGANG Øvrige brancher,REST_ANVENDELSE Øvrige brancher,1971,95092.37768534487
Import eksklusiv told,REST_TILGANG Øvrige brancher,REST_ANVENDELSE Øvrige brancher,1972,101271.63655943736
Import eksklusiv told,REST_TILGANG Øvrige brancher,REST_ANVENDELSE Øvrige brancher,1973,111936.75110679003
Import eksklusiv told,REST_TILGANG Øvrige brancher,REST_ANVENDELSE Øvrige brancher,1974,110075.25233116906
Import eksklusiv told,REST_TILGANG Øvrige brancher,REST_ANVENDELSE Øvrige brancher,1975,99147.89619749952
Import eksklusiv told,REST_TILGANG Øvrige brancher,REST_ANVENDELSE Øvrige brancher,1976,112118.59824117685
Import eksklusiv told,REST_TILGANG Øvrige brancher,REST_ANVENDELSE Øvrige brancher,1977,112960.39746466071
Import eksklusiv told,REST_TILGANG Øvrige brancher,REST_ANVENDELSE Øvrige brancher,1978,113945.32803609627
Import eksklusiv told,REST_TILGANG Øvrige brancher,REST_ANVENDELSE Øvrige brancher,1979,118654.73423640287
Import eksklusiv told,REST_TILGANG Øvrige brancher,REST_ANVENDELSE Øvrige brancher,1980,115409.53839276229
Import eksklusiv told,REST_TILGANG Øvrige brancher,REST_ANVENDELSE Øvrige brancher,1981,110415.95497992774
Import eksklusiv told,REST_TILGANG Øvrige brancher,REST_ANVENDELSE Øvrige brancher,1982,108748.27422993745
Import eksklusiv told,REST_TILGANG Øvrige brancher,REST_ANVENDELSE Øvrige brancher,1983,110149.0446203068
Import eksklusiv told,REST_TILGANG Øvrige brancher,REST_ANVENDELSE Øvrige brancher,1984,117126.31323663518
Import eksklusiv told,REST_TILGANG Øvrige brancher,REST_ANVENDELSE Øvrige brancher,1985,124199.79985936335
Import eksklusiv told,REST_TILGANG Øvrige brancher,REST_ANVENDELSE Øvrige brancher,1986,127151.78438399732
Import eksklusiv told,REST_TILGANG Øvrige brancher,REST_ANVENDELSE Øvrige brancher,1987,127158.1270533427
Import eksklusiv told,REST_TILGANG Øvrige brancher,REST_ANVENDELSE Øvrige brancher,1988,134953.9868268239
Import eksklusiv told,REST_TILGANG Øvrige brancher,REST_ANVENDELSE Øvrige brancher,1989,135812.48159355682
Import eksklusiv told,REST_TILGANG Øvrige brancher,REST_ANVENDELSE Øvrige brancher,1990,138114.7932033395
Import eksklusiv told,REST_TILGANG Øvrige brancher,REST_ANVENDELSE Øvrige brancher,1991,140991.26377199806
Import eksklusiv told,REST_TILGANG Øvrige brancher,REST_ANVENDELSE Øvrige brancher,1992,140112.2093766377
Import eksklusiv told,REST_TILGANG Øvrige brancher,REST_ANVENDELSE Øvrige brancher,1993,137051.05148112035
Import eksklusiv told,REST_TILGANG Øvrige brancher,REST_ANVENDELSE Øvrige brancher,1994,150568.13566161384
Import eksklusiv told,REST_TILGANG Øvrige brancher,REST_ANVENDELSE Øvrige brancher,1995,159922.35259342883
Import eksklusiv told,REST_TILGANG Øvrige brancher,REST_ANVENDELSE Øvrige brancher,1996,167299.68457127505
Import eksklusiv told,REST_TILGANG Øvrige brancher,REST_ANVENDELSE Øvrige brancher,1997,174431.68797976684
Import eksklusiv told,REST_TILGANG Øvrige brancher,REST_ANVENDELSE Øvrige brancher,1998,184998.26067084353
Import eksklusiv told,REST_TILGANG Øvrige brancher,REST_ANVENDELSE Øvrige brancher,1999,193714.846612243
Import eksklusiv told,REST_TILGANG Øvrige brancher,REST_ANVENDELSE Øvrige brancher,2000,213185.90307448694
Import eksklusiv told,REST_TILGANG Øvrige brancher,REST_ANVENDELSE Øvrige brancher,2001,220054.60125230975
Import eksklusiv told,REST_TILGANG Øvrige brancher,REST_ANVENDELSE Øvrige brancher,2002,229394.41527692214
Import eksklusiv told,REST_TILGANG Øvrige brancher,REST_ANVENDELSE Øvrige brancher,2003,222436.48415389706
Import eksklusiv told,REST_TILGANG Øvrige brancher,REST_ANVENDELSE Øvrige brancher,2004,228916.0359748689
Import eksklusiv told,REST_TILGANG Øvrige brancher,REST_ANVENDELSE Øvrige brancher,2005,266377.49346429005
Import eksklusiv told,REST_TILGANG Øvrige brancher,REST_ANVENDELSE Øvrige brancher,2006,297904.0640641676
Import eksklusiv told,REST_TILGANG Øvrige brancher,REST_ANVENDELSE Øvrige brancher,2007,309674.1164556381
Import eksklusiv told,REST_TILGANG Øvrige brancher,REST_ANVENDELSE Øvrige brancher,2008,335438.20479241613
Import eksklusiv told,REST_TILGANG Øvrige brancher,REST_ANVENDELSE Øvrige brancher,2009,288376.54067369475
Import eksklusiv told,REST_TILGANG Øvrige brancher,REST_ANVENDELSE Øvrige brancher,2010,290805.6738412061
Import eksklusiv told,REST_TILGANG Øvrige brancher,REST_ANVENDELSE Øvrige brancher,2011,309567.93054851744
Import eksklusiv told,REST_TILGANG Øvrige brancher,REST_ANVENDELSE Øvrige brancher,2012,324466.723598514
Import eksklusiv told,REST_TILGANG Øvrige brancher,REST_ANVENDELSE Øvrige brancher,2013,329211.1052231521
Import eksklusiv told,REST_TILGANG Øvrige brancher,REST_ANVENDELSE Øvrige brancher,2014,333859.7301495294
Import eksklusiv told,REST_TILGANG Øvrige brancher,REST_ANVENDELSE Øvrige brancher,2015,360388.7735837167
Import eksklusiv told,REST_TILGANG Øvrige brancher,REST_ANVENDELSE Øvrige brancher,2016,380905.2791701395
Import eksklusiv told,REST_TILGANG Øvrige brancher,REST_ANVENDELSE Øvrige brancher,2017,390514.83285111346
Import eksklusiv told,REST_TILGANG Øvrige brancher,REST_ANVENDELSE Øvrige brancher,2018,414717.036832818
Import eksklusiv told,REST_TILGANG Øvrige brancher,REST_ANVENDELSE Øvrige brancher,2019,439165.49261516467
Import eksklusiv told,REST_TILGANG Øvrige brancher,REST_ANVENDELSE Øvrige brancher,2020,435257.586
Import eksklusiv told,REST_TILGANG Øvrige brancher,REST_ANVENDELSE Øvrige brancher,2021,466048.48
Import eksklusiv told,REST_TILGANG Øvrige brancher,REST_ANVENDELSE Øvrige brancher,2022,506674.6655099906
Import inkl. told,01000 Landbrug og gartneri-(Tilgang),01000 Landbrug og gartneri- (Anvendelse),1967,1684.7353568119245
Import inkl. told,01000 Landbrug og gartneri-(Tilgang),01000 Landbrug og gartneri- (Anvendelse),1968,833.377302516025
Import inkl. told,01000 Landbrug og gartneri-(Tilgang),01000 Landbrug og gartneri- (Anvendelse),1969,439.40476240559065
Import inkl. told,01000 Landbrug og gartneri-(Tilgang),01000 Landbrug og gartneri- (Anvendelse),1970,870.7677865554591
Import inkl. told,01000 Landbrug og gartneri-(Tilgang),01000 Landbrug og gartneri- (Anvendelse),1971,1298.2667053643652
Import inkl. told,01000 Landbrug og gartneri-(Tilgang),01000 Landbrug og gartneri- (Anvendelse),1972,829.0231998952316
Import inkl. told,01000 Landbrug og gartneri-(Tilgang),01000 Landbrug og gartneri- (Anvendelse),1973,872.0801207433587
Import inkl. told,01000 Landbrug og gartneri-(Tilgang),01000 Landbrug og gartneri- (Anvendelse),1974,870.9167557341681
Import inkl. told,01000 Landbrug og gartneri-(Tilgang),01000 Landbrug og gartneri- (Anvendelse),1975,676.3758362248237
Import inkl. told,01000 Landbrug og gartneri-(Tilgang),01000 Landbrug og gartneri- (Anvendelse),1976,1248.8457896878551
Import inkl. told,01000 Landbrug og gartneri-(Tilgang),01000 Landbrug og gartneri- (Anvendelse),1977,1013.1789998628833
Import inkl. told,01000 Landbrug og gartneri-(Tilgang),01000 Landbrug og gartneri- (Anvendelse),1978,682.8015698130663
Import inkl. told,01000 Landbrug og gartneri-(Tilgang),01000 Landbrug og gartneri- (Anvendelse),1979,712.0161180375122
Import inkl. told,01000 Landbrug og gartneri-(Tilgang),01000 Landbrug og gartneri- (Anvendelse),1980,717.672992708361
Import inkl. told,01000 Landbrug og gartneri-(Tilgang),01000 Landbrug og gartneri- (Anvendelse),1981,1004.4351937613809
Import inkl. told,01000 Landbrug og gartneri-(Tilgang),01000 Landbrug og gartneri- (Anvendelse),1982,698.3579038816837
Import inkl. told,01000 Landbrug og gartneri-(Tilgang),01000 Landbrug og gartneri- (Anvendelse),1983,1195.0678335255716
Import inkl. told,01000 Landbrug og gartneri-(Tilgang),01000 Landbrug og gartneri- (Anvendelse),1984,692.1316564043128
Import inkl. told,01000 Landbrug og gartneri-(Tilgang),01000 Landbrug og gartneri- (Anvendelse),1985,647.3028040236907
Import inkl. told,01000 Landbrug og gartneri-(Tilgang),01000 Landbrug og gartneri- (Anvendelse),1986,791.7946658403793
Import inkl. told,01000 Landbrug og gartneri-(Tilgang),01000 Landbrug og gartneri- (Anvendelse),1987,618.7124279350319
Import inkl. told,01000 Landbrug og gartneri-(Tilgang),01000 Landbrug og gartneri- (Anvendelse),1988,426.3958233236243
Import inkl. told,01000 Landbrug og gartneri-(Tilgang),01000 Landbrug og gartneri- (Anvendelse),1989,293.69732103764875
Import inkl. told,01000 Landbrug og gartneri-(Tilgang),01000 Landbrug og gartneri- (Anvendelse),1990,225.2185557355297
Import inkl. told,01000 Landbrug og gartneri-(Tilgang),01000 Landbrug og gartneri- (Anvendelse),1991,358.8823950582459
Import inkl. told,01000 Landbrug og gartneri-(Tilgang),01000 Landbrug og gartneri- (Anvendelse),1992,1427.8833305989724
Import inkl. told,01000 Landbrug og gartneri-(Tilgang),01000 Landbrug og gartneri- (Anvendelse),1993,682.4281187938118
Import inkl. told,01000 Landbrug og gartneri-(Tilgang),01000 Landbrug og gartneri- (Anvendelse),1994,537.6884806075357
Import inkl. told,01000 Landbrug og gartneri-(Tilgang),01000 Landbrug og gartneri- (Anvendelse),1995,549.6213947651075
Import inkl. told,01000 Landbrug og gartneri-(Tilgang),01000 Landbrug og gartneri- (Anvendelse),1996,524.6175504928128
Import inkl. told,01000 Landbrug og gartneri-(Tilgang),01000 Landbrug og gartneri- (Anvendelse),1997,512.8594908079309
Import inkl. told,01000 Landbrug og gartneri-(Tilgang),01000 Landbrug og gartneri- (Anvendelse),1998,748.0511076675581
Import inkl. told,01000 Landbrug og gartneri-(Tilgang),01000 Landbrug og gartneri- (Anvendelse),1999,739.9690935530947
Import inkl. told,01000 Landbrug og gartneri-(Tilgang),01000 Landbrug og gartneri- (Anvendelse),2000,805.2720804877515
Import inkl. told,01000 Landbrug og gartneri-(Tilgang),01000 Landbrug og gartneri- (Anvendelse),2001,933.8809233095157
Import inkl. told,01000 Landbrug og gartneri-(Tilgang),01000 Landbrug og gartneri- (Anvendelse),2002,1150.0260964397025
Import inkl. told,01000 Landbrug og gartneri-(Tilgang),01000 Landbrug og gartneri- (Anvendelse),2003,889.8190510932952
Import inkl. told,01000 Landbrug og gartneri-(Tilgang),01000 Landbrug og gartneri- (Anvendelse),2004,602.1519345828863
Import inkl. told,01000 Landbrug og gartneri-(Tilgang),01000 Landbrug og gartneri- (Anvendelse),2005,567.8139740400864
Import inkl. told,01000 Landbrug og gartneri-(Tilgang),01000 Landbrug og gartneri- (Anvendelse),2006,815.939310449328
Import inkl. told,01000 Landbrug og gartneri-(Tilgang),01000 Landbrug og gartneri- (Anvendelse),2007,505.46290804874553
Import inkl. told,01000 Landbrug og gartneri-(Tilgang),01000 Landbrug og gartneri- (Anvendelse),2008,930.2982129787657
Import inkl. told,01000 Landbrug og gartneri-(Tilgang),01000 Landbrug og gartneri- (Anvendelse),2009,756.967955078728
Import inkl. told,01000 Landbrug og gartneri-(Tilgang),01000 Landbrug og gartneri- (Anvendelse),2010,811.5331324384433
Import inkl. told,01000 Landbrug og gartneri-(Tilgang),01000 Landbrug og gartneri- (Anvendelse),2011,1258.4072595015546
Import inkl. told,01000 Landbrug og gartneri-(Tilgang),01000 Landbrug og gartneri- (Anvendelse),2012,1029.8048785383783
Import inkl. told,01000 Landbrug og gartneri-(Tilgang),01000 Landbrug og gartneri- (Anvendelse),2013,948.3908324706467
Import inkl. told,01000 Landbrug og gartneri-(Tilgang),01000 Landbrug og gartneri- (Anvendelse),2014,737.1239817820214
Import inkl. told,01000 Landbrug og gartneri-(Tilgang),01000 Landbrug og gartneri- (Anvendelse),2015,826.3678310129599
Import inkl. told,01000 Landbrug og gartneri-(Tilgang),01000 Landbrug og gartneri- (Anvendelse),2016,1008.5710001918285
Import inkl. told,01000 Landbrug og gartneri-(Tilgang),01000 Landbrug og gartneri- (Anvendelse),2017,1164.1714781935802
Import inkl. told,01000 Landbrug og gartneri-(Tilgang),01000 Landbrug og gartneri- (Anvendelse),2018,1406.9223500690036
Import inkl. told,01000 Landbrug og gartneri-(Tilgang),01000 Landbrug og gartneri- (Anvendelse),2019,1217.3889159631653
Import inkl. told,01000 Landbrug og gartneri-(Tilgang),01000 Landbrug og gartneri- (Anvendelse),2020,643.111
Import inkl. told,01000 Landbrug og gartneri-(Tilgang),01000 Landbrug og gartneri- (Anvendelse),2021,627.227
Import inkl. told,01000 Landbrug og gartneri-(Tilgang),01000 Landbrug og gartneri- (Anvendelse),2022,905.9192499076232
Import inkl. told,01000 Landbrug og gartneri-(Tilgang),"10120 Føde-, drikke- og tobaksvareindustri- (Anvendelse)",1967,2236.2803310978134
Import inkl. told,01000 Landbrug og gartneri-(Tilgang),"10120 Føde-, drikke- og tobaksvareindustri- (Anvendelse)",1968,1578.9671429373882
Import inkl. told,01000 Landbrug og gartneri-(Tilgang),"10120 Føde-, drikke- og tobaksvareindustri- (Anvendelse)",1969,1603.255503704197
Import inkl. told,01000 Landbrug og gartneri-(Tilgang),"10120 Føde-, drikke- og tobaksvareindustri- (Anvendelse)",1970,1919.8527087403215
Import inkl. told,01000 Landbrug og gartneri-(Tilgang),"10120 Føde-, drikke- og tobaksvareindustri- (Anvendelse)",1971,1849.9078034199067
Import inkl. told,01000 Landbrug og gartneri-(Tilgang),"10120 Føde-, drikke- og tobaksvareindustri- (Anvendelse)",1972,1591.9750577505358
Import inkl. told,01000 Landbrug og gartneri-(Tilgang),"10120 Føde-, drikke- og tobaksvareindustri- (Anvendelse)",1973,2038.8263284752477
Import inkl. told,01000 Landbrug og gartneri-(Tilgang),"10120 Føde-, drikke- og tobaksvareindustri- (Anvendelse)",1974,1794.3938804094205
Import inkl. told,01000 Landbrug og gartneri-(Tilgang),"10120 Føde-, drikke- og tobaksvareindustri- (Anvendelse)",1975,1594.7554558560346
Import inkl. told,01000 Landbrug og gartneri-(Tilgang),"10120 Føde-, drikke- og tobaksvareindustri- (Anvendelse)",1976,1837.5779975950884
Import inkl. told,01000 Landbrug og gartneri-(Tilgang),"10120 Føde-, drikke- og tobaksvareindustri- (Anvendelse)",1977,1549.4909405631324
Import inkl. told,01000 Landbrug og gartneri-(Tilgang),"10120 Føde-, drikke- og tobaksvareindustri- (Anvendelse)",1978,2049.708777611498
Import inkl. told,01000 Landbrug og gartneri-(Tilgang),"10120 Føde-, drikke- og tobaksvareindustri- (Anvendelse)",1979,2049.814207741659
Import inkl. told,01000 Landbrug og gartneri-(Tilgang),"10120 Føde-, drikke- og tobaksvareindustri- (Anvendelse)",1980,1775.2706205240038
Import inkl. told,01000 Landbrug og gartneri-(Tilgang),"10120 Føde-, drikke- og tobaksvareindustri- (Anvendelse)",1981,1476.5461535844665
Import inkl. told,01000 Landbrug og gartneri-(Tilgang),"10120 Føde-, drikke- og tobaksvareindustri- (Anvendelse)",1982,1468.9019118177484
Import inkl. told,01000 Landbrug og gartneri-(Tilgang),"10120 Føde-, drikke- og tobaksvareindustri- (Anvendelse)",1983,1415.9236606478353
Import inkl. told,01000 Landbrug og gartneri-(Tilgang),"10120 Føde-, drikke- og tobaksvareindustri- (Anvendelse)",1984,1248.436925040101
Import inkl. told,01000 Landbrug og gartneri-(Tilgang),"10120 Føde-, drikke- og tobaksvareindustri- (Anvendelse)",1985,1340.8952619135982
Import inkl. told,01000 Landbrug og gartneri-(Tilgang),"10120 Føde-, drikke- og tobaksvareindustri- (Anvendelse)",1986,1411.6608947393036
Import inkl. told,01000 Landbrug og gartneri-(Tilgang),"10120 Føde-, drikke- og tobaksvareindustri- (Anvendelse)",1987,1207.492168691074
Import inkl. told,01000 Landbrug og gartneri-(Tilgang),"10120 Føde-, drikke- og tobaksvareindustri- (Anvendelse)",1988,1064.3024414962613
Import inkl. told,01000 Landbrug og gartneri-(Tilgang),"10120 Føde-, drikke- og tobaksvareindustri- (Anvendelse)",1989,1014.8932924528648
Import inkl. told,01000 Landbrug og gartneri-(Tilgang),"10120 Føde-, drikke- og tobaksvareindustri- (Anvendelse)",1990,1371.2569293979789
Import inkl. told,01000 Landbrug og gartneri-(Tilgang),"10120 Føde-, drikke- og tobaksvareindustri- (Anvendelse)",1991,1583.113780308604
Import inkl. told,01000 Landbrug og gartneri-(Tilgang),"10120 Føde-, drikke- og tobaksvareindustri- (Anvendelse)",1992,1454.9224515594938
Import inkl. told,01000 Landbrug og gartneri-(Tilgang),"10120 Føde-, drikke- og tobaksvareindustri- (Anvendelse)",1993,1609.514927448591
Import inkl. told,01000 Landbrug og gartneri-(Tilgang),"10120 Føde-, drikke- og tobaksvareindustri- (Anvendelse)",1994,1908.4698798818415
Import inkl. told,01000 Landbrug og gartneri-(Tilgang),"10120 Føde-, drikke- og tobaksvareindustri- (Anvendelse)",1995,2201.4905082931546
Import inkl. told,01000 Landbrug og gartneri-(Tilgang),"10120 Føde-, drikke- og tobaksvareindustri- (Anvendelse)",1996,2079.7416499951773
Import inkl. told,01000 Landbrug og gartneri-(Tilgang),"10120 Føde-, drikke- og tobaksvareindustri- (Anvendelse)",1997,2185.91746011119
Import inkl. told,01000 Landbrug og gartneri-(Tilgang),"10120 Føde-, drikke- og tobaksvareindustri- (Anvendelse)",1998,2328.0479772024833
Import inkl. told,01000 Landbrug og gartneri-(Tilgang),"10120 Føde-, drikke- og tobaksvareindustri- (Anvendelse)",1999,2394.7420982980398
Import inkl. told,01000 Landbrug og gartneri-(Tilgang),"10120 Føde-, drikke- og tobaksvareindustri- (Anvendelse)",2000,2455.437241109236
Import inkl. told,01000 Landbrug og gartneri-(Tilgang),"10120 Føde-, drikke- og tobaksvareindustri- (Anvendelse)",2001,2497.1947331873125
Import inkl. told,01000 Landbrug og gartneri-(Tilgang),"10120 Føde-, drikke- og tobaksvareindustri- (Anvendelse)",2002,3371.871298780118
Import inkl. told,01000 Landbrug og gartneri-(Tilgang),"10120 Føde-, drikke- og tobaksvareindustri- (Anvendelse)",2003,3692.2165169257637
Import inkl. told,01000 Landbrug og gartneri-(Tilgang),"10120 Føde-, drikke- og tobaksvareindustri- (Anvendelse)",2004,3266.703633509283
Import inkl. told,01000 Landbrug og gartneri-(Tilgang),"10120 Føde-, drikke- og tobaksvareindustri- (Anvendelse)",2005,2915.5823157232226
Import inkl. told,01000 Landbrug og gartneri-(Tilgang),"10120 Føde-, drikke- og tobaksvareindustri- (Anvendelse)",2006,3601.747816567295
Import inkl. told,01000 Landbrug og gartneri-(Tilgang),"10120 Føde-, drikke- og tobaksvareindustri- (Anvendelse)",2007,3397.0010776365248
Import inkl. told,01000 Landbrug og gartneri-(Tilgang),"10120 Føde-, drikke- og tobaksvareindustri- (Anvendelse)",2008,4390.244257150047
Import inkl. told,01000 Landbrug og gartneri-(Tilgang),"10120 Føde-, drikke- og tobaksvareindustri- (Anvendelse)",2009,2825.1182686653074
Import inkl. told,01000 Landbrug og gartneri-(Tilgang),"10120 Føde-, drikke- og tobaksvareindustri- (Anvendelse)",2010,2491.931526791288
Import inkl. told,01000 Landbrug og gartneri-(Tilgang),"10120 Føde-, drikke- og tobaksvareindustri- (Anvendelse)",2011,2211.926418601442
Import inkl. told,01000 Landbrug og gartneri-(Tilgang),"10120 Føde-, drikke- og tobaksvareindustri- (Anvendelse)",2012,2132.719235311008
Import inkl. told,01000 Landbrug og gartneri-(Tilgang),"10120 Føde-, drikke- og tobaksvareindustri- (Anvendelse)",2013,2312.9842775414977
Import inkl. told,01000 Landbrug og gartneri-(Tilgang),"10120 Føde-, drikke- og tobaksvareindustri- (Anvendelse)",2014,2144.0122622431886
Import inkl. told,01000 Landbrug og gartneri-(Tilgang),"10120 Føde-, drikke- og tobaksvareindustri- (Anvendelse)",2015,2359.1615205064986
Import inkl. told,01000 Landbrug og gartneri-(Tilgang),"10120 Føde-, drikke- og tobaksvareindustri- (Anvendelse)",2016,2125.5988086246825
Import inkl. told,01000 Landbrug og gartneri-(Tilgang),"10120 Føde-, drikke- og tobaksvareindustri- (Anvendelse)",2017,2533.567859504748
Import inkl. told,01000 Landbrug og gartneri-(Tilgang),"10120 Føde-, drikke- og tobaksvareindustri- (Anvendelse)",2018,2606.6894172989255
Import inkl. told,01000 Landbrug og gartneri-(Tilgang),"10120 Føde-, drikke- og tobaksvareindustri- (Anvendelse)",2019,2868.6803549164033
Import inkl. told,01000 Landbrug og gartneri-(Tilgang),"10120 Føde-, drikke- og tobaksvareindustri- (Anvendelse)",2020,2322.639
Import inkl. told,01000 Landbrug og gartneri-(Tilgang),"10120 Føde-, drikke- og tobaksvareindustri- (Anvendelse)",2021,1658.24
Import inkl. told,01000 Landbrug og gartneri-(Tilgang),"10120 Føde-, drikke- og tobaksvareindustri- (Anvendelse)",2022,1793.2226685493936
Import inkl. told,01000 Landbrug og gartneri-(Tilgang),"Anvendelse, i alt-(Anvendelse)",1967,6542.215546813641
Import inkl. told,01000 Landbrug og gartneri-(Tilgang),"Anvendelse, i alt-(Anvendelse)",1968,6359.970260710709
Import inkl. told,01000 Landbrug og gartneri-(Tilgang),"Anvendelse, i alt-(Anvendelse)",1969,5942.313600295967
Import inkl. told,01000 Landbrug og gartneri-(Tilgang),"Anvendelse, i alt-(Anvendelse)",1970,6709.805599016178
Import inkl. told,01000 Landbrug og gartneri-(Tilgang),"Anvendelse, i alt-(Anvendelse)",1971,7210.878109889168
Import inkl. told,01000 Landbrug og gartneri-(Tilgang),"Anvendelse, i alt-(Anvendelse)",1972,6599.531095682775
Import inkl. told,01000 Landbrug og gartneri-(Tilgang),"Anvendelse, i alt-(Anvendelse)",1973,6871.779189590019
Import inkl. told,01000 Landbrug og gartneri-(Tilgang),"Anvendelse, i alt-(Anvendelse)",1974,7014.89024560039
Import inkl. told,01000 Landbrug og gartneri-(Tilgang),"Anvendelse, i alt-(Anvendelse)",1975,6366.610245201077
Import inkl. told,01000 Landbrug og gartneri-(Tilgang),"Anvendelse, i alt-(Anvendelse)",1976,6905.483182060755
Import inkl. told,01000 Landbrug og gartneri-(Tilgang),"Anvendelse, i alt-(Anvendelse)",1977,6951.376171252308
Import inkl. told,01000 Landbrug og gartneri-(Tilgang),"Anvendelse, i alt-(Anvendelse)",1978,7410.63550386419
Import inkl. told,01000 Landbrug og gartneri-(Tilgang),"Anvendelse, i alt-(Anvendelse)",1979,7650.810039388037
Import inkl. told,01000 Landbrug og gartneri-(Tilgang),"Anvendelse, i alt-(Anvendelse)",1980,7163.856591755786
Import inkl. told,01000 Landbrug og gartneri-(Tilgang),"Anvendelse, i alt-(Anvendelse)",1981,7452.137895725539
Import inkl. told,01000 Landbrug og gartneri-(Tilgang),"Anvendelse, i alt-(Anvendelse)",1982,6942.280054401682
Import inkl. told,01000 Landbrug og gartneri-(Tilgang),"Anvendelse, i alt-(Anvendelse)",1983,7219.233265899953
Import inkl. told,01000 Landbrug og gartneri-(Tilgang),"Anvendelse, i alt-(Anvendelse)",1984,5852.581803096615
Import inkl. told,01000 Landbrug og gartneri-(Tilgang),"Anvendelse, i alt-(Anvendelse)",1985,6095.401814186662
Import inkl. told,01000 Landbrug og gartneri-(Tilgang),"Anvendelse, i alt-(Anvendelse)",1986,6294.753171786828
Import inkl. told,01000 Landbrug og gartneri-(Tilgang),"Anvendelse, i alt-(Anvendelse)",1987,6406.023860907275
Import inkl. told,01000 Landbrug og gartneri-(Tilgang),"Anvendelse, i alt-(Anvendelse)",1988,6841.496168623827
Import inkl. told,01000 Landbrug og gartneri-(Tilgang),"Anvendelse, i alt-(Anvendelse)",1989,6832.33572050478
Import inkl. told,01000 Landbrug og gartneri-(Tilgang),"Anvendelse, i alt-(Anvendelse)",1990,5989.136460428411
Import inkl. told,01000 Landbrug og gartneri-(Tilgang),"Anvendelse, i alt-(Anvendelse)",1991,6202.870122054817
Import inkl. told,01000 Landbrug og gartneri-(Tilgang),"Anvendelse, i alt-(Anvendelse)",1992,6776.115608166647
Import inkl. told,01000 Landbrug og gartneri-(Tilgang),"Anvendelse, i alt-(Anvendelse)",1993,6714.541055619128
Import inkl. told,01000 Landbrug og gartneri-(Tilgang),"Anvendelse, i alt-(Anvendelse)",1994,6942.20594837266
Import inkl. told,01000 Landbrug og gartneri-(Tilgang),"Anvendelse, i alt-(Anvendelse)",1995,6829.3388516774685
Import inkl. told,01000 Landbrug og gartneri-(Tilgang),"Anvendelse, i alt-(Anvendelse)",1996,7163.224707969106
Import inkl. told,01000 Landbrug og gartneri-(Tilgang),"Anvendelse, i alt-(Anvendelse)",1997,7367.192199488726
Import inkl. told,01000 Landbrug og gartneri-(Tilgang),"Anvendelse, i alt-(Anvendelse)",1998,8258.66550264092
Import inkl. told,01000 Landbrug og gartneri-(Tilgang),"Anvendelse, i alt-(Anvendelse)",1999,8299.737906842665
Import inkl. told,01000 Landbrug og gartneri-(Tilgang),"Anvendelse, i alt-(Anvendelse)",2000,8804.330270218712
Import inkl. told,01000 Landbrug og gartneri-(Tilgang),"Anvendelse, i alt-(Anvendelse)",2001,8832.807552090386
Import inkl. told,01000 Landbrug og gartneri-(Tilgang),"Anvendelse, i alt-(Anvendelse)",2002,9265.676460730177
Import inkl. told,01000 Landbrug og gartneri-(Tilgang),"Anvendelse, i alt-(Anvendelse)",2003,9537.653616369113
Import inkl. told,01000 Landbrug og gartneri-(Tilgang),"Anvendelse, i alt-(Anvendelse)",2004,9411.344493056704
Import inkl. told,01000 Landbrug og gartneri-(Tilgang),"Anvendelse, i alt-(Anvendelse)",2005,8851.404224725015
Import inkl. told,01000 Landbrug og gartneri-(Tilgang),"Anvendelse, i alt-(Anvendelse)",2006,9869.757320903727
Import inkl. told,01000 Landbrug og gartneri-(Tilgang),"Anvendelse, i alt-(Anvendelse)",2007,10138.300999407797
Import inkl. told,01000 Landbrug og gartneri-(Tilgang),"Anvendelse, i alt-(Anvendelse)",2008,11145.416568669763
Import inkl. told,01000 Landbrug og gartneri-(Tilgang),"Anvendelse, i alt-(Anvendelse)",2009,8937.404348433382
Import inkl. told,01000 Landbrug og gartneri-(Tilgang),"Anvendelse, i alt-(Anvendelse)",2010,9364.505326518994
Import inkl. told,01000 Landbrug og gartneri-(Tilgang),"Anvendelse, i alt-(Anvendelse)",2011,8743.90424146771
Import inkl. told,01000 Landbrug og gartneri-(Tilgang),"Anvendelse, i alt-(Anvendelse)",2012,8574.724882868044
Import inkl. told,01000 Landbrug og gartneri-(Tilgang),"Anvendelse, i alt-(Anvendelse)",2013,9324.707362097692
Import inkl. told,01000 Landbrug og gartneri-(Tilgang),"Anvendelse, i alt-(Anvendelse)",2014,11024.621978609199
Import inkl. told,01000 Landbrug og gartneri-(Tilgang),"Anvendelse, i alt-(Anvendelse)",2015,11657.14569895679
Import inkl. told,01000 Landbrug og gartneri-(Tilgang),"Anvendelse, i alt-(Anvendelse)",2016,11757.776833087944
Import inkl. told,01000 Landbrug og gartneri-(Tilgang),"Anvendelse, i alt-(Anvendelse)",2017,13414.497878478383
Import inkl. told,01000 Landbrug og gartneri-(Tilgang),"Anvendelse, i alt-(Anvendelse)",2018,14245.037529401458
Import inkl. told,01000 Landbrug og gartneri-(Tilgang),"Anvendelse, i alt-(Anvendelse)",2019,14377.149859758092
Import inkl. told,01000 Landbrug og gartneri-(Tilgang),"Anvendelse, i alt-(Anvendelse)",2020,12578.005
Import inkl. told,01000 Landbrug og gartneri-(Tilgang),"Anvendelse, i alt-(Anvendelse)",2021,11961.857
Import inkl. told,01000 Landbrug og gartneri-(Tilgang),"Anvendelse, i alt-(Anvendelse)",2022,11230.155589412529
Import inkl. told,01000 Landbrug og gartneri-(Tilgang),Eksport - (Anvendelse),1967,924.7574775383124
Import inkl. told,01000 Landbrug og gartneri-(Tilgang),Eksport - (Anvendelse),1968,823.9344079446731
Import inkl. told,01000 Landbrug og gartneri-(Tilgang),Eksport - (Anvendelse),1969,742.2935216395497
Import inkl. told,01000 Landbrug og gartneri-(Tilgang),Eksport - (Anvendelse),1970,999.8456924547395
Import inkl. told,01000 Landbrug og gartneri-(Tilgang),Eksport - (Anvendelse),1971,791.8906030193365
Import inkl. told,01000 Landbrug og gartneri-(Tilgang),Eksport - (Anvendelse),1972,901.7796512167635
Import inkl. told,01000 Landbrug og gartneri-(Tilgang),Eksport - (Anvendelse),1973,1656.9757143016218
Import inkl. told,01000 Landbrug og gartneri-(Tilgang),Eksport - (Anvendelse),1974,1942.9098795740929
Import inkl. told,01000 Landbrug og gartneri-(Tilgang),Eksport - (Anvendelse),1975,1299.2963313457433
Import inkl. told,01000 Landbrug og gartneri-(Tilgang),Eksport - (Anvendelse),1976,1574.112932929686
Import inkl. told,01000 Landbrug og gartneri-(Tilgang),Eksport - (Anvendelse),1977,2065.2877390865406
Import inkl. told,01000 Landbrug og gartneri-(Tilgang),Eksport - (Anvendelse),1978,1811.5971112410289
Import inkl. told,01000 Landbrug og gartneri-(Tilgang),Eksport - (Anvendelse),1979,2603.5508959294184
Import inkl. told,01000 Landbrug og gartneri-(Tilgang),Eksport - (Anvendelse),1980,2371.1859286400754
Import inkl. told,01000 Landbrug og gartneri-(Tilgang),Eksport - (Anvendelse),1981,2993.61351744413
Import inkl. told,01000 Landbrug og gartneri-(Tilgang),Eksport - (Anvendelse),1982,2990.528828676959
Import inkl. told,01000 Landbrug og gartneri-(Tilgang),Eksport - (Anvendelse),1983,3255.1724103869315
Import inkl. told,01000 Landbrug og gartneri-(Tilgang),Eksport - (Anvendelse),1984,1189.5041918860097
Import inkl. told,01000 Landbrug og gartneri-(Tilgang),Eksport - (Anvendelse),1985,1471.3953557340633
Import inkl. told,01000 Landbrug og gartneri-(Tilgang),Eksport - (Anvendelse),1986,1132.3127648819886
Import inkl. told,01000 Landbrug og gartneri-(Tilgang),Eksport - (Anvendelse),1987,2486.6220135434382
Import inkl. told,01000 Landbrug og gartneri-(Tilgang),Eksport - (Anvendelse),1988,1873.2291270769213
Import inkl. told,01000 Landbrug og gartneri-(Tilgang),Eksport - (Anvendelse),1989,1588.936064479402
Import inkl. told,01000 Landbrug og gartneri-(Tilgang),Eksport - (Anvendelse),1990,805.3827760955719
Import inkl. told,01000 Landbrug og gartneri-(Tilgang),Eksport - (Anvendelse),1991,1067.47240076304
Import inkl. told,01000 Landbrug og gartneri-(Tilgang),Eksport - (Anvendelse),1992,1327.3214082818333
Import inkl. told,01000 Landbrug og gartneri-(Tilgang),Eksport - (Anvendelse),1993,727.8570656884926
Import inkl. told,01000 Landbrug og gartneri-(Tilgang),Eksport - (Anvendelse),1994,807.5465696470318
Import inkl. told,01000 Landbrug og gartneri-(Tilgang),Eksport - (Anvendelse),1995,468.9115107455544
Import inkl. told,01000 Landbrug og gartneri-(Tilgang),Eksport - (Anvendelse),1996,766.7544531675846
Import inkl. told,01000 Landbrug og gartneri-(Tilgang),Eksport - (Anvendelse),1997,782.8471806045628
Import inkl. told,01000 Landbrug og gartneri-(Tilgang),Eksport - (Anvendelse),1998,1075.8899561910882
Import inkl. told,01000 Landbrug og gartneri-(Tilgang),Eksport - (Anvendelse),1999,838.4585941584378
Import inkl. told,01000 Landbrug og gartneri-(Tilgang),Eksport - (Anvendelse),2000,953.2489182898261
Import inkl. told,01000 Landbrug og gartneri-(Tilgang),Eksport - (Anvendelse),2001,1014.0930038096783
Import inkl. told,01000 Landbrug og gartneri-(Tilgang),Eksport - (Anvendelse),2002,894.2469299007345
Import inkl. told,01000 Landbrug og gartneri-(Tilgang),Eksport - (Anvendelse),2003,826.0958880247945
Import inkl. told,01000 Landbrug og gartneri-(Tilgang),Eksport - (Anvendelse),2004,982.8471496554511
Import inkl. told,01000 Landbrug og gartneri-(Tilgang),Eksport - (Anvendelse),2005,566.4109126240825
Import inkl. told,01000 Landbrug og gartneri-(Tilgang),Eksport - (Anvendelse),2006,1081.8895963552434
Import inkl. told,01000 Landbrug og gartneri-(Tilgang),Eksport - (Anvendelse),2007,616.9364292792437
Import inkl. told,01000 Landbrug og gartneri-(Tilgang),Eksport - (Anvendelse),2008,1118.7214435933613
Import inkl. told,01000 Landbrug og gartneri-(Tilgang),Eksport - (Anvendelse),2009,630.4786509299554
Import inkl. told,01000 Landbrug og gartneri-(Tilgang),Eksport - (Anvendelse),2010,1375.4823917397537
Import inkl. told,01000 Landbrug og gartneri-(Tilgang),Eksport - (Anvendelse),2011,1272.5211429875028
Import inkl. told,01000 Landbrug og gartneri-(Tilgang),Eksport - (Anvendelse),2012,1078.8806684699182
Import inkl. told,01000 Landbrug og gartneri-(Tilgang),Eksport - (Anvendelse),2013,3959.6526782883375
Import inkl. told,01000 Landbrug og gartneri-(Tilgang),Eksport - (Anvendelse),2014,2801.7492238785317
Import inkl. told,01000 Landbrug og gartneri-(Tilgang),Eksport - (Anvendelse),2015,3310.0217466223367
Import inkl. told,01000 Landbrug og gartneri-(Tilgang),Eksport - (Anvendelse),2016,2854.7890801663752
Import inkl. told,01000 Landbrug og gartneri-(Tilgang),Eksport - (Anvendelse),2017,3463.161709988729
Import inkl. told,01000 Landbrug og gartneri-(Tilgang),Eksport - (Anvendelse),2018,3334.145921158555
Import inkl. told,01000 Landbrug og gartneri-(Tilgang),Eksport - (Anvendelse),2019,4026.6478049648745
Import inkl. told,01000 Landbrug og gartneri-(Tilgang),Eksport - (Anvendelse),2020,2745.978
Import inkl. told,01000 Landbrug og gartneri-(Tilgang),Eksport - (Anvendelse),2021,3403.8030000000003
Import inkl. told,01000 Landbrug og gartneri-(Tilgang),Eksport - (Anvendelse),2022,1503.212799563001
Import inkl. told,01000 Landbrug og gartneri-(Tilgang),Faste bruttoinvesteringer + Lagerforøgelse + Værdigenstande (Anvendelse),1967,-3701.6498652670516
Import inkl. told,01000 Landbrug og gartneri-(Tilgang),Faste bruttoinvesteringer + Lagerforøgelse + Værdigenstande (Anvendelse),1968,859.1657380859106
Import inkl. told,01000 Landbrug og gartneri-(Tilgang),Faste bruttoinvesteringer + Lagerforøgelse + Værdigenstande (Anvendelse),1969,619.7264684673188
Import inkl. told,01000 Landbrug og gartneri-(Tilgang),Faste bruttoinvesteringer + Lagerforøgelse + Værdigenstande (Anvendelse),1970,-188.7964876097139
Import inkl. told,01000 Landbrug og gartneri-(Tilgang),Faste bruttoinvesteringer + Lagerforøgelse + Værdigenstande (Anvendelse),1971,728.1883051999014
Import inkl. told,01000 Landbrug og gartneri-(Tilgang),Faste bruttoinvesteringer + Lagerforøgelse + Værdigenstande (Anvendelse),1972,1530.4531464358556
Import inkl. told,01000 Landbrug og gartneri-(Tilgang),Faste bruttoinvesteringer + Lagerforøgelse + Værdigenstande (Anvendelse),1973,-131.0311112956052
Import inkl. told,01000 Landbrug og gartneri-(Tilgang),Faste bruttoinvesteringer + Lagerforøgelse + Værdigenstande (Anvendelse),1974,-648.8908849722756
Import inkl. told,01000 Landbrug og gartneri-(Tilgang),Faste bruttoinvesteringer + Lagerforøgelse + Værdigenstande (Anvendelse),1975,478.3678239819478
Import inkl. told,01000 Landbrug og gartneri-(Tilgang),Faste bruttoinvesteringer + Lagerforøgelse + Værdigenstande (Anvendelse),1976,-1263.9762106463475
Import inkl. told,01000 Landbrug og gartneri-(Tilgang),Faste bruttoinvesteringer + Lagerforøgelse + Værdigenstande (Anvendelse),1977,-272.37441842673394
Import inkl. told,01000 Landbrug og gartneri-(Tilgang),Faste bruttoinvesteringer + Lagerforøgelse + Værdigenstande (Anvendelse),1978,912.6710802748397
Import inkl. told,01000 Landbrug og gartneri-(Tilgang),Faste bruttoinvesteringer + Lagerforøgelse + Værdigenstande (Anvendelse),1979,439.7960061323129
Import inkl. told,01000 Landbrug og gartneri-(Tilgang),Faste bruttoinvesteringer + Lagerforøgelse + Værdigenstande (Anvendelse),1980,-20.216511392875397
Import inkl. told,01000 Landbrug og gartneri-(Tilgang),Faste bruttoinvesteringer + Lagerforøgelse + Værdigenstande (Anvendelse),1981,114.15055343433787
Import inkl. told,01000 Landbrug og gartneri-(Tilgang),Faste bruttoinvesteringer + Lagerforøgelse + Værdigenstande (Anvendelse),1982,-583.7588017509211
Import inkl. told,01000 Landbrug og gartneri-(Tilgang),Faste bruttoinvesteringer + Lagerforøgelse + Værdigenstande (Anvendelse),1983,-799.4643462938456
Import inkl. told,01000 Landbrug og gartneri-(Tilgang),Faste bruttoinvesteringer + Lagerforøgelse + Værdigenstande (Anvendelse),1984,742.2634077469913
Import inkl. told,01000 Landbrug og gartneri-(Tilgang),Faste bruttoinvesteringer + Lagerforøgelse + Værdigenstande (Anvendelse),1985,690.4253308333729
Import inkl. told,01000 Landbrug og gartneri-(Tilgang),Faste bruttoinvesteringer + Lagerforøgelse + Værdigenstande (Anvendelse),1986,888.6896891310977
Import inkl. told,01000 Landbrug og gartneri-(Tilgang),Faste bruttoinvesteringer + Lagerforøgelse + Værdigenstande (Anvendelse),1987,-452.6814685235608
Import inkl. told,01000 Landbrug og gartneri-(Tilgang),Faste bruttoinvesteringer + Lagerforøgelse + Værdigenstande (Anvendelse),1988,1200.993365695323
Import inkl. told,01000 Landbrug og gartneri-(Tilgang),Faste bruttoinvesteringer + Lagerforøgelse + Værdigenstande (Anvendelse),1989,2074.195699763715
Import inkl. told,01000 Landbrug og gartneri-(Tilgang),Faste bruttoinvesteringer + Lagerforøgelse + Værdigenstande (Anvendelse),1990,1923.6915732739867
Import inkl. told,01000 Landbrug og gartneri-(Tilgang),Faste bruttoinvesteringer + Lagerforøgelse + Værdigenstande (Anvendelse),1991,-736.5314473590801
Import inkl. told,01000 Landbrug og gartneri-(Tilgang),Faste bruttoinvesteringer + Lagerforøgelse + Værdigenstande (Anvendelse),1992,-2410.9893911476506
Import inkl. told,01000 Landbrug og gartneri-(Tilgang),Faste bruttoinvesteringer + Lagerforøgelse + Værdigenstande (Anvendelse),1993,-299.09580249350176
Import inkl. told,01000 Landbrug og gartneri-(Tilgang),Faste bruttoinvesteringer + Lagerforøgelse + Værdigenstande (Anvendelse),1994,-164.9537108680074
Import inkl. told,01000 Landbrug og gartneri-(Tilgang),Faste bruttoinvesteringer + Lagerforøgelse + Værdigenstande (Anvendelse),1995,175.08387238615055
Import inkl. told,01000 Landbrug og gartneri-(Tilgang),Faste bruttoinvesteringer + Lagerforøgelse + Værdigenstande (Anvendelse),1996,-12.103499667840433
Import inkl. told,01000 Landbrug og gartneri-(Tilgang),Faste bruttoinvesteringer + Lagerforøgelse + Værdigenstande (Anvendelse),1997,201.01203539889798
Import inkl. told,01000 Landbrug og gartneri-(Tilgang),Faste bruttoinvesteringer + Lagerforøgelse + Værdigenstande (Anvendelse),1998,14.486358430789698
Import inkl. told,01000 Landbrug og gartneri-(Tilgang),Faste bruttoinvesteringer + Lagerforøgelse + Værdigenstande (Anvendelse),1999,-41.620560200664414
Import inkl. told,01000 Landbrug og gartneri-(Tilgang),Faste bruttoinvesteringer + Lagerforøgelse + Værdigenstande (Anvendelse),2000,36.84605566299939
Import inkl. told,01000 Landbrug og gartneri-(Tilgang),Faste bruttoinvesteringer + Lagerforøgelse + Værdigenstande (Anvendelse),2001,44.93802731485929
Import inkl. told,01000 Landbrug og gartneri-(Tilgang),Faste bruttoinvesteringer + Lagerforøgelse + Værdigenstande (Anvendelse),2002,1.1805558389101605
Import inkl. told,01000 Landbrug og gartneri-(Tilgang),Faste bruttoinvesteringer + Lagerforøgelse + Værdigenstande (Anvendelse),2003,196.65941329865754
Import inkl. told,01000 Landbrug og gartneri-(Tilgang),Faste bruttoinvesteringer + Lagerforøgelse + Værdigenstande (Anvendelse),2004,117.02366352848539
Import inkl. told,01000 Landbrug og gartneri-(Tilgang),Faste bruttoinvesteringer + Lagerforøgelse + Værdigenstande (Anvendelse),2005,1842.6743188437279
Import inkl. told,01000 Landbrug og gartneri-(Tilgang),Faste bruttoinvesteringer + Lagerforøgelse + Værdigenstande (Anvendelse),2006,437.29542095989933
Import inkl. told,01000 Landbrug og gartneri-(Tilgang),Faste bruttoinvesteringer + Lagerforøgelse + Værdigenstande (Anvendelse),2007,3552.4456946887544
Import inkl. told,01000 Landbrug og gartneri-(Tilgang),Faste bruttoinvesteringer + Lagerforøgelse + Værdigenstande (Anvendelse),2008,-449.8319312921446
Import inkl. told,01000 Landbrug og gartneri-(Tilgang),Faste bruttoinvesteringer + Lagerforøgelse + Værdigenstande (Anvendelse),2009,920.406660623257
Import inkl. told,01000 Landbrug og gartneri-(Tilgang),Faste bruttoinvesteringer + Lagerforøgelse + Værdigenstande (Anvendelse),2010,164.72309801485792
Import inkl. told,01000 Landbrug og gartneri-(Tilgang),Faste bruttoinvesteringer + Lagerforøgelse + Værdigenstande (Anvendelse),2011,138.80857563234537
Import inkl. told,01000 Landbrug og gartneri-(Tilgang),Faste bruttoinvesteringer + Lagerforøgelse + Værdigenstande (Anvendelse),2012,431.7064785384964
Import inkl. told,01000 Landbrug og gartneri-(Tilgang),Faste bruttoinvesteringer + Lagerforøgelse + Værdigenstande (Anvendelse),2013,-4301.647041285776
Import inkl. told,01000 Landbrug og gartneri-(Tilgang),Faste bruttoinvesteringer + Lagerforøgelse + Værdigenstande (Anvendelse),2014,62.145237635938386
Import inkl. told,01000 Landbrug og gartneri-(Tilgang),Faste bruttoinvesteringer + Lagerforøgelse + Værdigenstande (Anvendelse),2015,-821.9733541340003
Import inkl. told,01000 Landbrug og gartneri-(Tilgang),Faste bruttoinvesteringer + Lagerforøgelse + Værdigenstande (Anvendelse),2016,-28.030089764379834
Import inkl. told,01000 Landbrug og gartneri-(Tilgang),Faste bruttoinvesteringer + Lagerforøgelse + Værdigenstande (Anvendelse),2017,-346.65771067217617
Import inkl. told,01000 Landbrug og gartneri-(Tilgang),Faste bruttoinvesteringer + Lagerforøgelse + Værdigenstande (Anvendelse),2018,79.81143710031576
Import inkl. told,01000 Landbrug og gartneri-(Tilgang),Faste bruttoinvesteringer + Lagerforøgelse + Værdigenstande (Anvendelse),2019,-545.0378279000035
Import inkl. told,01000 Landbrug og gartneri-(Tilgang),Faste bruttoinvesteringer + Lagerforøgelse + Værdigenstande (Anvendelse),2020,218.628
Import inkl. told,01000 Landbrug og gartneri-(Tilgang),Faste bruttoinvesteringer + Lagerforøgelse + Værdigenstande (Anvendelse),2021,-829.4150000000001
Import inkl. told,01000 Landbrug og gartneri-(Tilgang),Faste bruttoinvesteringer + Lagerforøgelse + Værdigenstande (Anvendelse),2022,144.3083703109737
Import inkl. told,01000 Landbrug og gartneri-(Tilgang),Husholdningernes forbrugsudgifter + NPISH (Anvendelse),1967,1768.638801461474
Import inkl. told,01000 Landbrug og gartneri-(Tilgang),Husholdningernes forbrugsudgifter + NPISH (Anvendelse),1968,1573.7635845379966
Import inkl. told,01000 Landbrug og gartneri-(Tilgang),Husholdningernes forbrugsudgifter + NPISH (Anvendelse),1969,1569.8760191024846
Import inkl. told,01000 Landbrug og gartneri-(Tilgang),Husholdningernes forbrugsudgifter + NPISH (Anvendelse),1970,1691.5273853759995
Import inkl. told,01000 Landbrug og gartneri-(Tilgang),Husholdningernes forbrugsudgifter + NPISH (Anvendelse),1971,1715.164809956363
Import inkl. told,01000 Landbrug og gartneri-(Tilgang),Husholdningernes forbrugsudgifter + NPISH (Anvendelse),1972,1528.0373227616797
Import inkl. told,01000 Landbrug og gartneri-(Tilgang),Husholdningernes forbrugsudgifter + NPISH (Anvendelse),1973,1515.0751742237226
Import inkl. told,01000 Landbrug og gartneri-(Tilgang),Husholdningernes forbrugsudgifter + NPISH (Anvendelse),1974,1858.3000221014577
Import inkl. told,01000 Landbrug og gartneri-(Tilgang),Husholdningernes forbrugsudgifter + NPISH (Anvendelse),1975,1790.8897503173712
Import inkl. told,01000 Landbrug og gartneri-(Tilgang),Husholdningernes forbrugsudgifter + NPISH (Anvendelse),1976,1914.5879217594336
Import inkl. told,01000 Landbrug og gartneri-(Tilgang),Husholdningernes forbrugsudgifter + NPISH (Anvendelse),1977,1764.9605226029016
Import inkl. told,01000 Landbrug og gartneri-(Tilgang),Husholdningernes forbrugsudgifter + NPISH (Anvendelse),1978,1844.425841809518
Import inkl. told,01000 Landbrug og gartneri-(Tilgang),Husholdningernes forbrugsudgifter + NPISH (Anvendelse),1979,1928.2548780135955
Import inkl. told,01000 Landbrug og gartneri-(Tilgang),Husholdningernes forbrugsudgifter + NPISH (Anvendelse),1980,2032.9448434728222
Import inkl. told,01000 Landbrug og gartneri-(Tilgang),Husholdningernes forbrugsudgifter + NPISH (Anvendelse),1981,1813.171322629993
Import inkl. told,01000 Landbrug og gartneri-(Tilgang),Husholdningernes forbrugsudgifter + NPISH (Anvendelse),1982,1801.5775504709904
Import inkl. told,01000 Landbrug og gartneri-(Tilgang),Husholdningernes forbrugsudgifter + NPISH (Anvendelse),1983,1727.7716386317409
Import inkl. told,01000 Landbrug og gartneri-(Tilgang),Husholdningernes forbrugsudgifter + NPISH (Anvendelse),1984,1928.683084663267
Import inkl. told,01000 Landbrug og gartneri-(Tilgang),Husholdningernes forbrugsudgifter + NPISH (Anvendelse),1985,1863.5793759995338
Import inkl. told,01000 Landbrug og gartneri-(Tilgang),Husholdningernes forbrugsudgifter + NPISH (Anvendelse),1986,1979.0719542610893
Import inkl. told,01000 Landbrug og gartneri-(Tilgang),Husholdningernes forbrugsudgifter + NPISH (Anvendelse),1987,2019.7901950156959
Import inkl. told,01000 Landbrug og gartneri-(Tilgang),Husholdningernes forbrugsudgifter + NPISH (Anvendelse),1988,2495.641100553866
Import inkl. told,01000 Landbrug og gartneri-(Tilgang),Husholdningernes forbrugsudgifter + NPISH (Anvendelse),1989,2348.3278408320757
Import inkl. told,01000 Landbrug og gartneri-(Tilgang),Husholdningernes forbrugsudgifter + NPISH (Anvendelse),1990,2281.426634207311
Import inkl. told,01000 Landbrug og gartneri-(Tilgang),Husholdningernes forbrugsudgifter + NPISH (Anvendelse),1991,2486.764763494568
Import inkl. told,01000 Landbrug og gartneri-(Tilgang),Husholdningernes forbrugsudgifter + NPISH (Anvendelse),1992,2476.740998899962
Import inkl. told,01000 Landbrug og gartneri-(Tilgang),Husholdningernes forbrugsudgifter + NPISH (Anvendelse),1993,2503.3762920913227
Import inkl. told,01000 Landbrug og gartneri-(Tilgang),Husholdningernes forbrugsudgifter + NPISH (Anvendelse),1994,2449.251121404299
Import inkl. told,01000 Landbrug og gartneri-(Tilgang),Husholdningernes forbrugsudgifter + NPISH (Anvendelse),1995,2612.4436364637418
Import inkl. told,01000 Landbrug og gartneri-(Tilgang),Husholdningernes forbrugsudgifter + NPISH (Anvendelse),1996,2591.1228706466572
Import inkl. told,01000 Landbrug og gartneri-(Tilgang),Husholdningernes forbrugsudgifter + NPISH (Anvendelse),1997,2885.1740230190253
Import inkl. told,01000 Landbrug og gartneri-(Tilgang),Husholdningernes forbrugsudgifter + NPISH (Anvendelse),1998,3131.9561750995654
Import inkl. told,01000 Landbrug og gartneri-(Tilgang),Husholdningernes forbrugsudgifter + NPISH (Anvendelse),1999,3431.407327321277
Import inkl. told,01000 Landbrug og gartneri-(Tilgang),Husholdningernes forbrugsudgifter + NPISH (Anvendelse),2000,3498.576584140991
Import inkl. told,01000 Landbrug og gartneri-(Tilgang),Husholdningernes forbrugsudgifter + NPISH (Anvendelse),2001,3159.977942867613
Import inkl. told,01000 Landbrug og gartneri-(Tilgang),Husholdningernes forbrugsudgifter + NPISH (Anvendelse),2002,2896.6818346444634
Import inkl. told,01000 Landbrug og gartneri-(Tilgang),Husholdningernes forbrugsudgifter + NPISH (Anvendelse),2003,3098.9075363547563
Import inkl. told,01000 Landbrug og gartneri-(Tilgang),Husholdningernes forbrugsudgifter + NPISH (Anvendelse),2004,3565.3036079741287
Import inkl. told,01000 Landbrug og gartneri-(Tilgang),Husholdningernes forbrugsudgifter + NPISH (Anvendelse),2005,3069.441517447781
Import inkl. told,01000 Landbrug og gartneri-(Tilgang),Husholdningernes forbrugsudgifter + NPISH (Anvendelse),2006,3655.526737603577
Import inkl. told,01000 Landbrug og gartneri-(Tilgang),Husholdningernes forbrugsudgifter + NPISH (Anvendelse),2007,3796.896624228136
Import inkl. told,01000 Landbrug og gartneri-(Tilgang),Husholdningernes forbrugsudgifter + NPISH (Anvendelse),2008,4069.6552435964527
Import inkl. told,01000 Landbrug og gartneri-(Tilgang),Husholdningernes forbrugsudgifter + NPISH (Anvendelse),2009,3721.4431027225305
Import inkl. told,01000 Landbrug og gartneri-(Tilgang),Husholdningernes forbrugsudgifter + NPISH (Anvendelse),2010,3934.23124648891
Import inkl. told,01000 Landbrug og gartneri-(Tilgang),Husholdningernes forbrugsudgifter + NPISH (Anvendelse),2011,3548.6358050536073
Import inkl. told,01000 Landbrug og gartneri-(Tilgang),Husholdningernes forbrugsudgifter + NPISH (Anvendelse),2012,3649.0867005189016
Import inkl. told,01000 Landbrug og gartneri-(Tilgang),Husholdningernes forbrugsudgifter + NPISH (Anvendelse),2013,3865.448985460211
Import inkl. told,01000 Landbrug og gartneri-(Tilgang),Husholdningernes forbrugsudgifter + NPISH (Anvendelse),2014,3928.6371208066257
Import inkl. told,01000 Landbrug og gartneri-(Tilgang),Husholdningernes forbrugsudgifter + NPISH (Anvendelse),2015,4222.117259658362
Import inkl. told,01000 Landbrug og gartneri-(Tilgang),Husholdningernes forbrugsudgifter + NPISH (Anvendelse),2016,4221.851753993366
Import inkl. told,01000 Landbrug og gartneri-(Tilgang),Husholdningernes forbrugsudgifter + NPISH (Anvendelse),2017,4892.098252159987
Import inkl. told,01000 Landbrug og gartneri-(Tilgang),Husholdningernes forbrugsudgifter + NPISH (Anvendelse),2018,5032.877148034176
Import inkl. told,01000 Landbrug og gartneri-(Tilgang),Husholdningernes forbrugsudgifter + NPISH (Anvendelse),2019,5149.943672730611
Import inkl. told,01000 Landbrug og gartneri-(Tilgang),Husholdningernes forbrugsudgifter + NPISH (Anvendelse),2020,5203.638
Import inkl. told,01000 Landbrug og gartneri-(Tilgang),Husholdningernes forbrugsudgifter + NPISH (Anvendelse),2021,5241.16
Import inkl. told,01000 Landbrug og gartneri-(Tilgang),Husholdningernes forbrugsudgifter + NPISH (Anvendelse),2022,5156.810856340939
Import inkl. told,01000 Landbrug og gartneri-(Tilgang),"Offentligt forbrug, i alt-(Anvendelse)",1967,0.0012379943463383222
Import inkl. told,01000 Landbrug og gartneri-(Tilgang),"Offentligt forbrug, i alt-(Anvendelse)",1968,0.0015917070167206998
Import inkl. told,01000 Landbrug og gartneri-(Tilgang),"Offentligt forbrug, i alt-(Anvendelse)",1969,0.002652845027867833
Import inkl. told,01000 Landbrug og gartneri-(Tilgang),"Offentligt forbrug, i alt-(Anvendelse)",1970,0.004737223264049702
Import inkl. told,01000 Landbrug og gartneri-(Tilgang),"Offentligt forbrug, i alt-(Anvendelse)",1971,0.0072451649920760135
Import inkl. told,01000 Landbrug og gartneri-(Tilgang),"Offentligt forbrug, i alt-(Anvendelse)",1972,0.006520648492868411
Import inkl. told,01000 Landbrug og gartneri-(Tilgang),"Offentligt forbrug, i alt-(Anvendelse)",1973,0.014458829266795174
Import inkl. told,01000 Landbrug og gartneri-(Tilgang),"Offentligt forbrug, i alt-(Anvendelse)",1974,0.020820714144185046
Import inkl. told,01000 Landbrug og gartneri-(Tilgang),"Offentligt forbrug, i alt-(Anvendelse)",1975,0.024494957816688288
Import inkl. told,01000 Landbrug og gartneri-(Tilgang),"Offentligt forbrug, i alt-(Anvendelse)",1976,0.027216619796320323
Import inkl. told,01000 Landbrug og gartneri-(Tilgang),"Offentligt forbrug, i alt-(Anvendelse)",1977,0.033497378210855785
Import inkl. told,01000 Landbrug og gartneri-(Tilgang),"Offentligt forbrug, i alt-(Anvendelse)",1978,0.04490074100604074
Import inkl. told,01000 Landbrug og gartneri-(Tilgang),"Offentligt forbrug, i alt-(Anvendelse)",1979,0.05785287783470635
Import inkl. told,01000 Landbrug og gartneri-(Tilgang),"Offentligt forbrug, i alt-(Anvendelse)",1980,0.05878598876752419
Import inkl. told,01000 Landbrug og gartneri-(Tilgang),"Offentligt forbrug, i alt-(Anvendelse)",1981,0.06540976214978043
Import inkl. told,01000 Landbrug og gartneri-(Tilgang),"Offentligt forbrug, i alt-(Anvendelse)",1982,0.07900140103804651
Import inkl. told,01000 Landbrug og gartneri-(Tilgang),"Offentligt forbrug, i alt-(Anvendelse)",1983,0.08844722072737814
Import inkl. told,01000 Landbrug og gartneri-(Tilgang),"Offentligt forbrug, i alt-(Anvendelse)",1984,0.09656992467172919
Import inkl. told,01000 Landbrug og gartneri-(Tilgang),"Offentligt forbrug, i alt-(Anvendelse)",1985,0.12094679886070937
Import inkl. told,01000 Landbrug og gartneri-(Tilgang),"Offentligt forbrug, i alt-(Anvendelse)",1986,0.14513615863285126
Import inkl. told,01000 Landbrug og gartneri-(Tilgang),"Offentligt forbrug, i alt-(Anvendelse)",1987,0.1705349863936002
Import inkl. told,01000 Landbrug og gartneri-(Tilgang),"Offentligt forbrug, i alt-(Anvendelse)",1988,0.21655236367441297
Import inkl. told,01000 Landbrug og gartneri-(Tilgang),"Offentligt forbrug, i alt-(Anvendelse)",1989,0.24165988410043182
Import inkl. told,01000 Landbrug og gartneri-(Tilgang),"Offentligt forbrug, i alt-(Anvendelse)",1990,0.24165988410043182
Import inkl. told,01000 Landbrug og gartneri-(Tilgang),"Offentligt forbrug, i alt-(Anvendelse)",1991,0.17453213851697855
Import inkl. told,01000 Landbrug og gartneri-(Tilgang),"Offentligt forbrug, i alt-(Anvendelse)",1992,0.22482105978458253
Import inkl. told,01000 Landbrug og gartneri-(Tilgang),"Offentligt forbrug, i alt-(Anvendelse)",1993,0.1689648958629471
Import inkl. told,01000 Landbrug og gartneri-(Tilgang),"Offentligt forbrug, i alt-(Anvendelse)",1994,0.30811245716184477
Import inkl. told,01000 Landbrug og gartneri-(Tilgang),"Offentligt forbrug, i alt-(Anvendelse)",1995,0.2505213436736495
Import inkl. told,01000 Landbrug og gartneri-(Tilgang),"Offentligt forbrug, i alt-(Anvendelse)",1996,0.21939147256627292
Import inkl. told,01000 Landbrug og gartneri-(Tilgang),"Offentligt forbrug, i alt-(Anvendelse)",1997,0.13399076512436803
Import inkl. told,01000 Landbrug og gartneri-(Tilgang),"Offentligt forbrug, i alt-(Anvendelse)",1998,0.19516046224636213
Import inkl. told,01000 Landbrug og gartneri-(Tilgang),"Offentligt forbrug, i alt-(Anvendelse)",1999,0.3636443145453798
Import inkl. told,01000 Landbrug og gartneri-(Tilgang),"Offentligt forbrug, i alt-(Anvendelse)",2000,0.5793885160853626
Import inkl. told,01000 Landbrug og gartneri-(Tilgang),"Offentligt forbrug, i alt-(Anvendelse)",2001,0.6877633464322649
Import inkl. told,01000 Landbrug og gartneri-(Tilgang),"Offentligt forbrug, i alt-(Anvendelse)",2002,1.611174692040525
Import inkl. told,01000 Landbrug og gartneri-(Tilgang),"Offentligt forbrug, i alt-(Anvendelse)",2003,2.1441642997610018
Import inkl. told,01000 Landbrug og gartneri-(Tilgang),"Offentligt forbrug, i alt-(Anvendelse)",2004,3.8859636031204685
Import inkl. told,01000 Landbrug og gartneri-(Tilgang),"Offentligt forbrug, i alt-(Anvendelse)",2005,1.7013873538662314
Import inkl. told,01000 Landbrug og gartneri-(Tilgang),"Offentligt forbrug, i alt-(Anvendelse)",2006,6.945176949064889
Import inkl. told,01000 Landbrug og gartneri-(Tilgang),"Offentligt forbrug, i alt-(Anvendelse)",2007,0.04548168975493821
Import inkl. told,01000 Landbrug og gartneri-(Tilgang),"Offentligt forbrug, i alt-(Anvendelse)",2008,0.05102823728602823
Import inkl. told,01000 Landbrug og gartneri-(Tilgang),"Offentligt forbrug, i alt-(Anvendelse)",2009,0.05306936677746935
Import inkl. told,01000 Landbrug og gartneri-(Tilgang),"Offentligt forbrug, i alt-(Anvendelse)",2010,0.05692895708855803
Import inkl. told,01000 Landbrug og gartneri-(Tilgang),"Offentligt forbrug, i alt-(Anvendelse)",2011,0.0578938546663302
Import inkl. told,01000 Landbrug og gartneri-(Tilgang),"Offentligt forbrug, i alt-(Anvendelse)",2012,0.05696008281687326
Import inkl. told,01000 Landbrug og gartneri-(Tilgang),"Offentligt forbrug, i alt-(Anvendelse)",2013,0.0551518262195122
Import inkl. told,01000 Landbrug og gartneri-(Tilgang),"Offentligt forbrug, i alt-(Anvendelse)",2014,0.0551518262195122
Import inkl. told,01000 Landbrug og gartneri-(Tilgang),"Offentligt forbrug, i alt-(Anvendelse)",2015,0.04938969512195122
Import inkl. told,01000 Landbrug og gartneri-(Tilgang),"Offentligt forbrug, i alt-(Anvendelse)",2016,0.03552592105263158
Import inkl. told,01000 Landbrug og gartneri-(Tilgang),"Offentligt forbrug, i alt-(Anvendelse)",2017,0.022773026315789473
Import inkl. told,01000 Landbrug og gartneri-(Tilgang),"Offentligt forbrug, i alt-(Anvendelse)",2018,0.031684210526315794
Import inkl. told,01000 Landbrug og gartneri-(Tilgang),"Offentligt forbrug, i alt-(Anvendelse)",2019,0.04752631578947369
Import inkl. told,01000 Landbrug og gartneri-(Tilgang),"Offentligt forbrug, i alt-(Anvendelse)",2020,0.043
Import inkl. told,01000 Landbrug og gartneri-(Tilgang),"Offentligt forbrug, i alt-(Anvendelse)",2021,0.026
Import inkl. told,01000 Landbrug og gartneri-(Tilgang),"Offentligt forbrug, i alt-(Anvendelse)",2022,0.02184
Import inkl. told,01000 Landbrug og gartneri-(Tilgang),Privat,1967,5468.2691146743955
Import inkl. told,01000 Landbrug og gartneri-(Tilgang),Privat,1968,3487.533009000543
Import inkl. told,01000 Landbrug og gartneri-(Tilgang),Privat,1969,3252.857988006347
Import inkl. told,01000 Landbrug og gartneri-(Tilgang),Privat,1970,4142.839933524884
Import inkl. told,01000 Landbrug og gartneri-(Tilgang),Privat,1971,4445.0963755360235
Import inkl. told,01000 Landbrug og gartneri-(Tilgang),Privat,1972,3543.1353691452637
Import inkl. told,01000 Landbrug og gartneri-(Tilgang),Privat,1973,4274.729461651727
Import inkl. told,01000 Landbrug og gartneri-(Tilgang),Privat,1974,4035.272978593004
Import inkl. told,01000 Landbrug og gartneri-(Tilgang),Privat,1975,3526.6827101118656
Import inkl. told,01000 Landbrug og gartneri-(Tilgang),Privat,1976,4580.012149582822
Import inkl. told,01000 Landbrug og gartneri-(Tilgang),Privat,1977,4046.8919181192196
Import inkl. told,01000 Landbrug og gartneri-(Tilgang),Privat,1978,4258.481346609965
Import inkl. told,01000 Landbrug og gartneri-(Tilgang),Privat,1979,4028.7501746485977
Import inkl. told,01000 Landbrug og gartneri-(Tilgang),Privat,1980,3794.756234983612
Import inkl. told,01000 Landbrug og gartneri-(Tilgang),Privat,1981,3741.153064878123
Import inkl. told,01000 Landbrug og gartneri-(Tilgang),Privat,1982,3438.084020246617
Import inkl. told,01000 Landbrug og gartneri-(Tilgang),Privat,1983,3722.0335446444396
Import inkl. told,01000 Landbrug og gartneri-(Tilgang),Privat,1984,3079.159562748043
Import inkl. told,01000 Landbrug og gartneri-(Tilgang),Privat,1985,3228.068986631516
Import inkl. told,01000 Landbrug og gartneri-(Tilgang),Privat,1986,3519.8553156828334
Import inkl. told,01000 Landbrug og gartneri-(Tilgang),Privat,1987,3093.4681795097654
Import inkl. told,01000 Landbrug og gartneri-(Tilgang),Privat,1988,2726.3229662803888
Import inkl. told,01000 Landbrug og gartneri-(Tilgang),Privat,1989,2760.6783787046766
Import inkl. told,01000 Landbrug og gartneri-(Tilgang),Privat,1990,2592.2963094338297
Import inkl. told,01000 Landbrug og gartneri-(Tilgang),Privat,1991,3290.959156024314
Import inkl. told,01000 Landbrug og gartneri-(Tilgang),Privat,1992,4342.6394490165785
Import inkl. told,01000 Landbrug og gartneri-(Tilgang),Privat,1993,3809.872093439174
Import inkl. told,01000 Landbrug og gartneri-(Tilgang),Privat,1994,4048.009675107378
Import inkl. told,01000 Landbrug og gartneri-(Tilgang),Privat,1995,3963.2857506157734
Import inkl. told,01000 Landbrug og gartneri-(Tilgang),Privat,1996,4075.8518298247977
Import inkl. told,01000 Landbrug og gartneri-(Tilgang),Privat,1997,3568.7939989051115
Import inkl. told,01000 Landbrug og gartneri-(Tilgang),Privat,1998,4261.430299385946
Import inkl. told,01000 Landbrug og gartneri-(Tilgang),Privat,1999,4374.977292665177
Import inkl. told,01000 Landbrug og gartneri-(Tilgang),Privat,2000,4539.4114759399645
Import inkl. told,01000 Landbrug og gartneri-(Tilgang),Privat,2001,4860.648954934687
Import inkl. told,01000 Landbrug og gartneri-(Tilgang),Privat,2002,5940.874906147863
Import inkl. told,01000 Landbrug og gartneri-(Tilgang),Privat,2003,6045.645572029672
Import inkl. told,01000 Landbrug og gartneri-(Tilgang),Privat,2004,5143.018811389245
Import inkl. told,01000 Landbrug og gartneri-(Tilgang),Privat,2005,4652.934653171923
Import inkl. told,01000 Landbrug og gartneri-(Tilgang),Privat,2006,5490.876258996981
Import inkl. told,01000 Landbrug og gartneri-(Tilgang),Privat,2007,5218.281668680952
Import inkl. told,01000 Landbrug og gartneri-(Tilgang),Privat,2008,6714.354475328514
Import inkl. told,01000 Landbrug og gartneri-(Tilgang),Privat,2009,4811.63183569153
Import inkl. told,01000 Landbrug og gartneri-(Tilgang),Privat,2010,4407.5674333081015
Import inkl. told,01000 Landbrug og gartneri-(Tilgang),Privat,2011,4346.325968810472
Import inkl. told,01000 Landbrug og gartneri-(Tilgang),Privat,2012,4082.3520888575363
Import inkl. told,01000 Landbrug og gartneri-(Tilgang),Privat,2013,4353.07574343192
Import inkl. told,01000 Landbrug og gartneri-(Tilgang),Privat,2014,3872.3290836129254
Import inkl. told,01000 Landbrug og gartneri-(Tilgang),Privat,2015,4473.964075092466
Import inkl. told,01000 Landbrug og gartneri-(Tilgang),Privat,2016,4381.661910448113
Import inkl. told,01000 Landbrug og gartneri-(Tilgang),Privat,2017,4906.700231648611
Import inkl. told,01000 Landbrug og gartneri-(Tilgang),Privat,2018,5460.761130908667
Import inkl. told,01000 Landbrug og gartneri-(Tilgang),Privat,2019,5442.158651208382
Import inkl. told,01000 Landbrug og gartneri-(Tilgang),Privat,2020,4109.989
Import inkl. told,01000 Landbrug og gartneri-(Tilgang),Privat,2021,3849.252
Import inkl. told,01000 Landbrug og gartneri-(Tilgang),Privat,2022,4051.9966976720043
Import inkl. told,01000 Landbrug og gartneri-(Tilgang),REST_ANVENDELSE Øvrige brancher,1967,1597.6873885912269
Import inkl. told,01000 Landbrug og gartneri-(Tilgang),REST_ANVENDELSE Øvrige brancher,1968,1106.2218070660197
Import inkl. told,01000 Landbrug og gartneri-(Tilgang),REST_ANVENDELSE Øvrige brancher,1969,1204.1826627868245
Import inkl. told,01000 Landbrug og gartneri-(Tilgang),REST_ANVENDELSE Øvrige brancher,1970,1345.3831991461566
Import inkl. told,01000 Landbrug og gartneri-(Tilgang),REST_ANVENDELSE Øvrige brancher,1971,1400.4538967553783
Import inkl. told,01000 Landbrug og gartneri-(Tilgang),REST_ANVENDELSE Øvrige brancher,1972,1205.4353145065352
Import inkl. told,01000 Landbrug og gartneri-(Tilgang),REST_ANVENDELSE Øvrige brancher,1973,1366.9844640887393
Import inkl. told,01000 Landbrug og gartneri-(Tilgang),REST_ANVENDELSE Øvrige brancher,1974,1450.5981324523616
Import inkl. told,01000 Landbrug og gartneri-(Tilgang),REST_ANVENDELSE Øvrige brancher,1975,1292.5686257422294
Import inkl. told,01000 Landbrug og gartneri-(Tilgang),REST_ANVENDELSE Øvrige brancher,1976,1566.765064487292
Import inkl. told,01000 Landbrug og gartneri-(Tilgang),REST_ANVENDELSE Øvrige brancher,1977,1686.9631168557546
Import inkl. told,01000 Landbrug og gartneri-(Tilgang),REST_ANVENDELSE Øvrige brancher,1978,1530.303120706651
Import inkl. told,01000 Landbrug og gartneri-(Tilgang),REST_ANVENDELSE Øvrige brancher,1979,1287.7046069629018
Import inkl. told,01000 Landbrug og gartneri-(Tilgang),REST_ANVENDELSE Øvrige brancher,1980,1358.3003396022843
Import inkl. told,01000 Landbrug og gartneri-(Tilgang),REST_ANVENDELSE Øvrige brancher,1981,1303.5071855337171
Import inkl. told,01000 Landbrug og gartneri-(Tilgang),REST_ANVENDELSE Øvrige brancher,1982,1328.2250057552876
Import inkl. told,01000 Landbrug og gartneri-(Tilgang),REST_ANVENDELSE Øvrige brancher,1983,1076.0637208364606
Import inkl. told,01000 Landbrug og gartneri-(Tilgang),REST_ANVENDELSE Øvrige brancher,1984,1157.9320918597607
Import inkl. told,01000 Landbrug og gartneri-(Tilgang),REST_ANVENDELSE Øvrige brancher,1985,1243.0106392986986
Import inkl. told,01000 Landbrug og gartneri-(Tilgang),REST_ANVENDELSE Øvrige brancher,1986,1353.0310651170757
Import inkl. told,01000 Landbrug og gartneri-(Tilgang),REST_ANVENDELSE Øvrige brancher,1987,1349.7122817823583
Import inkl. told,01000 Landbrug og gartneri-(Tilgang),REST_ANVENDELSE Øvrige brancher,1988,1397.15855137588
Import inkl. told,01000 Landbrug og gartneri-(Tilgang),REST_ANVENDELSE Øvrige brancher,1989,1772.3942703806802
Import inkl. told,01000 Landbrug og gartneri-(Tilgang),REST_ANVENDELSE Øvrige brancher,1990,1151.186910720991
Import inkl. told,01000 Landbrug og gartneri-(Tilgang),REST_ANVENDELSE Øvrige brancher,1991,1490.1689665496374
Import inkl. told,01000 Landbrug og gartneri-(Tilgang),REST_ANVENDELSE Øvrige brancher,1992,1314.8265463901787
Import inkl. told,01000 Landbrug og gartneri-(Tilgang),REST_ANVENDELSE Øvrige brancher,1993,1901.824601711542
Import inkl. told,01000 Landbrug og gartneri-(Tilgang),REST_ANVENDELSE Øvrige brancher,1994,1948.3068991854768
Import inkl. told,01000 Landbrug og gartneri-(Tilgang),REST_ANVENDELSE Øvrige brancher,1995,1526.0552516867208
Import inkl. told,01000 Landbrug og gartneri-(Tilgang),REST_ANVENDELSE Øvrige brancher,1996,1808.2061813469816
Import inkl. told,01000 Landbrug og gartneri-(Tilgang),REST_ANVENDELSE Øvrige brancher,1997,1170.9929360095105
Import inkl. told,01000 Landbrug og gartneri-(Tilgang),REST_ANVENDELSE Øvrige brancher,1998,1485.5857783649699
Import inkl. told,01000 Landbrug og gartneri-(Tilgang),REST_ANVENDELSE Øvrige brancher,1999,1617.6105382364
Import inkl. told,01000 Landbrug og gartneri-(Tilgang),REST_ANVENDELSE Øvrige brancher,2000,1680.7358571774498
Import inkl. told,01000 Landbrug og gartneri-(Tilgang),REST_ANVENDELSE Øvrige brancher,2001,1808.65828943271
Import inkl. told,01000 Landbrug og gartneri-(Tilgang),REST_ANVENDELSE Øvrige brancher,2002,1748.0684249657447
Import inkl. told,01000 Landbrug og gartneri-(Tilgang),REST_ANVENDELSE Øvrige brancher,2003,1833.3338154042308
Import inkl. told,01000 Landbrug og gartneri-(Tilgang),REST_ANVENDELSE Øvrige brancher,2004,1643.7557676009196
Import inkl. told,01000 Landbrug og gartneri-(Tilgang),REST_ANVENDELSE Øvrige brancher,2005,1511.2125518084267
Import inkl. told,01000 Landbrug og gartneri-(Tilgang),REST_ANVENDELSE Øvrige brancher,2006,1436.15444120474
Import inkl. told,01000 Landbrug og gartneri-(Tilgang),REST_ANVENDELSE Øvrige brancher,2007,1627.0146614496293
Import inkl. told,01000 Landbrug og gartneri-(Tilgang),REST_ANVENDELSE Øvrige brancher,2008,1635.8047395732785
Import inkl. told,01000 Landbrug og gartneri-(Tilgang),REST_ANVENDELSE Øvrige brancher,2009,1456.3080316091298
Import inkl. told,01000 Landbrug og gartneri-(Tilgang),REST_ANVENDELSE Øvrige brancher,2010,1376.4140335965626
Import inkl. told,01000 Landbrug og gartneri-(Tilgang),REST_ANVENDELSE Øvrige brancher,2011,1073.9923963087992
Import inkl. told,01000 Landbrug og gartneri-(Tilgang),REST_ANVENDELSE Øvrige brancher,2012,1149.5173853717627
Import inkl. told,01000 Landbrug og gartneri-(Tilgang),REST_ANVENDELSE Øvrige brancher,2013,1336.0958323695581
Import inkl. told,01000 Landbrug og gartneri-(Tilgang),REST_ANVENDELSE Øvrige brancher,2014,1234.8609933154137
Import inkl. told,01000 Landbrug og gartneri-(Tilgang),REST_ANVENDELSE Øvrige brancher,2015,1569.677770447566
Import inkl. told,01000 Landbrug og gartneri-(Tilgang),REST_ANVENDELSE Øvrige brancher,2016,1515.6161226829913
Import inkl. told,01000 Landbrug og gartneri-(Tilgang),REST_ANVENDELSE Øvrige brancher,2017,1511.357351208623
Import inkl. told,01000 Landbrug og gartneri-(Tilgang),REST_ANVENDELSE Øvrige brancher,2018,1754.9348256561204
Import inkl. told,01000 Landbrug og gartneri-(Tilgang),REST_ANVENDELSE Øvrige brancher,2019,1664.3940038860187
Import inkl. told,01000 Landbrug og gartneri-(Tilgang),REST_ANVENDELSE Øvrige brancher,2020,1443.969
Import inkl. told,01000 Landbrug og gartneri-(Tilgang),REST_ANVENDELSE Øvrige brancher,2021,1860.817
Import inkl. told,01000 Landbrug og gartneri-(Tilgang),REST_ANVENDELSE Øvrige brancher,2022,1662.229399774164
Import inkl. told,"10120 Føde-, drikke- og tobaksvareindustri-(Tilgang)",01000 Landbrug og gartneri- (Anvendelse),1967,1814.5961298049322
Import inkl. told,"10120 Føde-, drikke- og tobaksvareindustri-(Tilgang)",01000 Landbrug og gartneri- (Anvendelse),1968,1701.2108575912619
Import inkl. told,"10120 Føde-, drikke- og tobaksvareindustri-(Tilgang)",01000 Landbrug og gartneri- (Anvendelse),1969,1863.861838747142
Import inkl. told,"10120 Føde-, drikke- og tobaksvareindustri-(Tilgang)",01000 Landbrug og gartneri- (Anvendelse),1970,1924.6644524478552
Import inkl. told,"10120 Føde-, drikke- og tobaksvareindustri-(Tilgang)",01000 Landbrug og gartneri- (Anvendelse),1971,1816.543766492465
Import inkl. told,"10120 Føde-, drikke- og tobaksvareindustri-(Tilgang)",01000 Landbrug og gartneri- (Anvendelse),1972,2107.989340751552
Import inkl. told,"10120 Føde-, drikke- og tobaksvareindustri-(Tilgang)",01000 Landbrug og gartneri- (Anvendelse),1973,2138.3248542608035
Import inkl. told,"10120 Føde-, drikke- og tobaksvareindustri-(Tilgang)",01000 Landbrug og gartneri- (Anvendelse),1974,2042.1165021778534
Import inkl. told,"10120 Føde-, drikke- og tobaksvareindustri-(Tilgang)",01000 Landbrug og gartneri- (Anvendelse),1975,2657.0902558698826
Import inkl. told,"10120 Føde-, drikke- og tobaksvareindustri-(Tilgang)",01000 Landbrug og gartneri- (Anvendelse),1976,3241.0912015655535
Import inkl. told,"10120 Føde-, drikke- og tobaksvareindustri-(Tilgang)",01000 Landbrug og gartneri- (Anvendelse),1977,3511.6675631329445
Import inkl. told,"10120 Føde-, drikke- og tobaksvareindustri-(Tilgang)",01000 Landbrug og gartneri- (Anvendelse),1978,4091.975666248199
Import inkl. told,"10120 Føde-, drikke- og tobaksvareindustri-(Tilgang)",01000 Landbrug og gartneri- (Anvendelse),1979,4436.88473348042
Import inkl. told,"10120 Føde-, drikke- og tobaksvareindustri-(Tilgang)",01000 Landbrug og gartneri- (Anvendelse),1980,4578.918007491584
Import inkl. told,"10120 Føde-, drikke- og tobaksvareindustri-(Tilgang)",01000 Landbrug og gartneri- (Anvendelse),1981,4814.903572571616
Import inkl. told,"10120 Føde-, drikke- og tobaksvareindustri-(Tilgang)",01000 Landbrug og gartneri- (Anvendelse),1982,5545.065047299755
Import inkl. told,"10120 Føde-, drikke- og tobaksvareindustri-(Tilgang)",01000 Landbrug og gartneri- (Anvendelse),1983,5326.039622491303
Import inkl. told,"10120 Føde-, drikke- og tobaksvareindustri-(Tilgang)",01000 Landbrug og gartneri- (Anvendelse),1984,5126.260782365973
Import inkl. told,"10120 Føde-, drikke- og tobaksvareindustri-(Tilgang)",01000 Landbrug og gartneri- (Anvendelse),1985,5534.329553953384
Import inkl. told,"10120 Føde-, drikke- og tobaksvareindustri-(Tilgang)",01000 Landbrug og gartneri- (Anvendelse),1986,5714.053820944781
Import inkl. told,"10120 Føde-, drikke- og tobaksvareindustri-(Tilgang)",01000 Landbrug og gartneri- (Anvendelse),1987,6029.6656550770285
Import inkl. told,"10120 Føde-, drikke- og tobaksvareindustri-(Tilgang)",01000 Landbrug og gartneri- (Anvendelse),1988,5321.645609671003
Import inkl. told,"10120 Føde-, drikke- og tobaksvareindustri-(Tilgang)",01000 Landbrug og gartneri- (Anvendelse),1989,5474.973208006043
Import inkl. told,"10120 Føde-, drikke- og tobaksvareindustri-(Tilgang)",01000 Landbrug og gartneri- (Anvendelse),1990,5720.503224486031
Import inkl. told,"10120 Føde-, drikke- og tobaksvareindustri-(Tilgang)",01000 Landbrug og gartneri- (Anvendelse),1991,5846.1121671408855
Import inkl. told,"10120 Føde-, drikke- og tobaksvareindustri-(Tilgang)",01000 Landbrug og gartneri- (Anvendelse),1992,5985.787801655774
Import inkl. told,"10120 Føde-, drikke- og tobaksvareindustri-(Tilgang)",01000 Landbrug og gartneri- (Anvendelse),1993,6496.809192362073
Import inkl. told,"10120 Føde-, drikke- og tobaksvareindustri-(Tilgang)",01000 Landbrug og gartneri- (Anvendelse),1994,6438.3444948305805
Import inkl. told,"10120 Føde-, drikke- og tobaksvareindustri-(Tilgang)",01000 Landbrug og gartneri- (Anvendelse),1995,5828.871787034945
Import inkl. told,"10120 Føde-, drikke- og tobaksvareindustri-(Tilgang)",01000 Landbrug og gartneri- (Anvendelse),1996,5224.756368877032
Import inkl. told,"10120 Føde-, drikke- og tobaksvareindustri-(Tilgang)",01000 Landbrug og gartneri- (Anvendelse),1997,5186.214601803716
Import inkl. told,"10120 Føde-, drikke- og tobaksvareindustri-(Tilgang)",01000 Landbrug og gartneri- (Anvendelse),1998,5788.411518642505
Import inkl. told,"10120 Føde-, drikke- og tobaksvareindustri-(Tilgang)",01000 Landbrug og gartneri- (Anvendelse),1999,5172.544789076277
Import inkl. told,"10120 Føde-, drikke- og tobaksvareindustri-(Tilgang)",01000 Landbrug og gartneri- (Anvendelse),2000,5408.626253361817
Import inkl. told,"10120 Føde-, drikke- og tobaksvareindustri-(Tilgang)",01000 Landbrug og gartneri- (Anvendelse),2001,5461.474055755581
Import inkl. told,"10120 Føde-, drikke- og tobaksvareindustri-(Tilgang)",01000 Landbrug og gartneri- (Anvendelse),2002,5485.874155633317
Import inkl. told,"10120 Føde-, drikke- og tobaksvareindustri-(Tilgang)",01000 Landbrug og gartneri- (Anvendelse),2003,4239.198384218185
Import inkl. told,"10120 Føde-, drikke- og tobaksvareindustri-(Tilgang)",01000 Landbrug og gartneri- (Anvendelse),2004,5090.95590772587
Import inkl. told,"10120 Føde-, drikke- og tobaksvareindustri-(Tilgang)",01000 Landbrug og gartneri- (Anvendelse),2005,5144.444932145002
Import inkl. told,"10120 Føde-, drikke- og tobaksvareindustri-(Tilgang)",01000 Landbrug og gartneri- (Anvendelse),2006,5047.53910114828
Import inkl. told,"10120 Føde-, drikke- og tobaksvareindustri-(Tilgang)",01000 Landbrug og gartneri- (Anvendelse),2007,5300.439725231685
Import inkl. told,"10120 Føde-, drikke- og tobaksvareindustri-(Tilgang)",01000 Landbrug og gartneri- (Anvendelse),2008,4556.554970332898
Import inkl. told,"10120 Føde-, drikke- og tobaksvareindustri-(Tilgang)",01000 Landbrug og gartneri- (Anvendelse),2009,5754.059100441772
Import inkl. told,"10120 Føde-, drikke- og tobaksvareindustri-(Tilgang)",01000 Landbrug og gartneri- (Anvendelse),2010,6480.605538160037
Import inkl. told,"10120 Føde-, drikke- og tobaksvareindustri-(Tilgang)",01000 Landbrug og gartneri- (Anvendelse),2011,6104.93308668296
Import inkl. told,"10120 Føde-, drikke- og tobaksvareindustri-(Tilgang)",01000 Landbrug og gartneri- (Anvendelse),2012,6371.280079918982
Import inkl. told,"10120 Føde-, drikke- og tobaksvareindustri-(Tilgang)",01000 Landbrug og gartneri- (Anvendelse),2013,5812.0757967093405
Import inkl. told,"10120 Føde-, drikke- og tobaksvareindustri-(Tilgang)",01000 Landbrug og gartneri- (Anvendelse),2014,6298.809049050157
Import inkl. told,"10120 Føde-, drikke- og tobaksvareindustri-(Tilgang)",01000 Landbrug og gartneri- (Anvendelse),2015,7075.831029558716
Import inkl. told,"10120 Føde-, drikke- og tobaksvareindustri-(Tilgang)",01000 Landbrug og gartneri- (Anvendelse),2016,6545.248999056688
Import inkl. told,"10120 Føde-, drikke- og tobaksvareindustri-(Tilgang)",01000 Landbrug og gartneri- (Anvendelse),2017,5949.5405941873005
Import inkl. told,"10120 Føde-, drikke- og tobaksvareindustri-(Tilgang)",01000 Landbrug og gartneri- (Anvendelse),2018,6180.817986762035
Import inkl. told,"10120 Føde-, drikke- og tobaksvareindustri-(Tilgang)",01000 Landbrug og gartneri- (Anvendelse),2019,6004.190251772766
Import inkl. told,"10120 Føde-, drikke- og tobaksvareindustri-(Tilgang)",01000 Landbrug og gartneri- (Anvendelse),2020,6030.773
Import inkl. told,"10120 Føde-, drikke- og tobaksvareindustri-(Tilgang)",01000 Landbrug og gartneri- (Anvendelse),2021,6151.229000000001
Import inkl. told,"10120 Føde-, drikke- og tobaksvareindustri-(Tilgang)",01000 Landbrug og gartneri- (Anvendelse),2022,5850.749082084353
Import inkl. told,"10120 Føde-, drikke- og tobaksvareindustri-(Tilgang)","10120 Føde-, drikke- og tobaksvareindustri- (Anvendelse)",1967,860.5728417192836
Import inkl. told,"10120 Føde-, drikke- og tobaksvareindustri-(Tilgang)","10120 Føde-, drikke- og tobaksvareindustri- (Anvendelse)",1968,1064.7508104493863
Import inkl. told,"10120 Føde-, drikke- og tobaksvareindustri-(Tilgang)","10120 Føde-, drikke- og tobaksvareindustri- (Anvendelse)",1969,1168.194579075112
Import inkl. told,"10120 Føde-, drikke- og tobaksvareindustri-(Tilgang)","10120 Føde-, drikke- og tobaksvareindustri- (Anvendelse)",1970,1468.3593903466972
Import inkl. told,"10120 Føde-, drikke- og tobaksvareindustri-(Tilgang)","10120 Føde-, drikke- og tobaksvareindustri- (Anvendelse)",1971,1448.525869616562
Import inkl. told,"10120 Føde-, drikke- og tobaksvareindustri-(Tilgang)","10120 Føde-, drikke- og tobaksvareindustri- (Anvendelse)",1972,1492.9488330238928
Import inkl. told,"10120 Føde-, drikke- og tobaksvareindustri-(Tilgang)","10120 Føde-, drikke- og tobaksvareindustri- (Anvendelse)",1973,1563.1611733878494
Import inkl. told,"10120 Føde-, drikke- og tobaksvareindustri-(Tilgang)","10120 Føde-, drikke- og tobaksvareindustri- (Anvendelse)",1974,1738.9625697706429
Import inkl. told,"10120 Føde-, drikke- og tobaksvareindustri-(Tilgang)","10120 Føde-, drikke- og tobaksvareindustri- (Anvendelse)",1975,1853.7416597584759
Import inkl. told,"10120 Føde-, drikke- og tobaksvareindustri-(Tilgang)","10120 Føde-, drikke- og tobaksvareindustri- (Anvendelse)",1976,2339.8521759315618
Import inkl. told,"10120 Føde-, drikke- og tobaksvareindustri-(Tilgang)","10120 Føde-, drikke- og tobaksvareindustri- (Anvendelse)",1977,2418.063042297339
Import inkl. told,"10120 Føde-, drikke- og tobaksvareindustri-(Tilgang)","10120 Føde-, drikke- og tobaksvareindustri- (Anvendelse)",1978,2290.5102278291756
Import inkl. told,"10120 Føde-, drikke- og tobaksvareindustri-(Tilgang)","10120 Føde-, drikke- og tobaksvareindustri- (Anvendelse)",1979,2610.328387050738
Import inkl. told,"10120 Føde-, drikke- og tobaksvareindustri-(Tilgang)","10120 Føde-, drikke- og tobaksvareindustri- (Anvendelse)",1980,2695.9088711868962
Import inkl. told,"10120 Føde-, drikke- og tobaksvareindustri-(Tilgang)","10120 Føde-, drikke- og tobaksvareindustri- (Anvendelse)",1981,3065.745621216946
Import inkl. told,"10120 Føde-, drikke- og tobaksvareindustri-(Tilgang)","10120 Føde-, drikke- og tobaksvareindustri- (Anvendelse)",1982,2858.5207435894154
Import inkl. told,"10120 Føde-, drikke- og tobaksvareindustri-(Tilgang)","10120 Føde-, drikke- og tobaksvareindustri- (Anvendelse)",1983,2937.9901669113365
Import inkl. told,"10120 Føde-, drikke- og tobaksvareindustri-(Tilgang)","10120 Føde-, drikke- og tobaksvareindustri- (Anvendelse)",1984,3386.146493338111
Import inkl. told,"10120 Føde-, drikke- og tobaksvareindustri-(Tilgang)","10120 Føde-, drikke- og tobaksvareindustri- (Anvendelse)",1985,3801.3821365508766
Import inkl. told,"10120 Føde-, drikke- og tobaksvareindustri-(Tilgang)","10120 Føde-, drikke- og tobaksvareindustri- (Anvendelse)",1986,4012.2720810731507
Import inkl. told,"10120 Føde-, drikke- og tobaksvareindustri-(Tilgang)","10120 Føde-, drikke- og tobaksvareindustri- (Anvendelse)",1987,4464.233212688945
Import inkl. told,"10120 Føde-, drikke- og tobaksvareindustri-(Tilgang)","10120 Føde-, drikke- og tobaksvareindustri- (Anvendelse)",1988,4962.122334269573
Import inkl. told,"10120 Føde-, drikke- og tobaksvareindustri-(Tilgang)","10120 Føde-, drikke- og tobaksvareindustri- (Anvendelse)",1989,5581.668497893003
Import inkl. told,"10120 Føde-, drikke- og tobaksvareindustri-(Tilgang)","10120 Føde-, drikke- og tobaksvareindustri- (Anvendelse)",1990,6099.69105231049
Import inkl. told,"10120 Føde-, drikke- og tobaksvareindustri-(Tilgang)","10120 Føde-, drikke- og tobaksvareindustri- (Anvendelse)",1991,7003.597668227595
Import inkl. told,"10120 Føde-, drikke- og tobaksvareindustri-(Tilgang)","10120 Føde-, drikke- og tobaksvareindustri- (Anvendelse)",1992,7693.016634569804
Import inkl. told,"10120 Føde-, drikke- og tobaksvareindustri-(Tilgang)","10120 Føde-, drikke- og tobaksvareindustri- (Anvendelse)",1993,7546.614366093386
Import inkl. told,"10120 Føde-, drikke- og tobaksvareindustri-(Tilgang)","10120 Føde-, drikke- og tobaksvareindustri- (Anvendelse)",1994,8529.80290124362
Import inkl. told,"10120 Føde-, drikke- og tobaksvareindustri-(Tilgang)","10120 Føde-, drikke- og tobaksvareindustri- (Anvendelse)",1995,9619.132937138314
Import inkl. told,"10120 Føde-, drikke- og tobaksvareindustri-(Tilgang)","10120 Føde-, drikke- og tobaksvareindustri- (Anvendelse)",1996,10331.54040812886
Import inkl. told,"10120 Føde-, drikke- og tobaksvareindustri-(Tilgang)","10120 Føde-, drikke- og tobaksvareindustri- (Anvendelse)",1997,10585.608237572904
Import inkl. told,"10120 Føde-, drikke- og tobaksvareindustri-(Tilgang)","10120 Føde-, drikke- og tobaksvareindustri- (Anvendelse)",1998,10532.022606578197
Import inkl. told,"10120 Føde-, drikke- og tobaksvareindustri-(Tilgang)","10120 Føde-, drikke- og tobaksvareindustri- (Anvendelse)",1999,10213.475983360007
Import inkl. told,"10120 Føde-, drikke- og tobaksvareindustri-(Tilgang)","10120 Føde-, drikke- og tobaksvareindustri- (Anvendelse)",2000,11937.947082570448
Import inkl. told,"10120 Føde-, drikke- og tobaksvareindustri-(Tilgang)","10120 Føde-, drikke- og tobaksvareindustri- (Anvendelse)",2001,12582.601918430124
Import inkl. told,"10120 Føde-, drikke- og tobaksvareindustri-(Tilgang)","10120 Føde-, drikke- og tobaksvareindustri- (Anvendelse)",2002,12409.031437108724
Import inkl. told,"10120 Føde-, drikke- og tobaksvareindustri-(Tilgang)","10120 Føde-, drikke- og tobaksvareindustri- (Anvendelse)",2003,13922.733079165711
Import inkl. told,"10120 Føde-, drikke- og tobaksvareindustri-(Tilgang)","10120 Føde-, drikke- og tobaksvareindustri- (Anvendelse)",2004,14426.63984853214
Import inkl. told,"10120 Føde-, drikke- og tobaksvareindustri-(Tilgang)","10120 Føde-, drikke- og tobaksvareindustri- (Anvendelse)",2005,15727.425966086948
Import inkl. told,"10120 Føde-, drikke- og tobaksvareindustri-(Tilgang)","10120 Føde-, drikke- og tobaksvareindustri- (Anvendelse)",2006,17173.21999069951
Import inkl. told,"10120 Føde-, drikke- og tobaksvareindustri-(Tilgang)","10120 Føde-, drikke- og tobaksvareindustri- (Anvendelse)",2007,17796.284183543346
Import inkl. told,"10120 Føde-, drikke- og tobaksvareindustri-(Tilgang)","10120 Føde-, drikke- og tobaksvareindustri- (Anvendelse)",2008,17501.615411303548
Import inkl. told,"10120 Føde-, drikke- og tobaksvareindustri-(Tilgang)","10120 Føde-, drikke- og tobaksvareindustri- (Anvendelse)",2009,16201.234346813688
Import inkl. told,"10120 Føde-, drikke- og tobaksvareindustri-(Tilgang)","10120 Føde-, drikke- og tobaksvareindustri- (Anvendelse)",2010,15171.648220134817
Import inkl. told,"10120 Føde-, drikke- og tobaksvareindustri-(Tilgang)","10120 Føde-, drikke- og tobaksvareindustri- (Anvendelse)",2011,15184.917342687211
Import inkl. told,"10120 Føde-, drikke- og tobaksvareindustri-(Tilgang)","10120 Føde-, drikke- og tobaksvareindustri- (Anvendelse)",2012,15349.11427745031
Import inkl. told,"10120 Føde-, drikke- og tobaksvareindustri-(Tilgang)","10120 Føde-, drikke- og tobaksvareindustri- (Anvendelse)",2013,16472.043499290452
Import inkl. told,"10120 Føde-, drikke- og tobaksvareindustri-(Tilgang)","10120 Føde-, drikke- og tobaksvareindustri- (Anvendelse)",2014,17426.055285887694
Import inkl. told,"10120 Føde-, drikke- og tobaksvareindustri-(Tilgang)","10120 Føde-, drikke- og tobaksvareindustri- (Anvendelse)",2015,18101.691990977557
Import inkl. told,"10120 Føde-, drikke- og tobaksvareindustri-(Tilgang)","10120 Føde-, drikke- og tobaksvareindustri- (Anvendelse)",2016,16431.653844406068
Import inkl. told,"10120 Føde-, drikke- og tobaksvareindustri-(Tilgang)","10120 Føde-, drikke- og tobaksvareindustri- (Anvendelse)",2017,16721.87402949635
Import inkl. told,"10120 Føde-, drikke- og tobaksvareindustri-(Tilgang)","10120 Føde-, drikke- og tobaksvareindustri- (Anvendelse)",2018,17616.283047856316
Import inkl. told,"10120 Føde-, drikke- og tobaksvareindustri-(Tilgang)","10120 Føde-, drikke- og tobaksvareindustri- (Anvendelse)",2019,17626.766848028954
Import inkl. told,"10120 Føde-, drikke- og tobaksvareindustri-(Tilgang)","10120 Føde-, drikke- og tobaksvareindustri- (Anvendelse)",2020,17714.595
Import inkl. told,"10120 Føde-, drikke- og tobaksvareindustri-(Tilgang)","10120 Føde-, drikke- og tobaksvareindustri- (Anvendelse)",2021,17328.055
Import inkl. told,"10120 Føde-, drikke- og tobaksvareindustri-(Tilgang)","10120 Føde-, drikke- og tobaksvareindustri- (Anvendelse)",2022,16812.759992349645
Import inkl. told,"10120 Føde-, drikke- og tobaksvareindustri-(Tilgang)","Anvendelse, i alt-(Anvendelse)",1967,6902.425276017158
Import inkl. told,"10120 Føde-, drikke- og tobaksvareindustri-(Tilgang)","Anvendelse, i alt-(Anvendelse)",1968,6766.655146695396
Import inkl. told,"10120 Føde-, drikke- og tobaksvareindustri-(Tilgang)","Anvendelse, i alt-(Anvendelse)",1969,7301.756195424736
Import inkl. told,"10120 Føde-, drikke- og tobaksvareindustri-(Tilgang)","Anvendelse, i alt-(Anvendelse)",1970,8417.40326380338
Import inkl. told,"10120 Føde-, drikke- og tobaksvareindustri-(Tilgang)","Anvendelse, i alt-(Anvendelse)",1971,8811.373623419073
Import inkl. told,"10120 Føde-, drikke- og tobaksvareindustri-(Tilgang)","Anvendelse, i alt-(Anvendelse)",1972,9329.403325828907
Import inkl. told,"10120 Føde-, drikke- og tobaksvareindustri-(Tilgang)","Anvendelse, i alt-(Anvendelse)",1973,10589.284010281834
Import inkl. told,"10120 Føde-, drikke- og tobaksvareindustri-(Tilgang)","Anvendelse, i alt-(Anvendelse)",1974,10548.871336252258
Import inkl. told,"10120 Føde-, drikke- og tobaksvareindustri-(Tilgang)","Anvendelse, i alt-(Anvendelse)",1975,10762.421986629557
Import inkl. told,"10120 Føde-, drikke- og tobaksvareindustri-(Tilgang)","Anvendelse, i alt-(Anvendelse)",1976,12701.507381190811
Import inkl. told,"10120 Føde-, drikke- og tobaksvareindustri-(Tilgang)","Anvendelse, i alt-(Anvendelse)",1977,13263.099471613901
Import inkl. told,"10120 Føde-, drikke- og tobaksvareindustri-(Tilgang)","Anvendelse, i alt-(Anvendelse)",1978,13866.987940726558
Import inkl. told,"10120 Føde-, drikke- og tobaksvareindustri-(Tilgang)","Anvendelse, i alt-(Anvendelse)",1979,14336.038680018515
Import inkl. told,"10120 Føde-, drikke- og tobaksvareindustri-(Tilgang)","Anvendelse, i alt-(Anvendelse)",1980,15395.292213230552
Import inkl. told,"10120 Føde-, drikke- og tobaksvareindustri-(Tilgang)","Anvendelse, i alt-(Anvendelse)",1981,17336.614587094995
Import inkl. told,"10120 Føde-, drikke- og tobaksvareindustri-(Tilgang)","Anvendelse, i alt-(Anvendelse)",1982,17278.99148410645
Import inkl. told,"10120 Føde-, drikke- og tobaksvareindustri-(Tilgang)","Anvendelse, i alt-(Anvendelse)",1983,18070.765886803212
Import inkl. told,"10120 Føde-, drikke- og tobaksvareindustri-(Tilgang)","Anvendelse, i alt-(Anvendelse)",1984,19013.212993679907
Import inkl. told,"10120 Føde-, drikke- og tobaksvareindustri-(Tilgang)","Anvendelse, i alt-(Anvendelse)",1985,21081.897396772292
Import inkl. told,"10120 Føde-, drikke- og tobaksvareindustri-(Tilgang)","Anvendelse, i alt-(Anvendelse)",1986,21702.94884237448
Import inkl. told,"10120 Føde-, drikke- og tobaksvareindustri-(Tilgang)","Anvendelse, i alt-(Anvendelse)",1987,22438.878124527466
Import inkl. told,"10120 Føde-, drikke- og tobaksvareindustri-(Tilgang)","Anvendelse, i alt-(Anvendelse)",1988,23307.578022093538
Import inkl. told,"10120 Føde-, drikke- og tobaksvareindustri-(Tilgang)","Anvendelse, i alt-(Anvendelse)",1989,24767.76512154598
Import inkl. told,"10120 Føde-, drikke- og tobaksvareindustri-(Tilgang)","Anvendelse, i alt-(Anvendelse)",1990,25435.84653188664
Import inkl. told,"10120 Føde-, drikke- og tobaksvareindustri-(Tilgang)","Anvendelse, i alt-(Anvendelse)",1991,28014.02350387307
Import inkl. told,"10120 Føde-, drikke- og tobaksvareindustri-(Tilgang)","Anvendelse, i alt-(Anvendelse)",1992,32591.068958150885
Import inkl. told,"10120 Føde-, drikke- og tobaksvareindustri-(Tilgang)","Anvendelse, i alt-(Anvendelse)",1993,32543.43301522049
Import inkl. told,"10120 Føde-, drikke- og tobaksvareindustri-(Tilgang)","Anvendelse, i alt-(Anvendelse)",1994,34122.26127502387
Import inkl. told,"10120 Føde-, drikke- og tobaksvareindustri-(Tilgang)","Anvendelse, i alt-(Anvendelse)",1995,36442.111542202256
Import inkl. told,"10120 Føde-, drikke- og tobaksvareindustri-(Tilgang)","Anvendelse, i alt-(Anvendelse)",1996,38137.53176875579
Import inkl. told,"10120 Føde-, drikke- og tobaksvareindustri-(Tilgang)","Anvendelse, i alt-(Anvendelse)",1997,40654.94090797574
Import inkl. told,"10120 Føde-, drikke- og tobaksvareindustri-(Tilgang)","Anvendelse, i alt-(Anvendelse)",1998,42641.198564313505
Import inkl. told,"10120 Føde-, drikke- og tobaksvareindustri-(Tilgang)","Anvendelse, i alt-(Anvendelse)",1999,42491.14442886317
Import inkl. told,"10120 Føde-, drikke- og tobaksvareindustri-(Tilgang)","Anvendelse, i alt-(Anvendelse)",2000,46832.48747306951
Import inkl. told,"10120 Føde-, drikke- og tobaksvareindustri-(Tilgang)","Anvendelse, i alt-(Anvendelse)",2001,49805.255928506514
Import inkl. told,"10120 Føde-, drikke- og tobaksvareindustri-(Tilgang)","Anvendelse, i alt-(Anvendelse)",2002,51542.847847493445
Import inkl. told,"10120 Føde-, drikke- og tobaksvareindustri-(Tilgang)","Anvendelse, i alt-(Anvendelse)",2003,52735.79856304335
Import inkl. told,"10120 Føde-, drikke- og tobaksvareindustri-(Tilgang)","Anvendelse, i alt-(Anvendelse)",2004,57153.792554034946
Import inkl. told,"10120 Føde-, drikke- og tobaksvareindustri-(Tilgang)","Anvendelse, i alt-(Anvendelse)",2005,60167.82668945954
Import inkl. told,"10120 Føde-, drikke- og tobaksvareindustri-(Tilgang)","Anvendelse, i alt-(Anvendelse)",2006,64961.676452017506
Import inkl. told,"10120 Føde-, drikke- og tobaksvareindustri-(Tilgang)","Anvendelse, i alt-(Anvendelse)",2007,66791.0857251382
Import inkl. told,"10120 Føde-, drikke- og tobaksvareindustri-(Tilgang)","Anvendelse, i alt-(Anvendelse)",2008,67485.05767162245
Import inkl. told,"10120 Føde-, drikke- og tobaksvareindustri-(Tilgang)","Anvendelse, i alt-(Anvendelse)",2009,60106.895951873994
Import inkl. told,"10120 Føde-, drikke- og tobaksvareindustri-(Tilgang)","Anvendelse, i alt-(Anvendelse)",2010,63095.688801466546
Import inkl. told,"10120 Føde-, drikke- og tobaksvareindustri-(Tilgang)","Anvendelse, i alt-(Anvendelse)",2011,67108.14555379048
Import inkl. told,"10120 Føde-, drikke- og tobaksvareindustri-(Tilgang)","Anvendelse, i alt-(Anvendelse)",2012,66832.10823417437
Import inkl. told,"10120 Føde-, drikke- og tobaksvareindustri-(Tilgang)","Anvendelse, i alt-(Anvendelse)",2013,70206.67576878077
Import inkl. told,"10120 Føde-, drikke- og tobaksvareindustri-(Tilgang)","Anvendelse, i alt-(Anvendelse)",2014,73220.90325032148
Import inkl. told,"10120 Føde-, drikke- og tobaksvareindustri-(Tilgang)","Anvendelse, i alt-(Anvendelse)",2015,77893.54085992106
Import inkl. told,"10120 Føde-, drikke- og tobaksvareindustri-(Tilgang)","Anvendelse, i alt-(Anvendelse)",2016,77522.74185275058
Import inkl. told,"10120 Føde-, drikke- og tobaksvareindustri-(Tilgang)","Anvendelse, i alt-(Anvendelse)",2017,78497.86761982013
Import inkl. told,"10120 Føde-, drikke- og tobaksvareindustri-(Tilgang)","Anvendelse, i alt-(Anvendelse)",2018,82276.67955767974
Import inkl. told,"10120 Føde-, drikke- og tobaksvareindustri-(Tilgang)","Anvendelse, i alt-(Anvendelse)",2019,83764.73858966937
Import inkl. told,"10120 Føde-, drikke- og tobaksvareindustri-(Tilgang)","Anvendelse, i alt-(Anvendelse)",2020,84296.493
Import inkl. told,"10120 Føde-, drikke- og tobaksvareindustri-(Tilgang)","Anvendelse, i alt-(Anvendelse)",2021,88802.611
Import inkl. told,"10120 Føde-, drikke- og tobaksvareindustri-(Tilgang)","Anvendelse, i alt-(Anvendelse)",2022,91246.78368129513
Import inkl. told,"10120 Føde-, drikke- og tobaksvareindustri-(Tilgang)",Eksport - (Anvendelse),1967,239.28812254398454
Import inkl. told,"10120 Føde-, drikke- og tobaksvareindustri-(Tilgang)",Eksport - (Anvendelse),1968,287.4929854721795
Import inkl. told,"10120 Føde-, drikke- og tobaksvareindustri-(Tilgang)",Eksport - (Anvendelse),1969,278.8297004137762
Import inkl. told,"10120 Føde-, drikke- og tobaksvareindustri-(Tilgang)",Eksport - (Anvendelse),1970,346.8433933005099
Import inkl. told,"10120 Føde-, drikke- og tobaksvareindustri-(Tilgang)",Eksport - (Anvendelse),1971,276.7615704632955
Import inkl. told,"10120 Føde-, drikke- og tobaksvareindustri-(Tilgang)",Eksport - (Anvendelse),1972,289.84325677596394
Import inkl. told,"10120 Føde-, drikke- og tobaksvareindustri-(Tilgang)",Eksport - (Anvendelse),1973,441.318304343582
Import inkl. told,"10120 Føde-, drikke- og tobaksvareindustri-(Tilgang)",Eksport - (Anvendelse),1974,523.9001630893289
Import inkl. told,"10120 Føde-, drikke- og tobaksvareindustri-(Tilgang)",Eksport - (Anvendelse),1975,486.6398668562398
Import inkl. told,"10120 Føde-, drikke- og tobaksvareindustri-(Tilgang)",Eksport - (Anvendelse),1976,608.6420880170534
Import inkl. told,"10120 Føde-, drikke- og tobaksvareindustri-(Tilgang)",Eksport - (Anvendelse),1977,683.3832421314686
Import inkl. told,"10120 Føde-, drikke- og tobaksvareindustri-(Tilgang)",Eksport - (Anvendelse),1978,708.9561846898648
Import inkl. told,"10120 Føde-, drikke- og tobaksvareindustri-(Tilgang)",Eksport - (Anvendelse),1979,603.4566951056756
Import inkl. told,"10120 Føde-, drikke- og tobaksvareindustri-(Tilgang)",Eksport - (Anvendelse),1980,673.2870364516417
Import inkl. told,"10120 Føde-, drikke- og tobaksvareindustri-(Tilgang)",Eksport - (Anvendelse),1981,1039.1400275487103
Import inkl. told,"10120 Føde-, drikke- og tobaksvareindustri-(Tilgang)",Eksport - (Anvendelse),1982,1234.9470485224283
Import inkl. told,"10120 Føde-, drikke- og tobaksvareindustri-(Tilgang)",Eksport - (Anvendelse),1983,1304.5955482748893
Import inkl. told,"10120 Føde-, drikke- og tobaksvareindustri-(Tilgang)",Eksport - (Anvendelse),1984,1526.975547130709
Import inkl. told,"10120 Føde-, drikke- og tobaksvareindustri-(Tilgang)",Eksport - (Anvendelse),1985,1890.1838922379438
Import inkl. told,"10120 Føde-, drikke- og tobaksvareindustri-(Tilgang)",Eksport - (Anvendelse),1986,2001.7953453905632
Import inkl. told,"10120 Føde-, drikke- og tobaksvareindustri-(Tilgang)",Eksport - (Anvendelse),1987,2022.418975511122
Import inkl. told,"10120 Føde-, drikke- og tobaksvareindustri-(Tilgang)",Eksport - (Anvendelse),1988,2627.651473035252
Import inkl. told,"10120 Føde-, drikke- og tobaksvareindustri-(Tilgang)",Eksport - (Anvendelse),1989,2507.873590167853
Import inkl. told,"10120 Føde-, drikke- og tobaksvareindustri-(Tilgang)",Eksport - (Anvendelse),1990,2635.2682890437504
Import inkl. told,"10120 Føde-, drikke- og tobaksvareindustri-(Tilgang)",Eksport - (Anvendelse),1991,3056.2960095442154
Import inkl. told,"10120 Føde-, drikke- og tobaksvareindustri-(Tilgang)",Eksport - (Anvendelse),1992,5285.706156809595
Import inkl. told,"10120 Føde-, drikke- og tobaksvareindustri-(Tilgang)",Eksport - (Anvendelse),1993,5053.435830653744
Import inkl. told,"10120 Føde-, drikke- og tobaksvareindustri-(Tilgang)",Eksport - (Anvendelse),1994,5210.605581191031
Import inkl. told,"10120 Føde-, drikke- og tobaksvareindustri-(Tilgang)",Eksport - (Anvendelse),1995,4800.932795235576
Import inkl. told,"10120 Føde-, drikke- og tobaksvareindustri-(Tilgang)",Eksport - (Anvendelse),1996,5511.448264643597
Import inkl. told,"10120 Føde-, drikke- og tobaksvareindustri-(Tilgang)",Eksport - (Anvendelse),1997,6025.622680361629
Import inkl. told,"10120 Føde-, drikke- og tobaksvareindustri-(Tilgang)",Eksport - (Anvendelse),1998,6311.122216139546
Import inkl. told,"10120 Føde-, drikke- og tobaksvareindustri-(Tilgang)",Eksport - (Anvendelse),1999,6497.850951004606
Import inkl. told,"10120 Føde-, drikke- og tobaksvareindustri-(Tilgang)",Eksport - (Anvendelse),2000,7191.098234501502
Import inkl. told,"10120 Føde-, drikke- og tobaksvareindustri-(Tilgang)",Eksport - (Anvendelse),2001,8326.134754291592
Import inkl. told,"10120 Føde-, drikke- og tobaksvareindustri-(Tilgang)",Eksport - (Anvendelse),2002,8147.978708274298
Import inkl. told,"10120 Føde-, drikke- og tobaksvareindustri-(Tilgang)",Eksport - (Anvendelse),2003,9253.69382453608
Import inkl. told,"10120 Føde-, drikke- og tobaksvareindustri-(Tilgang)",Eksport - (Anvendelse),2004,10298.34481863031
Import inkl. told,"10120 Føde-, drikke- og tobaksvareindustri-(Tilgang)",Eksport - (Anvendelse),2005,10255.925130757163
Import inkl. told,"10120 Føde-, drikke- og tobaksvareindustri-(Tilgang)",Eksport - (Anvendelse),2006,11060.240045429293
Import inkl. told,"10120 Føde-, drikke- og tobaksvareindustri-(Tilgang)",Eksport - (Anvendelse),2007,11167.855355549294
Import inkl. told,"10120 Føde-, drikke- og tobaksvareindustri-(Tilgang)",Eksport - (Anvendelse),2008,12378.745818156782
Import inkl. told,"10120 Føde-, drikke- og tobaksvareindustri-(Tilgang)",Eksport - (Anvendelse),2009,10362.932042077467
Import inkl. told,"10120 Føde-, drikke- og tobaksvareindustri-(Tilgang)",Eksport - (Anvendelse),2010,12039.314499041995
Import inkl. told,"10120 Føde-, drikke- og tobaksvareindustri-(Tilgang)",Eksport - (Anvendelse),2011,13264.41781536222
Import inkl. told,"10120 Føde-, drikke- og tobaksvareindustri-(Tilgang)",Eksport - (Anvendelse),2012,12594.170199808152
Import inkl. told,"10120 Føde-, drikke- og tobaksvareindustri-(Tilgang)",Eksport - (Anvendelse),2013,12908.439121595653
Import inkl. told,"10120 Føde-, drikke- og tobaksvareindustri-(Tilgang)",Eksport - (Anvendelse),2014,13868.413192528029
Import inkl. told,"10120 Føde-, drikke- og tobaksvareindustri-(Tilgang)",Eksport - (Anvendelse),2015,14459.800622862707
Import inkl. told,"10120 Føde-, drikke- og tobaksvareindustri-(Tilgang)",Eksport - (Anvendelse),2016,14977.862165813312
Import inkl. told,"10120 Føde-, drikke- og tobaksvareindustri-(Tilgang)",Eksport - (Anvendelse),2017,15363.726589436548
Import inkl. told,"10120 Føde-, drikke- og tobaksvareindustri-(Tilgang)",Eksport - (Anvendelse),2018,16175.738841182807
Import inkl. told,"10120 Føde-, drikke- og tobaksvareindustri-(Tilgang)",Eksport - (Anvendelse),2019,16631.61129912472
Import inkl. told,"10120 Føde-, drikke- og tobaksvareindustri-(Tilgang)",Eksport - (Anvendelse),2020,16267.027
Import inkl. told,"10120 Føde-, drikke- og tobaksvareindustri-(Tilgang)",Eksport - (Anvendelse),2021,18854.652
Import inkl. told,"10120 Føde-, drikke- og tobaksvareindustri-(Tilgang)",Eksport - (Anvendelse),2022,19885.227725670626
Import inkl. told,"10120 Føde-, drikke- og tobaksvareindustri-(Tilgang)",Faste bruttoinvesteringer + Lagerforøgelse + Værdigenstande (Anvendelse),1967,242.82830998816343
Import inkl. told,"10120 Føde-, drikke- og tobaksvareindustri-(Tilgang)",Faste bruttoinvesteringer + Lagerforøgelse + Værdigenstande (Anvendelse),1968,13.709988744650067
Import inkl. told,"10120 Føde-, drikke- og tobaksvareindustri-(Tilgang)",Faste bruttoinvesteringer + Lagerforøgelse + Værdigenstande (Anvendelse),1969,-41.666162691933806
Import inkl. told,"10120 Føde-, drikke- og tobaksvareindustri-(Tilgang)",Faste bruttoinvesteringer + Lagerforøgelse + Værdigenstande (Anvendelse),1970,93.04122305559383
Import inkl. told,"10120 Føde-, drikke- og tobaksvareindustri-(Tilgang)",Faste bruttoinvesteringer + Lagerforøgelse + Værdigenstande (Anvendelse),1971,-14.25937430008395
Import inkl. told,"10120 Føde-, drikke- og tobaksvareindustri-(Tilgang)",Faste bruttoinvesteringer + Lagerforøgelse + Værdigenstande (Anvendelse),1972,50.57361988029419
Import inkl. told,"10120 Føde-, drikke- og tobaksvareindustri-(Tilgang)",Faste bruttoinvesteringer + Lagerforøgelse + Værdigenstande (Anvendelse),1973,33.70549391137028
Import inkl. told,"10120 Føde-, drikke- og tobaksvareindustri-(Tilgang)",Faste bruttoinvesteringer + Lagerforøgelse + Værdigenstande (Anvendelse),1974,206.5021811005351
Import inkl. told,"10120 Føde-, drikke- og tobaksvareindustri-(Tilgang)",Faste bruttoinvesteringer + Lagerforøgelse + Værdigenstande (Anvendelse),1975,-84.16042403760886
Import inkl. told,"10120 Føde-, drikke- og tobaksvareindustri-(Tilgang)",Faste bruttoinvesteringer + Lagerforøgelse + Værdigenstande (Anvendelse),1976,-6.047381262458948
Import inkl. told,"10120 Føde-, drikke- og tobaksvareindustri-(Tilgang)",Faste bruttoinvesteringer + Lagerforøgelse + Værdigenstande (Anvendelse),1977,336.26846794630876
Import inkl. told,"10120 Føde-, drikke- og tobaksvareindustri-(Tilgang)",Faste bruttoinvesteringer + Lagerforøgelse + Værdigenstande (Anvendelse),1978,-735.9493447847633
Import inkl. told,"10120 Føde-, drikke- og tobaksvareindustri-(Tilgang)",Faste bruttoinvesteringer + Lagerforøgelse + Værdigenstande (Anvendelse),1979,701.3232238774228
Import inkl. told,"10120 Føde-, drikke- og tobaksvareindustri-(Tilgang)",Faste bruttoinvesteringer + Lagerforøgelse + Værdigenstande (Anvendelse),1980,1039.5876911671367
Import inkl. told,"10120 Føde-, drikke- og tobaksvareindustri-(Tilgang)",Faste bruttoinvesteringer + Lagerforøgelse + Værdigenstande (Anvendelse),1981,1163.0176111083917
Import inkl. told,"10120 Føde-, drikke- og tobaksvareindustri-(Tilgang)",Faste bruttoinvesteringer + Lagerforøgelse + Værdigenstande (Anvendelse),1982,-179.11405505385233
Import inkl. told,"10120 Føde-, drikke- og tobaksvareindustri-(Tilgang)",Faste bruttoinvesteringer + Lagerforøgelse + Værdigenstande (Anvendelse),1983,1805.5769933509878
Import inkl. told,"10120 Føde-, drikke- og tobaksvareindustri-(Tilgang)",Faste bruttoinvesteringer + Lagerforøgelse + Værdigenstande (Anvendelse),1984,639.610039026436
Import inkl. told,"10120 Føde-, drikke- og tobaksvareindustri-(Tilgang)",Faste bruttoinvesteringer + Lagerforøgelse + Værdigenstande (Anvendelse),1985,1339.4825517497677
Import inkl. told,"10120 Føde-, drikke- og tobaksvareindustri-(Tilgang)",Faste bruttoinvesteringer + Lagerforøgelse + Værdigenstande (Anvendelse),1986,1676.282276632339
Import inkl. told,"10120 Føde-, drikke- og tobaksvareindustri-(Tilgang)",Faste bruttoinvesteringer + Lagerforøgelse + Værdigenstande (Anvendelse),1987,29.428916491987255
Import inkl. told,"10120 Føde-, drikke- og tobaksvareindustri-(Tilgang)",Faste bruttoinvesteringer + Lagerforøgelse + Værdigenstande (Anvendelse),1988,6328.184663212936
Import inkl. told,"10120 Føde-, drikke- og tobaksvareindustri-(Tilgang)",Faste bruttoinvesteringer + Lagerforøgelse + Værdigenstande (Anvendelse),1989,8004.381103369229
Import inkl. told,"10120 Føde-, drikke- og tobaksvareindustri-(Tilgang)",Faste bruttoinvesteringer + Lagerforøgelse + Værdigenstande (Anvendelse),1990,14928.416843116716
Import inkl. told,"10120 Føde-, drikke- og tobaksvareindustri-(Tilgang)",Faste bruttoinvesteringer + Lagerforøgelse + Værdigenstande (Anvendelse),1991,2760.6257773701245
Import inkl. told,"10120 Føde-, drikke- og tobaksvareindustri-(Tilgang)",Faste bruttoinvesteringer + Lagerforøgelse + Værdigenstande (Anvendelse),1992,-96.44941913365788
Import inkl. told,"10120 Føde-, drikke- og tobaksvareindustri-(Tilgang)",Faste bruttoinvesteringer + Lagerforøgelse + Værdigenstande (Anvendelse),1993,-688.9531830654375
Import inkl. told,"10120 Føde-, drikke- og tobaksvareindustri-(Tilgang)",Faste bruttoinvesteringer + Lagerforøgelse + Værdigenstande (Anvendelse),1994,-312.72842930611563
Import inkl. told,"10120 Føde-, drikke- og tobaksvareindustri-(Tilgang)",Faste bruttoinvesteringer + Lagerforøgelse + Værdigenstande (Anvendelse),1995,233.80966719990997
Import inkl. told,"10120 Føde-, drikke- og tobaksvareindustri-(Tilgang)",Faste bruttoinvesteringer + Lagerforøgelse + Værdigenstande (Anvendelse),1996,118.90344824222511
Import inkl. told,"10120 Føde-, drikke- og tobaksvareindustri-(Tilgang)",Faste bruttoinvesteringer + Lagerforøgelse + Værdigenstande (Anvendelse),1997,-4.451586250508658
Import inkl. told,"10120 Føde-, drikke- og tobaksvareindustri-(Tilgang)",Faste bruttoinvesteringer + Lagerforøgelse + Værdigenstande (Anvendelse),1998,40.43626484638821
Import inkl. told,"10120 Føde-, drikke- og tobaksvareindustri-(Tilgang)",Faste bruttoinvesteringer + Lagerforøgelse + Værdigenstande (Anvendelse),1999,35.12859067290098
Import inkl. told,"10120 Føde-, drikke- og tobaksvareindustri-(Tilgang)",Faste bruttoinvesteringer + Lagerforøgelse + Værdigenstande (Anvendelse),2000,-721.7097175104323
Import inkl. told,"10120 Føde-, drikke- og tobaksvareindustri-(Tilgang)",Faste bruttoinvesteringer + Lagerforøgelse + Værdigenstande (Anvendelse),2001,-873.6369550816464
Import inkl. told,"10120 Føde-, drikke- og tobaksvareindustri-(Tilgang)",Faste bruttoinvesteringer + Lagerforøgelse + Værdigenstande (Anvendelse),2002,-431.52281942395774
Import inkl. told,"10120 Føde-, drikke- og tobaksvareindustri-(Tilgang)",Faste bruttoinvesteringer + Lagerforøgelse + Værdigenstande (Anvendelse),2003,-1645.0112071077522
Import inkl. told,"10120 Føde-, drikke- og tobaksvareindustri-(Tilgang)",Faste bruttoinvesteringer + Lagerforøgelse + Værdigenstande (Anvendelse),2004,-494.561672614748
Import inkl. told,"10120 Føde-, drikke- og tobaksvareindustri-(Tilgang)",Faste bruttoinvesteringer + Lagerforøgelse + Værdigenstande (Anvendelse),2005,-311.7333098748105
Import inkl. told,"10120 Føde-, drikke- og tobaksvareindustri-(Tilgang)",Faste bruttoinvesteringer + Lagerforøgelse + Værdigenstande (Anvendelse),2006,-913.9340423159613
Import inkl. told,"10120 Føde-, drikke- og tobaksvareindustri-(Tilgang)",Faste bruttoinvesteringer + Lagerforøgelse + Værdigenstande (Anvendelse),2007,-198.72667044042745
Import inkl. told,"10120 Føde-, drikke- og tobaksvareindustri-(Tilgang)",Faste bruttoinvesteringer + Lagerforøgelse + Værdigenstande (Anvendelse),2008,-1270.3790142675925
Import inkl. told,"10120 Føde-, drikke- og tobaksvareindustri-(Tilgang)",Faste bruttoinvesteringer + Lagerforøgelse + Værdigenstande (Anvendelse),2009,48.44987158621412
Import inkl. told,"10120 Føde-, drikke- og tobaksvareindustri-(Tilgang)",Faste bruttoinvesteringer + Lagerforøgelse + Værdigenstande (Anvendelse),2010,545.2154216431716
Import inkl. told,"10120 Føde-, drikke- og tobaksvareindustri-(Tilgang)",Faste bruttoinvesteringer + Lagerforøgelse + Værdigenstande (Anvendelse),2011,-542.4170644007843
Import inkl. told,"10120 Føde-, drikke- og tobaksvareindustri-(Tilgang)",Faste bruttoinvesteringer + Lagerforøgelse + Værdigenstande (Anvendelse),2012,42.56484312096874
Import inkl. told,"10120 Føde-, drikke- og tobaksvareindustri-(Tilgang)",Faste bruttoinvesteringer + Lagerforøgelse + Værdigenstande (Anvendelse),2013,576.6143125381624
Import inkl. told,"10120 Føde-, drikke- og tobaksvareindustri-(Tilgang)",Faste bruttoinvesteringer + Lagerforøgelse + Værdigenstande (Anvendelse),2014,308.1465982426353
Import inkl. told,"10120 Føde-, drikke- og tobaksvareindustri-(Tilgang)",Faste bruttoinvesteringer + Lagerforøgelse + Værdigenstande (Anvendelse),2015,223.0432085056708
Import inkl. told,"10120 Føde-, drikke- og tobaksvareindustri-(Tilgang)",Faste bruttoinvesteringer + Lagerforøgelse + Værdigenstande (Anvendelse),2016,320.47394017639425
Import inkl. told,"10120 Føde-, drikke- og tobaksvareindustri-(Tilgang)",Faste bruttoinvesteringer + Lagerforøgelse + Værdigenstande (Anvendelse),2017,563.1274887768284
Import inkl. told,"10120 Føde-, drikke- og tobaksvareindustri-(Tilgang)",Faste bruttoinvesteringer + Lagerforøgelse + Værdigenstande (Anvendelse),2018,263.145684967203
Import inkl. told,"10120 Føde-, drikke- og tobaksvareindustri-(Tilgang)",Faste bruttoinvesteringer + Lagerforøgelse + Værdigenstande (Anvendelse),2019,266.7768533418587
Import inkl. told,"10120 Føde-, drikke- og tobaksvareindustri-(Tilgang)",Faste bruttoinvesteringer + Lagerforøgelse + Værdigenstande (Anvendelse),2020,134.64600000000002
Import inkl. told,"10120 Føde-, drikke- og tobaksvareindustri-(Tilgang)",Faste bruttoinvesteringer + Lagerforøgelse + Værdigenstande (Anvendelse),2021,-678.4269999999999
Import inkl. told,"10120 Føde-, drikke- og tobaksvareindustri-(Tilgang)",Faste bruttoinvesteringer + Lagerforøgelse + Værdigenstande (Anvendelse),2022,550.4714591902239
Import inkl. told,"10120 Føde-, drikke- og tobaksvareindustri-(Tilgang)",Husholdningernes forbrugsudgifter + NPISH (Anvendelse),1967,3028.64214704431
Import inkl. told,"10120 Føde-, drikke- og tobaksvareindustri-(Tilgang)",Husholdningernes forbrugsudgifter + NPISH (Anvendelse),1968,3047.28329665509
Import inkl. told,"10120 Føde-, drikke- og tobaksvareindustri-(Tilgang)",Husholdningernes forbrugsudgifter + NPISH (Anvendelse),1969,3285.8513579547184
Import inkl. told,"10120 Føde-, drikke- og tobaksvareindustri-(Tilgang)",Husholdningernes forbrugsudgifter + NPISH (Anvendelse),1970,3734.348802215347
Import inkl. told,"10120 Føde-, drikke- og tobaksvareindustri-(Tilgang)",Husholdningernes forbrugsudgifter + NPISH (Anvendelse),1971,4403.897080041615
Import inkl. told,"10120 Føde-, drikke- og tobaksvareindustri-(Tilgang)",Husholdningernes forbrugsudgifter + NPISH (Anvendelse),1972,4328.769203343536
Import inkl. told,"10120 Føde-, drikke- og tobaksvareindustri-(Tilgang)",Husholdningernes forbrugsudgifter + NPISH (Anvendelse),1973,5215.263744429959
Import inkl. told,"10120 Føde-, drikke- og tobaksvareindustri-(Tilgang)",Husholdningernes forbrugsudgifter + NPISH (Anvendelse),1974,4534.478285576898
Import inkl. told,"10120 Føde-, drikke- og tobaksvareindustri-(Tilgang)",Husholdningernes forbrugsudgifter + NPISH (Anvendelse),1975,4608.644934427838
Import inkl. told,"10120 Føde-, drikke- og tobaksvareindustri-(Tilgang)",Husholdningernes forbrugsudgifter + NPISH (Anvendelse),1976,5051.103802059019
Import inkl. told,"10120 Føde-, drikke- og tobaksvareindustri-(Tilgang)",Husholdningernes forbrugsudgifter + NPISH (Anvendelse),1977,5048.510906843802
Import inkl. told,"10120 Føde-, drikke- og tobaksvareindustri-(Tilgang)",Husholdningernes forbrugsudgifter + NPISH (Anvendelse),1978,5254.616434865315
Import inkl. told,"10120 Føde-, drikke- og tobaksvareindustri-(Tilgang)",Husholdningernes forbrugsudgifter + NPISH (Anvendelse),1979,4596.596597822479
Import inkl. told,"10120 Føde-, drikke- og tobaksvareindustri-(Tilgang)",Husholdningernes forbrugsudgifter + NPISH (Anvendelse),1980,5077.108279003847
Import inkl. told,"10120 Føde-, drikke- og tobaksvareindustri-(Tilgang)",Husholdningernes forbrugsudgifter + NPISH (Anvendelse),1981,5836.805823016739
Import inkl. told,"10120 Føde-, drikke- og tobaksvareindustri-(Tilgang)",Husholdningernes forbrugsudgifter + NPISH (Anvendelse),1982,5697.588718800262
Import inkl. told,"10120 Føde-, drikke- og tobaksvareindustri-(Tilgang)",Husholdningernes forbrugsudgifter + NPISH (Anvendelse),1983,5806.89924915825
Import inkl. told,"10120 Føde-, drikke- og tobaksvareindustri-(Tilgang)",Husholdningernes forbrugsudgifter + NPISH (Anvendelse),1984,6607.222045903347
Import inkl. told,"10120 Føde-, drikke- og tobaksvareindustri-(Tilgang)",Husholdningernes forbrugsudgifter + NPISH (Anvendelse),1985,7058.744626757611
Import inkl. told,"10120 Føde-, drikke- og tobaksvareindustri-(Tilgang)",Husholdningernes forbrugsudgifter + NPISH (Anvendelse),1986,7081.541856171379
Import inkl. told,"10120 Føde-, drikke- og tobaksvareindustri-(Tilgang)",Husholdningernes forbrugsudgifter + NPISH (Anvendelse),1987,7330.538555691418
Import inkl. told,"10120 Føde-, drikke- og tobaksvareindustri-(Tilgang)",Husholdningernes forbrugsudgifter + NPISH (Anvendelse),1988,7105.652403973951
Import inkl. told,"10120 Føde-, drikke- og tobaksvareindustri-(Tilgang)",Husholdningernes forbrugsudgifter + NPISH (Anvendelse),1989,7350.528117725804
Import inkl. told,"10120 Føde-, drikke- og tobaksvareindustri-(Tilgang)",Husholdningernes forbrugsudgifter + NPISH (Anvendelse),1990,6796.999211923518
Import inkl. told,"10120 Føde-, drikke- og tobaksvareindustri-(Tilgang)",Husholdningernes forbrugsudgifter + NPISH (Anvendelse),1991,7941.174876831889
Import inkl. told,"10120 Føde-, drikke- og tobaksvareindustri-(Tilgang)",Husholdningernes forbrugsudgifter + NPISH (Anvendelse),1992,8533.11630400281
Import inkl. told,"10120 Føde-, drikke- og tobaksvareindustri-(Tilgang)",Husholdningernes forbrugsudgifter + NPISH (Anvendelse),1993,8309.922254555122
Import inkl. told,"10120 Føde-, drikke- og tobaksvareindustri-(Tilgang)",Husholdningernes forbrugsudgifter + NPISH (Anvendelse),1994,8572.317988845949
Import inkl. told,"10120 Føde-, drikke- og tobaksvareindustri-(Tilgang)",Husholdningernes forbrugsudgifter + NPISH (Anvendelse),1995,9470.120462269359
Import inkl. told,"10120 Føde-, drikke- og tobaksvareindustri-(Tilgang)",Husholdningernes forbrugsudgifter + NPISH (Anvendelse),1996,9855.221789301957
Import inkl. told,"10120 Føde-, drikke- og tobaksvareindustri-(Tilgang)",Husholdningernes forbrugsudgifter + NPISH (Anvendelse),1997,11391.906779822326
Import inkl. told,"10120 Føde-, drikke- og tobaksvareindustri-(Tilgang)",Husholdningernes forbrugsudgifter + NPISH (Anvendelse),1998,11735.007584013116
Import inkl. told,"10120 Føde-, drikke- og tobaksvareindustri-(Tilgang)",Husholdningernes forbrugsudgifter + NPISH (Anvendelse),1999,12003.330564885136
Import inkl. told,"10120 Føde-, drikke- og tobaksvareindustri-(Tilgang)",Husholdningernes forbrugsudgifter + NPISH (Anvendelse),2000,12553.96127043081
Import inkl. told,"10120 Føde-, drikke- og tobaksvareindustri-(Tilgang)",Husholdningernes forbrugsudgifter + NPISH (Anvendelse),2001,13324.49932619503
Import inkl. told,"10120 Føde-, drikke- og tobaksvareindustri-(Tilgang)",Husholdningernes forbrugsudgifter + NPISH (Anvendelse),2002,14745.350386598364
Import inkl. told,"10120 Føde-, drikke- og tobaksvareindustri-(Tilgang)",Husholdningernes forbrugsudgifter + NPISH (Anvendelse),2003,14725.630063984483
Import inkl. told,"10120 Føde-, drikke- og tobaksvareindustri-(Tilgang)",Husholdningernes forbrugsudgifter + NPISH (Anvendelse),2004,16376.516521103582
Import inkl. told,"10120 Føde-, drikke- og tobaksvareindustri-(Tilgang)",Husholdningernes forbrugsudgifter + NPISH (Anvendelse),2005,17483.167482304103
Import inkl. told,"10120 Føde-, drikke- og tobaksvareindustri-(Tilgang)",Husholdningernes forbrugsudgifter + NPISH (Anvendelse),2006,19095.795830186613
Import inkl. told,"10120 Føde-, drikke- og tobaksvareindustri-(Tilgang)",Husholdningernes forbrugsudgifter + NPISH (Anvendelse),2007,19956.474394281682
Import inkl. told,"10120 Føde-, drikke- og tobaksvareindustri-(Tilgang)",Husholdningernes forbrugsudgifter + NPISH (Anvendelse),2008,20384.8694829763
Import inkl. told,"10120 Føde-, drikke- og tobaksvareindustri-(Tilgang)",Husholdningernes forbrugsudgifter + NPISH (Anvendelse),2009,18451.83410983103
Import inkl. told,"10120 Føde-, drikke- og tobaksvareindustri-(Tilgang)",Husholdningernes forbrugsudgifter + NPISH (Anvendelse),2010,20243.023863918006
Import inkl. told,"10120 Føde-, drikke- og tobaksvareindustri-(Tilgang)",Husholdningernes forbrugsudgifter + NPISH (Anvendelse),2011,21306.057157368003
Import inkl. told,"10120 Føde-, drikke- og tobaksvareindustri-(Tilgang)",Husholdningernes forbrugsudgifter + NPISH (Anvendelse),2012,21891.703179904354
Import inkl. told,"10120 Føde-, drikke- og tobaksvareindustri-(Tilgang)",Husholdningernes forbrugsudgifter + NPISH (Anvendelse),2013,23055.949762860237
Import inkl. told,"10120 Føde-, drikke- og tobaksvareindustri-(Tilgang)",Husholdningernes forbrugsudgifter + NPISH (Anvendelse),2014,23406.367053362505
Import inkl. told,"10120 Føde-, drikke- og tobaksvareindustri-(Tilgang)",Husholdningernes forbrugsudgifter + NPISH (Anvendelse),2015,25333.941375510145
Import inkl. told,"10120 Føde-, drikke- og tobaksvareindustri-(Tilgang)",Husholdningernes forbrugsudgifter + NPISH (Anvendelse),2016,26720.004250239035
Import inkl. told,"10120 Føde-, drikke- og tobaksvareindustri-(Tilgang)",Husholdningernes forbrugsudgifter + NPISH (Anvendelse),2017,27146.935033441187
Import inkl. told,"10120 Føde-, drikke- og tobaksvareindustri-(Tilgang)",Husholdningernes forbrugsudgifter + NPISH (Anvendelse),2018,28656.446493313535
Import inkl. told,"10120 Føde-, drikke- og tobaksvareindustri-(Tilgang)",Husholdningernes forbrugsudgifter + NPISH (Anvendelse),2019,29242.96166011625
Import inkl. told,"10120 Føde-, drikke- og tobaksvareindustri-(Tilgang)",Husholdningernes forbrugsudgifter + NPISH (Anvendelse),2020,30807.988
Import inkl. told,"10120 Føde-, drikke- og tobaksvareindustri-(Tilgang)",Husholdningernes forbrugsudgifter + NPISH (Anvendelse),2021,34042.802
Import inkl. told,"10120 Føde-, drikke- og tobaksvareindustri-(Tilgang)",Husholdningernes forbrugsudgifter + NPISH (Anvendelse),2022,34124.5639252552
Import inkl. told,"10120 Føde-, drikke- og tobaksvareindustri-(Tilgang)","Offentligt forbrug, i alt-(Anvendelse)",1967,0.004179177930451606
Import inkl. told,"10120 Føde-, drikke- og tobaksvareindustri-(Tilgang)","Offentligt forbrug, i alt-(Anvendelse)",1968,0.008097157240249985
Import inkl. told,"10120 Føde-, drikke- og tobaksvareindustri-(Tilgang)","Offentligt forbrug, i alt-(Anvendelse)",1969,0.014035072549766643
Import inkl. told,"10120 Føde-, drikke- og tobaksvareindustri-(Tilgang)","Offentligt forbrug, i alt-(Anvendelse)",1970,0.024461126443879006
Import inkl. told,"10120 Føde-, drikke- og tobaksvareindustri-(Tilgang)","Offentligt forbrug, i alt-(Anvendelse)",1971,0.0363933832457712
Import inkl. told,"10120 Føde-, drikke- og tobaksvareindustri-(Tilgang)","Offentligt forbrug, i alt-(Anvendelse)",1972,0.03264148806579479
Import inkl. told,"10120 Føde-, drikke- og tobaksvareindustri-(Tilgang)","Offentligt forbrug, i alt-(Anvendelse)",1973,0.07091081890155419
Import inkl. told,"10120 Føde-, drikke- og tobaksvareindustri-(Tilgang)","Offentligt forbrug, i alt-(Anvendelse)",1974,0.0970664488242586
Import inkl. told,"10120 Føde-, drikke- og tobaksvareindustri-(Tilgang)","Offentligt forbrug, i alt-(Anvendelse)",1975,0.11884417772713715
Import inkl. told,"10120 Føde-, drikke- og tobaksvareindustri-(Tilgang)","Offentligt forbrug, i alt-(Anvendelse)",1976,0.13106815029335697
Import inkl. told,"10120 Føde-, drikke- og tobaksvareindustri-(Tilgang)","Offentligt forbrug, i alt-(Anvendelse)",1977,0.16471131186598334
Import inkl. told,"10120 Føde-, drikke- og tobaksvareindustri-(Tilgang)","Offentligt forbrug, i alt-(Anvendelse)",1978,0.22332479671919364
Import inkl. told,"10120 Føde-, drikke- og tobaksvareindustri-(Tilgang)","Offentligt forbrug, i alt-(Anvendelse)",1979,0.2738387388342493
Import inkl. told,"10120 Føde-, drikke- og tobaksvareindustri-(Tilgang)","Offentligt forbrug, i alt-(Anvendelse)",1980,0.2845203917675002
Import inkl. told,"10120 Føde-, drikke- og tobaksvareindustri-(Tilgang)","Offentligt forbrug, i alt-(Anvendelse)",1981,0.31593982153323646
Import inkl. told,"10120 Føde-, drikke- og tobaksvareindustri-(Tilgang)","Offentligt forbrug, i alt-(Anvendelse)",1982,0.36741316324370754
Import inkl. told,"10120 Føde-, drikke- og tobaksvareindustri-(Tilgang)","Offentligt forbrug, i alt-(Anvendelse)",1983,0.4204140841028243
Import inkl. told,"10120 Føde-, drikke- og tobaksvareindustri-(Tilgang)","Offentligt forbrug, i alt-(Anvendelse)",1984,0.45290062696531524
Import inkl. told,"10120 Føde-, drikke- og tobaksvareindustri-(Tilgang)","Offentligt forbrug, i alt-(Anvendelse)",1985,0.5800306275169826
Import inkl. told,"10120 Føde-, drikke- og tobaksvareindustri-(Tilgang)","Offentligt forbrug, i alt-(Anvendelse)",1986,0.7014052457499126
Import inkl. told,"10120 Føde-, drikke- og tobaksvareindustri-(Tilgang)","Offentligt forbrug, i alt-(Anvendelse)",1987,0.8767565571873908
Import inkl. told,"10120 Føde-, drikke- og tobaksvareindustri-(Tilgang)","Offentligt forbrug, i alt-(Anvendelse)",1988,1.0538354677523316
Import inkl. told,"10120 Føde-, drikke- og tobaksvareindustri-(Tilgang)","Offentligt forbrug, i alt-(Anvendelse)",1989,1.2139928336721388
Import inkl. told,"10120 Føde-, drikke- og tobaksvareindustri-(Tilgang)","Offentligt forbrug, i alt-(Anvendelse)",1990,1.2300132669610673
Import inkl. told,"10120 Føde-, drikke- og tobaksvareindustri-(Tilgang)","Offentligt forbrug, i alt-(Anvendelse)",1991,0.9836948206890179
Import inkl. told,"10120 Føde-, drikke- og tobaksvareindustri-(Tilgang)","Offentligt forbrug, i alt-(Anvendelse)",1992,1.1579229002154425
Import inkl. told,"10120 Føde-, drikke- og tobaksvareindustri-(Tilgang)","Offentligt forbrug, i alt-(Anvendelse)",1993,1.1081512458446146
Import inkl. told,"10120 Føde-, drikke- og tobaksvareindustri-(Tilgang)","Offentligt forbrug, i alt-(Anvendelse)",1994,1.4095683847143496
Import inkl. told,"10120 Føde-, drikke- og tobaksvareindustri-(Tilgang)","Offentligt forbrug, i alt-(Anvendelse)",1995,1.0753115023653363
Import inkl. told,"10120 Føde-, drikke- og tobaksvareindustri-(Tilgang)","Offentligt forbrug, i alt-(Anvendelse)",1996,1.3031440339056304
Import inkl. told,"10120 Føde-, drikke- og tobaksvareindustri-(Tilgang)","Offentligt forbrug, i alt-(Anvendelse)",1997,1.6120480772239438
Import inkl. told,"10120 Føde-, drikke- og tobaksvareindustri-(Tilgang)","Offentligt forbrug, i alt-(Anvendelse)",1998,2.5454897702523738
Import inkl. told,"10120 Føde-, drikke- og tobaksvareindustri-(Tilgang)","Offentligt forbrug, i alt-(Anvendelse)",1999,4.718741894057727
Import inkl. told,"10120 Føde-, drikke- og tobaksvareindustri-(Tilgang)","Offentligt forbrug, i alt-(Anvendelse)",2000,13.235528243599578
Import inkl. told,"10120 Føde-, drikke- og tobaksvareindustri-(Tilgang)","Offentligt forbrug, i alt-(Anvendelse)",2001,13.837143163763193
Import inkl. told,"10120 Føde-, drikke- og tobaksvareindustri-(Tilgang)","Offentligt forbrug, i alt-(Anvendelse)",2002,22.74230917398232
Import inkl. told,"10120 Føde-, drikke- og tobaksvareindustri-(Tilgang)","Offentligt forbrug, i alt-(Anvendelse)",2003,17.246881854894117
Import inkl. told,"10120 Føde-, drikke- og tobaksvareindustri-(Tilgang)","Offentligt forbrug, i alt-(Anvendelse)",2004,40.33667921026074
Import inkl. told,"10120 Føde-, drikke- og tobaksvareindustri-(Tilgang)","Offentligt forbrug, i alt-(Anvendelse)",2005,48.542571259175254
Import inkl. told,"10120 Føde-, drikke- og tobaksvareindustri-(Tilgang)","Offentligt forbrug, i alt-(Anvendelse)",2006,44.286688876920756
Import inkl. told,"10120 Føde-, drikke- og tobaksvareindustri-(Tilgang)","Offentligt forbrug, i alt-(Anvendelse)",2007,53.294698009720975
Import inkl. told,"10120 Føde-, drikke- og tobaksvareindustri-(Tilgang)","Offentligt forbrug, i alt-(Anvendelse)",2008,70.0212264695794
Import inkl. told,"10120 Føde-, drikke- og tobaksvareindustri-(Tilgang)","Offentligt forbrug, i alt-(Anvendelse)",2009,71.00135956500979
Import inkl. told,"10120 Føde-, drikke- og tobaksvareindustri-(Tilgang)","Offentligt forbrug, i alt-(Anvendelse)",2010,73.63457559815299
Import inkl. told,"10120 Føde-, drikke- og tobaksvareindustri-(Tilgang)","Offentligt forbrug, i alt-(Anvendelse)",2011,90.26700062429144
Import inkl. told,"10120 Føde-, drikke- og tobaksvareindustri-(Tilgang)","Offentligt forbrug, i alt-(Anvendelse)",2012,90.56592945606268
Import inkl. told,"10120 Føde-, drikke- og tobaksvareindustri-(Tilgang)","Offentligt forbrug, i alt-(Anvendelse)",2013,79.93183807885148
Import inkl. told,"10120 Føde-, drikke- og tobaksvareindustri-(Tilgang)","Offentligt forbrug, i alt-(Anvendelse)",2014,93.74390669342095
Import inkl. told,"10120 Føde-, drikke- og tobaksvareindustri-(Tilgang)","Offentligt forbrug, i alt-(Anvendelse)",2015,95.7731678315213
Import inkl. told,"10120 Føde-, drikke- og tobaksvareindustri-(Tilgang)","Offentligt forbrug, i alt-(Anvendelse)",2016,54.700526203964436
Import inkl. told,"10120 Føde-, drikke- og tobaksvareindustri-(Tilgang)","Offentligt forbrug, i alt-(Anvendelse)",2017,53.845176017887056
Import inkl. told,"10120 Føde-, drikke- og tobaksvareindustri-(Tilgang)","Offentligt forbrug, i alt-(Anvendelse)",2018,95.89843561014638
Import inkl. told,"10120 Føde-, drikke- og tobaksvareindustri-(Tilgang)","Offentligt forbrug, i alt-(Anvendelse)",2019,78.47365966394271
Import inkl. told,"10120 Føde-, drikke- og tobaksvareindustri-(Tilgang)","Offentligt forbrug, i alt-(Anvendelse)",2020,54.947
Import inkl. told,"10120 Føde-, drikke- og tobaksvareindustri-(Tilgang)","Offentligt forbrug, i alt-(Anvendelse)",2021,50.694
Import inkl. told,"10120 Føde-, drikke- og tobaksvareindustri-(Tilgang)","Offentligt forbrug, i alt-(Anvendelse)",2022,46.796994154809006
Import inkl. told,"10120 Føde-, drikke- og tobaksvareindustri-(Tilgang)",Privat,1967,3325.0889615761603
Import inkl. told,"10120 Føde-, drikke- og tobaksvareindustri-(Tilgang)",Privat,1968,3427.3652452998967
Import inkl. told,"10120 Føde-, drikke- og tobaksvareindustri-(Tilgang)",Privat,1969,3820.9177966106276
Import inkl. told,"10120 Føde-, drikke- og tobaksvareindustri-(Tilgang)",Privat,1970,4305.67392922437
Import inkl. told,"10120 Føde-, drikke- og tobaksvareindustri-(Tilgang)",Privat,1971,4191.097204162752
Import inkl. told,"10120 Føde-, drikke- og tobaksvareindustri-(Tilgang)",Privat,1972,4593.032510528503
Import inkl. told,"10120 Føde-, drikke- og tobaksvareindustri-(Tilgang)",Privat,1973,4869.271267542354
Import inkl. told,"10120 Føde-, drikke- og tobaksvareindustri-(Tilgang)",Privat,1974,4908.153721310408
Import inkl. told,"10120 Føde-, drikke- og tobaksvareindustri-(Tilgang)",Privat,1975,5666.359493646678
Import inkl. told,"10120 Føde-, drikke- og tobaksvareindustri-(Tilgang)",Privat,1976,6935.995976390788
Import inkl. told,"10120 Føde-, drikke- og tobaksvareindustri-(Tilgang)",Privat,1977,7314.203119593737
Import inkl. told,"10120 Føde-, drikke- og tobaksvareindustri-(Tilgang)",Privat,1978,7917.191440633172
Import inkl. told,"10120 Føde-, drikke- og tobaksvareindustri-(Tilgang)",Privat,1979,8794.917989729049
Import inkl. told,"10120 Føde-, drikke- og tobaksvareindustri-(Tilgang)",Privat,1980,9171.79860166388
Import inkl. told,"10120 Føde-, drikke- og tobaksvareindustri-(Tilgang)",Privat,1981,9945.75052991605
Import inkl. told,"10120 Føde-, drikke- og tobaksvareindustri-(Tilgang)",Privat,1982,10376.20186324739
Import inkl. told,"10120 Føde-, drikke- og tobaksvareindustri-(Tilgang)",Privat,1983,10408.52595215246
Import inkl. told,"10120 Føde-, drikke- og tobaksvareindustri-(Tilgang)",Privat,1984,10708.80251963725
Import inkl. told,"10120 Føde-, drikke- og tobaksvareindustri-(Tilgang)",Privat,1985,11759.516262645975
Import inkl. told,"10120 Føde-, drikke- og tobaksvareindustri-(Tilgang)",Privat,1986,12084.459833883086
Import inkl. told,"10120 Føde-, drikke- og tobaksvareindustri-(Tilgang)",Privat,1987,13108.29422277314
Import inkl. told,"10120 Føde-, drikke- og tobaksvareindustri-(Tilgang)",Privat,1988,13036.494136860107
Import inkl. told,"10120 Føde-, drikke- og tobaksvareindustri-(Tilgang)",Privat,1989,14242.625900692286
Import inkl. told,"10120 Føde-, drikke- og tobaksvareindustri-(Tilgang)",Privat,1990,14800.091348726855
Import inkl. told,"10120 Føde-, drikke- og tobaksvareindustri-(Tilgang)",Privat,1991,16819.748156616286
Import inkl. told,"10120 Føde-, drikke- og tobaksvareindustri-(Tilgang)",Privat,1992,18743.085980141037
Import inkl. told,"10120 Føde-, drikke- og tobaksvareindustri-(Tilgang)",Privat,1993,19792.574903966182
Import inkl. told,"10120 Føde-, drikke- og tobaksvareindustri-(Tilgang)",Privat,1994,20665.645453434496
Import inkl. told,"10120 Føde-, drikke- og tobaksvareindustri-(Tilgang)",Privat,1995,21954.549999972667
Import inkl. told,"10120 Føde-, drikke- og tobaksvareindustri-(Tilgang)",Privat,1996,22413.774704989715
Import inkl. told,"10120 Føde-, drikke- og tobaksvareindustri-(Tilgang)",Privat,1997,22703.358763062843
Import inkl. told,"10120 Føde-, drikke- og tobaksvareindustri-(Tilgang)",Privat,1998,23950.35230849552
Import inkl. told,"10120 Føde-, drikke- og tobaksvareindustri-(Tilgang)",Privat,1999,23316.155611128313
Import inkl. told,"10120 Føde-, drikke- og tobaksvareindustri-(Tilgang)",Privat,2000,26101.7495466303
Import inkl. told,"10120 Føde-, drikke- og tobaksvareindustri-(Tilgang)",Privat,2001,26873.101184767635
Import inkl. told,"10120 Føde-, drikke- og tobaksvareindustri-(Tilgang)",Privat,2002,27346.013335375617
Import inkl. told,"10120 Føde-, drikke- og tobaksvareindustri-(Tilgang)",Privat,2003,26801.48409417877
Import inkl. told,"10120 Føde-, drikke- og tobaksvareindustri-(Tilgang)",Privat,2004,29087.071759423885
Import inkl. told,"10120 Føde-, drikke- og tobaksvareindustri-(Tilgang)",Privat,2005,30815.942383480284
Import inkl. told,"10120 Føde-, drikke- og tobaksvareindustri-(Tilgang)",Privat,2006,32796.32477444012
Import inkl. told,"10120 Føde-, drikke- og tobaksvareindustri-(Tilgang)",Privat,2007,34320.66027798643
Import inkl. told,"10120 Føde-, drikke- og tobaksvareindustri-(Tilgang)",Privat,2008,32007.543609801607
Import inkl. told,"10120 Føde-, drikke- og tobaksvareindustri-(Tilgang)",Privat,2009,30282.74370305575
Import inkl. told,"10120 Føde-, drikke- og tobaksvareindustri-(Tilgang)",Privat,2010,30513.62342750988
Import inkl. told,"10120 Føde-, drikke- og tobaksvareindustri-(Tilgang)",Privat,2011,30430.244478844874
Import inkl. told,"10120 Føde-, drikke- og tobaksvareindustri-(Tilgang)",Privat,2012,31072.388397420975
Import inkl. told,"10120 Føde-, drikke- og tobaksvareindustri-(Tilgang)",Privat,2013,32169.017669552635
Import inkl. told,"10120 Føde-, drikke- og tobaksvareindustri-(Tilgang)",Privat,2014,34232.24651086887
Import inkl. told,"10120 Føde-, drikke- og tobaksvareindustri-(Tilgang)",Privat,2015,36378.51671860928
Import inkl. told,"10120 Føde-, drikke- og tobaksvareindustri-(Tilgang)",Privat,2016,34012.68005926238
Import inkl. told,"10120 Føde-, drikke- og tobaksvareindustri-(Tilgang)",Privat,2017,33933.995477561955
Import inkl. told,"10120 Føde-, drikke- og tobaksvareindustri-(Tilgang)",Privat,2018,35749.95347745414
Import inkl. told,"10120 Føde-, drikke- og tobaksvareindustri-(Tilgang)",Privat,2019,35934.88632636746
Import inkl. told,"10120 Føde-, drikke- og tobaksvareindustri-(Tilgang)",Privat,2020,35323.670000000006
Import inkl. told,"10120 Føde-, drikke- og tobaksvareindustri-(Tilgang)",Privat,2021,35333.547999999995
Import inkl. told,"10120 Føde-, drikke- og tobaksvareindustri-(Tilgang)",Privat,2022,34810.10930999245
Import inkl. told,"10120 Føde-, drikke- og tobaksvareindustri-(Tilgang)",REST_ANVENDELSE Øvrige brancher,1967,862.4235888876455
Import inkl. told,"10120 Føde-, drikke- og tobaksvareindustri-(Tilgang)",REST_ANVENDELSE Øvrige brancher,1968,910.9852909722068
Import inkl. told,"10120 Føde-, drikke- og tobaksvareindustri-(Tilgang)",REST_ANVENDELSE Øvrige brancher,1969,1081.0377152875515
Import inkl. told,"10120 Føde-, drikke- og tobaksvareindustri-(Tilgang)",REST_ANVENDELSE Øvrige brancher,1970,1268.460892050206
Import inkl. told,"10120 Føde-, drikke- og tobaksvareindustri-(Tilgang)",REST_ANVENDELSE Øvrige brancher,1971,1345.4220824594868
Import inkl. told,"10120 Føde-, drikke- og tobaksvareindustri-(Tilgang)",REST_ANVENDELSE Øvrige brancher,1972,1435.3367260196494
Import inkl. told,"10120 Føde-, drikke- og tobaksvareindustri-(Tilgang)",REST_ANVENDELSE Øvrige brancher,1973,1707.2812106089877
Import inkl. told,"10120 Føde-, drikke- og tobaksvareindustri-(Tilgang)",REST_ANVENDELSE Øvrige brancher,1974,1719.8659730925567
Import inkl. told,"10120 Føde-, drikke- og tobaksvareindustri-(Tilgang)",REST_ANVENDELSE Øvrige brancher,1975,1644.0708412728009
Import inkl. told,"10120 Føde-, drikke- og tobaksvareindustri-(Tilgang)",REST_ANVENDELSE Øvrige brancher,1976,1911.3396234748582
Import inkl. told,"10120 Føde-, drikke- og tobaksvareindustri-(Tilgang)",REST_ANVENDELSE Øvrige brancher,1977,1941.8725795246787
Import inkl. told,"10120 Føde-, drikke- og tobaksvareindustri-(Tilgang)",REST_ANVENDELSE Øvrige brancher,1978,2095.2958208546647
Import inkl. told,"10120 Føde-, drikke- og tobaksvareindustri-(Tilgang)",REST_ANVENDELSE Øvrige brancher,1979,2346.3834195447193
Import inkl. told,"10120 Føde-, drikke- og tobaksvareindustri-(Tilgang)",REST_ANVENDELSE Øvrige brancher,1980,2596.83729172934
Import inkl. told,"10120 Føde-, drikke- og tobaksvareindustri-(Tilgang)",REST_ANVENDELSE Øvrige brancher,1981,2853.6791966191154
Import inkl. told,"10120 Føde-, drikke- og tobaksvareindustri-(Tilgang)",REST_ANVENDELSE Øvrige brancher,1982,2485.9826405662857
Import inkl. told,"10120 Føde-, drikke- og tobaksvareindustri-(Tilgang)",REST_ANVENDELSE Øvrige brancher,1983,2777.7428355915763
Import inkl. told,"10120 Føde-, drikke- og tobaksvareindustri-(Tilgang)",REST_ANVENDELSE Øvrige brancher,1984,2947.212597326433
Import inkl. told,"10120 Føde-, drikke- og tobaksvareindustri-(Tilgang)",REST_ANVENDELSE Øvrige brancher,1985,3259.090403891384
Import inkl. told,"10120 Føde-, drikke- og tobaksvareindustri-(Tilgang)",REST_ANVENDELSE Øvrige brancher,1986,3226.6125838840558
Import inkl. told,"10120 Føde-, drikke- og tobaksvareindustri-(Tilgang)",REST_ANVENDELSE Øvrige brancher,1987,3624.17872843403
Import inkl. told,"10120 Føde-, drikke- og tobaksvareindustri-(Tilgang)",REST_ANVENDELSE Øvrige brancher,1988,3565.8703617793344
Import inkl. told,"10120 Føde-, drikke- og tobaksvareindustri-(Tilgang)",REST_ANVENDELSE Øvrige brancher,1989,4162.216166117034
Import inkl. told,"10120 Føde-, drikke- og tobaksvareindustri-(Tilgang)",REST_ANVENDELSE Øvrige brancher,1990,3895.4031106745797
Import inkl. told,"10120 Føde-, drikke- og tobaksvareindustri-(Tilgang)",REST_ANVENDELSE Øvrige brancher,1991,4901.137816099353
Import inkl. told,"10120 Føde-, drikke- og tobaksvareindustri-(Tilgang)",REST_ANVENDELSE Øvrige brancher,1992,6025.33383519701
Import inkl. told,"10120 Føde-, drikke- og tobaksvareindustri-(Tilgang)",REST_ANVENDELSE Øvrige brancher,1993,6739.342470305025
Import inkl. told,"10120 Føde-, drikke- og tobaksvareindustri-(Tilgang)",REST_ANVENDELSE Øvrige brancher,1994,6649.294585192467
Import inkl. told,"10120 Føde-, drikke- og tobaksvareindustri-(Tilgang)",REST_ANVENDELSE Øvrige brancher,1995,7513.725035654867
Import inkl. told,"10120 Føde-, drikke- og tobaksvareindustri-(Tilgang)",REST_ANVENDELSE Øvrige brancher,1996,7928.778712162488
Import inkl. told,"10120 Føde-, drikke- og tobaksvareindustri-(Tilgang)",REST_ANVENDELSE Øvrige brancher,1997,8145.629845876824
Import inkl. told,"10120 Føde-, drikke- og tobaksvareindustri-(Tilgang)",REST_ANVENDELSE Øvrige brancher,1998,8920.620810699947
Import inkl. told,"10120 Føde-, drikke- og tobaksvareindustri-(Tilgang)",REST_ANVENDELSE Øvrige brancher,1999,9070.707483435812
Import inkl. told,"10120 Føde-, drikke- og tobaksvareindustri-(Tilgang)",REST_ANVENDELSE Øvrige brancher,2000,9979.794613983096
Import inkl. told,"10120 Føde-, drikke- og tobaksvareindustri-(Tilgang)",REST_ANVENDELSE Øvrige brancher,2001,10137.783044158265
Import inkl. told,"10120 Føde-, drikke- og tobaksvareindustri-(Tilgang)",REST_ANVENDELSE Øvrige brancher,2002,10886.194072503004
Import inkl. told,"10120 Føde-, drikke- og tobaksvareindustri-(Tilgang)",REST_ANVENDELSE Øvrige brancher,2003,9907.81481254864
Import inkl. told,"10120 Føde-, drikke- og tobaksvareindustri-(Tilgang)",REST_ANVENDELSE Øvrige brancher,2004,10843.533812842505
Import inkl. told,"10120 Føde-, drikke- og tobaksvareindustri-(Tilgang)",REST_ANVENDELSE Øvrige brancher,2005,11528.430253990711
Import inkl. told,"10120 Føde-, drikke- og tobaksvareindustri-(Tilgang)",REST_ANVENDELSE Øvrige brancher,2006,11952.83682427654
Import inkl. told,"10120 Føde-, drikke- og tobaksvareindustri-(Tilgang)",REST_ANVENDELSE Øvrige brancher,2007,12621.55899364028
Import inkl. told,"10120 Føde-, drikke- og tobaksvareindustri-(Tilgang)",REST_ANVENDELSE Øvrige brancher,2008,11316.620559458757
Import inkl. told,"10120 Føde-, drikke- og tobaksvareindustri-(Tilgang)",REST_ANVENDELSE Øvrige brancher,2009,9598.040379682907
Import inkl. told,"10120 Føde-, drikke- og tobaksvareindustri-(Tilgang)",REST_ANVENDELSE Øvrige brancher,2010,10154.686108633694
Import inkl. told,"10120 Føde-, drikke- og tobaksvareindustri-(Tilgang)",REST_ANVENDELSE Øvrige brancher,2011,10308.942149264094
Import inkl. told,"10120 Føde-, drikke- og tobaksvareindustri-(Tilgang)",REST_ANVENDELSE Øvrige brancher,2012,10565.566020552047
Import inkl. told,"10120 Føde-, drikke- og tobaksvareindustri-(Tilgang)",REST_ANVENDELSE Øvrige brancher,2013,11230.70519778388
Import inkl. told,"10120 Føde-, drikke- og tobaksvareindustri-(Tilgang)",REST_ANVENDELSE Øvrige brancher,2014,11835.575416973003
Import inkl. told,"10120 Føde-, drikke- og tobaksvareindustri-(Tilgang)",REST_ANVENDELSE Øvrige brancher,2015,12638.11113166207
Import inkl. told,"10120 Føde-, drikke- og tobaksvareindustri-(Tilgang)",REST_ANVENDELSE Øvrige brancher,2016,12456.43522945079
Import inkl. told,"10120 Føde-, drikke- og tobaksvareindustri-(Tilgang)",REST_ANVENDELSE Øvrige brancher,2017,12568.789226481562
Import inkl. told,"10120 Føde-, drikke- og tobaksvareindustri-(Tilgang)",REST_ANVENDELSE Øvrige brancher,2018,13268.582109754889
Import inkl. told,"10120 Føde-, drikke- og tobaksvareindustri-(Tilgang)",REST_ANVENDELSE Øvrige brancher,2019,13882.809002947626
Import inkl. told,"10120 Føde-, drikke- og tobaksvareindustri-(Tilgang)",REST_ANVENDELSE Øvrige brancher,2020,13286.516
Import inkl. told,"10120 Føde-, drikke- og tobaksvareindustri-(Tilgang)",REST_ANVENDELSE Øvrige brancher,2021,13053.609
Import inkl. told,"10120 Føde-, drikke- og tobaksvareindustri-(Tilgang)",REST_ANVENDELSE Øvrige brancher,2022,13857.025271071554
Import inkl. told,Privat,01000 Landbrug og gartneri- (Anvendelse),1967,7106.900974666688
Import inkl. told,Privat,01000 Landbrug og gartneri- (Anvendelse),1968,5757.906214092283
Import inkl. told,Privat,01000 Landbrug og gartneri- (Anvendelse),1969,5438.125897144872
Import inkl. told,Privat,01000 Landbrug og gartneri- (Anvendelse),1970,6340.622218131834
Import inkl. told,Privat,01000 Landbrug og gartneri- (Anvendelse),1971,6949.869835720764
Import inkl. told,Privat,01000 Landbrug og gartneri- (Anvendelse),1972,6808.298098828559
Import inkl. told,Privat,01000 Landbrug og gartneri- (Anvendelse),1973,7224.409160861877
Import inkl. told,Privat,01000 Landbrug og gartneri- (Anvendelse),1974,6979.4522448676735
Import inkl. told,Privat,01000 Landbrug og gartneri- (Anvendelse),1975,7400.450777073033
Import inkl. told,Privat,01000 Landbrug og gartneri- (Anvendelse),1976,8805.64030778881
Import inkl. told,Privat,01000 Landbrug og gartneri- (Anvendelse),1977,8976.14788553475
Import inkl. told,Privat,01000 Landbrug og gartneri- (Anvendelse),1978,9381.527293180316
Import inkl. told,Privat,01000 Landbrug og gartneri- (Anvendelse),1979,10527.273467663998
Import inkl. told,Privat,01000 Landbrug og gartneri- (Anvendelse),1980,10419.610367814636
Import inkl. told,Privat,01000 Landbrug og gartneri- (Anvendelse),1981,11099.04536551441
Import inkl. told,Privat,01000 Landbrug og gartneri- (Anvendelse),1982,11706.128979064979
Import inkl. told,Privat,01000 Landbrug og gartneri- (Anvendelse),1983,12686.24702160056
Import inkl. told,Privat,01000 Landbrug og gartneri- (Anvendelse),1984,12006.755537069697
Import inkl. told,Privat,01000 Landbrug og gartneri- (Anvendelse),1985,12225.342882022585
Import inkl. told,Privat,01000 Landbrug og gartneri- (Anvendelse),1986,12153.060522795871
Import inkl. told,Privat,01000 Landbrug og gartneri- (Anvendelse),1987,12069.60772775371
Import inkl. told,Privat,01000 Landbrug og gartneri- (Anvendelse),1988,10568.988448927594
Import inkl. told,Privat,01000 Landbrug og gartneri- (Anvendelse),1989,11144.502996749132
Import inkl. told,Privat,01000 Landbrug og gartneri- (Anvendelse),1990,11502.170014927578
Import inkl. told,Privat,01000 Landbrug og gartneri- (Anvendelse),1991,11803.930073234838
Import inkl. told,Privat,01000 Landbrug og gartneri- (Anvendelse),1992,12994.624818800841
Import inkl. told,Privat,01000 Landbrug og gartneri- (Anvendelse),1993,12258.63894158777
Import inkl. told,Privat,01000 Landbrug og gartneri- (Anvendelse),1994,11242.134724692614
Import inkl. told,Privat,01000 Landbrug og gartneri- (Anvendelse),1995,10533.532273451296
Import inkl. told,Privat,01000 Landbrug og gartneri- (Anvendelse),1996,9857.327577740092
Import inkl. told,Privat,01000 Landbrug og gartneri- (Anvendelse),1997,10032.744871896319
Import inkl. told,Privat,01000 Landbrug og gartneri- (Anvendelse),1998,11159.07880661813
Import inkl. told,Privat,01000 Landbrug og gartneri- (Anvendelse),1999,10736.5145486777
Import inkl. told,Privat,01000 Landbrug og gartneri- (Anvendelse),2000,10423.812575967351
Import inkl. told,Privat,01000 Landbrug og gartneri- (Anvendelse),2001,10406.788281657142
Import inkl. told,Privat,01000 Landbrug og gartneri- (Anvendelse),2002,11177.097093620236
Import inkl. told,Privat,01000 Landbrug og gartneri- (Anvendelse),2003,9707.317210714906
Import inkl. told,Privat,01000 Landbrug og gartneri- (Anvendelse),2004,10471.259997346762
Import inkl. told,Privat,01000 Landbrug og gartneri- (Anvendelse),2005,10061.088867418352
Import inkl. told,Privat,01000 Landbrug og gartneri- (Anvendelse),2006,10186.011605847734
Import inkl. told,Privat,01000 Landbrug og gartneri- (Anvendelse),2007,10304.972347479425
Import inkl. told,Privat,01000 Landbrug og gartneri- (Anvendelse),2008,11198.766944535066
Import inkl. told,Privat,01000 Landbrug og gartneri- (Anvendelse),2009,11530.51200618956
Import inkl. told,Privat,01000 Landbrug og gartneri- (Anvendelse),2010,11835.972651175778
Import inkl. told,Privat,01000 Landbrug og gartneri- (Anvendelse),2011,12574.469782666709
Import inkl. told,Privat,01000 Landbrug og gartneri- (Anvendelse),2012,12205.320330149021
Import inkl. told,Privat,01000 Landbrug og gartneri- (Anvendelse),2013,11807.818994101786
Import inkl. told,Privat,01000 Landbrug og gartneri- (Anvendelse),2014,11836.598632309968
Import inkl. told,Privat,01000 Landbrug og gartneri- (Anvendelse),2015,12742.621571282516
Import inkl. told,Privat,01000 Landbrug og gartneri- (Anvendelse),2016,12415.621439971588
Import inkl. told,Privat,01000 Landbrug og gartneri- (Anvendelse),2017,11864.142211141145
Import inkl. told,Privat,01000 Landbrug og gartneri- (Anvendelse),2018,11826.242354073167
Import inkl. told,Privat,01000 Landbrug og gartneri- (Anvendelse),2019,11152.974664946541
Import inkl. told,Privat,01000 Landbrug og gartneri- (Anvendelse),2020,10556.389
Import inkl. told,Privat,01000 Landbrug og gartneri- (Anvendelse),2021,10956.931000000002
Import inkl. told,Privat,01000 Landbrug og gartneri- (Anvendelse),2022,10719.085324012209
Import inkl. told,Privat,"10120 Føde-, drikke- og tobaksvareindustri- (Anvendelse)",1967,5597.8552899054785
Import inkl. told,Privat,"10120 Føde-, drikke- og tobaksvareindustri- (Anvendelse)",1968,5174.837102938279
Import inkl. told,Privat,"10120 Føde-, drikke- og tobaksvareindustri- (Anvendelse)",1969,5442.6512612230135
Import inkl. told,Privat,"10120 Føde-, drikke- og tobaksvareindustri- (Anvendelse)",1970,6442.40383689132
Import inkl. told,Privat,"10120 Føde-, drikke- og tobaksvareindustri- (Anvendelse)",1971,6655.070373419386
Import inkl. told,Privat,"10120 Føde-, drikke- og tobaksvareindustri- (Anvendelse)",1972,6420.11307530609
Import inkl. told,Privat,"10120 Føde-, drikke- og tobaksvareindustri- (Anvendelse)",1973,7435.771846424486
Import inkl. told,Privat,"10120 Føde-, drikke- og tobaksvareindustri- (Anvendelse)",1974,7531.733455022241
Import inkl. told,Privat,"10120 Føde-, drikke- og tobaksvareindustri- (Anvendelse)",1975,7034.620759891163
Import inkl. told,Privat,"10120 Føde-, drikke- og tobaksvareindustri- (Anvendelse)",1976,8253.026799269912
Import inkl. told,Privat,"10120 Føde-, drikke- og tobaksvareindustri- (Anvendelse)",1977,8169.707631069487
Import inkl. told,Privat,"10120 Føde-, drikke- og tobaksvareindustri- (Anvendelse)",1978,8945.724272739433
Import inkl. told,Privat,"10120 Føde-, drikke- og tobaksvareindustri- (Anvendelse)",1979,9730.298663913092
Import inkl. told,Privat,"10120 Føde-, drikke- og tobaksvareindustri- (Anvendelse)",1980,9885.277581452638
Import inkl. told,Privat,"10120 Føde-, drikke- og tobaksvareindustri- (Anvendelse)",1981,10081.300328544812
Import inkl. told,Privat,"10120 Føde-, drikke- og tobaksvareindustri- (Anvendelse)",1982,10213.890212796648
Import inkl. told,Privat,"10120 Føde-, drikke- og tobaksvareindustri- (Anvendelse)",1983,9928.053303514751
Import inkl. told,Privat,"10120 Føde-, drikke- og tobaksvareindustri- (Anvendelse)",1984,10531.017173436549
Import inkl. told,Privat,"10120 Føde-, drikke- og tobaksvareindustri- (Anvendelse)",1985,11050.278457343065
Import inkl. told,Privat,"10120 Føde-, drikke- og tobaksvareindustri- (Anvendelse)",1986,11980.388796752459
Import inkl. told,Privat,"10120 Føde-, drikke- og tobaksvareindustri- (Anvendelse)",1987,12617.885739680563
Import inkl. told,Privat,"10120 Føde-, drikke- og tobaksvareindustri- (Anvendelse)",1988,12648.973254090879
Import inkl. told,Privat,"10120 Føde-, drikke- og tobaksvareindustri- (Anvendelse)",1989,13507.057901990158
Import inkl. told,Privat,"10120 Føde-, drikke- og tobaksvareindustri- (Anvendelse)",1990,15075.700740329845
Import inkl. told,Privat,"10120 Føde-, drikke- og tobaksvareindustri- (Anvendelse)",1991,16779.019421909426
Import inkl. told,Privat,"10120 Føde-, drikke- og tobaksvareindustri- (Anvendelse)",1992,16415.480333796768
Import inkl. told,Privat,"10120 Føde-, drikke- og tobaksvareindustri- (Anvendelse)",1993,16433.194608012032
Import inkl. told,Privat,"10120 Føde-, drikke- og tobaksvareindustri- (Anvendelse)",1994,18290.171289405644
Import inkl. told,Privat,"10120 Føde-, drikke- og tobaksvareindustri- (Anvendelse)",1995,19449.57233639896
Import inkl. told,Privat,"10120 Føde-, drikke- og tobaksvareindustri- (Anvendelse)",1996,20582.59862061575
Import inkl. told,Privat,"10120 Føde-, drikke- og tobaksvareindustri- (Anvendelse)",1997,20971.994467833825
Import inkl. told,Privat,"10120 Føde-, drikke- og tobaksvareindustri- (Anvendelse)",1998,21394.983253052433
Import inkl. told,Privat,"10120 Føde-, drikke- og tobaksvareindustri- (Anvendelse)",1999,21589.037621886488
Import inkl. told,Privat,"10120 Føde-, drikke- og tobaksvareindustri- (Anvendelse)",2000,24065.142064089985
Import inkl. told,Privat,"10120 Føde-, drikke- og tobaksvareindustri- (Anvendelse)",2001,25320.81017015814
Import inkl. told,Privat,"10120 Føde-, drikke- og tobaksvareindustri- (Anvendelse)",2002,27028.66986170232
Import inkl. told,Privat,"10120 Føde-, drikke- og tobaksvareindustri- (Anvendelse)",2003,29412.251283213303
Import inkl. told,Privat,"10120 Føde-, drikke- og tobaksvareindustri- (Anvendelse)",2004,29777.791255370714
Import inkl. told,Privat,"10120 Føde-, drikke- og tobaksvareindustri- (Anvendelse)",2005,31031.9438567204
Import inkl. told,Privat,"10120 Føde-, drikke- og tobaksvareindustri- (Anvendelse)",2006,33622.80884799944
Import inkl. told,Privat,"10120 Føde-, drikke- og tobaksvareindustri- (Anvendelse)",2007,33731.07010180032
Import inkl. told,Privat,"10120 Føde-, drikke- og tobaksvareindustri- (Anvendelse)",2008,36074.52799290679
Import inkl. told,Privat,"10120 Føde-, drikke- og tobaksvareindustri- (Anvendelse)",2009,31989.51203746997
Import inkl. told,Privat,"10120 Føde-, drikke- og tobaksvareindustri- (Anvendelse)",2010,29893.1275807337
Import inkl. told,Privat,"10120 Føde-, drikke- og tobaksvareindustri- (Anvendelse)",2011,29645.338405953487
Import inkl. told,Privat,"10120 Føde-, drikke- og tobaksvareindustri- (Anvendelse)",2012,29929.583807262323
Import inkl. told,Privat,"10120 Føde-, drikke- og tobaksvareindustri- (Anvendelse)",2013,30679.706067628984
Import inkl. told,Privat,"10120 Føde-, drikke- og tobaksvareindustri- (Anvendelse)",2014,30964.540599032243
Import inkl. told,Privat,"10120 Føde-, drikke- og tobaksvareindustri- (Anvendelse)",2015,32398.17084607666
Import inkl. told,Privat,"10120 Føde-, drikke- og tobaksvareindustri- (Anvendelse)",2016,32006.350914262606
Import inkl. told,Privat,"10120 Føde-, drikke- og tobaksvareindustri- (Anvendelse)",2017,32990.03306868801
Import inkl. told,Privat,"10120 Føde-, drikke- og tobaksvareindustri- (Anvendelse)",2018,34111.480256730894
Import inkl. told,Privat,"10120 Føde-, drikke- og tobaksvareindustri- (Anvendelse)",2019,34940.57102041968
Import inkl. told,Privat,"10120 Føde-, drikke- og tobaksvareindustri- (Anvendelse)",2020,35803.872
Import inkl. told,Privat,"10120 Føde-, drikke- og tobaksvareindustri- (Anvendelse)",2021,34357.465
Import inkl. told,Privat,"10120 Føde-, drikke- og tobaksvareindustri- (Anvendelse)",2022,34633.053514016836
Import inkl. told,Privat,"Anvendelse, i alt-(Anvendelse)",1967,99184.27272279441
Import inkl. told,Privat,"Anvendelse, i alt-(Anvendelse)",1968,106253.45745049002
Import inkl. told,Privat,"Anvendelse, i alt-(Anvendelse)",1969,121100.17656999806
Import inkl. told,Privat,"Anvendelse, i alt-(Anvendelse)",1970,132212.63318263873
Import inkl. told,Privat,"Anvendelse, i alt-(Anvendelse)",1971,132735.6922463705
Import inkl. told,Privat,"Anvendelse, i alt-(Anvendelse)",1972,134316.79964792114
Import inkl. told,Privat,"Anvendelse, i alt-(Anvendelse)",1973,157986.01615908838
Import inkl. told,Privat,"Anvendelse, i alt-(Anvendelse)",1974,155057.35838220685
Import inkl. told,Privat,"Anvendelse, i alt-(Anvendelse)",1975,146023.61475102417
Import inkl. told,Privat,"Anvendelse, i alt-(Anvendelse)",1976,170645.92516173614
Import inkl. told,Privat,"Anvendelse, i alt-(Anvendelse)",1977,169839.48159984598
Import inkl. told,Privat,"Anvendelse, i alt-(Anvendelse)",1978,170711.185526241
Import inkl. told,Privat,"Anvendelse, i alt-(Anvendelse)",1979,182741.01345035285
Import inkl. told,Privat,"Anvendelse, i alt-(Anvendelse)",1980,172737.2566802571
Import inkl. told,Privat,"Anvendelse, i alt-(Anvendelse)",1981,173002.4474988743
Import inkl. told,Privat,"Anvendelse, i alt-(Anvendelse)",1982,174521.9438164741
Import inkl. told,Privat,"Anvendelse, i alt-(Anvendelse)",1983,181407.7824220314
Import inkl. told,Privat,"Anvendelse, i alt-(Anvendelse)",1984,194602.86934324598
Import inkl. told,Privat,"Anvendelse, i alt-(Anvendelse)",1985,213840.8952901808
Import inkl. told,Privat,"Anvendelse, i alt-(Anvendelse)",1986,228779.7928322416
Import inkl. told,Privat,"Anvendelse, i alt-(Anvendelse)",1987,223795.85600369464
Import inkl. told,Privat,"Anvendelse, i alt-(Anvendelse)",1988,230006.8138034327
Import inkl. told,Privat,"Anvendelse, i alt-(Anvendelse)",1989,244561.46235857968
Import inkl. told,Privat,"Anvendelse, i alt-(Anvendelse)",1990,248951.35471345973
Import inkl. told,Privat,"Anvendelse, i alt-(Anvendelse)",1991,260799.97520246348
Import inkl. told,Privat,"Anvendelse, i alt-(Anvendelse)",1992,260972.25810482923
Import inkl. told,Privat,"Anvendelse, i alt-(Anvendelse)",1993,254730.3489766383
Import inkl. told,Privat,"Anvendelse, i alt-(Anvendelse)",1994,290574.23671410925
Import inkl. told,Privat,"Anvendelse, i alt-(Anvendelse)",1995,312573.49011693953
Import inkl. told,Privat,"Anvendelse, i alt-(Anvendelse)",1996,322463.32033211534
Import inkl. told,Privat,"Anvendelse, i alt-(Anvendelse)",1997,352872.0788606164
Import inkl. told,Privat,"Anvendelse, i alt-(Anvendelse)",1998,379955.1761614829
Import inkl. told,Privat,"Anvendelse, i alt-(Anvendelse)",1999,387802.7345721735
Import inkl. told,Privat,"Anvendelse, i alt-(Anvendelse)",2000,434721.1906113588
Import inkl. told,Privat,"Anvendelse, i alt-(Anvendelse)",2001,443462.9487681728
Import inkl. told,Privat,"Anvendelse, i alt-(Anvendelse)",2002,473872.00813348294
Import inkl. told,Privat,"Anvendelse, i alt-(Anvendelse)",2003,460108.2034439924
Import inkl. told,Privat,"Anvendelse, i alt-(Anvendelse)",2004,499481.532225272
Import inkl. told,Privat,"Anvendelse, i alt-(Anvendelse)",2005,568236.7364430455
Import inkl. told,Privat,"Anvendelse, i alt-(Anvendelse)",2006,649388.1736368913
Import inkl. told,Privat,"Anvendelse, i alt-(Anvendelse)",2007,669324.6939871131
Import inkl. told,Privat,"Anvendelse, i alt-(Anvendelse)",2008,703859.9798495485
Import inkl. told,Privat,"Anvendelse, i alt-(Anvendelse)",2009,603974.7962770014
Import inkl. told,Privat,"Anvendelse, i alt-(Anvendelse)",2010,619207.9617039766
Import inkl. told,Privat,"Anvendelse, i alt-(Anvendelse)",2011,659786.1819114272
Import inkl. told,Privat,"Anvendelse, i alt-(Anvendelse)",2012,681232.0258520574
Import inkl. told,Privat,"Anvendelse, i alt-(Anvendelse)",2013,702631.7369122381
Import inkl. told,Privat,"Anvendelse, i alt-(Anvendelse)",2014,728252.6087999027
Import inkl. told,Privat,"Anvendelse, i alt-(Anvendelse)",2015,775999.9007317043
Import inkl. told,Privat,"Anvendelse, i alt-(Anvendelse)",2016,802655.6379298769
Import inkl. told,Privat,"Anvendelse, i alt-(Anvendelse)",2017,840537.6071913296
Import inkl. told,Privat,"Anvendelse, i alt-(Anvendelse)",2018,896606.0940019148
Import inkl. told,Privat,"Anvendelse, i alt-(Anvendelse)",2019,932070.570274633
Import inkl. told,Privat,"Anvendelse, i alt-(Anvendelse)",2020,940821.981
Import inkl. told,Privat,"Anvendelse, i alt-(Anvendelse)",2021,1029646.211
Import inkl. told,Privat,"Anvendelse, i alt-(Anvendelse)",2022,1101536.695014785
Import inkl. told,Privat,Eksport - (Anvendelse),1967,2152.990851209823
Import inkl. told,Privat,Eksport - (Anvendelse),1968,2444.0597689207784
Import inkl. told,Privat,Eksport - (Anvendelse),1969,2615.406430552552
Import inkl. told,Privat,Eksport - (Anvendelse),1970,2996.662757217841
Import inkl. told,Privat,Eksport - (Anvendelse),1971,3089.018332895993
Import inkl. told,Privat,Eksport - (Anvendelse),1972,3104.550977045016
Import inkl. told,Privat,Eksport - (Anvendelse),1973,4546.528268465922
Import inkl. told,Privat,Eksport - (Anvendelse),1974,5549.243952122128
Import inkl. told,Privat,Eksport - (Anvendelse),1975,4915.778446463925
Import inkl. told,Privat,Eksport - (Anvendelse),1976,5769.388805204027
Import inkl. told,Privat,Eksport - (Anvendelse),1977,6281.232152976626
Import inkl. told,Privat,Eksport - (Anvendelse),1978,6000.378806215862
Import inkl. told,Privat,Eksport - (Anvendelse),1979,8529.78910140035
Import inkl. told,Privat,Eksport - (Anvendelse),1980,10252.917023336287
Import inkl. told,Privat,Eksport - (Anvendelse),1981,12809.379236536695
Import inkl. told,Privat,Eksport - (Anvendelse),1982,12438.204068735891
Import inkl. told,Privat,Eksport - (Anvendelse),1983,13728.562088442584
Import inkl. told,Privat,Eksport - (Anvendelse),1984,13702.908413413294
Import inkl. told,Privat,Eksport - (Anvendelse),1985,15281.177555263304
Import inkl. told,Privat,Eksport - (Anvendelse),1986,16191.398962823783
Import inkl. told,Privat,Eksport - (Anvendelse),1987,19881.104963542435
Import inkl. told,Privat,Eksport - (Anvendelse),1988,22464.97909248129
Import inkl. told,Privat,Eksport - (Anvendelse),1989,25035.848044125203
Import inkl. told,Privat,Eksport - (Anvendelse),1990,26961.958424782923
Import inkl. told,Privat,Eksport - (Anvendelse),1991,29729.001557479474
Import inkl. told,Privat,Eksport - (Anvendelse),1992,29530.65708089434
Import inkl. told,Privat,Eksport - (Anvendelse),1993,29248.827033809415
Import inkl. told,Privat,Eksport - (Anvendelse),1994,34010.00160544239
Import inkl. told,Privat,Eksport - (Anvendelse),1995,35320.00952995604
Import inkl. told,Privat,Eksport - (Anvendelse),1996,39430.77199723549
Import inkl. told,Privat,Eksport - (Anvendelse),1997,44747.9841970143
Import inkl. told,Privat,Eksport - (Anvendelse),1998,49530.64969424903
Import inkl. told,Privat,Eksport - (Anvendelse),1999,54521.936561389164
Import inkl. told,Privat,Eksport - (Anvendelse),2000,64732.36663074959
Import inkl. told,Privat,Eksport - (Anvendelse),2001,67901.64800732459
Import inkl. told,Privat,Eksport - (Anvendelse),2002,80199.93089283956
Import inkl. told,Privat,Eksport - (Anvendelse),2003,78287.12223049464
Import inkl. told,Privat,Eksport - (Anvendelse),2004,87833.68433360365
Import inkl. told,Privat,Eksport - (Anvendelse),2005,106446.86753878911
Import inkl. told,Privat,Eksport - (Anvendelse),2006,132530.00232833234
Import inkl. told,Privat,Eksport - (Anvendelse),2007,128673.20133101073
Import inkl. told,Privat,Eksport - (Anvendelse),2008,138499.45954643027
Import inkl. told,Privat,Eksport - (Anvendelse),2009,126745.58588873438
Import inkl. told,Privat,Eksport - (Anvendelse),2010,136541.21790274527
Import inkl. told,Privat,Eksport - (Anvendelse),2011,154256.68928375814
Import inkl. told,Privat,Eksport - (Anvendelse),2012,152974.9678219873
Import inkl. told,Privat,Eksport - (Anvendelse),2013,163923.94491869927
Import inkl. told,Privat,Eksport - (Anvendelse),2014,169599.1625747084
Import inkl. told,Privat,Eksport - (Anvendelse),2015,178594.78356696604
Import inkl. told,Privat,Eksport - (Anvendelse),2016,170276.20031797863
Import inkl. told,Privat,Eksport - (Anvendelse),2017,186175.44992680155
Import inkl. told,Privat,Eksport - (Anvendelse),2018,198651.3090889817
Import inkl. told,Privat,Eksport - (Anvendelse),2019,212822.96626708188
Import inkl. told,Privat,Eksport - (Anvendelse),2020,212006.609
Import inkl. told,Privat,Eksport - (Anvendelse),2021,238334.82799999998
Import inkl. told,Privat,Eksport - (Anvendelse),2022,256520.1531931544
Import inkl. told,Privat,Faste bruttoinvesteringer + Lagerforøgelse + Værdigenstande (Anvendelse),1967,4937.13624491106
Import inkl. told,Privat,Faste bruttoinvesteringer + Lagerforøgelse + Værdigenstande (Anvendelse),1968,6374.33473203387
Import inkl. told,Privat,Faste bruttoinvesteringer + Lagerforøgelse + Værdigenstande (Anvendelse),1969,7301.348042776818
Import inkl. told,Privat,Faste bruttoinvesteringer + Lagerforøgelse + Værdigenstande (Anvendelse),1970,8543.842686673534
Import inkl. told,Privat,Faste bruttoinvesteringer + Lagerforøgelse + Værdigenstande (Anvendelse),1971,7470.824726575711
Import inkl. told,Privat,Faste bruttoinvesteringer + Lagerforøgelse + Værdigenstande (Anvendelse),1972,6234.62906918217
Import inkl. told,Privat,Faste bruttoinvesteringer + Lagerforøgelse + Værdigenstande (Anvendelse),1973,8785.779163349336
Import inkl. told,Privat,Faste bruttoinvesteringer + Lagerforøgelse + Værdigenstande (Anvendelse),1974,8463.236448171347
Import inkl. told,Privat,Faste bruttoinvesteringer + Lagerforøgelse + Værdigenstande (Anvendelse),1975,8229.936527911328
Import inkl. told,Privat,Faste bruttoinvesteringer + Lagerforøgelse + Værdigenstande (Anvendelse),1976,10491.461848106383
Import inkl. told,Privat,Faste bruttoinvesteringer + Lagerforøgelse + Værdigenstande (Anvendelse),1977,9564.744781156925
Import inkl. told,Privat,Faste bruttoinvesteringer + Lagerforøgelse + Værdigenstande (Anvendelse),1978,9374.975532879898
Import inkl. told,Privat,Faste bruttoinvesteringer + Lagerforøgelse + Værdigenstande (Anvendelse),1979,11028.796265668056
Import inkl. told,Privat,Faste bruttoinvesteringer + Lagerforøgelse + Værdigenstande (Anvendelse),1980,7743.522061012611
Import inkl. told,Privat,Faste bruttoinvesteringer + Lagerforøgelse + Værdigenstande (Anvendelse),1981,7840.868423609539
Import inkl. told,Privat,Faste bruttoinvesteringer + Lagerforøgelse + Værdigenstande (Anvendelse),1982,8829.667796461
Import inkl. told,Privat,Faste bruttoinvesteringer + Lagerforøgelse + Værdigenstande (Anvendelse),1983,10234.10585502059
Import inkl. told,Privat,Faste bruttoinvesteringer + Lagerforøgelse + Værdigenstande (Anvendelse),1984,12779.072318586703
Import inkl. told,Privat,Faste bruttoinvesteringer + Lagerforøgelse + Værdigenstande (Anvendelse),1985,16965.364669280396
Import inkl. told,Privat,Faste bruttoinvesteringer + Lagerforøgelse + Værdigenstande (Anvendelse),1986,21219.37747008295
Import inkl. told,Privat,Faste bruttoinvesteringer + Lagerforøgelse + Værdigenstande (Anvendelse),1987,17061.284720616946
Import inkl. told,Privat,Faste bruttoinvesteringer + Lagerforøgelse + Værdigenstande (Anvendelse),1988,16828.309538064615
Import inkl. told,Privat,Faste bruttoinvesteringer + Lagerforøgelse + Værdigenstande (Anvendelse),1989,21899.391381953097
Import inkl. told,Privat,Faste bruttoinvesteringer + Lagerforøgelse + Værdigenstande (Anvendelse),1990,21628.849711788964
Import inkl. told,Privat,Faste bruttoinvesteringer + Lagerforøgelse + Værdigenstande (Anvendelse),1991,21781.578551016522
Import inkl. told,Privat,Faste bruttoinvesteringer + Lagerforøgelse + Værdigenstande (Anvendelse),1992,21163.372099268137
Import inkl. told,Privat,Faste bruttoinvesteringer + Lagerforøgelse + Værdigenstande (Anvendelse),1993,18655.97188450158
Import inkl. told,Privat,Faste bruttoinvesteringer + Lagerforøgelse + Værdigenstande (Anvendelse),1994,24757.597283876843
Import inkl. told,Privat,Faste bruttoinvesteringer + Lagerforøgelse + Værdigenstande (Anvendelse),1995,31749.24225430211
Import inkl. told,Privat,Faste bruttoinvesteringer + Lagerforøgelse + Værdigenstande (Anvendelse),1996,27416.551982728983
Import inkl. told,Privat,Faste bruttoinvesteringer + Lagerforøgelse + Værdigenstande (Anvendelse),1997,36351.807519632304
Import inkl. told,Privat,Faste bruttoinvesteringer + Lagerforøgelse + Værdigenstande (Anvendelse),1998,41421.74313366358
Import inkl. told,Privat,Faste bruttoinvesteringer + Lagerforøgelse + Værdigenstande (Anvendelse),1999,36820.860371968025
Import inkl. told,Privat,Faste bruttoinvesteringer + Lagerforøgelse + Værdigenstande (Anvendelse),2000,46296.143161717555
Import inkl. told,Privat,Faste bruttoinvesteringer + Lagerforøgelse + Værdigenstande (Anvendelse),2001,45138.367165679054
Import inkl. told,Privat,Faste bruttoinvesteringer + Lagerforøgelse + Værdigenstande (Anvendelse),2002,46498.82195160818
Import inkl. told,Privat,Faste bruttoinvesteringer + Lagerforøgelse + Værdigenstande (Anvendelse),2003,43648.0074251365
Import inkl. told,Privat,Faste bruttoinvesteringer + Lagerforøgelse + Værdigenstande (Anvendelse),2004,53902.04260193628
Import inkl. told,Privat,Faste bruttoinvesteringer + Lagerforøgelse + Værdigenstande (Anvendelse),2005,58214.97890177508
Import inkl. told,Privat,Faste bruttoinvesteringer + Lagerforøgelse + Værdigenstande (Anvendelse),2006,70899.48562577016
Import inkl. told,Privat,Faste bruttoinvesteringer + Lagerforøgelse + Værdigenstande (Anvendelse),2007,76473.53764365766
Import inkl. told,Privat,Faste bruttoinvesteringer + Lagerforøgelse + Værdigenstande (Anvendelse),2008,74120.91938059987
Import inkl. told,Privat,Faste bruttoinvesteringer + Lagerforøgelse + Værdigenstande (Anvendelse),2009,50515.583191602076
Import inkl. told,Privat,Faste bruttoinvesteringer + Lagerforøgelse + Værdigenstande (Anvendelse),2010,50160.7898670644
Import inkl. told,Privat,Faste bruttoinvesteringer + Lagerforøgelse + Værdigenstande (Anvendelse),2011,53876.25256729874
Import inkl. told,Privat,Faste bruttoinvesteringer + Lagerforøgelse + Værdigenstande (Anvendelse),2012,57675.37156456427
Import inkl. told,Privat,Faste bruttoinvesteringer + Lagerforøgelse + Værdigenstande (Anvendelse),2013,61133.205247792335
Import inkl. told,Privat,Faste bruttoinvesteringer + Lagerforøgelse + Værdigenstande (Anvendelse),2014,69974.74592824871
Import inkl. told,Privat,Faste bruttoinvesteringer + Lagerforøgelse + Værdigenstande (Anvendelse),2015,71098.41953106163
Import inkl. told,Privat,Faste bruttoinvesteringer + Lagerforøgelse + Værdigenstande (Anvendelse),2016,79958.01608302453
Import inkl. told,Privat,Faste bruttoinvesteringer + Lagerforøgelse + Værdigenstande (Anvendelse),2017,85559.63758187198
Import inkl. told,Privat,Faste bruttoinvesteringer + Lagerforøgelse + Værdigenstande (Anvendelse),2018,94831.92379335752
Import inkl. told,Privat,Faste bruttoinvesteringer + Lagerforøgelse + Værdigenstande (Anvendelse),2019,87399.37514187954
Import inkl. told,Privat,Faste bruttoinvesteringer + Lagerforøgelse + Værdigenstande (Anvendelse),2020,92766.099
Import inkl. told,Privat,Faste bruttoinvesteringer + Lagerforøgelse + Værdigenstande (Anvendelse),2021,114655.502
Import inkl. told,Privat,Faste bruttoinvesteringer + Lagerforøgelse + Værdigenstande (Anvendelse),2022,132858.05514829763
Import inkl. told,Privat,Husholdningernes forbrugsudgifter + NPISH (Anvendelse),1967,19092.04715217493
Import inkl. told,Privat,Husholdningernes forbrugsudgifter + NPISH (Anvendelse),1968,19810.072030439078
Import inkl. told,Privat,Husholdningernes forbrugsudgifter + NPISH (Anvendelse),1969,22961.012122519453
Import inkl. told,Privat,Husholdningernes forbrugsudgifter + NPISH (Anvendelse),1970,24457.09541579469
Import inkl. told,Privat,Husholdningernes forbrugsudgifter + NPISH (Anvendelse),1971,24647.244793270238
Import inkl. told,Privat,Husholdningernes forbrugsudgifter + NPISH (Anvendelse),1972,24839.871152665597
Import inkl. told,Privat,Husholdningernes forbrugsudgifter + NPISH (Anvendelse),1973,30158.868779459488
Import inkl. told,Privat,Husholdningernes forbrugsudgifter + NPISH (Anvendelse),1974,27941.419364044108
Import inkl. told,Privat,Husholdningernes forbrugsudgifter + NPISH (Anvendelse),1975,29202.96234813093
Import inkl. told,Privat,Husholdningernes forbrugsudgifter + NPISH (Anvendelse),1976,35109.21666452172
Import inkl. told,Privat,Husholdningernes forbrugsudgifter + NPISH (Anvendelse),1977,34675.3200605557
Import inkl. told,Privat,Husholdningernes forbrugsudgifter + NPISH (Anvendelse),1978,34478.5247619816
Import inkl. told,Privat,Husholdningernes forbrugsudgifter + NPISH (Anvendelse),1979,34213.40572736589
Import inkl. told,Privat,Husholdningernes forbrugsudgifter + NPISH (Anvendelse),1980,30632.78719989756
Import inkl. told,Privat,Husholdningernes forbrugsudgifter + NPISH (Anvendelse),1981,30819.305855303286
Import inkl. told,Privat,Husholdningernes forbrugsudgifter + NPISH (Anvendelse),1982,32093.387168557965
Import inkl. told,Privat,Husholdningernes forbrugsudgifter + NPISH (Anvendelse),1983,33389.94345207705
Import inkl. told,Privat,Husholdningernes forbrugsudgifter + NPISH (Anvendelse),1984,36051.33178894754
Import inkl. told,Privat,Husholdningernes forbrugsudgifter + NPISH (Anvendelse),1985,39370.361373593565
Import inkl. told,Privat,Husholdningernes forbrugsudgifter + NPISH (Anvendelse),1986,42501.35575532925
Import inkl. told,Privat,Husholdningernes forbrugsudgifter + NPISH (Anvendelse),1987,39786.446329169135
Import inkl. told,Privat,Husholdningernes forbrugsudgifter + NPISH (Anvendelse),1988,37687.29050876824
Import inkl. told,Privat,Husholdningernes forbrugsudgifter + NPISH (Anvendelse),1989,38049.56159137918
Import inkl. told,Privat,Husholdningernes forbrugsudgifter + NPISH (Anvendelse),1990,37446.41495870679
Import inkl. told,Privat,Husholdningernes forbrugsudgifter + NPISH (Anvendelse),1991,40385.40080248536
Import inkl. told,Privat,Husholdningernes forbrugsudgifter + NPISH (Anvendelse),1992,41166.69623898271
Import inkl. told,Privat,Husholdningernes forbrugsudgifter + NPISH (Anvendelse),1993,41224.42973774931
Import inkl. told,Privat,Husholdningernes forbrugsudgifter + NPISH (Anvendelse),1994,49403.12915689597
Import inkl. told,Privat,Husholdningernes forbrugsudgifter + NPISH (Anvendelse),1995,50519.12138405737
Import inkl. told,Privat,Husholdningernes forbrugsudgifter + NPISH (Anvendelse),1996,53953.89519269276
Import inkl. told,Privat,Husholdningernes forbrugsudgifter + NPISH (Anvendelse),1997,59469.40278379626
Import inkl. told,Privat,Husholdningernes forbrugsudgifter + NPISH (Anvendelse),1998,62272.27785947472
Import inkl. told,Privat,Husholdningernes forbrugsudgifter + NPISH (Anvendelse),1999,62303.76496221386
Import inkl. told,Privat,Husholdningernes forbrugsudgifter + NPISH (Anvendelse),2000,64554.901832115065
Import inkl. told,Privat,Husholdningernes forbrugsudgifter + NPISH (Anvendelse),2001,63554.67101936427
Import inkl. told,Privat,Husholdningernes forbrugsudgifter + NPISH (Anvendelse),2002,66613.02856020555
Import inkl. told,Privat,Husholdningernes forbrugsudgifter + NPISH (Anvendelse),2003,64793.401298245124
Import inkl. told,Privat,Husholdningernes forbrugsudgifter + NPISH (Anvendelse),2004,72911.24123788124
Import inkl. told,Privat,Husholdningernes forbrugsudgifter + NPISH (Anvendelse),2005,79658.87649590298
Import inkl. told,Privat,Husholdningernes forbrugsudgifter + NPISH (Anvendelse),2006,86174.81105382917
Import inkl. told,Privat,Husholdningernes forbrugsudgifter + NPISH (Anvendelse),2007,91251.8813111834
Import inkl. told,Privat,Husholdningernes forbrugsudgifter + NPISH (Anvendelse),2008,90514.71307193558
Import inkl. told,Privat,Husholdningernes forbrugsudgifter + NPISH (Anvendelse),2009,80797.14896767217
Import inkl. told,Privat,Husholdningernes forbrugsudgifter + NPISH (Anvendelse),2010,84985.87963430538
Import inkl. told,Privat,Husholdningernes forbrugsudgifter + NPISH (Anvendelse),2011,85236.85910861944
Import inkl. told,Privat,Husholdningernes forbrugsudgifter + NPISH (Anvendelse),2012,88899.71702146852
Import inkl. told,Privat,Husholdningernes forbrugsudgifter + NPISH (Anvendelse),2013,90070.24757412939
Import inkl. told,Privat,Husholdningernes forbrugsudgifter + NPISH (Anvendelse),2014,95234.76127825017
Import inkl. told,Privat,Husholdningernes forbrugsudgifter + NPISH (Anvendelse),2015,102913.30224364322
Import inkl. told,Privat,Husholdningernes forbrugsudgifter + NPISH (Anvendelse),2016,109688.92666567436
Import inkl. told,Privat,Husholdningernes forbrugsudgifter + NPISH (Anvendelse),2017,115124.06671177215
Import inkl. told,Privat,Husholdningernes forbrugsudgifter + NPISH (Anvendelse),2018,122889.6433676845
Import inkl. told,Privat,Husholdningernes forbrugsudgifter + NPISH (Anvendelse),2019,126555.40819177381
Import inkl. told,Privat,Husholdningernes forbrugsudgifter + NPISH (Anvendelse),2020,135329.668
Import inkl. told,Privat,Husholdningernes forbrugsudgifter + NPISH (Anvendelse),2021,145433.48
Import inkl. told,Privat,Husholdningernes forbrugsudgifter + NPISH (Anvendelse),2022,139495.90962254995
Import inkl. told,Privat,"Offentligt forbrug, i alt-(Anvendelse)",1967,148.12299592012943
Import inkl. told,Privat,"Offentligt forbrug, i alt-(Anvendelse)",1968,212.27916919016673
Import inkl. told,Privat,"Offentligt forbrug, i alt-(Anvendelse)",1969,230.69129272784758
Import inkl. told,Privat,"Offentligt forbrug, i alt-(Anvendelse)",1970,280.90966168400223
Import inkl. told,Privat,"Offentligt forbrug, i alt-(Anvendelse)",1971,284.89439561330585
Import inkl. told,Privat,"Offentligt forbrug, i alt-(Anvendelse)",1972,354.7535998289968
Import inkl. told,Privat,"Offentligt forbrug, i alt-(Anvendelse)",1973,317.204196010374
Import inkl. told,Privat,"Offentligt forbrug, i alt-(Anvendelse)",1974,376.67820167685954
Import inkl. told,Privat,"Offentligt forbrug, i alt-(Anvendelse)",1975,359.47910700673447
Import inkl. told,Privat,"Offentligt forbrug, i alt-(Anvendelse)",1976,354.27995771608335
Import inkl. told,Privat,"Offentligt forbrug, i alt-(Anvendelse)",1977,411.50817200507447
Import inkl. told,Privat,"Offentligt forbrug, i alt-(Anvendelse)",1978,448.8499968827909
Import inkl. told,Privat,"Offentligt forbrug, i alt-(Anvendelse)",1979,478.48289680317095
Import inkl. told,Privat,"Offentligt forbrug, i alt-(Anvendelse)",1980,508.25619911191154
Import inkl. told,Privat,"Offentligt forbrug, i alt-(Anvendelse)",1981,500.62306257441725
Import inkl. told,Privat,"Offentligt forbrug, i alt-(Anvendelse)",1982,519.4689300262687
Import inkl. told,Privat,"Offentligt forbrug, i alt-(Anvendelse)",1983,532.765956029093
Import inkl. told,Privat,"Offentligt forbrug, i alt-(Anvendelse)",1984,519.3571373289319
Import inkl. told,Privat,"Offentligt forbrug, i alt-(Anvendelse)",1985,543.4136782265306
Import inkl. told,Privat,"Offentligt forbrug, i alt-(Anvendelse)",1986,598.3369062413301
Import inkl. told,Privat,"Offentligt forbrug, i alt-(Anvendelse)",1987,660.6691517431257
Import inkl. told,Privat,"Offentligt forbrug, i alt-(Anvendelse)",1988,687.6690239656899
Import inkl. told,Privat,"Offentligt forbrug, i alt-(Anvendelse)",1989,681.0301375696748
Import inkl. told,Privat,"Offentligt forbrug, i alt-(Anvendelse)",1990,921.1811757729349
Import inkl. told,Privat,"Offentligt forbrug, i alt-(Anvendelse)",1991,1184.5318794076306
Import inkl. told,Privat,"Offentligt forbrug, i alt-(Anvendelse)",1992,1317.7838384694205
Import inkl. told,Privat,"Offentligt forbrug, i alt-(Anvendelse)",1993,1333.5366675301486
Import inkl. told,Privat,"Offentligt forbrug, i alt-(Anvendelse)",1994,1468.859095159949
Import inkl. told,Privat,"Offentligt forbrug, i alt-(Anvendelse)",1995,1701.2094301464037
Import inkl. told,Privat,"Offentligt forbrug, i alt-(Anvendelse)",1996,1657.6899771193002
Import inkl. told,Privat,"Offentligt forbrug, i alt-(Anvendelse)",1997,1682.0018132125056
Import inkl. told,Privat,"Offentligt forbrug, i alt-(Anvendelse)",1998,1978.7505119606094
Import inkl. told,Privat,"Offentligt forbrug, i alt-(Anvendelse)",1999,2268.128552646952
Import inkl. told,Privat,"Offentligt forbrug, i alt-(Anvendelse)",2000,2616.4773309567117
Import inkl. told,Privat,"Offentligt forbrug, i alt-(Anvendelse)",2001,2799.923644613779
Import inkl. told,Privat,"Offentligt forbrug, i alt-(Anvendelse)",2002,3623.9961030372606
Import inkl. told,Privat,"Offentligt forbrug, i alt-(Anvendelse)",2003,3625.701846032402
Import inkl. told,Privat,"Offentligt forbrug, i alt-(Anvendelse)",2004,3922.4238776972743
Import inkl. told,Privat,"Offentligt forbrug, i alt-(Anvendelse)",2005,3997.7544315542978
Import inkl. told,Privat,"Offentligt forbrug, i alt-(Anvendelse)",2006,3028.0245738794956
Import inkl. told,Privat,"Offentligt forbrug, i alt-(Anvendelse)",2007,3263.4128630227365
Import inkl. told,Privat,"Offentligt forbrug, i alt-(Anvendelse)",2008,4055.1507421368033
Import inkl. told,Privat,"Offentligt forbrug, i alt-(Anvendelse)",2009,3770.614147997263
Import inkl. told,Privat,"Offentligt forbrug, i alt-(Anvendelse)",2010,4191.022889977908
Import inkl. told,Privat,"Offentligt forbrug, i alt-(Anvendelse)",2011,3868.6826980639
Import inkl. told,Privat,"Offentligt forbrug, i alt-(Anvendelse)",2012,3891.65893421543
Import inkl. told,Privat,"Offentligt forbrug, i alt-(Anvendelse)",2013,3684.5753253424614
Import inkl. told,Privat,"Offentligt forbrug, i alt-(Anvendelse)",2014,3978.025393159024
Import inkl. told,Privat,"Offentligt forbrug, i alt-(Anvendelse)",2015,4108.333905814684
Import inkl. told,Privat,"Offentligt forbrug, i alt-(Anvendelse)",2016,4224.167333337331
Import inkl. told,Privat,"Offentligt forbrug, i alt-(Anvendelse)",2017,4401.916539436366
Import inkl. told,Privat,"Offentligt forbrug, i alt-(Anvendelse)",2018,4462.892173668504
Import inkl. told,Privat,"Offentligt forbrug, i alt-(Anvendelse)",2019,4586.254882727679
Import inkl. told,Privat,"Offentligt forbrug, i alt-(Anvendelse)",2020,4265.972
Import inkl. told,Privat,"Offentligt forbrug, i alt-(Anvendelse)",2021,4703.321000000001
Import inkl. told,Privat,"Offentligt forbrug, i alt-(Anvendelse)",2022,4944.145484030843
Import inkl. told,Privat,Privat,1967,81128.99614929067
Import inkl. told,Privat,Privat,1968,84335.43395354463
Import inkl. told,Privat,Privat,1969,96021.79539251597
Import inkl. told,Privat,Privat,1970,103628.484606092
Import inkl. told,Privat,Privat,1971,106491.35930953559
Import inkl. told,Privat,Privat,1972,111655.71005552865
Import inkl. told,Privat,Privat,1973,123606.71958568617
Import inkl. told,Privat,Privat,1974,121465.2144495634
Import inkl. told,Privat,Privat,1975,110330.74634527054
Import inkl. told,Privat,Privat,1976,126310.26244849576
Import inkl. told,Privat,Privat,1977,126970.40610247347
Import inkl. told,Privat,Privat,1978,128933.62922787518
Import inkl. told,Privat,Privat,1979,135791.7673194624
Import inkl. told,Privat,Privat,1980,133062.7216697777
Import inkl. told,Privat,Privat,1981,128473.27968230989
Import inkl. told,Privat,Privat,1982,127274.62520021407
Import inkl. told,Privat,Privat,1983,129398.14530975765
Import inkl. told,Privat,Privat,1984,136752.1164241356
Import inkl. told,Privat,Privat,1985,145019.66101718892
Import inkl. told,Privat,Privat,1986,149034.02345992104
Import inkl. told,Privat,Privat,1987,149601.21356031034
Import inkl. told,Privat,Privat,1988,155389.82084411968
Import inkl. told,Privat,Privat,1989,158098.80220100054
Import inkl. told,Privat,Privat,1990,162140.90653916597
Import inkl. told,Privat,Privat,1991,167734.46816278063
Import inkl. told,Privat,Privat,1992,168113.15739237104
Import inkl. told,Privat,Privat,1993,163573.68917795207
Import inkl. told,Privat,Privat,1994,177669.34230262262
Import inkl. told,Privat,Privat,1995,187152.58293749508
Import inkl. told,Privat,Privat,1996,195696.833554284
Import inkl. told,Privat,Privat,1997,202439.61792058308
Import inkl. told,Privat,Privat,1998,215418.2374077126
Import inkl. told,Privat,Privat,1999,224177.74141433285
Import inkl. told,Privat,Privat,2000,245327.33649470692
Import inkl. told,Privat,Privat,2001,253518.8212832314
Import inkl. told,Privat,Privat,2002,264900.792378638
Import inkl. told,Privat,Privat,2003,258029.26714461303
Import inkl. told,Privat,Privat,2004,264703.9529797583
Import inkl. told,Privat,Privat,2005,301574.0585266311
Import inkl. told,Privat,Privat,2006,335871.55191761255
Import inkl. told,Privat,Privat,2007,349080.49678892107
Import inkl. told,Privat,Privat,2008,372416.5214691938
Import inkl. told,Privat,Privat,2009,318987.3425692987
Import inkl. told,Privat,Privat,2010,318275.0541427689
Import inkl. told,Privat,Privat,2011,337451.9892922543
Import inkl. told,Privat,Privat,2012,350133.5385945622
Import inkl. told,Privat,Privat,2013,356220.31112338096
Import inkl. told,Privat,Privat,2014,360644.4714812246
Import inkl. told,Privat,Privat,2015,388333.97580289206
Import inkl. told,Privat,Privat,2016,406805.8287097592
Import inkl. told,Privat,Privat,2017,415260.75774306123
Import inkl. told,Privat,Privat,2018,440738.3058397445
Import inkl. told,Privat,Privat,2019,464347.4651428766
Import inkl. told,Privat,Privat,2020,456934.237
Import inkl. told,Privat,Privat,2021,483797.6860000001
Import inkl. told,Privat,Privat,2022,528983.8103486205
Import inkl. told,Privat,REST_ANVENDELSE Øvrige brancher,1967,71636.74018453197
Import inkl. told,Privat,REST_ANVENDELSE Øvrige brancher,1968,77440.46714582306
Import inkl. told,Privat,REST_ANVENDELSE Øvrige brancher,1969,89942.1223000202
Import inkl. told,Privat,REST_ANVENDELSE Øvrige brancher,1970,95816.12211036572
Import inkl. told,Privat,REST_ANVENDELSE Øvrige brancher,1971,98245.68535885979
Import inkl. told,Privat,REST_ANVENDELSE Øvrige brancher,1972,104223.79006044284
Import inkl. told,Privat,REST_ANVENDELSE Øvrige brancher,1973,115387.30610179708
Import inkl. told,Privat,REST_ANVENDELSE Øvrige brancher,1974,113675.10063721912
Import inkl. told,Privat,REST_ANVENDELSE Øvrige brancher,1975,102456.77980553685
Import inkl. told,Privat,REST_ANVENDELSE Øvrige brancher,1976,116025.45581264827
Import inkl. told,Privat,REST_ANVENDELSE Øvrige brancher,1977,117060.72240340704
Import inkl. told,Privat,REST_ANVENDELSE Øvrige brancher,1978,117913.21886136975
Import inkl. told,Privat,REST_ANVENDELSE Øvrige brancher,1979,122490.44457700111
Import inkl. told,Privat,REST_ANVENDELSE Øvrige brancher,1980,119559.0324337395
Import inkl. told,Privat,REST_ANVENDELSE Øvrige brancher,1981,114675.70502882064
Import inkl. told,Privat,REST_ANVENDELSE Øvrige brancher,1982,112746.49880018937
Import inkl. told,Privat,REST_ANVENDELSE Øvrige brancher,1983,114103.32058075938
Import inkl. told,Privat,REST_ANVENDELSE Øvrige brancher,1984,121340.88342399424
Import inkl. told,Privat,REST_ANVENDELSE Øvrige brancher,1985,128792.01702563377
Import inkl. told,Privat,REST_ANVENDELSE Øvrige brancher,1986,131862.45503480476
Import inkl. told,Privat,REST_ANVENDELSE Øvrige brancher,1987,132209.46987817492
Import inkl. told,Privat,REST_ANVENDELSE Øvrige brancher,1988,140029.9920794792
Import inkl. told,Privat,REST_ANVENDELSE Øvrige brancher,1989,141821.7659230474
Import inkl. told,Privat,REST_ANVENDELSE Øvrige brancher,1990,143293.68423742146
Import inkl. told,Privat,REST_ANVENDELSE Øvrige brancher,1991,147308.0290229943
Import inkl. told,Privat,REST_ANVENDELSE Øvrige brancher,1992,147235.61648709362
Import inkl. told,Privat,REST_ANVENDELSE Øvrige brancher,1993,145201.88286024268
Import inkl. told,Privat,REST_ANVENDELSE Øvrige brancher,1994,158744.79789552337
Import inkl. told,Privat,REST_ANVENDELSE Øvrige brancher,1995,168467.09683199428
Import inkl. told,Privat,REST_ANVENDELSE Øvrige brancher,1996,176531.39882313105
Import inkl. told,Privat,REST_ANVENDELSE Øvrige brancher,1997,183206.79474622267
Import inkl. told,Privat,REST_ANVENDELSE Øvrige brancher,1998,194836.3323883005
Import inkl. told,Privat,REST_ANVENDELSE Øvrige brancher,1999,203812.1291065899
Import inkl. told,Privat,REST_ANVENDELSE Øvrige brancher,2000,224169.40178482604
Import inkl. told,Privat,REST_ANVENDELSE Øvrige brancher,2001,231317.7421972606
Import inkl. told,Privat,REST_ANVENDELSE Øvrige brancher,2002,241198.8173511802
Import inkl. told,Privat,REST_ANVENDELSE Øvrige brancher,2003,233475.99621794932
Import inkl. told,Privat,REST_ANVENDELSE Øvrige brancher,2004,240619.79164301764
Import inkl. told,Privat,REST_ANVENDELSE Øvrige brancher,2005,278927.9529720793
Import inkl. told,Privat,REST_ANVENDELSE Øvrige brancher,2006,311352.2164282631
Import inkl. told,Privat,REST_ANVENDELSE Øvrige brancher,2007,323618.77755195077
Import inkl. told,Privat,REST_ANVENDELSE Øvrige brancher,2008,348310.9794952022
Import inkl. told,Privat,REST_ANVENDELSE Øvrige brancher,2009,299336.56298833503
Import inkl. told,Privat,REST_ANVENDELSE Øvrige brancher,2010,302191.82984274416
Import inkl. told,Privat,REST_ANVENDELSE Øvrige brancher,2011,320778.8435153841
Import inkl. told,Privat,REST_ANVENDELSE Øvrige brancher,2012,336171.97460351913
Import inkl. told,Privat,REST_ANVENDELSE Øvrige brancher,2013,341636.3516665972
Import inkl. told,Privat,REST_ANVENDELSE Øvrige brancher,2014,346872.56084449444
Import inkl. told,Privat,REST_ANVENDELSE Øvrige brancher,2015,374513.43977070117
Import inkl. told,Privat,REST_ANVENDELSE Øvrige brancher,2016,394818.36181595194
Import inkl. told,Privat,REST_ANVENDELSE Øvrige brancher,2017,404614.580445852
Import inkl. told,Privat,REST_ANVENDELSE Øvrige brancher,2018,429879.16902890865
Import inkl. told,Privat,REST_ANVENDELSE Øvrige brancher,2019,454550.78598615504
Import inkl. told,Privat,REST_ANVENDELSE Øvrige brancher,2020,450093.374
Import inkl. told,Privat,REST_ANVENDELSE Øvrige brancher,2021,481204.671
Import inkl. told,Privat,REST_ANVENDELSE Øvrige brancher,2022,522475.530525475
Import inkl. told,REST_TILGANG Øvrige brancher,01000 Landbrug og gartneri- (Anvendelse),1967,3202.6305335340753
Import inkl. told,REST_TILGANG Øvrige brancher,01000 Landbrug og gartneri- (Anvendelse),1968,3486.3369055351072
Import inkl. told,REST_TILGANG Øvrige brancher,01000 Landbrug og gartneri- (Anvendelse),1969,3511.3433133074295
Import inkl. told,REST_TILGANG Øvrige brancher,01000 Landbrug og gartneri- (Anvendelse),1970,3800.7148055371185
Import inkl. told,REST_TILGANG Øvrige brancher,01000 Landbrug og gartneri- (Anvendelse),1971,4057.543077656911
Import inkl. told,REST_TILGANG Øvrige brancher,01000 Landbrug og gartneri- (Anvendelse),1972,4220.973008527305
Import inkl. told,REST_TILGANG Øvrige brancher,01000 Landbrug og gartneri- (Anvendelse),1973,4762.671677539762
Import inkl. told,REST_TILGANG Øvrige brancher,01000 Landbrug og gartneri- (Anvendelse),1974,4607.534229243634
Import inkl. told,REST_TILGANG Øvrige brancher,01000 Landbrug og gartneri- (Anvendelse),1975,4340.726514386415
Import inkl. told,REST_TILGANG Øvrige brancher,01000 Landbrug og gartneri- (Anvendelse),1976,4171.825193242593
Import inkl. told,REST_TILGANG Øvrige brancher,01000 Landbrug og gartneri- (Anvendelse),1977,4415.661795919988
Import inkl. told,REST_TILGANG Øvrige brancher,01000 Landbrug og gartneri- (Anvendelse),1978,4572.501412628126
Import inkl. told,REST_TILGANG Øvrige brancher,01000 Landbrug og gartneri- (Anvendelse),1979,5580.932547578422
Import inkl. told,REST_TILGANG Øvrige brancher,01000 Landbrug og gartneri- (Anvendelse),1980,5137.271875434654
Import inkl. told,REST_TILGANG Øvrige brancher,01000 Landbrug og gartneri- (Anvendelse),1981,5058.390082891989
Import inkl. told,REST_TILGANG Øvrige brancher,01000 Landbrug og gartneri- (Anvendelse),1982,5176.4465990569715
Import inkl. told,REST_TILGANG Øvrige brancher,01000 Landbrug og gartneri- (Anvendelse),1983,5909.3363021701925
Import inkl. told,REST_TILGANG Øvrige brancher,01000 Landbrug og gartneri- (Anvendelse),1984,6287.4965050883575
Import inkl. told,REST_TILGANG Øvrige brancher,01000 Landbrug og gartneri- (Anvendelse),1985,5968.426581780626
Import inkl. told,REST_TILGANG Øvrige brancher,01000 Landbrug og gartneri- (Anvendelse),1986,5421.552955659467
Import inkl. told,REST_TILGANG Øvrige brancher,01000 Landbrug og gartneri- (Anvendelse),1987,5223.2695112184265
Import inkl. told,REST_TILGANG Øvrige brancher,01000 Landbrug og gartneri- (Anvendelse),1988,4744.387050403598
Import inkl. told,REST_TILGANG Øvrige brancher,01000 Landbrug og gartneri- (Anvendelse),1989,5584.467321512682
Import inkl. told,REST_TILGANG Øvrige brancher,01000 Landbrug og gartneri- (Anvendelse),1990,5813.5292938058055
Import inkl. told,REST_TILGANG Øvrige brancher,01000 Landbrug og gartneri- (Anvendelse),1991,5711.542402422755
Import inkl. told,REST_TILGANG Øvrige brancher,01000 Landbrug og gartneri- (Anvendelse),1992,4911.00954433339
Import inkl. told,REST_TILGANG Øvrige brancher,01000 Landbrug og gartneri- (Anvendelse),1993,5105.093064702556
Import inkl. told,REST_TILGANG Øvrige brancher,01000 Landbrug og gartneri- (Anvendelse),1994,4233.2613429960375
Import inkl. told,REST_TILGANG Øvrige brancher,01000 Landbrug og gartneri- (Anvendelse),1995,4131.25894349364
Import inkl. told,REST_TILGANG Øvrige brancher,01000 Landbrug og gartneri- (Anvendelse),1996,4108.466910719825
Import inkl. told,REST_TILGANG Øvrige brancher,01000 Landbrug og gartneri- (Anvendelse),1997,4408.898450217669
Import inkl. told,REST_TILGANG Øvrige brancher,01000 Landbrug og gartneri- (Anvendelse),1998,4522.049244867434
Import inkl. told,REST_TILGANG Øvrige brancher,01000 Landbrug og gartneri- (Anvendelse),1999,4794.795283262181
Import inkl. told,REST_TILGANG Øvrige brancher,01000 Landbrug og gartneri- (Anvendelse),2000,4086.7176083553964
Import inkl. told,REST_TILGANG Øvrige brancher,01000 Landbrug og gartneri- (Anvendelse),2001,3771.2388142983614
Import inkl. told,REST_TILGANG Øvrige brancher,01000 Landbrug og gartneri- (Anvendelse),2002,4248.244704899403
Import inkl. told,REST_TILGANG Øvrige brancher,01000 Landbrug og gartneri- (Anvendelse),2003,4456.710366353585
Import inkl. told,REST_TILGANG Øvrige brancher,01000 Landbrug og gartneri- (Anvendelse),2004,4800.574006331073
Import inkl. told,REST_TILGANG Øvrige brancher,01000 Landbrug og gartneri- (Anvendelse),2005,4360.211398189674
Import inkl. told,REST_TILGANG Øvrige brancher,01000 Landbrug og gartneri- (Anvendelse),2006,4267.046971214137
Import inkl. told,REST_TILGANG Øvrige brancher,01000 Landbrug og gartneri- (Anvendelse),2007,4459.375394021233
Import inkl. told,REST_TILGANG Øvrige brancher,01000 Landbrug og gartneri- (Anvendelse),2008,5505.785626179315
Import inkl. told,REST_TILGANG Øvrige brancher,01000 Landbrug og gartneri- (Anvendelse),2009,4988.097747525424
Import inkl. told,REST_TILGANG Øvrige brancher,01000 Landbrug og gartneri- (Anvendelse),2010,4556.388684398652
Import inkl. told,REST_TILGANG Øvrige brancher,01000 Landbrug og gartneri- (Anvendelse),2011,5156.55438889895
Import inkl. told,REST_TILGANG Øvrige brancher,01000 Landbrug og gartneri- (Anvendelse),2012,4816.321990400343
Import inkl. told,REST_TILGANG Øvrige brancher,01000 Landbrug og gartneri- (Anvendelse),2013,5026.302410153302
Import inkl. told,REST_TILGANG Øvrige brancher,01000 Landbrug og gartneri- (Anvendelse),2014,4766.873400364584
Import inkl. told,REST_TILGANG Øvrige brancher,01000 Landbrug og gartneri- (Anvendelse),2015,4823.51939880803
Import inkl. told,REST_TILGANG Øvrige brancher,01000 Landbrug og gartneri- (Anvendelse),2016,4824.641861712262
Import inkl. told,REST_TILGANG Øvrige brancher,01000 Landbrug og gartneri- (Anvendelse),2017,4702.132010218962
Import inkl. told,REST_TILGANG Øvrige brancher,01000 Landbrug og gartneri- (Anvendelse),2018,4229.33024809109
Import inkl. told,REST_TILGANG Øvrige brancher,01000 Landbrug og gartneri- (Anvendelse),2019,3936.267513549281
Import inkl. told,REST_TILGANG Øvrige brancher,01000 Landbrug og gartneri- (Anvendelse),2020,3883.002
Import inkl. told,REST_TILGANG Øvrige brancher,01000 Landbrug og gartneri- (Anvendelse),2021,4178.804
Import inkl. told,REST_TILGANG Øvrige brancher,01000 Landbrug og gartneri- (Anvendelse),2022,3986.258369497741
Import inkl. told,REST_TILGANG Øvrige brancher,"10120 Føde-, drikke- og tobaksvareindustri- (Anvendelse)",1967,1524.4728894671487
Import inkl. told,REST_TILGANG Øvrige brancher,"10120 Føde-, drikke- og tobaksvareindustri- (Anvendelse)",1968,1989.893174143493
Import inkl. told,REST_TILGANG Øvrige brancher,"10120 Føde-, drikke- og tobaksvareindustri- (Anvendelse)",1969,2139.9811816421
Import inkl. told,REST_TILGANG Øvrige brancher,"10120 Føde-, drikke- og tobaksvareindustri- (Anvendelse)",1970,2395.751403161903
Import inkl. told,REST_TILGANG Øvrige brancher,"10120 Føde-, drikke- og tobaksvareindustri- (Anvendelse)",1971,2781.731796549792
Import inkl. told,REST_TILGANG Øvrige brancher,"10120 Føde-, drikke- og tobaksvareindustri- (Anvendelse)",1972,2878.3454380599183
Import inkl. told,REST_TILGANG Øvrige brancher,"10120 Føde-, drikke- og tobaksvareindustri- (Anvendelse)",1973,3189.344373027175
Import inkl. told,REST_TILGANG Øvrige brancher,"10120 Føde-, drikke- og tobaksvareindustri- (Anvendelse)",1974,3493.702334395255
Import inkl. told,REST_TILGANG Øvrige brancher,"10120 Føde-, drikke- og tobaksvareindustri- (Anvendelse)",1975,3153.7400271082824
Import inkl. told,REST_TILGANG Øvrige brancher,"10120 Føde-, drikke- og tobaksvareindustri- (Anvendelse)",1976,3586.080022938298
Import inkl. told,REST_TILGANG Øvrige brancher,"10120 Føde-, drikke- og tobaksvareindustri- (Anvendelse)",1977,3863.8332252031328
Import inkl. told,REST_TILGANG Øvrige brancher,"10120 Føde-, drikke- og tobaksvareindustri- (Anvendelse)",1978,3977.743025049347
Import inkl. told,REST_TILGANG Øvrige brancher,"10120 Føde-, drikke- og tobaksvareindustri- (Anvendelse)",1979,4465.204130128555
Import inkl. told,REST_TILGANG Øvrige brancher,"10120 Føde-, drikke- og tobaksvareindustri- (Anvendelse)",1980,4936.90808368056
Import inkl. told,REST_TILGANG Øvrige brancher,"10120 Føde-, drikke- og tobaksvareindustri- (Anvendelse)",1981,5165.848726928904
Import inkl. told,REST_TILGANG Øvrige brancher,"10120 Føde-, drikke- og tobaksvareindustri- (Anvendelse)",1982,5518.2086182717
Import inkl. told,REST_TILGANG Øvrige brancher,"10120 Føde-, drikke- og tobaksvareindustri- (Anvendelse)",1983,5223.260658415172
Import inkl. told,REST_TILGANG Øvrige brancher,"10120 Føde-, drikke- og tobaksvareindustri- (Anvendelse)",1984,5666.890429939904
Import inkl. told,REST_TILGANG Øvrige brancher,"10120 Føde-, drikke- og tobaksvareindustri- (Anvendelse)",1985,5621.084002394085
Import inkl. told,REST_TILGANG Øvrige brancher,"10120 Føde-, drikke- og tobaksvareindustri- (Anvendelse)",1986,6270.538252559891
Import inkl. told,REST_TILGANG Øvrige brancher,"10120 Føde-, drikke- og tobaksvareindustri- (Anvendelse)",1987,6783.778839132057
Import inkl. told,REST_TILGANG Øvrige brancher,"10120 Føde-, drikke- og tobaksvareindustri- (Anvendelse)",1988,6511.886766913612
Import inkl. told,REST_TILGANG Øvrige brancher,"10120 Føde-, drikke- og tobaksvareindustri- (Anvendelse)",1989,6850.091608973919
Import inkl. told,REST_TILGANG Øvrige brancher,"10120 Føde-, drikke- og tobaksvareindustri- (Anvendelse)",1990,7442.374009210604
Import inkl. told,REST_TILGANG Øvrige brancher,"10120 Føde-, drikke- og tobaksvareindustri- (Anvendelse)",1991,8018.499252610011
Import inkl. told,REST_TILGANG Øvrige brancher,"10120 Føde-, drikke- og tobaksvareindustri- (Anvendelse)",1992,7193.581027393425
Import inkl. told,REST_TILGANG Øvrige brancher,"10120 Føde-, drikke- og tobaksvareindustri- (Anvendelse)",1993,7168.803821574476
Import inkl. told,REST_TILGANG Øvrige brancher,"10120 Føde-, drikke- og tobaksvareindustri- (Anvendelse)",1994,7719.120727480947
Import inkl. told,REST_TILGANG Øvrige brancher,"10120 Føde-, drikke- og tobaksvareindustri- (Anvendelse)",1995,7489.017901682313
Import inkl. told,REST_TILGANG Øvrige brancher,"10120 Føde-, drikke- og tobaksvareindustri- (Anvendelse)",1996,8048.624016581599
Import inkl. told,REST_TILGANG Øvrige brancher,"10120 Føde-, drikke- og tobaksvareindustri- (Anvendelse)",1997,8071.763187783333
Import inkl. told,REST_TILGANG Øvrige brancher,"10120 Føde-, drikke- og tobaksvareindustri- (Anvendelse)",1998,8372.003862106074
Import inkl. told,REST_TILGANG Øvrige brancher,"10120 Føde-, drikke- og tobaksvareindustri- (Anvendelse)",1999,8784.42945298406
Import inkl. told,REST_TILGANG Øvrige brancher,"10120 Føde-, drikke- og tobaksvareindustri- (Anvendelse)",2000,9525.010316575172
Import inkl. told,REST_TILGANG Øvrige brancher,"10120 Føde-, drikke- og tobaksvareindustri- (Anvendelse)",2001,10096.431310963675
Import inkl. told,REST_TILGANG Øvrige brancher,"10120 Føde-, drikke- og tobaksvareindustri- (Anvendelse)",2002,10915.016042539339
Import inkl. told,REST_TILGANG Øvrige brancher,"10120 Føde-, drikke- og tobaksvareindustri- (Anvendelse)",2003,11477.689553461465
Import inkl. told,REST_TILGANG Øvrige brancher,"10120 Føde-, drikke- og tobaksvareindustri- (Anvendelse)",2004,11822.397774944542
Import inkl. told,REST_TILGANG Øvrige brancher,"10120 Føde-, drikke- og tobaksvareindustri- (Anvendelse)",2005,12196.337570595026
Import inkl. told,REST_TILGANG Øvrige brancher,"10120 Føde-, drikke- og tobaksvareindustri- (Anvendelse)",2006,12692.47721955816
Import inkl. told,REST_TILGANG Øvrige brancher,"10120 Føde-, drikke- og tobaksvareindustri- (Anvendelse)",2007,12420.86729002115
Import inkl. told,REST_TILGANG Øvrige brancher,"10120 Føde-, drikke- og tobaksvareindustri- (Anvendelse)",2008,13914.371223178967
Import inkl. told,REST_TILGANG Øvrige brancher,"10120 Føde-, drikke- og tobaksvareindustri- (Anvendelse)",2009,12979.44218130286
Import inkl. told,REST_TILGANG Øvrige brancher,"10120 Føde-, drikke- og tobaksvareindustri- (Anvendelse)",2010,12258.939318333765
Import inkl. told,REST_TILGANG Øvrige brancher,"10120 Føde-, drikke- og tobaksvareindustri- (Anvendelse)",2011,12295.063792309458
Import inkl. told,REST_TILGANG Øvrige brancher,"10120 Føde-, drikke- og tobaksvareindustri- (Anvendelse)",2012,12503.386868243126
Import inkl. told,REST_TILGANG Øvrige brancher,"10120 Føde-, drikke- og tobaksvareindustri- (Anvendelse)",2013,11940.329420782102
Import inkl. told,REST_TILGANG Øvrige brancher,"10120 Føde-, drikke- og tobaksvareindustri- (Anvendelse)",2014,11470.548739907908
Import inkl. told,REST_TILGANG Øvrige brancher,"10120 Føde-, drikke- og tobaksvareindustri- (Anvendelse)",2015,12007.226174009798
Import inkl. told,REST_TILGANG Øvrige brancher,"10120 Føde-, drikke- og tobaksvareindustri- (Anvendelse)",2016,13483.096962841166
Import inkl. told,REST_TILGANG Øvrige brancher,"10120 Føde-, drikke- og tobaksvareindustri- (Anvendelse)",2017,13766.532363738104
Import inkl. told,REST_TILGANG Øvrige brancher,"10120 Føde-, drikke- og tobaksvareindustri- (Anvendelse)",2018,13931.39727891565
Import inkl. told,REST_TILGANG Øvrige brancher,"10120 Føde-, drikke- og tobaksvareindustri- (Anvendelse)",2019,14473.274630157246
Import inkl. told,REST_TILGANG Øvrige brancher,"10120 Føde-, drikke- og tobaksvareindustri- (Anvendelse)",2020,15772.275
Import inkl. told,REST_TILGANG Øvrige brancher,"10120 Føde-, drikke- og tobaksvareindustri- (Anvendelse)",2021,15374.79
Import inkl. told,REST_TILGANG Øvrige brancher,"10120 Føde-, drikke- og tobaksvareindustri- (Anvendelse)",2022,16030.99752106099
Import inkl. told,REST_TILGANG Øvrige brancher,"Anvendelse, i alt-(Anvendelse)",1967,84410.71160694919
Import inkl. told,REST_TILGANG Øvrige brancher,"Anvendelse, i alt-(Anvendelse)",1968,92104.36688054055
Import inkl. told,REST_TILGANG Øvrige brancher,"Anvendelse, i alt-(Anvendelse)",1969,107319.71413589388
Import inkl. told,REST_TILGANG Øvrige brancher,"Anvendelse, i alt-(Anvendelse)",1970,116327.05026464105
Import inkl. told,REST_TILGANG Øvrige brancher,"Anvendelse, i alt-(Anvendelse)",1971,115690.49920495173
Import inkl. told,REST_TILGANG Øvrige brancher,"Anvendelse, i alt-(Anvendelse)",1972,117545.53072904648
Import inkl. told,REST_TILGANG Øvrige brancher,"Anvendelse, i alt-(Anvendelse)",1973,139917.50541729067
Import inkl. told,REST_TILGANG Øvrige brancher,"Anvendelse, i alt-(Anvendelse)",1974,136752.2095904228
Import inkl. told,REST_TILGANG Øvrige brancher,"Anvendelse, i alt-(Anvendelse)",1975,128238.08687480977
Import inkl. told,REST_TILGANG Øvrige brancher,"Anvendelse, i alt-(Anvendelse)",1976,150379.9740722557
Import inkl. told,REST_TILGANG Øvrige brancher,"Anvendelse, i alt-(Anvendelse)",1977,148954.80584411943
Import inkl. told,REST_TILGANG Øvrige brancher,"Anvendelse, i alt-(Anvendelse)",1978,148445.68745753184
Import inkl. told,REST_TILGANG Øvrige brancher,"Anvendelse, i alt-(Anvendelse)",1979,159837.2887121197
Import inkl. told,REST_TILGANG Øvrige brancher,"Anvendelse, i alt-(Anvendelse)",1980,149414.30048564536
Import inkl. told,REST_TILGANG Øvrige brancher,"Anvendelse, i alt-(Anvendelse)",1981,147584.86499374188
Import inkl. told,REST_TILGANG Øvrige brancher,"Anvendelse, i alt-(Anvendelse)",1982,149787.09946619422
Import inkl. told,REST_TILGANG Øvrige brancher,"Anvendelse, i alt-(Anvendelse)",1983,155599.43786467466
Import inkl. told,REST_TILGANG Øvrige brancher,"Anvendelse, i alt-(Anvendelse)",1984,169553.53523940707
Import inkl. told,REST_TILGANG Øvrige brancher,"Anvendelse, i alt-(Anvendelse)",1985,186601.77103208788
Import inkl. told,REST_TILGANG Øvrige brancher,"Anvendelse, i alt-(Anvendelse)",1986,200631.46087792548
Import inkl. told,REST_TILGANG Øvrige brancher,"Anvendelse, i alt-(Anvendelse)",1987,194865.40190446586
Import inkl. told,REST_TILGANG Øvrige brancher,"Anvendelse, i alt-(Anvendelse)",1988,199731.65714440326
Import inkl. told,REST_TILGANG Øvrige brancher,"Anvendelse, i alt-(Anvendelse)",1989,212925.02393457142
Import inkl. told,REST_TILGANG Øvrige brancher,"Anvendelse, i alt-(Anvendelse)",1990,217704.26321068918
Import inkl. told,REST_TILGANG Øvrige brancher,"Anvendelse, i alt-(Anvendelse)",1991,226988.99707738226
Import inkl. told,REST_TILGANG Øvrige brancher,"Anvendelse, i alt-(Anvendelse)",1992,222695.0575578967
Import inkl. told,REST_TILGANG Øvrige brancher,"Anvendelse, i alt-(Anvendelse)",1993,216631.59889061426
Import inkl. told,REST_TILGANG Øvrige brancher,"Anvendelse, i alt-(Anvendelse)",1994,250428.12069847732
Import inkl. told,REST_TILGANG Øvrige brancher,"Anvendelse, i alt-(Anvendelse)",1995,270346.75452929514
Import inkl. told,REST_TILGANG Øvrige brancher,"Anvendelse, i alt-(Anvendelse)",1996,278308.5157392963
Import inkl. told,REST_TILGANG Øvrige brancher,"Anvendelse, i alt-(Anvendelse)",1997,306021.3569719086
Import inkl. told,REST_TILGANG Øvrige brancher,"Anvendelse, i alt-(Anvendelse)",1998,330113.53289838
Import inkl. told,REST_TILGANG Øvrige brancher,"Anvendelse, i alt-(Anvendelse)",1999,338026.5136149606
Import inkl. told,REST_TILGANG Øvrige brancher,"Anvendelse, i alt-(Anvendelse)",2000,380205.3247104612
Import inkl. told,REST_TILGANG Øvrige brancher,"Anvendelse, i alt-(Anvendelse)",2001,386279.24537961074
Import inkl. told,REST_TILGANG Øvrige brancher,"Anvendelse, i alt-(Anvendelse)",2002,414491.75406766345
Import inkl. told,REST_TILGANG Øvrige brancher,"Anvendelse, i alt-(Anvendelse)",2003,399474.50538678037
Import inkl. told,REST_TILGANG Øvrige brancher,"Anvendelse, i alt-(Anvendelse)",2004,434787.69882643525
Import inkl. told,REST_TILGANG Øvrige brancher,"Anvendelse, i alt-(Anvendelse)",2005,501204.93268934835
Import inkl. told,REST_TILGANG Øvrige brancher,"Anvendelse, i alt-(Anvendelse)",2006,576066.0508482776
Import inkl. told,REST_TILGANG Øvrige brancher,"Anvendelse, i alt-(Anvendelse)",2007,594173.3908028371
Import inkl. told,REST_TILGANG Øvrige brancher,"Anvendelse, i alt-(Anvendelse)",2008,626747.8770157855
Import inkl. told,REST_TILGANG Øvrige brancher,"Anvendelse, i alt-(Anvendelse)",2009,536942.9941289384
Import inkl. told,REST_TILGANG Øvrige brancher,"Anvendelse, i alt-(Anvendelse)",2010,548828.0307812428
Import inkl. told,REST_TILGANG Øvrige brancher,"Anvendelse, i alt-(Anvendelse)",2011,586390.2937189605
Import inkl. told,REST_TILGANG Øvrige brancher,"Anvendelse, i alt-(Anvendelse)",2012,607950.7069064708
Import inkl. told,REST_TILGANG Øvrige brancher,"Anvendelse, i alt-(Anvendelse)",2013,625460.9226277337
Import inkl. told,REST_TILGANG Øvrige brancher,"Anvendelse, i alt-(Anvendelse)",2014,645826.323152935
Import inkl. told,REST_TILGANG Øvrige brancher,"Anvendelse, i alt-(Anvendelse)",2015,688453.0666534152
Import inkl. told,REST_TILGANG Øvrige brancher,"Anvendelse, i alt-(Anvendelse)",2016,715325.9648033392
Import inkl. told,REST_TILGANG Øvrige brancher,"Anvendelse, i alt-(Anvendelse)",2017,750329.867591085
Import inkl. told,REST_TILGANG Øvrige brancher,"Anvendelse, i alt-(Anvendelse)",2018,801506.124587064
Import inkl. told,REST_TILGANG Øvrige brancher,"Anvendelse, i alt-(Anvendelse)",2019,836005.2956413092
Import inkl. told,REST_TILGANG Øvrige brancher,"Anvendelse, i alt-(Anvendelse)",2020,845616.628
Import inkl. told,REST_TILGANG Øvrige brancher,"Anvendelse, i alt-(Anvendelse)",2021,930226.3419999998
Import inkl. told,REST_TILGANG Øvrige brancher,"Anvendelse, i alt-(Anvendelse)",2022,1000215.1540174033
Import inkl. told,REST_TILGANG Øvrige brancher,Eksport - (Anvendelse),1967,1358.6345271513376
Import inkl. told,REST_TILGANG Øvrige brancher,Eksport - (Anvendelse),1968,1629.1795797615082
Import inkl. told,REST_TILGANG Øvrige brancher,Eksport - (Anvendelse),1969,1843.1893785550167
Import inkl. told,REST_TILGANG Øvrige brancher,Eksport - (Anvendelse),1970,2006.1993676875886
Import inkl. told,REST_TILGANG Øvrige brancher,Eksport - (Anvendelse),1971,2224.7370260184975
Import inkl. told,REST_TILGANG Øvrige brancher,Eksport - (Anvendelse),1972,2171.498723931094
Import inkl. told,REST_TILGANG Øvrige brancher,Eksport - (Anvendelse),1973,2965.3427883426325
Import inkl. told,REST_TILGANG Øvrige brancher,Eksport - (Anvendelse),1974,3677.8100383834253
Import inkl. told,REST_TILGANG Øvrige brancher,Eksport - (Anvendelse),1975,3435.0970879854644
Import inkl. told,REST_TILGANG Øvrige brancher,Eksport - (Anvendelse),1976,3977.4431773593396
Import inkl. told,REST_TILGANG Øvrige brancher,Eksport - (Anvendelse),1977,4069.3253447746333
Import inkl. told,REST_TILGANG Øvrige brancher,Eksport - (Anvendelse),1978,3967.798584580507
Import inkl. told,REST_TILGANG Øvrige brancher,Eksport - (Anvendelse),1979,5904.530744002066
Import inkl. told,REST_TILGANG Øvrige brancher,Eksport - (Anvendelse),1980,7761.943768051829
Import inkl. told,REST_TILGANG Øvrige brancher,Eksport - (Anvendelse),1981,9533.544393621725
Import inkl. told,REST_TILGANG Øvrige brancher,Eksport - (Anvendelse),1982,9019.97481406678
Import inkl. told,REST_TILGANG Øvrige brancher,Eksport - (Anvendelse),1983,10038.269261166644
Import inkl. told,REST_TILGANG Øvrige brancher,Eksport - (Anvendelse),1984,11322.02468412678
Import inkl. told,REST_TILGANG Øvrige brancher,Eksport - (Anvendelse),1985,12376.655289899436
Import inkl. told,REST_TILGANG Øvrige brancher,Eksport - (Anvendelse),1986,13498.014705093496
Import inkl. told,REST_TILGANG Øvrige brancher,Eksport - (Anvendelse),1987,15937.950706828795
Import inkl. told,REST_TILGANG Øvrige brancher,Eksport - (Anvendelse),1988,18496.204253973985
Import inkl. told,REST_TILGANG Øvrige brancher,Eksport - (Anvendelse),1989,21400.26226978756
Import inkl. told,REST_TILGANG Øvrige brancher,Eksport - (Anvendelse),1990,23804.014369989472
Import inkl. told,REST_TILGANG Øvrige brancher,Eksport - (Anvendelse),1991,25978.285304969464
Import inkl. told,REST_TILGANG Øvrige brancher,Eksport - (Anvendelse),1992,23737.770510789098
Import inkl. told,REST_TILGANG Øvrige brancher,Eksport - (Anvendelse),1993,24168.320715582584
Import inkl. told,REST_TILGANG Øvrige brancher,Eksport - (Anvendelse),1994,28626.021850967798
Import inkl. told,REST_TILGANG Øvrige brancher,Eksport - (Anvendelse),1995,30618.36296374763
Import inkl. told,REST_TILGANG Øvrige brancher,Eksport - (Anvendelse),1996,33755.71356559632
Import inkl. told,REST_TILGANG Øvrige brancher,Eksport - (Anvendelse),1997,38602.472324286995
Import inkl. told,REST_TILGANG Øvrige brancher,Eksport - (Anvendelse),1998,42719.749202415755
Import inkl. told,REST_TILGANG Øvrige brancher,Eksport - (Anvendelse),1999,47883.434624648486
Import inkl. told,REST_TILGANG Øvrige brancher,Eksport - (Anvendelse),2000,57355.82969700011
Import inkl. told,REST_TILGANG Øvrige brancher,Eksport - (Anvendelse),2001,59471.79005546732
Import inkl. told,REST_TILGANG Øvrige brancher,Eksport - (Anvendelse),2002,72065.63100570814
Import inkl. told,REST_TILGANG Øvrige brancher,Eksport - (Anvendelse),2003,69304.67746144708
Import inkl. told,REST_TILGANG Øvrige brancher,Eksport - (Anvendelse),2004,77746.24477574782
Import inkl. told,REST_TILGANG Øvrige brancher,Eksport - (Anvendelse),2005,96839.44837916268
Import inkl. told,REST_TILGANG Øvrige brancher,Eksport - (Anvendelse),2006,121428.49791274712
Import inkl. told,REST_TILGANG Øvrige brancher,Eksport - (Anvendelse),2007,118189.94373573428
Import inkl. told,REST_TILGANG Øvrige brancher,Eksport - (Anvendelse),2008,126263.66414751174
Import inkl. told,REST_TILGANG Øvrige brancher,Eksport - (Anvendelse),2009,116856.44052392797
Import inkl. told,REST_TILGANG Øvrige brancher,Eksport - (Anvendelse),2010,124066.01339245863
Import inkl. told,REST_TILGANG Øvrige brancher,Eksport - (Anvendelse),2011,140908.39706725904
Import inkl. told,REST_TILGANG Øvrige brancher,Eksport - (Anvendelse),2012,140559.59107556014
Import inkl. told,REST_TILGANG Øvrige brancher,Eksport - (Anvendelse),2013,145835.9707555953
Import inkl. told,REST_TILGANG Øvrige brancher,Eksport - (Anvendelse),2014,152906.16110306254
Import inkl. told,REST_TILGANG Øvrige brancher,Eksport - (Anvendelse),2015,160610.57702303852
Import inkl. told,REST_TILGANG Øvrige brancher,Eksport - (Anvendelse),2016,152504.23224900826
Import inkl. told,REST_TILGANG Øvrige brancher,Eksport - (Anvendelse),2017,167304.9803872708
Import inkl. told,REST_TILGANG Øvrige brancher,Eksport - (Anvendelse),2018,179189.14697049683
Import inkl. told,REST_TILGANG Øvrige brancher,Eksport - (Anvendelse),2019,192197.1232594508
Import inkl. told,REST_TILGANG Øvrige brancher,Eksport - (Anvendelse),2020,192993.606
Import inkl. told,REST_TILGANG Øvrige brancher,Eksport - (Anvendelse),2021,216076.374
Import inkl. told,REST_TILGANG Øvrige brancher,Eksport - (Anvendelse),2022,235399.4060136158
Import inkl. told,REST_TILGANG Øvrige brancher,Faste bruttoinvesteringer + Lagerforøgelse + Værdigenstande (Anvendelse),1967,5468.180016205294
Import inkl. told,REST_TILGANG Øvrige brancher,Faste bruttoinvesteringer + Lagerforøgelse + Værdigenstande (Anvendelse),1968,5692.311435931174
Import inkl. told,REST_TILGANG Øvrige brancher,Faste bruttoinvesteringer + Lagerforøgelse + Værdigenstande (Anvendelse),1969,6673.887887589106
Import inkl. told,REST_TILGANG Øvrige brancher,Faste bruttoinvesteringer + Lagerforøgelse + Værdigenstande (Anvendelse),1970,8028.807362962553
Import inkl. told,REST_TILGANG Øvrige brancher,Faste bruttoinvesteringer + Lagerforøgelse + Værdigenstande (Anvendelse),1971,6919.961853867423
Import inkl. told,REST_TILGANG Øvrige brancher,Faste bruttoinvesteringer + Lagerforøgelse + Værdigenstande (Anvendelse),1972,5460.325103343788
Import inkl. told,REST_TILGANG Øvrige brancher,Faste bruttoinvesteringer + Lagerforøgelse + Værdigenstande (Anvendelse),1973,8415.5576399344
Import inkl. told,REST_TILGANG Øvrige brancher,Faste bruttoinvesteringer + Lagerforøgelse + Værdigenstande (Anvendelse),1974,8004.883753527242
Import inkl. told,REST_TILGANG Øvrige brancher,Faste bruttoinvesteringer + Lagerforøgelse + Værdigenstande (Anvendelse),1975,7883.44173408694
Import inkl. told,REST_TILGANG Øvrige brancher,Faste bruttoinvesteringer + Lagerforøgelse + Værdigenstande (Anvendelse),1976,10488.145771240725
Import inkl. told,REST_TILGANG Øvrige brancher,Faste bruttoinvesteringer + Lagerforøgelse + Værdigenstande (Anvendelse),1977,9369.703811727364
Import inkl. told,REST_TILGANG Øvrige brancher,Faste bruttoinvesteringer + Lagerforøgelse + Værdigenstande (Anvendelse),1978,9009.934542413544
Import inkl. told,REST_TILGANG Øvrige brancher,Faste bruttoinvesteringer + Lagerforøgelse + Værdigenstande (Anvendelse),1979,10630.321000409996
Import inkl. told,REST_TILGANG Øvrige brancher,Faste bruttoinvesteringer + Lagerforøgelse + Værdigenstande (Anvendelse),1980,7508.59435264095
Import inkl. told,REST_TILGANG Øvrige brancher,Faste bruttoinvesteringer + Lagerforøgelse + Værdigenstande (Anvendelse),1981,7544.970227352876
Import inkl. told,REST_TILGANG Øvrige brancher,Faste bruttoinvesteringer + Lagerforøgelse + Værdigenstande (Anvendelse),1982,8948.457027839151
Import inkl. told,REST_TILGANG Øvrige brancher,Faste bruttoinvesteringer + Lagerforøgelse + Værdigenstande (Anvendelse),1983,10115.17911698424
Import inkl. told,REST_TILGANG Øvrige brancher,Faste bruttoinvesteringer + Lagerforøgelse + Værdigenstande (Anvendelse),1984,12556.515765226346
Import inkl. told,REST_TILGANG Øvrige brancher,Faste bruttoinvesteringer + Lagerforøgelse + Værdigenstande (Anvendelse),1985,16669.980240568235
Import inkl. told,REST_TILGANG Øvrige brancher,Faste bruttoinvesteringer + Lagerforøgelse + Værdigenstande (Anvendelse),1986,20841.8821090514
Import inkl. told,REST_TILGANG Øvrige brancher,Faste bruttoinvesteringer + Lagerforøgelse + Værdigenstande (Anvendelse),1987,17427.61724715974
Import inkl. told,REST_TILGANG Øvrige brancher,Faste bruttoinvesteringer + Lagerforøgelse + Værdigenstande (Anvendelse),1988,16417.936766254737
Import inkl. told,REST_TILGANG Øvrige brancher,Faste bruttoinvesteringer + Lagerforøgelse + Værdigenstande (Anvendelse),1989,21245.10061200117
Import inkl. told,REST_TILGANG Øvrige brancher,Faste bruttoinvesteringer + Lagerforøgelse + Værdigenstande (Anvendelse),1990,20686.86996634668
Import inkl. told,REST_TILGANG Øvrige brancher,Faste bruttoinvesteringer + Lagerforøgelse + Værdigenstande (Anvendelse),1991,21918.07663357764
Import inkl. told,REST_TILGANG Øvrige brancher,Faste bruttoinvesteringer + Lagerforøgelse + Værdigenstande (Anvendelse),1992,21778.55729500818
Import inkl. told,REST_TILGANG Øvrige brancher,Faste bruttoinvesteringer + Lagerforøgelse + Værdigenstande (Anvendelse),1993,18895.340979415352
Import inkl. told,REST_TILGANG Øvrige brancher,Faste bruttoinvesteringer + Lagerforøgelse + Værdigenstande (Anvendelse),1994,24706.07458699395
Import inkl. told,REST_TILGANG Øvrige brancher,Faste bruttoinvesteringer + Lagerforøgelse + Værdigenstande (Anvendelse),1995,31227.538674650186
Import inkl. told,REST_TILGANG Øvrige brancher,Faste bruttoinvesteringer + Lagerforøgelse + Værdigenstande (Anvendelse),1996,27100.281896184984
Import inkl. told,REST_TILGANG Øvrige brancher,Faste bruttoinvesteringer + Lagerforøgelse + Værdigenstande (Anvendelse),1997,35726.54373790461
Import inkl. told,REST_TILGANG Øvrige brancher,Faste bruttoinvesteringer + Lagerforøgelse + Værdigenstande (Anvendelse),1998,40993.048428228205
Import inkl. told,REST_TILGANG Øvrige brancher,Faste bruttoinvesteringer + Lagerforøgelse + Værdigenstande (Anvendelse),1999,36527.95130693234
Import inkl. told,REST_TILGANG Øvrige brancher,Faste bruttoinvesteringer + Lagerforøgelse + Værdigenstande (Anvendelse),2000,45576.92690250455
Import inkl. told,REST_TILGANG Øvrige brancher,Faste bruttoinvesteringer + Lagerforøgelse + Værdigenstande (Anvendelse),2001,44359.38228271058
Import inkl. told,REST_TILGANG Øvrige brancher,Faste bruttoinvesteringer + Lagerforøgelse + Værdigenstande (Anvendelse),2002,45928.54456625974
Import inkl. told,REST_TILGANG Øvrige brancher,Faste bruttoinvesteringer + Lagerforøgelse + Værdigenstande (Anvendelse),2003,42616.16040700708
Import inkl. told,REST_TILGANG Øvrige brancher,Faste bruttoinvesteringer + Lagerforøgelse + Værdigenstande (Anvendelse),2004,53253.29985277509
Import inkl. told,REST_TILGANG Øvrige brancher,Faste bruttoinvesteringer + Lagerforøgelse + Værdigenstande (Anvendelse),2005,56839.35206070511
Import inkl. told,REST_TILGANG Øvrige brancher,Faste bruttoinvesteringer + Lagerforøgelse + Værdigenstande (Anvendelse),2006,69947.3838652298
Import inkl. told,REST_TILGANG Øvrige brancher,Faste bruttoinvesteringer + Lagerforøgelse + Værdigenstande (Anvendelse),2007,75042.04440864481
Import inkl. told,REST_TILGANG Øvrige brancher,Faste bruttoinvesteringer + Lagerforøgelse + Værdigenstande (Anvendelse),2008,72879.60810377738
Import inkl. told,REST_TILGANG Øvrige brancher,Faste bruttoinvesteringer + Lagerforøgelse + Værdigenstande (Anvendelse),2009,50118.141935411906
Import inkl. told,REST_TILGANG Øvrige brancher,Faste bruttoinvesteringer + Lagerforøgelse + Værdigenstande (Anvendelse),2010,50838.520019334086
Import inkl. told,REST_TILGANG Øvrige brancher,Faste bruttoinvesteringer + Lagerforøgelse + Værdigenstande (Anvendelse),2011,52962.95611946478
Import inkl. told,REST_TILGANG Øvrige brancher,Faste bruttoinvesteringer + Lagerforøgelse + Værdigenstande (Anvendelse),2012,57293.420047101696
Import inkl. told,REST_TILGANG Øvrige brancher,Faste bruttoinvesteringer + Lagerforøgelse + Værdigenstande (Anvendelse),2013,65206.95492239801
Import inkl. told,REST_TILGANG Øvrige brancher,Faste bruttoinvesteringer + Lagerforøgelse + Værdigenstande (Anvendelse),2014,69623.40562360367
Import inkl. told,REST_TILGANG Øvrige brancher,Faste bruttoinvesteringer + Lagerforøgelse + Værdigenstande (Anvendelse),2015,71825.11922188877
Import inkl. told,REST_TILGANG Øvrige brancher,Faste bruttoinvesteringer + Lagerforøgelse + Værdigenstande (Anvendelse),2016,79624.77142874428
Import inkl. told,REST_TILGANG Øvrige brancher,Faste bruttoinvesteringer + Lagerforøgelse + Værdigenstande (Anvendelse),2017,85158.51639478667
Import inkl. told,REST_TILGANG Øvrige brancher,Faste bruttoinvesteringer + Lagerforøgelse + Værdigenstande (Anvendelse),2018,94479.57888120515
Import inkl. told,REST_TILGANG Øvrige brancher,Faste bruttoinvesteringer + Lagerforøgelse + Værdigenstande (Anvendelse),2019,87684.0884207729
Import inkl. told,REST_TILGANG Øvrige brancher,Faste bruttoinvesteringer + Lagerforøgelse + Værdigenstande (Anvendelse),2020,92412.825
Import inkl. told,REST_TILGANG Øvrige brancher,Faste bruttoinvesteringer + Lagerforøgelse + Værdigenstande (Anvendelse),2021,116163.344
Import inkl. told,REST_TILGANG Øvrige brancher,Faste bruttoinvesteringer + Lagerforøgelse + Værdigenstande (Anvendelse),2022,131459.01643439877
Import inkl. told,REST_TILGANG Øvrige brancher,Husholdningernes forbrugsudgifter + NPISH (Anvendelse),1967,14014.248893147244
Import inkl. told,REST_TILGANG Øvrige brancher,Husholdningernes forbrugsudgifter + NPISH (Anvendelse),1968,15057.949251847165
Import inkl. told,REST_TILGANG Øvrige brancher,Husholdningernes forbrugsudgifter + NPISH (Anvendelse),1969,18126.581501429613
Import inkl. told,REST_TILGANG Øvrige brancher,Husholdningernes forbrugsudgifter + NPISH (Anvendelse),1970,19005.787300168555
Import inkl. told,REST_TILGANG Øvrige brancher,Husholdningernes forbrugsudgifter + NPISH (Anvendelse),1971,18398.546671977416
Import inkl. told,REST_TILGANG Øvrige brancher,Husholdningernes forbrugsudgifter + NPISH (Anvendelse),1972,18988.83724741637
Import inkl. told,REST_TILGANG Øvrige brancher,Husholdningernes forbrugsudgifter + NPISH (Anvendelse),1973,23606.918943692188
Import inkl. told,REST_TILGANG Øvrige brancher,Husholdningernes forbrugsudgifter + NPISH (Anvendelse),1974,21532.994152742474
Import inkl. told,REST_TILGANG Øvrige brancher,Husholdningernes forbrugsudgifter + NPISH (Anvendelse),1975,22820.395346954356
Import inkl. told,REST_TILGANG Øvrige brancher,Husholdningernes forbrugsudgifter + NPISH (Anvendelse),1976,28181.447469711136
Import inkl. told,REST_TILGANG Øvrige brancher,Husholdningernes forbrugsudgifter + NPISH (Anvendelse),1977,27978.150201307642
Import inkl. told,REST_TILGANG Øvrige brancher,Husholdningernes forbrugsudgifter + NPISH (Anvendelse),1978,27386.673510184188
Import inkl. told,REST_TILGANG Øvrige brancher,Husholdningernes forbrugsudgifter + NPISH (Anvendelse),1979,27643.552435804468
Import inkl. told,REST_TILGANG Øvrige brancher,Husholdningernes forbrugsudgifter + NPISH (Anvendelse),1980,23353.994412529824
Import inkl. told,REST_TILGANG Øvrige brancher,Husholdningernes forbrugsudgifter + NPISH (Anvendelse),1981,23198.008286939865
Import inkl. told,REST_TILGANG Øvrige brancher,Husholdningernes forbrugsudgifter + NPISH (Anvendelse),1982,24593.562642655215
Import inkl. told,REST_TILGANG Øvrige brancher,Husholdningernes forbrugsudgifter + NPISH (Anvendelse),1983,25886.458625954263
Import inkl. told,REST_TILGANG Øvrige brancher,Husholdningernes forbrugsudgifter + NPISH (Anvendelse),1984,27566.7234925723
Import inkl. told,REST_TILGANG Øvrige brancher,Husholdningernes forbrugsudgifter + NPISH (Anvendelse),1985,30613.634004961892
Import inkl. told,REST_TILGANG Øvrige brancher,Husholdningernes forbrugsudgifter + NPISH (Anvendelse),1986,33549.392880710526
Import inkl. told,REST_TILGANG Øvrige brancher,Husholdningernes forbrugsudgifter + NPISH (Anvendelse),1987,30491.486484146026
Import inkl. told,REST_TILGANG Øvrige brancher,Husholdningernes forbrugsudgifter + NPISH (Anvendelse),1988,27984.118743733277
Import inkl. told,REST_TILGANG Øvrige brancher,Husholdningernes forbrugsudgifter + NPISH (Anvendelse),1989,28304.554092402377
Import inkl. told,REST_TILGANG Øvrige brancher,Husholdningernes forbrugsudgifter + NPISH (Anvendelse),1990,28274.951055729955
Import inkl. told,REST_TILGANG Øvrige brancher,Husholdningernes forbrugsudgifter + NPISH (Anvendelse),1991,29923.840792318126
Import inkl. told,REST_TILGANG Øvrige brancher,Husholdningernes forbrugsudgifter + NPISH (Anvendelse),1992,30185.394728669
Import inkl. told,REST_TILGANG Øvrige brancher,Husholdningernes forbrugsudgifter + NPISH (Anvendelse),1993,30410.0190009811
Import inkl. told,REST_TILGANG Øvrige brancher,Husholdningernes forbrugsudgifter + NPISH (Anvendelse),1994,38185.159514826446
Import inkl. told,REST_TILGANG Øvrige brancher,Husholdningernes forbrugsudgifter + NPISH (Anvendelse),1995,38313.01003586144
Import inkl. told,REST_TILGANG Øvrige brancher,Husholdningernes forbrugsudgifter + NPISH (Anvendelse),1996,41349.91582930757
Import inkl. told,REST_TILGANG Øvrige brancher,Husholdningernes forbrugsudgifter + NPISH (Anvendelse),1997,45082.84452767098
Import inkl. told,REST_TILGANG Øvrige brancher,Husholdningernes forbrugsudgifter + NPISH (Anvendelse),1998,47267.60544352901
Import inkl. told,REST_TILGANG Øvrige brancher,Husholdningernes forbrugsudgifter + NPISH (Anvendelse),1999,46757.69877434315
Import inkl. told,REST_TILGANG Øvrige brancher,Husholdningernes forbrugsudgifter + NPISH (Anvendelse),2000,48421.82523165539
Import inkl. told,REST_TILGANG Øvrige brancher,Husholdningernes forbrugsudgifter + NPISH (Anvendelse),2001,47080.49552179165
Import inkl. told,REST_TILGANG Øvrige brancher,Husholdningernes forbrugsudgifter + NPISH (Anvendelse),2002,49082.937129948514
Import inkl. told,REST_TILGANG Øvrige brancher,Husholdningernes forbrugsudgifter + NPISH (Anvendelse),2003,47095.07378530607
Import inkl. told,REST_TILGANG Øvrige brancher,Husholdningernes forbrugsudgifter + NPISH (Anvendelse),2004,53091.36986845004
Import inkl. told,REST_TILGANG Øvrige brancher,Husholdningernes forbrugsudgifter + NPISH (Anvendelse),2005,59352.5127403984
Import inkl. told,REST_TILGANG Øvrige brancher,Husholdningernes forbrugsudgifter + NPISH (Anvendelse),2006,63709.42822664728
Import inkl. told,REST_TILGANG Øvrige brancher,Husholdningernes forbrugsudgifter + NPISH (Anvendelse),2007,67848.95692649097
Import inkl. told,REST_TILGANG Øvrige brancher,Husholdningernes forbrugsudgifter + NPISH (Anvendelse),2008,66599.4605077147
Import inkl. told,REST_TILGANG Øvrige brancher,Husholdningernes forbrugsudgifter + NPISH (Anvendelse),2009,59294.50853521925
Import inkl. told,REST_TILGANG Øvrige brancher,Husholdningernes forbrugsudgifter + NPISH (Anvendelse),2010,61553.07535135422
Import inkl. told,REST_TILGANG Øvrige brancher,Husholdningernes forbrugsudgifter + NPISH (Anvendelse),2011,61274.163338900886
Import inkl. told,REST_TILGANG Øvrige brancher,Husholdningernes forbrugsudgifter + NPISH (Anvendelse),2012,64120.172317632794
Import inkl. told,REST_TILGANG Øvrige brancher,Husholdningernes forbrugsudgifter + NPISH (Anvendelse),2013,64152.311701169114
Import inkl. told,REST_TILGANG Øvrige brancher,Husholdningernes forbrugsudgifter + NPISH (Anvendelse),2014,68574.2019822746
Import inkl. told,REST_TILGANG Øvrige brancher,Husholdningernes forbrugsudgifter + NPISH (Anvendelse),2015,74120.37670368789
Import inkl. told,REST_TILGANG Øvrige brancher,Husholdningernes forbrugsudgifter + NPISH (Anvendelse),2016,79503.91200889909
Import inkl. told,REST_TILGANG Øvrige brancher,Husholdningernes forbrugsudgifter + NPISH (Anvendelse),2017,83793.29412929679
Import inkl. told,REST_TILGANG Øvrige brancher,Husholdningernes forbrugsudgifter + NPISH (Anvendelse),2018,89776.24795506592
Import inkl. told,REST_TILGANG Øvrige brancher,Husholdningernes forbrugsudgifter + NPISH (Anvendelse),2019,92998.37504644453
Import inkl. told,REST_TILGANG Øvrige brancher,Husholdningernes forbrugsudgifter + NPISH (Anvendelse),2020,100039.889
Import inkl. told,REST_TILGANG Øvrige brancher,Husholdningernes forbrugsudgifter + NPISH (Anvendelse),2021,106704.38600000001
Import inkl. told,REST_TILGANG Øvrige brancher,Husholdningernes forbrugsudgifter + NPISH (Anvendelse),2022,100749.35232351975
Import inkl. told,REST_TILGANG Øvrige brancher,"Offentligt forbrug, i alt-(Anvendelse)",1967,150.31735173784895
Import inkl. told,REST_TILGANG Øvrige brancher,"Offentligt forbrug, i alt-(Anvendelse)",1968,215.1520137160959
Import inkl. told,REST_TILGANG Øvrige brancher,"Offentligt forbrug, i alt-(Anvendelse)",1969,233.6280963713916
Import inkl. told,REST_TILGANG Øvrige brancher,"Offentligt forbrug, i alt-(Anvendelse)",1970,284.3671774322704
Import inkl. told,REST_TILGANG Øvrige brancher,"Offentligt forbrug, i alt-(Anvendelse)",1971,288.72659389371097
Import inkl. told,REST_TILGANG Øvrige brancher,"Offentligt forbrug, i alt-(Anvendelse)",1972,359.39419017026364
Import inkl. told,REST_TILGANG Øvrige brancher,"Offentligt forbrug, i alt-(Anvendelse)",1973,320.93725741957184
Import inkl. told,REST_TILGANG Øvrige brancher,"Offentligt forbrug, i alt-(Anvendelse)",1974,380.7463698941911
Import inkl. told,REST_TILGANG Øvrige brancher,"Offentligt forbrug, i alt-(Anvendelse)",1975,363.2327892524511
Import inkl. told,REST_TILGANG Øvrige brancher,"Offentligt forbrug, i alt-(Anvendelse)",1976,358.10475407740427
Import inkl. told,REST_TILGANG Øvrige brancher,"Offentligt forbrug, i alt-(Anvendelse)",1977,415.90811583816986
Import inkl. told,REST_TILGANG Øvrige brancher,"Offentligt forbrug, i alt-(Anvendelse)",1978,453.274683279884
Import inkl. told,REST_TILGANG Øvrige brancher,"Offentligt forbrug, i alt-(Anvendelse)",1979,483.34781921296735
Import inkl. told,REST_TILGANG Øvrige brancher,"Offentligt forbrug, i alt-(Anvendelse)",1980,513.4426112716345
Import inkl. told,REST_TILGANG Øvrige brancher,"Offentligt forbrug, i alt-(Anvendelse)",1981,505.99384831453966
Import inkl. told,REST_TILGANG Øvrige brancher,"Offentligt forbrug, i alt-(Anvendelse)",1982,525.1629242153581
Import inkl. told,REST_TILGANG Øvrige brancher,"Offentligt forbrug, i alt-(Anvendelse)",1983,538.5137808165614
Import inkl. told,REST_TILGANG Øvrige brancher,"Offentligt forbrug, i alt-(Anvendelse)",1984,525.2218817269173
Import inkl. told,REST_TILGANG Øvrige brancher,"Offentligt forbrug, i alt-(Anvendelse)",1985,549.608481438235
Import inkl. told,REST_TILGANG Øvrige brancher,"Offentligt forbrug, i alt-(Anvendelse)",1986,605.4982941363901
Import inkl. told,REST_TILGANG Øvrige brancher,"Offentligt forbrug, i alt-(Anvendelse)",1987,667.7806424412227
Import inkl. told,REST_TILGANG Øvrige brancher,"Offentligt forbrug, i alt-(Anvendelse)",1988,694.0451196034325
Import inkl. told,REST_TILGANG Øvrige brancher,"Offentligt forbrug, i alt-(Anvendelse)",1989,684.449284164639
Import inkl. told,REST_TILGANG Øvrige brancher,"Offentligt forbrug, i alt-(Anvendelse)",1990,925.7754348480457
Import inkl. told,REST_TILGANG Øvrige brancher,"Offentligt forbrug, i alt-(Anvendelse)",1991,1190.2909907751784
Import inkl. told,REST_TILGANG Øvrige brancher,"Offentligt forbrug, i alt-(Anvendelse)",1992,1324.1334192689137
Import inkl. told,REST_TILGANG Øvrige brancher,"Offentligt forbrug, i alt-(Anvendelse)",1993,1340.039436845484
Import inkl. told,REST_TILGANG Øvrige brancher,"Offentligt forbrug, i alt-(Anvendelse)",1994,1475.8240670844245
Import inkl. told,REST_TILGANG Øvrige brancher,"Offentligt forbrug, i alt-(Anvendelse)",1995,1709.712016396999
Import inkl. told,REST_TILGANG Øvrige brancher,"Offentligt forbrug, i alt-(Anvendelse)",1996,1665.8245820840377
Import inkl. told,REST_TILGANG Øvrige brancher,"Offentligt forbrug, i alt-(Anvendelse)",1997,1690.120508694375
Import inkl. told,REST_TILGANG Øvrige brancher,"Offentligt forbrug, i alt-(Anvendelse)",1998,1987.8496695648755
Import inkl. told,REST_TILGANG Øvrige brancher,"Offentligt forbrug, i alt-(Anvendelse)",1999,2277.429749512089
Import inkl. told,REST_TILGANG Øvrige brancher,"Offentligt forbrug, i alt-(Anvendelse)",2000,2621.441961145387
Import inkl. told,REST_TILGANG Øvrige brancher,"Offentligt forbrug, i alt-(Anvendelse)",2001,2805.517147763426
Import inkl. told,REST_TILGANG Øvrige brancher,"Offentligt forbrug, i alt-(Anvendelse)",2002,3627.3309728814734
Import inkl. told,REST_TILGANG Øvrige brancher,"Offentligt forbrug, i alt-(Anvendelse)",2003,3632.3029443452288
Import inkl. told,REST_TILGANG Øvrige brancher,"Offentligt forbrug, i alt-(Anvendelse)",2004,3911.7963507914037
Import inkl. told,REST_TILGANG Øvrige brancher,"Offentligt forbrug, i alt-(Anvendelse)",2005,4008.4556943971074
Import inkl. told,REST_TILGANG Øvrige brancher,"Offentligt forbrug, i alt-(Anvendelse)",2006,3029.8039938025922
Import inkl. told,REST_TILGANG Øvrige brancher,"Offentligt forbrug, i alt-(Anvendelse)",2007,3266.831836874765
Import inkl. told,REST_TILGANG Øvrige brancher,"Offentligt forbrug, i alt-(Anvendelse)",2008,4052.4207335292704
Import inkl. told,REST_TILGANG Øvrige brancher,"Offentligt forbrug, i alt-(Anvendelse)",2009,3785.9320838795015
Import inkl. told,REST_TILGANG Øvrige brancher,"Offentligt forbrug, i alt-(Anvendelse)",2010,4202.470504634724
Import inkl. told,REST_TILGANG Øvrige brancher,"Offentligt forbrug, i alt-(Anvendelse)",2011,3910.831325925486
Import inkl. told,REST_TILGANG Øvrige brancher,"Offentligt forbrug, i alt-(Anvendelse)",2012,3892.035295255137
Import inkl. told,REST_TILGANG Øvrige brancher,"Offentligt forbrug, i alt-(Anvendelse)",2013,3715.1881773626283
Import inkl. told,REST_TILGANG Øvrige brancher,"Offentligt forbrug, i alt-(Anvendelse)",2014,4034.6003434383774
Import inkl. told,REST_TILGANG Øvrige brancher,"Offentligt forbrug, i alt-(Anvendelse)",2015,4163.181083036095
Import inkl. told,REST_TILGANG Øvrige brancher,"Offentligt forbrug, i alt-(Anvendelse)",2016,4315.7911364275415
Import inkl. told,REST_TILGANG Øvrige brancher,"Offentligt forbrug, i alt-(Anvendelse)",2017,4464.731307942937
Import inkl. told,REST_TILGANG Øvrige brancher,"Offentligt forbrug, i alt-(Anvendelse)",2018,4445.929345068951
Import inkl. told,REST_TILGANG Øvrige brancher,"Offentligt forbrug, i alt-(Anvendelse)",2019,4718.428130270872
Import inkl. told,REST_TILGANG Øvrige brancher,"Offentligt forbrug, i alt-(Anvendelse)",2020,4298.515
Import inkl. told,REST_TILGANG Øvrige brancher,"Offentligt forbrug, i alt-(Anvendelse)",2021,4745.239
Import inkl. told,REST_TILGANG Øvrige brancher,"Offentligt forbrug, i alt-(Anvendelse)",2022,4983.561855851517
Import inkl. told,REST_TILGANG Øvrige brancher,Privat,1967,70255.35819752318
Import inkl. told,REST_TILGANG Øvrige brancher,Privat,1968,77387.57966578293
Import inkl. told,REST_TILGANG Øvrige brancher,Privat,1969,89589.991163268
Import inkl. told,REST_TILGANG Øvrige brancher,Privat,1970,95227.35438400615
Import inkl. told,REST_TILGANG Øvrige brancher,Privat,1971,97876.16538993681
Import inkl. told,REST_TILGANG Øvrige brancher,Privat,1972,104189.27090471672
Import inkl. told,REST_TILGANG Øvrige brancher,Privat,1973,115056.48357832921
Import inkl. told,REST_TILGANG Øvrige brancher,Privat,1974,113133.67624238334
Import inkl. told,REST_TILGANG Øvrige brancher,Privat,1975,101322.41012770719
Import inkl. told,REST_TILGANG Øvrige brancher,Privat,1976,114652.9741371151
Import inkl. told,REST_TILGANG Øvrige brancher,Privat,1977,115688.09928551537
Import inkl. told,REST_TILGANG Øvrige brancher,Privat,1978,116534.83613035995
Import inkl. told,REST_TILGANG Øvrige brancher,Privat,1979,122886.17481215182
Import inkl. told,REST_TILGANG Øvrige brancher,Privat,1980,119985.1387409663
Import inkl. told,REST_TILGANG Øvrige brancher,Privat,1981,114571.28816645272
Import inkl. told,REST_TILGANG Øvrige brancher,Privat,1982,113252.23212826918
Import inkl. told,REST_TILGANG Øvrige brancher,Privat,1983,115008.34156368283
Import inkl. told,REST_TILGANG Øvrige brancher,Privat,1984,122943.73911429809
Import inkl. told,REST_TILGANG Øvrige brancher,Privat,1985,129982.96709431773
Import inkl. told,REST_TILGANG Øvrige brancher,Privat,1986,133326.6823232226
Import inkl. told,REST_TILGANG Øvrige brancher,Privat,1987,133445.15832147488
Import inkl. told,REST_TILGANG Øvrige brancher,Privat,1988,139754.05672528868
Import inkl. told,REST_TILGANG Øvrige brancher,Privat,1989,141215.54646345688
Import inkl. told,REST_TILGANG Øvrige brancher,Privat,1990,144914.89284686535
Import inkl. told,REST_TILGANG Øvrige brancher,Privat,1991,147920.375765679
Import inkl. told,REST_TILGANG Øvrige brancher,Privat,1992,145519.5552528969
Import inkl. told,REST_TILGANG Øvrige brancher,Privat,1993,140606.04597169618
Import inkl. told,REST_TILGANG Øvrige brancher,Privat,1994,153610.19151718795
Import inkl. told,REST_TILGANG Øvrige brancher,Privat,1995,161991.76402894262
Import inkl. told,REST_TILGANG Øvrige brancher,Privat,1996,169944.48341963155
Import inkl. told,REST_TILGANG Øvrige brancher,Privat,1997,176966.81779806004
Import inkl. told,REST_TILGANG Øvrige brancher,Privat,1998,187940.29857609788
Import inkl. told,REST_TILGANG Øvrige brancher,Privat,1999,197121.8141471477
Import inkl. told,REST_TILGANG Øvrige brancher,Privat,2000,215496.84130027422
Import inkl. told,REST_TILGANG Øvrige brancher,Privat,2001,222607.7333936259
Import inkl. told,REST_TILGANG Øvrige brancher,Privat,2002,232407.90066267454
Import inkl. told,REST_TILGANG Øvrige brancher,Privat,2003,225936.6105543579
Import inkl. told,REST_TILGANG Øvrige brancher,Privat,2004,231487.22639150947
Import inkl. told,REST_TILGANG Øvrige brancher,Privat,2005,267006.6733147938
Import inkl. told,REST_TILGANG Øvrige brancher,Privat,2006,298342.4078064889
Import inkl. told,REST_TILGANG Øvrige brancher,Privat,2007,310374.1219693007
Import inkl. told,REST_TILGANG Øvrige brancher,Privat,2008,334081.0569437672
Import inkl. told,REST_TILGANG Øvrige brancher,Privat,2009,284663.2209129903
Import inkl. told,REST_TILGANG Øvrige brancher,Privat,2010,284127.2032526802
Import inkl. told,REST_TILGANG Øvrige brancher,Privat,2011,303236.945276618
Import inkl. told,REST_TILGANG Øvrige brancher,Privat,2012,315521.40529041894
Import inkl. told,REST_TILGANG Øvrige brancher,Privat,2013,320283.84899527364
Import inkl. told,REST_TILGANG Øvrige brancher,Privat,2014,323054.53560267366
Import inkl. told,REST_TILGANG Øvrige brancher,Privat,2015,348044.72917270445
Import inkl. told,REST_TILGANG Øvrige brancher,Privat,2016,368864.95329707384
Import inkl. told,REST_TILGANG Øvrige brancher,Privat,2017,376840.21725414746
Import inkl. told,REST_TILGANG Øvrige brancher,Privat,2018,399931.5819501671
Import inkl. told,REST_TILGANG Øvrige brancher,Privat,2019,423398.12183204317
Import inkl. told,REST_TILGANG Øvrige brancher,Privat,2020,417886.363
Import inkl. told,REST_TILGANG Øvrige brancher,Privat,2021,444899.933
Import inkl. told,REST_TILGANG Øvrige brancher,Privat,2022,490334.92878598947
Import inkl. told,REST_TILGANG Øvrige brancher,REST_ANVENDELSE Øvrige brancher,1967,68512.3590162728
Import inkl. told,REST_TILGANG Øvrige brancher,REST_ANVENDELSE Øvrige brancher,1968,75091.33310279823
Import inkl. told,REST_TILGANG Øvrige brancher,REST_ANVENDELSE Øvrige brancher,1969,87317.11554984518
Import inkl. told,REST_TILGANG Øvrige brancher,REST_ANVENDELSE Øvrige brancher,1970,92792.40169950319
Import inkl. told,REST_TILGANG Øvrige brancher,REST_ANVENDELSE Øvrige brancher,1971,95065.53800171724
Import inkl. told,REST_TILGANG Øvrige brancher,REST_ANVENDELSE Øvrige brancher,1972,101243.05278908828
Import inkl. told,REST_TILGANG Øvrige brancher,REST_ANVENDELSE Øvrige brancher,1973,111905.15712355879
Import inkl. told,REST_TILGANG Øvrige brancher,REST_ANVENDELSE Øvrige brancher,1974,110044.18375322715
Import inkl. told,REST_TILGANG Øvrige brancher,REST_ANVENDELSE Øvrige brancher,1975,99119.91184974149
Import inkl. told,REST_TILGANG Øvrige brancher,REST_ANVENDELSE Øvrige brancher,1976,112086.95293185962
Import inkl. told,REST_TILGANG Øvrige brancher,REST_ANVENDELSE Øvrige brancher,1977,112928.51455875176
Import inkl. told,REST_TILGANG Øvrige brancher,REST_ANVENDELSE Øvrige brancher,1978,113913.16713498332
Import inkl. told,REST_TILGANG Øvrige brancher,REST_ANVENDELSE Øvrige brancher,1979,118621.24411232205
Import inkl. told,REST_TILGANG Øvrige brancher,REST_ANVENDELSE Øvrige brancher,1980,115376.96422043146
Import inkl. told,REST_TILGANG Øvrige brancher,REST_ANVENDELSE Øvrige brancher,1981,110384.79023916474
Import inkl. told,REST_TILGANG Øvrige brancher,REST_ANVENDELSE Øvrige brancher,1982,108717.5801896113
Import inkl. told,REST_TILGANG Øvrige brancher,REST_ANVENDELSE Øvrige brancher,1983,110117.95521459988
Import inkl. told,REST_TILGANG Øvrige brancher,REST_ANVENDELSE Øvrige brancher,1984,117093.25450713173
Import inkl. told,REST_TILGANG Øvrige brancher,REST_ANVENDELSE Øvrige brancher,1985,124164.74464867267
Import inkl. told,REST_TILGANG Øvrige brancher,REST_ANVENDELSE Øvrige brancher,1986,127115.8959800198
Import inkl. told,REST_TILGANG Øvrige brancher,REST_ANVENDELSE Øvrige brancher,1987,127122.2368591561
Import inkl. told,REST_TILGANG Øvrige brancher,REST_ANVENDELSE Øvrige brancher,1988,134915.8962626916
Import inkl. told,REST_TILGANG Øvrige brancher,REST_ANVENDELSE Øvrige brancher,1989,135774.14872054028
Import inkl. told,REST_TILGANG Øvrige brancher,REST_ANVENDELSE Øvrige brancher,1990,138075.81050626005
Import inkl. told,REST_TILGANG Øvrige brancher,REST_ANVENDELSE Øvrige brancher,1991,140951.4691953347
Import inkl. told,REST_TILGANG Øvrige brancher,REST_ANVENDELSE Øvrige brancher,1992,140072.66291178353
Import inkl. told,REST_TILGANG Øvrige brancher,REST_ANVENDELSE Øvrige brancher,1993,137012.36902357618
Import inkl. told,REST_TILGANG Øvrige brancher,REST_ANVENDELSE Øvrige brancher,1994,150525.6380269566
Import inkl. told,REST_TILGANG Øvrige brancher,REST_ANVENDELSE Øvrige brancher,1995,159877.21474481182
Import inkl. told,REST_TILGANG Øvrige brancher,REST_ANVENDELSE Øvrige brancher,1996,167252.46448156657
Import inkl. told,REST_TILGANG Øvrige brancher,REST_ANVENDELSE Øvrige brancher,1997,174382.45489259448
Import inkl. told,REST_TILGANG Øvrige brancher,REST_ANVENDELSE Øvrige brancher,1998,184946.04518408288
Import inkl. told,REST_TILGANG Øvrige brancher,REST_ANVENDELSE Øvrige brancher,1999,193660.17088193103
Import inkl. told,REST_TILGANG Øvrige brancher,REST_ANVENDELSE Øvrige brancher,2000,213125.73166714946
Import inkl. told,REST_TILGANG Øvrige brancher,REST_ANVENDELSE Øvrige brancher,2001,219992.49116502216
Import inkl. told,REST_TILGANG Øvrige brancher,REST_ANVENDELSE Øvrige brancher,2002,229329.66904087414
Import inkl. told,REST_TILGANG Øvrige brancher,REST_ANVENDELSE Øvrige brancher,2003,222373.70178366665
Import inkl. told,REST_TILGANG Øvrige brancher,REST_ANVENDELSE Øvrige brancher,2004,228851.42476067477
Import inkl. told,REST_TILGANG Øvrige brancher,REST_ANVENDELSE Øvrige brancher,2005,266734.3383397354
Import inkl. told,REST_TILGANG Øvrige brancher,REST_ANVENDELSE Øvrige brancher,2006,298679.10588262475
Import inkl. told,REST_TILGANG Øvrige brancher,REST_ANVENDELSE Øvrige brancher,2007,310284.610882041
Import inkl. told,REST_TILGANG Øvrige brancher,REST_ANVENDELSE Øvrige brancher,2008,336157.8099016455
Import inkl. told,REST_TILGANG Øvrige brancher,REST_ANVENDELSE Øvrige brancher,2009,289103.6502124532
Import inkl. told,REST_TILGANG Øvrige brancher,REST_ANVENDELSE Øvrige brancher,2010,291460.7944213382
Import inkl. told,REST_TILGANG Øvrige brancher,REST_ANVENDELSE Øvrige brancher,2011,310219.0584357973
Import inkl. told,REST_TILGANG Øvrige brancher,REST_ANVENDELSE Øvrige brancher,2012,325197.803690809
Import inkl. told,REST_TILGANG Øvrige brancher,REST_ANVENDELSE Øvrige brancher,2013,329915.9155283688
Import inkl. told,REST_TILGANG Øvrige brancher,REST_ANVENDELSE Øvrige brancher,2014,334579.23142253706
Import inkl. told,REST_TILGANG Øvrige brancher,REST_ANVENDELSE Øvrige brancher,2015,361166.6682410349
Import inkl. told,REST_TILGANG Øvrige brancher,REST_ANVENDELSE Øvrige brancher,2016,381691.99967908853
Import inkl. told,REST_TILGANG Øvrige brancher,REST_ANVENDELSE Øvrige brancher,2017,391292.1082099703
Import inkl. told,REST_TILGANG Øvrige brancher,REST_ANVENDELSE Øvrige brancher,2018,415519.0388289399
Import inkl. told,REST_TILGANG Øvrige brancher,REST_ANVENDELSE Øvrige brancher,2019,440003.6058476303
Import inkl. told,REST_TILGANG Øvrige brancher,REST_ANVENDELSE Øvrige brancher,2020,436216.515
Import inkl. told,REST_TILGANG Øvrige brancher,REST_ANVENDELSE Øvrige brancher,2021,466983.39200000005
Import inkl. told,REST_TILGANG Øvrige brancher,REST_ANVENDELSE Øvrige brancher,2022,507596.84382261237
Told,01000 Landbrug og gartneri-(Tilgang),01000 Landbrug og gartneri- (Anvendelse),1967,
Told,01000 Landbrug og gartneri-(Tilgang),01000 Landbrug og gartneri- (Anvendelse),1968,
Told,01000 Landbrug og gartneri-(Tilgang),01000 Landbrug og gartneri- (Anvendelse),1969,
Told,01000 Landbrug og gartneri-(Tilgang),01000 Landbrug og gartneri- (Anvendelse),1970,
Told,01000 Landbrug og gartneri-(Tilgang),01000 Landbrug og gartneri- (Anvendelse),1971,
Told,01000 Landbrug og gartneri-(Tilgang),01000 Landbrug og gartneri- (Anvendelse),1972,
Told,01000 Landbrug og gartneri-(Tilgang),01000 Landbrug og gartneri- (Anvendelse),1973,
Told,01000 Landbrug og gartneri-(Tilgang),01000 Landbrug og gartneri- (Anvendelse),1974,
Told,01000 Landbrug og gartneri-(Tilgang),01000 Landbrug og gartneri- (Anvendelse),1975,
Told,01000 Landbrug og gartneri-(Tilgang),01000 Landbrug og gartneri- (Anvendelse),1976,
Told,01000 Landbrug og gartneri-(Tilgang),01000 Landbrug og gartneri- (Anvendelse),1977,
Told,01000 Landbrug og gartneri-(Tilgang),01000 Landbrug og gartneri- (Anvendelse),1978,
Told,01000 Landbrug og gartneri-(Tilgang),01000 Landbrug og gartneri- (Anvendelse),1979,
Told,01000 Landbrug og gartneri-(Tilgang),01000 Landbrug og gartneri- (Anvendelse),1980,
Told,01000 Landbrug og gartneri-(Tilgang),01000 Landbrug og gartneri- (Anvendelse),1981,
Told,01000 Landbrug og gartneri-(Tilgang),01000 Landbrug og gartneri- (Anvendelse),1982,
Told,01000 Landbrug og gartneri-(Tilgang),01000 Landbrug og gartneri- (Anvendelse),1983,
Told,01000 Landbrug og gartneri-(Tilgang),01000 Landbrug og gartneri- (Anvendelse),1984,
Told,01000 Landbrug og gartneri-(Tilgang),01000 Landbrug og gartneri- (Anvendelse),1985,
Told,01000 Landbrug og gartneri-(Tilgang),01000 Landbrug og gartneri- (Anvendelse),1986,
Told,01000 Landbrug og gartneri-(Tilgang),01000 Landbrug og gartneri- (Anvendelse),1987,
Told,01000 Landbrug og gartneri-(Tilgang),01000 Landbrug og gartneri- (Anvendelse),1988,
Told,01000 Landbrug og gartneri-(Tilgang),01000 Landbrug og gartneri- (Anvendelse),1989,
Told,01000 Landbrug og gartneri-(Tilgang),01000 Landbrug og gartneri- (Anvendelse),1990,
Told,01000 Landbrug og gartneri-(Tilgang),01000 Landbrug og gartneri- (Anvendelse),1991,
Told,01000 Landbrug og gartneri-(Tilgang),01000 Landbrug og gartneri- (Anvendelse),1992,
Told,01000 Landbrug og gartneri-(Tilgang),01000 Landbrug og gartneri- (Anvendelse),1993,
Told,01000 Landbrug og gartneri-(Tilgang),01000 Landbrug og gartneri- (Anvendelse),1994,
Told,01000 Landbrug og gartneri-(Tilgang),01000 Landbrug og gartneri- (Anvendelse),1995,
Told,01000 Landbrug og gartneri-(Tilgang),01000 Landbrug og gartneri- (Anvendelse),1996,
Told,01000 Landbrug og gartneri-(Tilgang),01000 Landbrug og gartneri- (Anvendelse),1997,
Told,01000 Landbrug og gartneri-(Tilgang),01000 Landbrug og gartneri- (Anvendelse),1998,
Told,01000 Landbrug og gartneri-(Tilgang),01000 Landbrug og gartneri- (Anvendelse),1999,
Told,01000 Landbrug og gartneri-(Tilgang),01000 Landbrug og gartneri- (Anvendelse),2000,
Told,01000 Landbrug og gartneri-(Tilgang),01000 Landbrug og gartneri- (Anvendelse),2001,
Told,01000 Landbrug og gartneri-(Tilgang),01000 Landbrug og gartneri- (Anvendelse),2002,
Told,01000 Landbrug og gartneri-(Tilgang),01000 Landbrug og gartneri- (Anvendelse),2003,
Told,01000 Landbrug og gartneri-(Tilgang),01000 Landbrug og gartneri- (Anvendelse),2004,
Told,01000 Landbrug og gartneri-(Tilgang),01000 Landbrug og gartneri- (Anvendelse),2005,0.294160538167447
Told,01000 Landbrug og gartneri-(Tilgang),01000 Landbrug og gartneri- (Anvendelse),2006,0.28370008799554425
Told,01000 Landbrug og gartneri-(Tilgang),01000 Landbrug og gartneri- (Anvendelse),2007,0.662708156280745
Told,01000 Landbrug og gartneri-(Tilgang),01000 Landbrug og gartneri- (Anvendelse),2008,1.2930651747548854
Told,01000 Landbrug og gartneri-(Tilgang),01000 Landbrug og gartneri- (Anvendelse),2009,0.9845929568240706
Told,01000 Landbrug og gartneri-(Tilgang),01000 Landbrug og gartneri- (Anvendelse),2010,2.124789160230692
Told,01000 Landbrug og gartneri-(Tilgang),01000 Landbrug og gartneri- (Anvendelse),2011,3.337850608071487
Told,01000 Landbrug og gartneri-(Tilgang),01000 Landbrug og gartneri- (Anvendelse),2012,2.1898000804545426
Told,01000 Landbrug og gartneri-(Tilgang),01000 Landbrug og gartneri- (Anvendelse),2013,2.2838405747071913
Told,01000 Landbrug og gartneri-(Tilgang),01000 Landbrug og gartneri- (Anvendelse),2014,2.017762061149072
Told,01000 Landbrug og gartneri-(Tilgang),01000 Landbrug og gartneri- (Anvendelse),2015,2.6188299451263597
Told,01000 Landbrug og gartneri-(Tilgang),01000 Landbrug og gartneri- (Anvendelse),2016,2.0046079041095326
Told,01000 Landbrug og gartneri-(Tilgang),01000 Landbrug og gartneri- (Anvendelse),2017,3.1691802156282494
Told,01000 Landbrug og gartneri-(Tilgang),01000 Landbrug og gartneri- (Anvendelse),2018,3.4957123121824583
Told,01000 Landbrug og gartneri-(Tilgang),01000 Landbrug og gartneri- (Anvendelse),2019,3.279112188365651
Told,01000 Landbrug og gartneri-(Tilgang),01000 Landbrug og gartneri- (Anvendelse),2020,1.939
Told,01000 Landbrug og gartneri-(Tilgang),01000 Landbrug og gartneri- (Anvendelse),2021,1.6040000000000003
Told,01000 Landbrug og gartneri-(Tilgang),01000 Landbrug og gartneri- (Anvendelse),2022,1.8217862674238516
Told,01000 Landbrug og gartneri-(Tilgang),"10120 Føde-, drikke- og tobaksvareindustri- (Anvendelse)",1967,
Told,01000 Landbrug og gartneri-(Tilgang),"10120 Føde-, drikke- og tobaksvareindustri- (Anvendelse)",1968,
Told,01000 Landbrug og gartneri-(Tilgang),"10120 Føde-, drikke- og tobaksvareindustri- (Anvendelse)",1969,
Told,01000 Landbrug og gartneri-(Tilgang),"10120 Føde-, drikke- og tobaksvareindustri- (Anvendelse)",1970,
Told,01000 Landbrug og gartneri-(Tilgang),"10120 Føde-, drikke- og tobaksvareindustri- (Anvendelse)",1971,
Told,01000 Landbrug og gartneri-(Tilgang),"10120 Føde-, drikke- og tobaksvareindustri- (Anvendelse)",1972,
Told,01000 Landbrug og gartneri-(Tilgang),"10120 Føde-, drikke- og tobaksvareindustri- (Anvendelse)",1973,
Told,01000 Landbrug og gartneri-(Tilgang),"10120 Føde-, drikke- og tobaksvareindustri- (Anvendelse)",1974,
Told,01000 Landbrug og gartneri-(Tilgang),"10120 Føde-, drikke- og tobaksvareindustri- (Anvendelse)",1975,
Told,01000 Landbrug og gartneri-(Tilgang),"10120 Føde-, drikke- og tobaksvareindustri- (Anvendelse)",1976,
Told,01000 Landbrug og gartneri-(Tilgang),"10120 Føde-, drikke- og tobaksvareindustri- (Anvendelse)",1977,
Told,01000 Landbrug og gartneri-(Tilgang),"10120 Føde-, drikke- og tobaksvareindustri- (Anvendelse)",1978,
Told,01000 Landbrug og gartneri-(Tilgang),"10120 Føde-, drikke- og tobaksvareindustri- (Anvendelse)",1979,
Told,01000 Landbrug og gartneri-(Tilgang),"10120 Føde-, drikke- og tobaksvareindustri- (Anvendelse)",1980,
Told,01000 Landbrug og gartneri-(Tilgang),"10120 Føde-, drikke- og tobaksvareindustri- (Anvendelse)",1981,
Told,01000 Landbrug og gartneri-(Tilgang),"10120 Føde-, drikke- og tobaksvareindustri- (Anvendelse)",1982,
Told,01000 Landbrug og gartneri-(Tilgang),"10120 Føde-, drikke- og tobaksvareindustri- (Anvendelse)",1983,
Told,01000 Landbrug og gartneri-(Tilgang),"10120 Føde-, drikke- og tobaksvareindustri- (Anvendelse)",1984,
Told,01000 Landbrug og gartneri-(Tilgang),"10120 Føde-, drikke- og tobaksvareindustri- (Anvendelse)",1985,
Told,01000 Landbrug og gartneri-(Tilgang),"10120 Føde-, drikke- og tobaksvareindustri- (Anvendelse)",1986,
Told,01000 Landbrug og gartneri-(Tilgang),"10120 Føde-, drikke- og tobaksvareindustri- (Anvendelse)",1987,
Told,01000 Landbrug og gartneri-(Tilgang),"10120 Føde-, drikke- og tobaksvareindustri- (Anvendelse)",1988,
Told,01000 Landbrug og gartneri-(Tilgang),"10120 Føde-, drikke- og tobaksvareindustri- (Anvendelse)",1989,
Told,01000 Landbrug og gartneri-(Tilgang),"10120 Føde-, drikke- og tobaksvareindustri- (Anvendelse)",1990,
Told,01000 Landbrug og gartneri-(Tilgang),"10120 Føde-, drikke- og tobaksvareindustri- (Anvendelse)",1991,
Told,01000 Landbrug og gartneri-(Tilgang),"10120 Føde-, drikke- og tobaksvareindustri- (Anvendelse)",1992,
Told,01000 Landbrug og gartneri-(Tilgang),"10120 Føde-, drikke- og tobaksvareindustri- (Anvendelse)",1993,
Told,01000 Landbrug og gartneri-(Tilgang),"10120 Føde-, drikke- og tobaksvareindustri- (Anvendelse)",1994,
Told,01000 Landbrug og gartneri-(Tilgang),"10120 Føde-, drikke- og tobaksvareindustri- (Anvendelse)",1995,
Told,01000 Landbrug og gartneri-(Tilgang),"10120 Føde-, drikke- og tobaksvareindustri- (Anvendelse)",1996,
Told,01000 Landbrug og gartneri-(Tilgang),"10120 Føde-, drikke- og tobaksvareindustri- (Anvendelse)",1997,
Told,01000 Landbrug og gartneri-(Tilgang),"10120 Føde-, drikke- og tobaksvareindustri- (Anvendelse)",1998,
Told,01000 Landbrug og gartneri-(Tilgang),"10120 Føde-, drikke- og tobaksvareindustri- (Anvendelse)",1999,
Told,01000 Landbrug og gartneri-(Tilgang),"10120 Føde-, drikke- og tobaksvareindustri- (Anvendelse)",2000,
Told,01000 Landbrug og gartneri-(Tilgang),"10120 Føde-, drikke- og tobaksvareindustri- (Anvendelse)",2001,
Told,01000 Landbrug og gartneri-(Tilgang),"10120 Føde-, drikke- og tobaksvareindustri- (Anvendelse)",2002,
Told,01000 Landbrug og gartneri-(Tilgang),"10120 Føde-, drikke- og tobaksvareindustri- (Anvendelse)",2003,
Told,01000 Landbrug og gartneri-(Tilgang),"10120 Føde-, drikke- og tobaksvareindustri- (Anvendelse)",2004,
Told,01000 Landbrug og gartneri-(Tilgang),"10120 Føde-, drikke- og tobaksvareindustri- (Anvendelse)",2005,16.298178267526893
Told,01000 Landbrug og gartneri-(Tilgang),"10120 Føde-, drikke- og tobaksvareindustri- (Anvendelse)",2006,17.00984272524607
Told,01000 Landbrug og gartneri-(Tilgang),"10120 Føde-, drikke- og tobaksvareindustri- (Anvendelse)",2007,18.6151679373544
Told,01000 Landbrug og gartneri-(Tilgang),"10120 Føde-, drikke- og tobaksvareindustri- (Anvendelse)",2008,16.378980056527467
Told,01000 Landbrug og gartneri-(Tilgang),"10120 Føde-, drikke- og tobaksvareindustri- (Anvendelse)",2009,13.52861603669301
Told,01000 Landbrug og gartneri-(Tilgang),"10120 Føde-, drikke- og tobaksvareindustri- (Anvendelse)",2010,11.60666290067247
Told,01000 Landbrug og gartneri-(Tilgang),"10120 Føde-, drikke- og tobaksvareindustri- (Anvendelse)",2011,6.209519769172608
Told,01000 Landbrug og gartneri-(Tilgang),"10120 Føde-, drikke- og tobaksvareindustri- (Anvendelse)",2012,5.9009722030025396
Told,01000 Landbrug og gartneri-(Tilgang),"10120 Føde-, drikke- og tobaksvareindustri- (Anvendelse)",2013,5.929969609405501
Told,01000 Landbrug og gartneri-(Tilgang),"10120 Føde-, drikke- og tobaksvareindustri- (Anvendelse)",2014,5.402861199680567
Told,01000 Landbrug og gartneri-(Tilgang),"10120 Føde-, drikke- og tobaksvareindustri- (Anvendelse)",2015,5.88514314030344
Told,01000 Landbrug og gartneri-(Tilgang),"10120 Føde-, drikke- og tobaksvareindustri- (Anvendelse)",2016,5.4309385446092335
Told,01000 Landbrug og gartneri-(Tilgang),"10120 Føde-, drikke- og tobaksvareindustri- (Anvendelse)",2017,6.022884990839506
Told,01000 Landbrug og gartneri-(Tilgang),"10120 Føde-, drikke- og tobaksvareindustri- (Anvendelse)",2018,6.204131757844525
Told,01000 Landbrug og gartneri-(Tilgang),"10120 Føde-, drikke- og tobaksvareindustri- (Anvendelse)",2019,5.457935560859188
Told,01000 Landbrug og gartneri-(Tilgang),"10120 Føde-, drikke- og tobaksvareindustri- (Anvendelse)",2020,5.0
Told,01000 Landbrug og gartneri-(Tilgang),"10120 Føde-, drikke- og tobaksvareindustri- (Anvendelse)",2021,6.178
Told,01000 Landbrug og gartneri-(Tilgang),"10120 Føde-, drikke- og tobaksvareindustri- (Anvendelse)",2022,6.277328085747781
Told,01000 Landbrug og gartneri-(Tilgang),"Anvendelse, i alt-(Anvendelse)",1967,
Told,01000 Landbrug og gartneri-(Tilgang),"Anvendelse, i alt-(Anvendelse)",1968,
Told,01000 Landbrug og gartneri-(Tilgang),"Anvendelse, i alt-(Anvendelse)",1969,
Told,01000 Landbrug og gartneri-(Tilgang),"Anvendelse, i alt-(Anvendelse)",1970,
Told,01000 Landbrug og gartneri-(Tilgang),"Anvendelse, i alt-(Anvendelse)",1971,
Told,01000 Landbrug og gartneri-(Tilgang),"Anvendelse, i alt-(Anvendelse)",1972,
Told,01000 Landbrug og gartneri-(Tilgang),"Anvendelse, i alt-(Anvendelse)",1973,
Told,01000 Landbrug og gartneri-(Tilgang),"Anvendelse, i alt-(Anvendelse)",1974,
Told,01000 Landbrug og gartneri-(Tilgang),"Anvendelse, i alt-(Anvendelse)",1975,
Told,01000 Landbrug og gartneri-(Tilgang),"Anvendelse, i alt-(Anvendelse)",1976,
Told,01000 Landbrug og gartneri-(Tilgang),"Anvendelse, i alt-(Anvendelse)",1977,
Told,01000 Landbrug og gartneri-(Tilgang),"Anvendelse, i alt-(Anvendelse)",1978,
Told,01000 Landbrug og gartneri-(Tilgang),"Anvendelse, i alt-(Anvendelse)",1979,
Told,01000 Landbrug og gartneri-(Tilgang),"Anvendelse, i alt-(Anvendelse)",1980,
Told,01000 Landbrug og gartneri-(Tilgang),"Anvendelse, i alt-(Anvendelse)",1981,
Told,01000 Landbrug og gartneri-(Tilgang),"Anvendelse, i alt-(Anvendelse)",1982,
Told,01000 Landbrug og gartneri-(Tilgang),"Anvendelse, i alt-(Anvendelse)",1983,
Told,01000 Landbrug og gartneri-(Tilgang),"Anvendelse, i alt-(Anvendelse)",1984,
Told,01000 Landbrug og gartneri-(Tilgang),"Anvendelse, i alt-(Anvendelse)",1985,
Told,01000 Landbrug og gartneri-(Tilgang),"Anvendelse, i alt-(Anvendelse)",1986,
Told,01000 Landbrug og gartneri-(Tilgang),"Anvendelse, i alt-(Anvendelse)",1987,
Told,01000 Landbrug og gartneri-(Tilgang),"Anvendelse, i alt-(Anvendelse)",1988,
Told,01000 Landbrug og gartneri-(Tilgang),"Anvendelse, i alt-(Anvendelse)",1989,
Told,01000 Landbrug og gartneri-(Tilgang),"Anvendelse, i alt-(Anvendelse)",1990,
Told,01000 Landbrug og gartneri-(Tilgang),"Anvendelse, i alt-(Anvendelse)",1991,
Told,01000 Landbrug og gartneri-(Tilgang),"Anvendelse, i alt-(Anvendelse)",1992,
Told,01000 Landbrug og gartneri-(Tilgang),"Anvendelse, i alt-(Anvendelse)",1993,
Told,01000 Landbrug og gartneri-(Tilgang),"Anvendelse, i alt-(Anvendelse)",1994,
Told,01000 Landbrug og gartneri-(Tilgang),"Anvendelse, i alt-(Anvendelse)",1995,
Told,01000 Landbrug og gartneri-(Tilgang),"Anvendelse, i alt-(Anvendelse)",1996,
Told,01000 Landbrug og gartneri-(Tilgang),"Anvendelse, i alt-(Anvendelse)",1997,
Told,01000 Landbrug og gartneri-(Tilgang),"Anvendelse, i alt-(Anvendelse)",1998,
Told,01000 Landbrug og gartneri-(Tilgang),"Anvendelse, i alt-(Anvendelse)",1999,
Told,01000 Landbrug og gartneri-(Tilgang),"Anvendelse, i alt-(Anvendelse)",2000,
Told,01000 Landbrug og gartneri-(Tilgang),"Anvendelse, i alt-(Anvendelse)",2001,
Told,01000 Landbrug og gartneri-(Tilgang),"Anvendelse, i alt-(Anvendelse)",2002,
Told,01000 Landbrug og gartneri-(Tilgang),"Anvendelse, i alt-(Anvendelse)",2003,
Told,01000 Landbrug og gartneri-(Tilgang),"Anvendelse, i alt-(Anvendelse)",2004,
Told,01000 Landbrug og gartneri-(Tilgang),"Anvendelse, i alt-(Anvendelse)",2005,19.965918110989442
Told,01000 Landbrug og gartneri-(Tilgang),"Anvendelse, i alt-(Anvendelse)",2006,26.899297528456998
Told,01000 Landbrug og gartneri-(Tilgang),"Anvendelse, i alt-(Anvendelse)",2007,32.16660767210464
Told,01000 Landbrug og gartneri-(Tilgang),"Anvendelse, i alt-(Anvendelse)",2008,36.69433180530727
Told,01000 Landbrug og gartneri-(Tilgang),"Anvendelse, i alt-(Anvendelse)",2009,32.71138630591323
Told,01000 Landbrug og gartneri-(Tilgang),"Anvendelse, i alt-(Anvendelse)",2010,27.264027472047733
Told,01000 Landbrug og gartneri-(Tilgang),"Anvendelse, i alt-(Anvendelse)",2011,17.094177344543272
Told,01000 Landbrug og gartneri-(Tilgang),"Anvendelse, i alt-(Anvendelse)",2012,16.82431662519423
Told,01000 Landbrug og gartneri-(Tilgang),"Anvendelse, i alt-(Anvendelse)",2013,16.958666884996145
Told,01000 Landbrug og gartneri-(Tilgang),"Anvendelse, i alt-(Anvendelse)",2014,17.570606752546958
Told,01000 Landbrug og gartneri-(Tilgang),"Anvendelse, i alt-(Anvendelse)",2015,19.07123726643585
Told,01000 Landbrug og gartneri-(Tilgang),"Anvendelse, i alt-(Anvendelse)",2016,18.608669066096954
Told,01000 Landbrug og gartneri-(Tilgang),"Anvendelse, i alt-(Anvendelse)",2017,23.397786840913163
Told,01000 Landbrug og gartneri-(Tilgang),"Anvendelse, i alt-(Anvendelse)",2018,24.587641890027648
Told,01000 Landbrug og gartneri-(Tilgang),"Anvendelse, i alt-(Anvendelse)",2019,23.382296018190466
Told,01000 Landbrug og gartneri-(Tilgang),"Anvendelse, i alt-(Anvendelse)",2020,22.065
Told,01000 Landbrug og gartneri-(Tilgang),"Anvendelse, i alt-(Anvendelse)",2021,22.836999999999996
Told,01000 Landbrug og gartneri-(Tilgang),"Anvendelse, i alt-(Anvendelse)",2022,25.365698795658023
Told,01000 Landbrug og gartneri-(Tilgang),Eksport - (Anvendelse),1967,
Told,01000 Landbrug og gartneri-(Tilgang),Eksport - (Anvendelse),1968,
Told,01000 Landbrug og gartneri-(Tilgang),Eksport - (Anvendelse),1969,
Told,01000 Landbrug og gartneri-(Tilgang),Eksport - (Anvendelse),1970,
Told,01000 Landbrug og gartneri-(Tilgang),Eksport - (Anvendelse),1971,
Told,01000 Landbrug og gartneri-(Tilgang),Eksport - (Anvendelse),1972,
Told,01000 Landbrug og gartneri-(Tilgang),Eksport - (Anvendelse),1973,
Told,01000 Landbrug og gartneri-(Tilgang),Eksport - (Anvendelse),1974,
Told,01000 Landbrug og gartneri-(Tilgang),Eksport - (Anvendelse),1975,
Told,01000 Landbrug og gartneri-(Tilgang),Eksport - (Anvendelse),1976,
Told,01000 Landbrug og gartneri-(Tilgang),Eksport - (Anvendelse),1977,
Told,01000 Landbrug og gartneri-(Tilgang),Eksport - (Anvendelse),1978,
Told,01000 Landbrug og gartneri-(Tilgang),Eksport - (Anvendelse),1979,
Told,01000 Landbrug og gartneri-(Tilgang),Eksport - (Anvendelse),1980,
Told,01000 Landbrug og gartneri-(Tilgang),Eksport - (Anvendelse),1981,
Told,01000 Landbrug og gartneri-(Tilgang),Eksport - (Anvendelse),1982,
Told,01000 Landbrug og gartneri-(Tilgang),Eksport - (Anvendelse),1983,
Told,01000 Landbrug og gartneri-(Tilgang),Eksport - (Anvendelse),1984,
Told,01000 Landbrug og gartneri-(Tilgang),Eksport - (Anvendelse),1985,
Told,01000 Landbrug og gartneri-(Tilgang),Eksport - (Anvendelse),1986,
Told,01000 Landbrug og gartneri-(Tilgang),Eksport - (Anvendelse),1987,
Told,01000 Landbrug og gartneri-(Tilgang),Eksport - (Anvendelse),1988,
Told,01000 Landbrug og gartneri-(Tilgang),Eksport - (Anvendelse),1989,
Told,01000 Landbrug og gartneri-(Tilgang),Eksport - (Anvendelse),1990,
Told,01000 Landbrug og gartneri-(Tilgang),Eksport - (Anvendelse),1991,
Told,01000 Landbrug og gartneri-(Tilgang),Eksport - (Anvendelse),1992,
Told,01000 Landbrug og gartneri-(Tilgang),Eksport - (Anvendelse),1993,
Told,01000 Landbrug og gartneri-(Tilgang),Eksport - (Anvendelse),1994,
Told,01000 Landbrug og gartneri-(Tilgang),Eksport - (Anvendelse),1995,
Told,01000 Landbrug og gartneri-(Tilgang),Eksport - (Anvendelse),1996,
Told,01000 Landbrug og gartneri-(Tilgang),Eksport - (Anvendelse),1997,
Told,01000 Landbrug og gartneri-(Tilgang),Eksport - (Anvendelse),1998,
Told,01000 Landbrug og gartneri-(Tilgang),Eksport - (Anvendelse),1999,
Told,01000 Landbrug og gartneri-(Tilgang),Eksport - (Anvendelse),2000,
Told,01000 Landbrug og gartneri-(Tilgang),Eksport - (Anvendelse),2001,
Told,01000 Landbrug og gartneri-(Tilgang),Eksport - (Anvendelse),2002,
Told,01000 Landbrug og gartneri-(Tilgang),Eksport - (Anvendelse),2003,
Told,01000 Landbrug og gartneri-(Tilgang),Eksport - (Anvendelse),2004,
Told,01000 Landbrug og gartneri-(Tilgang),Eksport - (Anvendelse),2005,31.01018799196964
Told,01000 Landbrug og gartneri-(Tilgang),Eksport - (Anvendelse),2006,35.46843157953215
Told,01000 Landbrug og gartneri-(Tilgang),Eksport - (Anvendelse),2007,30.723585546419205
Told,01000 Landbrug og gartneri-(Tilgang),Eksport - (Anvendelse),2008,33.247481989410986
Told,01000 Landbrug og gartneri-(Tilgang),Eksport - (Anvendelse),2009,40.24644097170743
Told,01000 Landbrug og gartneri-(Tilgang),Eksport - (Anvendelse),2010,31.762266005650435
Told,01000 Landbrug og gartneri-(Tilgang),Eksport - (Anvendelse),2011,3.543162314200003
Told,01000 Landbrug og gartneri-(Tilgang),Eksport - (Anvendelse),2012,1.650239981956166
Told,01000 Landbrug og gartneri-(Tilgang),Eksport - (Anvendelse),2013,1.4852159837605492
Told,01000 Landbrug og gartneri-(Tilgang),Eksport - (Anvendelse),2014,1.6308253939331523
Told,01000 Landbrug og gartneri-(Tilgang),Eksport - (Anvendelse),2015,1.8635062897847257
Told,01000 Landbrug og gartneri-(Tilgang),Eksport - (Anvendelse),2016,1.7178442752096865
Told,01000 Landbrug og gartneri-(Tilgang),Eksport - (Anvendelse),2017,2.7634886166416694
Told,01000 Landbrug og gartneri-(Tilgang),Eksport - (Anvendelse),2018,2.7616131577908773
Told,01000 Landbrug og gartneri-(Tilgang),Eksport - (Anvendelse),2019,3.4612868801004395
Told,01000 Landbrug og gartneri-(Tilgang),Eksport - (Anvendelse),2020,3.47
Told,01000 Landbrug og gartneri-(Tilgang),Eksport - (Anvendelse),2021,4.222
Told,01000 Landbrug og gartneri-(Tilgang),Eksport - (Anvendelse),2022,4.5834447864563295
Told,01000 Landbrug og gartneri-(Tilgang),Faste bruttoinvesteringer + Lagerforøgelse + Værdigenstande (Anvendelse),1967,
Told,01000 Landbrug og gartneri-(Tilgang),Faste bruttoinvesteringer + Lagerforøgelse + Værdigenstande (Anvendelse),1968,
Told,01000 Landbrug og gartneri-(Tilgang),Faste bruttoinvesteringer + Lagerforøgelse + Værdigenstande (Anvendelse),1969,
Told,01000 Landbrug og gartneri-(Tilgang),Faste bruttoinvesteringer + Lagerforøgelse + Værdigenstande (Anvendelse),1970,
Told,01000 Landbrug og gartneri-(Tilgang),Faste bruttoinvesteringer + Lagerforøgelse + Værdigenstande (Anvendelse),1971,
Told,01000 Landbrug og gartneri-(Tilgang),Faste bruttoinvesteringer + Lagerforøgelse + Værdigenstande (Anvendelse),1972,
Told,01000 Landbrug og gartneri-(Tilgang),Faste bruttoinvesteringer + Lagerforøgelse + Værdigenstande (Anvendelse),1973,
Told,01000 Landbrug og gartneri-(Tilgang),Faste bruttoinvesteringer + Lagerforøgelse + Værdigenstande (Anvendelse),1974,
Told,01000 Landbrug og gartneri-(Tilgang),Faste bruttoinvesteringer + Lagerforøgelse + Værdigenstande (Anvendelse),1975,
Told,01000 Landbrug og gartneri-(Tilgang),Faste bruttoinvesteringer + Lagerforøgelse + Værdigenstande (Anvendelse),1976,
Told,01000 Landbrug og gartneri-(Tilgang),Faste bruttoinvesteringer + Lagerforøgelse + Værdigenstande (Anvendelse),1977,
Told,01000 Landbrug og gartneri-(Tilgang),Faste bruttoinvesteringer + Lagerforøgelse + Værdigenstande (Anvendelse),1978,
Told,01000 Landbrug og gartneri-(Tilgang),Faste bruttoinvesteringer + Lagerforøgelse + Værdigenstande (Anvendelse),1979,
Told,01000 Landbrug og gartneri-(Tilgang),Faste bruttoinvesteringer + Lagerforøgelse + Værdigenstande (Anvendelse),1980,
Told,01000 Landbrug og gartneri-(Tilgang),Faste bruttoinvesteringer + Lagerforøgelse + Værdigenstande (Anvendelse),1981,
Told,01000 Landbrug og gartneri-(Tilgang),Faste bruttoinvesteringer + Lagerforøgelse + Værdigenstande (Anvendelse),1982,
Told,01000 Landbrug og gartneri-(Tilgang),Faste bruttoinvesteringer + Lagerforøgelse + Værdigenstande (Anvendelse),1983,
Told,01000 Landbrug og gartneri-(Tilgang),Faste bruttoinvesteringer + Lagerforøgelse + Værdigenstande (Anvendelse),1984,
Told,01000 Landbrug og gartneri-(Tilgang),Faste bruttoinvesteringer + Lagerforøgelse + Værdigenstande (Anvendelse),1985,
Told,01000 Landbrug og gartneri-(Tilgang),Faste bruttoinvesteringer + Lagerforøgelse + Værdigenstande (Anvendelse),1986,
Told,01000 Landbrug og gartneri-(Tilgang),Faste bruttoinvesteringer + Lagerforøgelse + Værdigenstande (Anvendelse),1987,
Told,01000 Landbrug og gartneri-(Tilgang),Faste bruttoinvesteringer + Lagerforøgelse + Værdigenstande (Anvendelse),1988,
Told,01000 Landbrug og gartneri-(Tilgang),Faste bruttoinvesteringer + Lagerforøgelse + Værdigenstande (Anvendelse),1989,
Told,01000 Landbrug og gartneri-(Tilgang),Faste bruttoinvesteringer + Lagerforøgelse + Værdigenstande (Anvendelse),1990,
Told,01000 Landbrug og gartneri-(Tilgang),Faste bruttoinvesteringer + Lagerforøgelse + Værdigenstande (Anvendelse),1991,
Told,01000 Landbrug og gartneri-(Tilgang),Faste bruttoinvesteringer + Lagerforøgelse + Værdigenstande (Anvendelse),1992,
Told,01000 Landbrug og gartneri-(Tilgang),Faste bruttoinvesteringer + Lagerforøgelse + Værdigenstande (Anvendelse),1993,
Told,01000 Landbrug og gartneri-(Tilgang),Faste bruttoinvesteringer + Lagerforøgelse + Værdigenstande (Anvendelse),1994,
Told,01000 Landbrug og gartneri-(Tilgang),Faste bruttoinvesteringer + Lagerforøgelse + Værdigenstande (Anvendelse),1995,
Told,01000 Landbrug og gartneri-(Tilgang),Faste bruttoinvesteringer + Lagerforøgelse + Værdigenstande (Anvendelse),1996,
Told,01000 Landbrug og gartneri-(Tilgang),Faste bruttoinvesteringer + Lagerforøgelse + Værdigenstande (Anvendelse),1997,
Told,01000 Landbrug og gartneri-(Tilgang),Faste bruttoinvesteringer + Lagerforøgelse + Værdigenstande (Anvendelse),1998,
Told,01000 Landbrug og gartneri-(Tilgang),Faste bruttoinvesteringer + Lagerforøgelse + Værdigenstande (Anvendelse),1999,
Told,01000 Landbrug og gartneri-(Tilgang),Faste bruttoinvesteringer + Lagerforøgelse + Værdigenstande (Anvendelse),2000,
Told,01000 Landbrug og gartneri-(Tilgang),Faste bruttoinvesteringer + Lagerforøgelse + Værdigenstande (Anvendelse),2001,
Told,01000 Landbrug og gartneri-(Tilgang),Faste bruttoinvesteringer + Lagerforøgelse + Værdigenstande (Anvendelse),2002,
Told,01000 Landbrug og gartneri-(Tilgang),Faste bruttoinvesteringer + Lagerforøgelse + Værdigenstande (Anvendelse),2003,
Told,01000 Landbrug og gartneri-(Tilgang),Faste bruttoinvesteringer + Lagerforøgelse + Værdigenstande (Anvendelse),2004,
Told,01000 Landbrug og gartneri-(Tilgang),Faste bruttoinvesteringer + Lagerforøgelse + Værdigenstande (Anvendelse),2005,
Told,01000 Landbrug og gartneri-(Tilgang),Faste bruttoinvesteringer + Lagerforøgelse + Værdigenstande (Anvendelse),2006,
Told,01000 Landbrug og gartneri-(Tilgang),Faste bruttoinvesteringer + Lagerforøgelse + Værdigenstande (Anvendelse),2007,
Told,01000 Landbrug og gartneri-(Tilgang),Faste bruttoinvesteringer + Lagerforøgelse + Værdigenstande (Anvendelse),2008,
Told,01000 Landbrug og gartneri-(Tilgang),Faste bruttoinvesteringer + Lagerforøgelse + Værdigenstande (Anvendelse),2009,
Told,01000 Landbrug og gartneri-(Tilgang),Faste bruttoinvesteringer + Lagerforøgelse + Værdigenstande (Anvendelse),2010,
Told,01000 Landbrug og gartneri-(Tilgang),Faste bruttoinvesteringer + Lagerforøgelse + Værdigenstande (Anvendelse),2011,0.0
Told,01000 Landbrug og gartneri-(Tilgang),Faste bruttoinvesteringer + Lagerforøgelse + Værdigenstande (Anvendelse),2012,0.05762457835067184
Told,01000 Landbrug og gartneri-(Tilgang),Faste bruttoinvesteringer + Lagerforøgelse + Værdigenstande (Anvendelse),2013,0.07857897047818888
Told,01000 Landbrug og gartneri-(Tilgang),Faste bruttoinvesteringer + Lagerforøgelse + Værdigenstande (Anvendelse),2014,0.2252597153708081
Told,01000 Landbrug og gartneri-(Tilgang),Faste bruttoinvesteringer + Lagerforøgelse + Værdigenstande (Anvendelse),2015,0.5394631810167851
Told,01000 Landbrug og gartneri-(Tilgang),Faste bruttoinvesteringer + Lagerforøgelse + Værdigenstande (Anvendelse),2016,0.24448012246079837
Told,01000 Landbrug og gartneri-(Tilgang),Faste bruttoinvesteringer + Lagerforøgelse + Værdigenstande (Anvendelse),2017,-0.1981689098360656
Told,01000 Landbrug og gartneri-(Tilgang),Faste bruttoinvesteringer + Lagerforøgelse + Værdigenstande (Anvendelse),2018,0.363558
Told,01000 Landbrug og gartneri-(Tilgang),Faste bruttoinvesteringer + Lagerforøgelse + Værdigenstande (Anvendelse),2019,-0.15336533333333335
Told,01000 Landbrug og gartneri-(Tilgang),Faste bruttoinvesteringer + Lagerforøgelse + Værdigenstande (Anvendelse),2020,0.728
Told,01000 Landbrug og gartneri-(Tilgang),Faste bruttoinvesteringer + Lagerforøgelse + Værdigenstande (Anvendelse),2021,-0.047
Told,01000 Landbrug og gartneri-(Tilgang),Faste bruttoinvesteringer + Lagerforøgelse + Værdigenstande (Anvendelse),2022,-0.29309316770186333
Told,01000 Landbrug og gartneri-(Tilgang),Husholdningernes forbrugsudgifter + NPISH (Anvendelse),1967,
Told,01000 Landbrug og gartneri-(Tilgang),Husholdningernes forbrugsudgifter + NPISH (Anvendelse),1968,
Told,01000 Landbrug og gartneri-(Tilgang),Husholdningernes forbrugsudgifter + NPISH (Anvendelse),1969,
Told,01000 Landbrug og gartneri-(Tilgang),Husholdningernes forbrugsudgifter + NPISH (Anvendelse),1970,
Told,01000 Landbrug og gartneri-(Tilgang),Husholdningernes forbrugsudgifter + NPISH (Anvendelse),1971,
Told,01000 Landbrug og gartneri-(Tilgang),Husholdningernes forbrugsudgifter + NPISH (Anvendelse),1972,
Told,01000 Landbrug og gartneri-(Tilgang),Husholdningernes forbrugsudgifter + NPISH (Anvendelse),1973,
Told,01000 Landbrug og gartneri-(Tilgang),Husholdningernes forbrugsudgifter + NPISH (Anvendelse),1974,
Told,01000 Landbrug og gartneri-(Tilgang),Husholdningernes forbrugsudgifter + NPISH (Anvendelse),1975,
Told,01000 Landbrug og gartneri-(Tilgang),Husholdningernes forbrugsudgifter + NPISH (Anvendelse),1976,
Told,01000 Landbrug og gartneri-(Tilgang),Husholdningernes forbrugsudgifter + NPISH (Anvendelse),1977,
Told,01000 Landbrug og gartneri-(Tilgang),Husholdningernes forbrugsudgifter + NPISH (Anvendelse),1978,
Told,01000 Landbrug og gartneri-(Tilgang),Husholdningernes forbrugsudgifter + NPISH (Anvendelse),1979,
Told,01000 Landbrug og gartneri-(Tilgang),Husholdningernes forbrugsudgifter + NPISH (Anvendelse),1980,
Told,01000 Landbrug og gartneri-(Tilgang),Husholdningernes forbrugsudgifter + NPISH (Anvendelse),1981,
Told,01000 Landbrug og gartneri-(Tilgang),Husholdningernes forbrugsudgifter + NPISH (Anvendelse),1982,
Told,01000 Landbrug og gartneri-(Tilgang),Husholdningernes forbrugsudgifter + NPISH (Anvendelse),1983,
Told,01000 Landbrug og gartneri-(Tilgang),Husholdningernes forbrugsudgifter + NPISH (Anvendelse),1984,
Told,01000 Landbrug og gartneri-(Tilgang),Husholdningernes forbrugsudgifter + NPISH (Anvendelse),1985,
Told,01000 Landbrug og gartneri-(Tilgang),Husholdningernes forbrugsudgifter + NPISH (Anvendelse),1986,
Told,01000 Landbrug og gartneri-(Tilgang),Husholdningernes forbrugsudgifter + NPISH (Anvendelse),1987,
Told,01000 Landbrug og gartneri-(Tilgang),Husholdningernes forbrugsudgifter + NPISH (Anvendelse),1988,
Told,01000 Landbrug og gartneri-(Tilgang),Husholdningernes forbrugsudgifter + NPISH (Anvendelse),1989,
Told,01000 Landbrug og gartneri-(Tilgang),Husholdningernes forbrugsudgifter + NPISH (Anvendelse),1990,
Told,01000 Landbrug og gartneri-(Tilgang),Husholdningernes forbrugsudgifter + NPISH (Anvendelse),1991,
Told,01000 Landbrug og gartneri-(Tilgang),Husholdningernes forbrugsudgifter + NPISH (Anvendelse),1992,
Told,01000 Landbrug og gartneri-(Tilgang),Husholdningernes forbrugsudgifter + NPISH (Anvendelse),1993,
Told,01000 Landbrug og gartneri-(Tilgang),Husholdningernes forbrugsudgifter + NPISH (Anvendelse),1994,
Told,01000 Landbrug og gartneri-(Tilgang),Husholdningernes forbrugsudgifter + NPISH (Anvendelse),1995,
Told,01000 Landbrug og gartneri-(Tilgang),Husholdningernes forbrugsudgifter + NPISH (Anvendelse),1996,
Told,01000 Landbrug og gartneri-(Tilgang),Husholdningernes forbrugsudgifter + NPISH (Anvendelse),1997,
Told,01000 Landbrug og gartneri-(Tilgang),Husholdningernes forbrugsudgifter + NPISH (Anvendelse),1998,
Told,01000 Landbrug og gartneri-(Tilgang),Husholdningernes forbrugsudgifter + NPISH (Anvendelse),1999,
Told,01000 Landbrug og gartneri-(Tilgang),Husholdningernes forbrugsudgifter + NPISH (Anvendelse),2000,
Told,01000 Landbrug og gartneri-(Tilgang),Husholdningernes forbrugsudgifter + NPISH (Anvendelse),2001,
Told,01000 Landbrug og gartneri-(Tilgang),Husholdningernes forbrugsudgifter + NPISH (Anvendelse),2002,
Told,01000 Landbrug og gartneri-(Tilgang),Husholdningernes forbrugsudgifter + NPISH (Anvendelse),2003,
Told,01000 Landbrug og gartneri-(Tilgang),Husholdningernes forbrugsudgifter + NPISH (Anvendelse),2004,
Told,01000 Landbrug og gartneri-(Tilgang),Husholdningernes forbrugsudgifter + NPISH (Anvendelse),2005,3.695026023311877
Told,01000 Landbrug og gartneri-(Tilgang),Husholdningernes forbrugsudgifter + NPISH (Anvendelse),2006,8.06435921417997
Told,01000 Landbrug og gartneri-(Tilgang),Husholdningernes forbrugsudgifter + NPISH (Anvendelse),2007,9.16498722596096
Told,01000 Landbrug og gartneri-(Tilgang),Husholdningernes forbrugsudgifter + NPISH (Anvendelse),2008,9.680970290574313
Told,01000 Landbrug og gartneri-(Tilgang),Husholdningernes forbrugsudgifter + NPISH (Anvendelse),2009,7.923086392367245
Told,01000 Landbrug og gartneri-(Tilgang),Husholdningernes forbrugsudgifter + NPISH (Anvendelse),2010,7.271452033410367
Told,01000 Landbrug og gartneri-(Tilgang),Husholdningernes forbrugsudgifter + NPISH (Anvendelse),2011,6.381070151768281
Told,01000 Landbrug og gartneri-(Tilgang),Husholdningernes forbrugsudgifter + NPISH (Anvendelse),2012,6.145126967926411
Told,01000 Landbrug og gartneri-(Tilgang),Husholdningernes forbrugsudgifter + NPISH (Anvendelse),2013,6.55246109837182
Told,01000 Landbrug og gartneri-(Tilgang),Husholdningernes forbrugsudgifter + NPISH (Anvendelse),2014,6.475113328239269
Told,01000 Landbrug og gartneri-(Tilgang),Husholdningernes forbrugsudgifter + NPISH (Anvendelse),2015,6.742462392777144
Told,01000 Landbrug og gartneri-(Tilgang),Husholdningernes forbrugsudgifter + NPISH (Anvendelse),2016,6.921063004245524
Told,01000 Landbrug og gartneri-(Tilgang),Husholdningernes forbrugsudgifter + NPISH (Anvendelse),2017,8.698194024837278
Told,01000 Landbrug og gartneri-(Tilgang),Husholdningernes forbrugsudgifter + NPISH (Anvendelse),2018,8.77401111902392
Told,01000 Landbrug og gartneri-(Tilgang),Husholdningernes forbrugsudgifter + NPISH (Anvendelse),2019,8.732665768854066
Told,01000 Landbrug og gartneri-(Tilgang),Husholdningernes forbrugsudgifter + NPISH (Anvendelse),2020,8.842
Told,01000 Landbrug og gartneri-(Tilgang),Husholdningernes forbrugsudgifter + NPISH (Anvendelse),2021,8.532
Told,01000 Landbrug og gartneri-(Tilgang),Husholdningernes forbrugsudgifter + NPISH (Anvendelse),2022,9.592759472295516
Told,01000 Landbrug og gartneri-(Tilgang),"Offentligt forbrug, i alt-(Anvendelse)",1967,
Told,01000 Landbrug og gartneri-(Tilgang),"Offentligt forbrug, i alt-(Anvendelse)",1968,
Told,01000 Landbrug og gartneri-(Tilgang),"Offentligt forbrug, i alt-(Anvendelse)",1969,
Told,01000 Landbrug og gartneri-(Tilgang),"Offentligt forbrug, i alt-(Anvendelse)",1970,
Told,01000 Landbrug og gartneri-(Tilgang),"Offentligt forbrug, i alt-(Anvendelse)",1971,
Told,01000 Landbrug og gartneri-(Tilgang),"Offentligt forbrug, i alt-(Anvendelse)",1972,
Told,01000 Landbrug og gartneri-(Tilgang),"Offentligt forbrug, i alt-(Anvendelse)",1973,
Told,01000 Landbrug og gartneri-(Tilgang),"Offentligt forbrug, i alt-(Anvendelse)",1974,
Told,01000 Landbrug og gartneri-(Tilgang),"Offentligt forbrug, i alt-(Anvendelse)",1975,
Told,01000 Landbrug og gartneri-(Tilgang),"Offentligt forbrug, i alt-(Anvendelse)",1976,
Told,01000 Landbrug og gartneri-(Tilgang),"Offentligt forbrug, i alt-(Anvendelse)",1977,
Told,01000 Landbrug og gartneri-(Tilgang),"Offentligt forbrug, i alt-(Anvendelse)",1978,
Told,01000 Landbrug og gartneri-(Tilgang),"Offentligt forbrug, i alt-(Anvendelse)",1979,
Told,01000 Landbrug og gartneri-(Tilgang),"Offentligt forbrug, i alt-(Anvendelse)",1980,
Told,01000 Landbrug og gartneri-(Tilgang),"Offentligt forbrug, i alt-(Anvendelse)",1981,
Told,01000 Landbrug og gartneri-(Tilgang),"Offentligt forbrug, i alt-(Anvendelse)",1982,
Told,01000 Landbrug og gartneri-(Tilgang),"Offentligt forbrug, i alt-(Anvendelse)",1983,
Told,01000 Landbrug og gartneri-(Tilgang),"Offentligt forbrug, i alt-(Anvendelse)",1984,
Told,01000 Landbrug og gartneri-(Tilgang),"Offentligt forbrug, i alt-(Anvendelse)",1985,
Told,01000 Landbrug og gartneri-(Tilgang),"Offentligt forbrug, i alt-(Anvendelse)",1986,
Told,01000 Landbrug og gartneri-(Tilgang),"Offentligt forbrug, i alt-(Anvendelse)",1987,
Told,01000 Landbrug og gartneri-(Tilgang),"Offentligt forbrug, i alt-(Anvendelse)",1988,
Told,01000 Landbrug og gartneri-(Tilgang),"Offentligt forbrug, i alt-(Anvendelse)",1989,
Told,01000 Landbrug og gartneri-(Tilgang),"Offentligt forbrug, i alt-(Anvendelse)",1990,
Told,01000 Landbrug og gartneri-(Tilgang),"Offentligt forbrug, i alt-(Anvendelse)",1991,
Told,01000 Landbrug og gartneri-(Tilgang),"Offentligt forbrug, i alt-(Anvendelse)",1992,
Told,01000 Landbrug og gartneri-(Tilgang),"Offentligt forbrug, i alt-(Anvendelse)",1993,
Told,01000 Landbrug og gartneri-(Tilgang),"Offentligt forbrug, i alt-(Anvendelse)",1994,
Told,01000 Landbrug og gartneri-(Tilgang),"Offentligt forbrug, i alt-(Anvendelse)",1995,
Told,01000 Landbrug og gartneri-(Tilgang),"Offentligt forbrug, i alt-(Anvendelse)",1996,
Told,01000 Landbrug og gartneri-(Tilgang),"Offentligt forbrug, i alt-(Anvendelse)",1997,
Told,01000 Landbrug og gartneri-(Tilgang),"Offentligt forbrug, i alt-(Anvendelse)",1998,
Told,01000 Landbrug og gartneri-(Tilgang),"Offentligt forbrug, i alt-(Anvendelse)",1999,
Told,01000 Landbrug og gartneri-(Tilgang),"Offentligt forbrug, i alt-(Anvendelse)",2000,
Told,01000 Landbrug og gartneri-(Tilgang),"Offentligt forbrug, i alt-(Anvendelse)",2001,
Told,01000 Landbrug og gartneri-(Tilgang),"Offentligt forbrug, i alt-(Anvendelse)",2002,
Told,01000 Landbrug og gartneri-(Tilgang),"Offentligt forbrug, i alt-(Anvendelse)",2003,
Told,01000 Landbrug og gartneri-(Tilgang),"Offentligt forbrug, i alt-(Anvendelse)",2004,
Told,01000 Landbrug og gartneri-(Tilgang),"Offentligt forbrug, i alt-(Anvendelse)",2005,
Told,01000 Landbrug og gartneri-(Tilgang),"Offentligt forbrug, i alt-(Anvendelse)",2006,
Told,01000 Landbrug og gartneri-(Tilgang),"Offentligt forbrug, i alt-(Anvendelse)",2007,
Told,01000 Landbrug og gartneri-(Tilgang),"Offentligt forbrug, i alt-(Anvendelse)",2008,
Told,01000 Landbrug og gartneri-(Tilgang),"Offentligt forbrug, i alt-(Anvendelse)",2009,
Told,01000 Landbrug og gartneri-(Tilgang),"Offentligt forbrug, i alt-(Anvendelse)",2010,
Told,01000 Landbrug og gartneri-(Tilgang),"Offentligt forbrug, i alt-(Anvendelse)",2011,
Told,01000 Landbrug og gartneri-(Tilgang),"Offentligt forbrug, i alt-(Anvendelse)",2012,
Told,01000 Landbrug og gartneri-(Tilgang),"Offentligt forbrug, i alt-(Anvendelse)",2013,
Told,01000 Landbrug og gartneri-(Tilgang),"Offentligt forbrug, i alt-(Anvendelse)",2014,
Told,01000 Landbrug og gartneri-(Tilgang),"Offentligt forbrug, i alt-(Anvendelse)",2015,
Told,01000 Landbrug og gartneri-(Tilgang),"Offentligt forbrug, i alt-(Anvendelse)",2016,
Told,01000 Landbrug og gartneri-(Tilgang),"Offentligt forbrug, i alt-(Anvendelse)",2017,
Told,01000 Landbrug og gartneri-(Tilgang),"Offentligt forbrug, i alt-(Anvendelse)",2018,
Told,01000 Landbrug og gartneri-(Tilgang),"Offentligt forbrug, i alt-(Anvendelse)",2019,
Told,01000 Landbrug og gartneri-(Tilgang),"Offentligt forbrug, i alt-(Anvendelse)",2020,0.0
Told,01000 Landbrug og gartneri-(Tilgang),"Offentligt forbrug, i alt-(Anvendelse)",2021,
Told,01000 Landbrug og gartneri-(Tilgang),"Offentligt forbrug, i alt-(Anvendelse)",2022,
Told,01000 Landbrug og gartneri-(Tilgang),Privat,1967,
Told,01000 Landbrug og gartneri-(Tilgang),Privat,1968,
Told,01000 Landbrug og gartneri-(Tilgang),Privat,1969,
Told,01000 Landbrug og gartneri-(Tilgang),Privat,1970,
Told,01000 Landbrug og gartneri-(Tilgang),Privat,1971,
Told,01000 Landbrug og gartneri-(Tilgang),Privat,1972,
Told,01000 Landbrug og gartneri-(Tilgang),Privat,1973,
Told,01000 Landbrug og gartneri-(Tilgang),Privat,1974,
Told,01000 Landbrug og gartneri-(Tilgang),Privat,1975,
Told,01000 Landbrug og gartneri-(Tilgang),Privat,1976,
Told,01000 Landbrug og gartneri-(Tilgang),Privat,1977,
Told,01000 Landbrug og gartneri-(Tilgang),Privat,1978,
Told,01000 Landbrug og gartneri-(Tilgang),Privat,1979,
Told,01000 Landbrug og gartneri-(Tilgang),Privat,1980,
Told,01000 Landbrug og gartneri-(Tilgang),Privat,1981,
Told,01000 Landbrug og gartneri-(Tilgang),Privat,1982,
Told,01000 Landbrug og gartneri-(Tilgang),Privat,1983,
Told,01000 Landbrug og gartneri-(Tilgang),Privat,1984,
Told,01000 Landbrug og gartneri-(Tilgang),Privat,1985,
Told,01000 Landbrug og gartneri-(Tilgang),Privat,1986,
Told,01000 Landbrug og gartneri-(Tilgang),Privat,1987,
Told,01000 Landbrug og gartneri-(Tilgang),Privat,1988,
Told,01000 Landbrug og gartneri-(Tilgang),Privat,1989,
Told,01000 Landbrug og gartneri-(Tilgang),Privat,1990,
Told,01000 Landbrug og gartneri-(Tilgang),Privat,1991,
Told,01000 Landbrug og gartneri-(Tilgang),Privat,1992,
Told,01000 Landbrug og gartneri-(Tilgang),Privat,1993,
Told,01000 Landbrug og gartneri-(Tilgang),Privat,1994,
Told,01000 Landbrug og gartneri-(Tilgang),Privat,1995,
Told,01000 Landbrug og gartneri-(Tilgang),Privat,1996,
Told,01000 Landbrug og gartneri-(Tilgang),Privat,1997,
Told,01000 Landbrug og gartneri-(Tilgang),Privat,1998,
Told,01000 Landbrug og gartneri-(Tilgang),Privat,1999,
Told,01000 Landbrug og gartneri-(Tilgang),Privat,2000,
Told,01000 Landbrug og gartneri-(Tilgang),Privat,2001,
Told,01000 Landbrug og gartneri-(Tilgang),Privat,2002,
Told,01000 Landbrug og gartneri-(Tilgang),Privat,2003,
Told,01000 Landbrug og gartneri-(Tilgang),Privat,2004,
Told,01000 Landbrug og gartneri-(Tilgang),Privat,2005,17.925193866713883
Told,01000 Landbrug og gartneri-(Tilgang),Privat,2006,19.338518388984056
Told,01000 Landbrug og gartneri-(Tilgang),Privat,2007,22.88321199358075
Told,01000 Landbrug og gartneri-(Tilgang),Privat,2008,22.79226811548363
Told,01000 Landbrug og gartneri-(Tilgang),Privat,2009,18.78583306149605
Told,01000 Landbrug og gartneri-(Tilgang),Privat,2010,17.61857879117935
Told,01000 Landbrug og gartneri-(Tilgang),Privat,2011,10.683127382642605
Told,01000 Landbrug og gartneri-(Tilgang),Privat,2012,9.182487415849995
Told,01000 Landbrug og gartneri-(Tilgang),Privat,2013,9.525971982527675
Told,01000 Landbrug og gartneri-(Tilgang),Privat,2014,8.775358144362887
Told,01000 Landbrug og gartneri-(Tilgang),Privat,2015,9.740623765227513
Told,01000 Landbrug og gartneri-(Tilgang),Privat,2016,9.001094624418771
Told,01000 Landbrug og gartneri-(Tilgang),Privat,2017,11.100686843402942
Told,01000 Landbrug og gartneri-(Tilgang),Privat,2018,11.805615317059376
Told,01000 Landbrug og gartneri-(Tilgang),Privat,2019,10.755158551068885
Told,01000 Landbrug og gartneri-(Tilgang),Privat,2020,8.598
Told,01000 Landbrug og gartneri-(Tilgang),Privat,2021,9.705
Told,01000 Landbrug og gartneri-(Tilgang),Privat,2022,9.98256397390868
Told,01000 Landbrug og gartneri-(Tilgang),REST_ANVENDELSE Øvrige brancher,1967,
Told,01000 Landbrug og gartneri-(Tilgang),REST_ANVENDELSE Øvrige brancher,1968,
Told,01000 Landbrug og gartneri-(Tilgang),REST_ANVENDELSE Øvrige brancher,1969,
Told,01000 Landbrug og gartneri-(Tilgang),REST_ANVENDELSE Øvrige brancher,1970,
Told,01000 Landbrug og gartneri-(Tilgang),REST_ANVENDELSE Øvrige brancher,1971,
Told,01000 Landbrug og gartneri-(Tilgang),REST_ANVENDELSE Øvrige brancher,1972,
Told,01000 Landbrug og gartneri-(Tilgang),REST_ANVENDELSE Øvrige brancher,1973,
Told,01000 Landbrug og gartneri-(Tilgang),REST_ANVENDELSE Øvrige brancher,1974,
Told,01000 Landbrug og gartneri-(Tilgang),REST_ANVENDELSE Øvrige brancher,1975,
Told,01000 Landbrug og gartneri-(Tilgang),REST_ANVENDELSE Øvrige brancher,1976,
Told,01000 Landbrug og gartneri-(Tilgang),REST_ANVENDELSE Øvrige brancher,1977,
Told,01000 Landbrug og gartneri-(Tilgang),REST_ANVENDELSE Øvrige brancher,1978,
Told,01000 Landbrug og gartneri-(Tilgang),REST_ANVENDELSE Øvrige brancher,1979,
Told,01000 Landbrug og gartneri-(Tilgang),REST_ANVENDELSE Øvrige brancher,1980,
Told,01000 Landbrug og gartneri-(Tilgang),REST_ANVENDELSE Øvrige brancher,1981,
Told,01000 Landbrug og gartneri-(Tilgang),REST_ANVENDELSE Øvrige brancher,1982,
Told,01000 Landbrug og gartneri-(Tilgang),REST_ANVENDELSE Øvrige brancher,1983,
Told,01000 Landbrug og gartneri-(Tilgang),REST_ANVENDELSE Øvrige brancher,1984,
Told,01000 Landbrug og gartneri-(Tilgang),REST_ANVENDELSE Øvrige brancher,1985,
Told,01000 Landbrug og gartneri-(Tilgang),REST_ANVENDELSE Øvrige brancher,1986,
Told,01000 Landbrug og gartneri-(Tilgang),REST_ANVENDELSE Øvrige brancher,1987,
Told,01000 Landbrug og gartneri-(Tilgang),REST_ANVENDELSE Øvrige brancher,1988,
Told,01000 Landbrug og gartneri-(Tilgang),REST_ANVENDELSE Øvrige brancher,1989,
Told,01000 Landbrug og gartneri-(Tilgang),REST_ANVENDELSE Øvrige brancher,1990,
Told,01000 Landbrug og gartneri-(Tilgang),REST_ANVENDELSE Øvrige brancher,1991,
Told,01000 Landbrug og gartneri-(Tilgang),REST_ANVENDELSE Øvrige brancher,1992,
Told,01000 Landbrug og gartneri-(Tilgang),REST_ANVENDELSE Øvrige brancher,1993,
Told,01000 Landbrug og gartneri-(Tilgang),REST_ANVENDELSE Øvrige brancher,1994,
Told,01000 Landbrug og gartneri-(Tilgang),REST_ANVENDELSE Øvrige brancher,1995,
Told,01000 Landbrug og gartneri-(Tilgang),REST_ANVENDELSE Øvrige brancher,1996,
Told,01000 Landbrug og gartneri-(Tilgang),REST_ANVENDELSE Øvrige brancher,1997,
Told,01000 Landbrug og gartneri-(Tilgang),REST_ANVENDELSE Øvrige brancher,1998,
Told,01000 Landbrug og gartneri-(Tilgang),REST_ANVENDELSE Øvrige brancher,1999,
Told,01000 Landbrug og gartneri-(Tilgang),REST_ANVENDELSE Øvrige brancher,2000,
Told,01000 Landbrug og gartneri-(Tilgang),REST_ANVENDELSE Øvrige brancher,2001,
Told,01000 Landbrug og gartneri-(Tilgang),REST_ANVENDELSE Øvrige brancher,2002,
Told,01000 Landbrug og gartneri-(Tilgang),REST_ANVENDELSE Øvrige brancher,2003,
Told,01000 Landbrug og gartneri-(Tilgang),REST_ANVENDELSE Øvrige brancher,2004,
Told,01000 Landbrug og gartneri-(Tilgang),REST_ANVENDELSE Øvrige brancher,2005,0.45383102649556734
Told,01000 Landbrug og gartneri-(Tilgang),REST_ANVENDELSE Øvrige brancher,2006,0.9354831120866481
Told,01000 Landbrug og gartneri-(Tilgang),REST_ANVENDELSE Øvrige brancher,2007,1.6733228086916772
Told,01000 Landbrug og gartneri-(Tilgang),REST_ANVENDELSE Øvrige brancher,2008,2.5738942908286075
Told,01000 Landbrug og gartneri-(Tilgang),REST_ANVENDELSE Øvrige brancher,2009,2.6223563931176015
Told,01000 Landbrug og gartneri-(Tilgang),REST_ANVENDELSE Øvrige brancher,2010,1.7711430568084316
Told,01000 Landbrug og gartneri-(Tilgang),REST_ANVENDELSE Øvrige brancher,2011,1.504934888269952
Told,01000 Landbrug og gartneri-(Tilgang),REST_ANVENDELSE Øvrige brancher,2012,1.8173896193519519
Told,01000 Landbrug og gartneri-(Tilgang),REST_ANVENDELSE Øvrige brancher,2013,1.7642683993000352
Told,01000 Landbrug og gartneri-(Tilgang),REST_ANVENDELSE Øvrige brancher,2014,1.947452011823103
Told,01000 Landbrug og gartneri-(Tilgang),REST_ANVENDELSE Øvrige brancher,2015,2.0095270446999645
Told,01000 Landbrug og gartneri-(Tilgang),REST_ANVENDELSE Øvrige brancher,2016,2.0607284149105336
Told,01000 Landbrug og gartneri-(Tilgang),REST_ANVENDELSE Øvrige brancher,2017,2.334609809975224
Told,01000 Landbrug og gartneri-(Tilgang),REST_ANVENDELSE Øvrige brancher,2018,2.49157930627025
Told,01000 Landbrug og gartneri-(Tilgang),REST_ANVENDELSE Øvrige brancher,2019,2.4218591194968555
Told,01000 Landbrug og gartneri-(Tilgang),REST_ANVENDELSE Øvrige brancher,2020,2.086
Told,01000 Landbrug og gartneri-(Tilgang),REST_ANVENDELSE Øvrige brancher,2021,2.345
Told,01000 Landbrug og gartneri-(Tilgang),REST_ANVENDELSE Øvrige brancher,2022,2.314046
Told,"10120 Føde-, drikke- og tobaksvareindustri-(Tilgang)",01000 Landbrug og gartneri- (Anvendelse),1967,
Told,"10120 Føde-, drikke- og tobaksvareindustri-(Tilgang)",01000 Landbrug og gartneri- (Anvendelse),1968,
Told,"10120 Føde-, drikke- og tobaksvareindustri-(Tilgang)",01000 Landbrug og gartneri- (Anvendelse),1969,
Told,"10120 Føde-, drikke- og tobaksvareindustri-(Tilgang)",01000 Landbrug og gartneri- (Anvendelse),1970,
Told,"10120 Føde-, drikke- og tobaksvareindustri-(Tilgang)",01000 Landbrug og gartneri- (Anvendelse),1971,
Told,"10120 Føde-, drikke- og tobaksvareindustri-(Tilgang)",01000 Landbrug og gartneri- (Anvendelse),1972,
Told,"10120 Føde-, drikke- og tobaksvareindustri-(Tilgang)",01000 Landbrug og gartneri- (Anvendelse),1973,
Told,"10120 Føde-, drikke- og tobaksvareindustri-(Tilgang)",01000 Landbrug og gartneri- (Anvendelse),1974,
Told,"10120 Føde-, drikke- og tobaksvareindustri-(Tilgang)",01000 Landbrug og gartneri- (Anvendelse),1975,
Told,"10120 Føde-, drikke- og tobaksvareindustri-(Tilgang)",01000 Landbrug og gartneri- (Anvendelse),1976,
Told,"10120 Føde-, drikke- og tobaksvareindustri-(Tilgang)",01000 Landbrug og gartneri- (Anvendelse),1977,
Told,"10120 Føde-, drikke- og tobaksvareindustri-(Tilgang)",01000 Landbrug og gartneri- (Anvendelse),1978,
Told,"10120 Føde-, drikke- og tobaksvareindustri-(Tilgang)",01000 Landbrug og gartneri- (Anvendelse),1979,
Told,"10120 Føde-, drikke- og tobaksvareindustri-(Tilgang)",01000 Landbrug og gartneri- (Anvendelse),1980,
Told,"10120 Føde-, drikke- og tobaksvareindustri-(Tilgang)",01000 Landbrug og gartneri- (Anvendelse),1981,
Told,"10120 Føde-, drikke- og tobaksvareindustri-(Tilgang)",01000 Landbrug og gartneri- (Anvendelse),1982,
Told,"10120 Føde-, drikke- og tobaksvareindustri-(Tilgang)",01000 Landbrug og gartneri- (Anvendelse),1983,
Told,"10120 Føde-, drikke- og tobaksvareindustri-(Tilgang)",01000 Landbrug og gartneri- (Anvendelse),1984,
Told,"10120 Føde-, drikke- og tobaksvareindustri-(Tilgang)",01000 Landbrug og gartneri- (Anvendelse),1985,
Told,"10120 Føde-, drikke- og tobaksvareindustri-(Tilgang)",01000 Landbrug og gartneri- (Anvendelse),1986,
Told,"10120 Føde-, drikke- og tobaksvareindustri-(Tilgang)",01000 Landbrug og gartneri- (Anvendelse),1987,
Told,"10120 Føde-, drikke- og tobaksvareindustri-(Tilgang)",01000 Landbrug og gartneri- (Anvendelse),1988,
Told,"10120 Føde-, drikke- og tobaksvareindustri-(Tilgang)",01000 Landbrug og gartneri- (Anvendelse),1989,
Told,"10120 Føde-, drikke- og tobaksvareindustri-(Tilgang)",01000 Landbrug og gartneri- (Anvendelse),1990,
Told,"10120 Føde-, drikke- og tobaksvareindustri-(Tilgang)",01000 Landbrug og gartneri- (Anvendelse),1991,
Told,"10120 Føde-, drikke- og tobaksvareindustri-(Tilgang)",01000 Landbrug og gartneri- (Anvendelse),1992,
Told,"10120 Føde-, drikke- og tobaksvareindustri-(Tilgang)",01000 Landbrug og gartneri- (Anvendelse),1993,
Told,"10120 Føde-, drikke- og tobaksvareindustri-(Tilgang)",01000 Landbrug og gartneri- (Anvendelse),1994,
Told,"10120 Føde-, drikke- og tobaksvareindustri-(Tilgang)",01000 Landbrug og gartneri- (Anvendelse),1995,
Told,"10120 Føde-, drikke- og tobaksvareindustri-(Tilgang)",01000 Landbrug og gartneri- (Anvendelse),1996,
Told,"10120 Føde-, drikke- og tobaksvareindustri-(Tilgang)",01000 Landbrug og gartneri- (Anvendelse),1997,
Told,"10120 Føde-, drikke- og tobaksvareindustri-(Tilgang)",01000 Landbrug og gartneri- (Anvendelse),1998,
Told,"10120 Føde-, drikke- og tobaksvareindustri-(Tilgang)",01000 Landbrug og gartneri- (Anvendelse),1999,
Told,"10120 Føde-, drikke- og tobaksvareindustri-(Tilgang)",01000 Landbrug og gartneri- (Anvendelse),2000,
Told,"10120 Føde-, drikke- og tobaksvareindustri-(Tilgang)",01000 Landbrug og gartneri- (Anvendelse),2001,
Told,"10120 Føde-, drikke- og tobaksvareindustri-(Tilgang)",01000 Landbrug og gartneri- (Anvendelse),2002,
Told,"10120 Føde-, drikke- og tobaksvareindustri-(Tilgang)",01000 Landbrug og gartneri- (Anvendelse),2003,
Told,"10120 Føde-, drikke- og tobaksvareindustri-(Tilgang)",01000 Landbrug og gartneri- (Anvendelse),2004,
Told,"10120 Føde-, drikke- og tobaksvareindustri-(Tilgang)",01000 Landbrug og gartneri- (Anvendelse),2005,92.76917360166287
Told,"10120 Føde-, drikke- og tobaksvareindustri-(Tilgang)",01000 Landbrug og gartneri- (Anvendelse),2006,82.9983462894507
Told,"10120 Føde-, drikke- og tobaksvareindustri-(Tilgang)",01000 Landbrug og gartneri- (Anvendelse),2007,64.59015275443633
Told,"10120 Føde-, drikke- og tobaksvareindustri-(Tilgang)",01000 Landbrug og gartneri- (Anvendelse),2008,47.22393243838506
Told,"10120 Føde-, drikke- og tobaksvareindustri-(Tilgang)",01000 Landbrug og gartneri- (Anvendelse),2009,56.67940307367256
Told,"10120 Føde-, drikke- og tobaksvareindustri-(Tilgang)",01000 Landbrug og gartneri- (Anvendelse),2010,48.11070718881321
Told,"10120 Føde-, drikke- og tobaksvareindustri-(Tilgang)",01000 Landbrug og gartneri- (Anvendelse),2011,47.5082475281304
Told,"10120 Føde-, drikke- og tobaksvareindustri-(Tilgang)",01000 Landbrug og gartneri- (Anvendelse),2012,43.43611202571922
Told,"10120 Føde-, drikke- og tobaksvareindustri-(Tilgang)",01000 Landbrug og gartneri- (Anvendelse),2013,42.830730673444386
Told,"10120 Føde-, drikke- og tobaksvareindustri-(Tilgang)",01000 Landbrug og gartneri- (Anvendelse),2014,49.156500126753095
Told,"10120 Føde-, drikke- og tobaksvareindustri-(Tilgang)",01000 Landbrug og gartneri- (Anvendelse),2015,12.587913357371887
Told,"10120 Føde-, drikke- og tobaksvareindustri-(Tilgang)",01000 Landbrug og gartneri- (Anvendelse),2016,21.6644463968365
Told,"10120 Føde-, drikke- og tobaksvareindustri-(Tilgang)",01000 Landbrug og gartneri- (Anvendelse),2017,22.09826575892775
Told,"10120 Føde-, drikke- og tobaksvareindustri-(Tilgang)",01000 Landbrug og gartneri- (Anvendelse),2018,22.919865967450328
Told,"10120 Føde-, drikke- og tobaksvareindustri-(Tilgang)",01000 Landbrug og gartneri- (Anvendelse),2019,16.717547996337768
Told,"10120 Føde-, drikke- og tobaksvareindustri-(Tilgang)",01000 Landbrug og gartneri- (Anvendelse),2020,16.366
Told,"10120 Føde-, drikke- og tobaksvareindustri-(Tilgang)",01000 Landbrug og gartneri- (Anvendelse),2021,18.443
Told,"10120 Føde-, drikke- og tobaksvareindustri-(Tilgang)",01000 Landbrug og gartneri- (Anvendelse),2022,18.24521983914209
Told,"10120 Føde-, drikke- og tobaksvareindustri-(Tilgang)","10120 Føde-, drikke- og tobaksvareindustri- (Anvendelse)",1967,
Told,"10120 Føde-, drikke- og tobaksvareindustri-(Tilgang)","10120 Føde-, drikke- og tobaksvareindustri- (Anvendelse)",1968,
Told,"10120 Føde-, drikke- og tobaksvareindustri-(Tilgang)","10120 Føde-, drikke- og tobaksvareindustri- (Anvendelse)",1969,
Told,"10120 Føde-, drikke- og tobaksvareindustri-(Tilgang)","10120 Føde-, drikke- og tobaksvareindustri- (Anvendelse)",1970,
Told,"10120 Føde-, drikke- og tobaksvareindustri-(Tilgang)","10120 Føde-, drikke- og tobaksvareindustri- (Anvendelse)",1971,
Told,"10120 Føde-, drikke- og tobaksvareindustri-(Tilgang)","10120 Føde-, drikke- og tobaksvareindustri- (Anvendelse)",1972,
Told,"10120 Føde-, drikke- og tobaksvareindustri-(Tilgang)","10120 Føde-, drikke- og tobaksvareindustri- (Anvendelse)",1973,
Told,"10120 Føde-, drikke- og tobaksvareindustri-(Tilgang)","10120 Føde-, drikke- og tobaksvareindustri- (Anvendelse)",1974,
Told,"10120 Føde-, drikke- og tobaksvareindustri-(Tilgang)","10120 Føde-, drikke- og tobaksvareindustri- (Anvendelse)",1975,
Told,"10120 Føde-, drikke- og tobaksvareindustri-(Tilgang)","10120 Føde-, drikke- og tobaksvareindustri- (Anvendelse)",1976,
Told,"10120 Føde-, drikke- og tobaksvareindustri-(Tilgang)","10120 Føde-, drikke- og tobaksvareindustri- (Anvendelse)",1977,
Told,"10120 Føde-, drikke- og tobaksvareindustri-(Tilgang)","10120 Føde-, drikke- og tobaksvareindustri- (Anvendelse)",1978,
Told,"10120 Føde-, drikke- og tobaksvareindustri-(Tilgang)","10120 Føde-, drikke- og tobaksvareindustri- (Anvendelse)",1979,
Told,"10120 Føde-, drikke- og tobaksvareindustri-(Tilgang)","10120 Føde-, drikke- og tobaksvareindustri- (Anvendelse)",1980,
Told,"10120 Føde-, drikke- og tobaksvareindustri-(Tilgang)","10120 Føde-, drikke- og tobaksvareindustri- (Anvendelse)",1981,
Told,"10120 Føde-, drikke- og tobaksvareindustri-(Tilgang)","10120 Føde-, drikke- og tobaksvareindustri- (Anvendelse)",1982,
Told,"10120 Føde-, drikke- og tobaksvareindustri-(Tilgang)","10120 Føde-, drikke- og tobaksvareindustri- (Anvendelse)",1983,
Told,"10120 Føde-, drikke- og tobaksvareindustri-(Tilgang)","10120 Føde-, drikke- og tobaksvareindustri- (Anvendelse)",1984,
Told,"10120 Føde-, drikke- og tobaksvareindustri-(Tilgang)","10120 Føde-, drikke- og tobaksvareindustri- (Anvendelse)",1985,
Told,"10120 Føde-, drikke- og tobaksvareindustri-(Tilgang)","10120 Føde-, drikke- og tobaksvareindustri- (Anvendelse)",1986,
Told,"10120 Føde-, drikke- og tobaksvareindustri-(Tilgang)","10120 Føde-, drikke- og tobaksvareindustri- (Anvendelse)",1987,
Told,"10120 Føde-, drikke- og tobaksvareindustri-(Tilgang)","10120 Føde-, drikke- og tobaksvareindustri- (Anvendelse)",1988,
Told,"10120 Føde-, drikke- og tobaksvareindustri-(Tilgang)","10120 Føde-, drikke- og tobaksvareindustri- (Anvendelse)",1989,
Told,"10120 Føde-, drikke- og tobaksvareindustri-(Tilgang)","10120 Føde-, drikke- og tobaksvareindustri- (Anvendelse)",1990,
Told,"10120 Føde-, drikke- og tobaksvareindustri-(Tilgang)","10120 Føde-, drikke- og tobaksvareindustri- (Anvendelse)",1991,
Told,"10120 Føde-, drikke- og tobaksvareindustri-(Tilgang)","10120 Føde-, drikke- og tobaksvareindustri- (Anvendelse)",1992,
Told,"10120 Føde-, drikke- og tobaksvareindustri-(Tilgang)","10120 Føde-, drikke- og tobaksvareindustri- (Anvendelse)",1993,
Told,"10120 Føde-, drikke- og tobaksvareindustri-(Tilgang)","10120 Føde-, drikke- og tobaksvareindustri- (Anvendelse)",1994,
Told,"10120 Føde-, drikke- og tobaksvareindustri-(Tilgang)","10120 Føde-, drikke- og tobaksvareindustri- (Anvendelse)",1995,
Told,"10120 Føde-, drikke- og tobaksvareindustri-(Tilgang)","10120 Føde-, drikke- og tobaksvareindustri- (Anvendelse)",1996,
Told,"10120 Føde-, drikke- og tobaksvareindustri-(Tilgang)","10120 Føde-, drikke- og tobaksvareindustri- (Anvendelse)",1997,
Told,"10120 Føde-, drikke- og tobaksvareindustri-(Tilgang)","10120 Føde-, drikke- og tobaksvareindustri- (Anvendelse)",1998,
Told,"10120 Føde-, drikke- og tobaksvareindustri-(Tilgang)","10120 Føde-, drikke- og tobaksvareindustri- (Anvendelse)",1999,
Told,"10120 Føde-, drikke- og tobaksvareindustri-(Tilgang)","10120 Føde-, drikke- og tobaksvareindustri- (Anvendelse)",2000,
Told,"10120 Føde-, drikke- og tobaksvareindustri-(Tilgang)","10120 Føde-, drikke- og tobaksvareindustri- (Anvendelse)",2001,
Told,"10120 Føde-, drikke- og tobaksvareindustri-(Tilgang)","10120 Føde-, drikke- og tobaksvareindustri- (Anvendelse)",2002,
Told,"10120 Føde-, drikke- og tobaksvareindustri-(Tilgang)","10120 Føde-, drikke- og tobaksvareindustri- (Anvendelse)",2003,
Told,"10120 Føde-, drikke- og tobaksvareindustri-(Tilgang)","10120 Føde-, drikke- og tobaksvareindustri- (Anvendelse)",2004,
Told,"10120 Føde-, drikke- og tobaksvareindustri-(Tilgang)","10120 Føde-, drikke- og tobaksvareindustri- (Anvendelse)",2005,247.7242934147243
Told,"10120 Føde-, drikke- og tobaksvareindustri-(Tilgang)","10120 Føde-, drikke- og tobaksvareindustri- (Anvendelse)",2006,223.17477745390758
Told,"10120 Føde-, drikke- og tobaksvareindustri-(Tilgang)","10120 Føde-, drikke- og tobaksvareindustri- (Anvendelse)",2007,243.7410529639142
Told,"10120 Føde-, drikke- og tobaksvareindustri-(Tilgang)","10120 Føde-, drikke- og tobaksvareindustri- (Anvendelse)",2008,224.95081570184269
Told,"10120 Føde-, drikke- og tobaksvareindustri-(Tilgang)","10120 Føde-, drikke- og tobaksvareindustri- (Anvendelse)",2009,177.19497731725622
Told,"10120 Føde-, drikke- og tobaksvareindustri-(Tilgang)","10120 Føde-, drikke- og tobaksvareindustri- (Anvendelse)",2010,137.05629496692455
Told,"10120 Føde-, drikke- og tobaksvareindustri-(Tilgang)","10120 Føde-, drikke- og tobaksvareindustri- (Anvendelse)",2011,144.27178082352032
Told,"10120 Føde-, drikke- og tobaksvareindustri-(Tilgang)","10120 Føde-, drikke- og tobaksvareindustri- (Anvendelse)",2012,112.1988007160934
Told,"10120 Føde-, drikke- og tobaksvareindustri-(Tilgang)","10120 Føde-, drikke- og tobaksvareindustri- (Anvendelse)",2013,129.3288201744106
Told,"10120 Føde-, drikke- og tobaksvareindustri-(Tilgang)","10120 Føde-, drikke- og tobaksvareindustri- (Anvendelse)",2014,141.6540656719867
Told,"10120 Føde-, drikke- og tobaksvareindustri-(Tilgang)","10120 Føde-, drikke- og tobaksvareindustri- (Anvendelse)",2015,141.91648806793546
Told,"10120 Føde-, drikke- og tobaksvareindustri-(Tilgang)","10120 Føde-, drikke- og tobaksvareindustri- (Anvendelse)",2016,112.45172836260858
Told,"10120 Føde-, drikke- og tobaksvareindustri-(Tilgang)","10120 Føde-, drikke- og tobaksvareindustri- (Anvendelse)",2017,119.99648605755071
Told,"10120 Føde-, drikke- og tobaksvareindustri-(Tilgang)","10120 Føde-, drikke- og tobaksvareindustri- (Anvendelse)",2018,128.9401281916118
Told,"10120 Føde-, drikke- og tobaksvareindustri-(Tilgang)","10120 Føde-, drikke- og tobaksvareindustri- (Anvendelse)",2019,117.14991409732039
Told,"10120 Føde-, drikke- og tobaksvareindustri-(Tilgang)","10120 Føde-, drikke- og tobaksvareindustri- (Anvendelse)",2020,106.541
Told,"10120 Føde-, drikke- og tobaksvareindustri-(Tilgang)","10120 Føde-, drikke- og tobaksvareindustri- (Anvendelse)",2021,103.753
Told,"10120 Føde-, drikke- og tobaksvareindustri-(Tilgang)","10120 Føde-, drikke- og tobaksvareindustri- (Anvendelse)",2022,98.78532814688316
Told,"10120 Føde-, drikke- og tobaksvareindustri-(Tilgang)","Anvendelse, i alt-(Anvendelse)",1967,
Told,"10120 Føde-, drikke- og tobaksvareindustri-(Tilgang)","Anvendelse, i alt-(Anvendelse)",1968,
Told,"10120 Føde-, drikke- og tobaksvareindustri-(Tilgang)","Anvendelse, i alt-(Anvendelse)",1969,
Told,"10120 Føde-, drikke- og tobaksvareindustri-(Tilgang)","Anvendelse, i alt-(Anvendelse)",1970,
Told,"10120 Føde-, drikke- og tobaksvareindustri-(Tilgang)","Anvendelse, i alt-(Anvendelse)",1971,
Told,"10120 Føde-, drikke- og tobaksvareindustri-(Tilgang)","Anvendelse, i alt-(Anvendelse)",1972,
Told,"10120 Føde-, drikke- og tobaksvareindustri-(Tilgang)","Anvendelse, i alt-(Anvendelse)",1973,
Told,"10120 Føde-, drikke- og tobaksvareindustri-(Tilgang)","Anvendelse, i alt-(Anvendelse)",1974,
Told,"10120 Føde-, drikke- og tobaksvareindustri-(Tilgang)","Anvendelse, i alt-(Anvendelse)",1975,
Told,"10120 Føde-, drikke- og tobaksvareindustri-(Tilgang)","Anvendelse, i alt-(Anvendelse)",1976,
Told,"10120 Føde-, drikke- og tobaksvareindustri-(Tilgang)","Anvendelse, i alt-(Anvendelse)",1977,
Told,"10120 Føde-, drikke- og tobaksvareindustri-(Tilgang)","Anvendelse, i alt-(Anvendelse)",1978,
Told,"10120 Føde-, drikke- og tobaksvareindustri-(Tilgang)","Anvendelse, i alt-(Anvendelse)",1979,
Told,"10120 Føde-, drikke- og tobaksvareindustri-(Tilgang)","Anvendelse, i alt-(Anvendelse)",1980,
Told,"10120 Føde-, drikke- og tobaksvareindustri-(Tilgang)","Anvendelse, i alt-(Anvendelse)",1981,
Told,"10120 Føde-, drikke- og tobaksvareindustri-(Tilgang)","Anvendelse, i alt-(Anvendelse)",1982,
Told,"10120 Føde-, drikke- og tobaksvareindustri-(Tilgang)","Anvendelse, i alt-(Anvendelse)",1983,
Told,"10120 Føde-, drikke- og tobaksvareindustri-(Tilgang)","Anvendelse, i alt-(Anvendelse)",1984,
Told,"10120 Føde-, drikke- og tobaksvareindustri-(Tilgang)","Anvendelse, i alt-(Anvendelse)",1985,
Told,"10120 Føde-, drikke- og tobaksvareindustri-(Tilgang)","Anvendelse, i alt-(Anvendelse)",1986,
Told,"10120 Føde-, drikke- og tobaksvareindustri-(Tilgang)","Anvendelse, i alt-(Anvendelse)",1987,
Told,"10120 Føde-, drikke- og tobaksvareindustri-(Tilgang)","Anvendelse, i alt-(Anvendelse)",1988,
Told,"10120 Føde-, drikke- og tobaksvareindustri-(Tilgang)","Anvendelse, i alt-(Anvendelse)",1989,
Told,"10120 Føde-, drikke- og tobaksvareindustri-(Tilgang)","Anvendelse, i alt-(Anvendelse)",1990,
Told,"10120 Føde-, drikke- og tobaksvareindustri-(Tilgang)","Anvendelse, i alt-(Anvendelse)",1991,
Told,"10120 Føde-, drikke- og tobaksvareindustri-(Tilgang)","Anvendelse, i alt-(Anvendelse)",1992,
Told,"10120 Føde-, drikke- og tobaksvareindustri-(Tilgang)","Anvendelse, i alt-(Anvendelse)",1993,
Told,"10120 Føde-, drikke- og tobaksvareindustri-(Tilgang)","Anvendelse, i alt-(Anvendelse)",1994,
Told,"10120 Føde-, drikke- og tobaksvareindustri-(Tilgang)","Anvendelse, i alt-(Anvendelse)",1995,
Told,"10120 Føde-, drikke- og tobaksvareindustri-(Tilgang)","Anvendelse, i alt-(Anvendelse)",1996,
Told,"10120 Føde-, drikke- og tobaksvareindustri-(Tilgang)","Anvendelse, i alt-(Anvendelse)",1997,
Told,"10120 Føde-, drikke- og tobaksvareindustri-(Tilgang)","Anvendelse, i alt-(Anvendelse)",1998,
Told,"10120 Føde-, drikke- og tobaksvareindustri-(Tilgang)","Anvendelse, i alt-(Anvendelse)",1999,
Told,"10120 Føde-, drikke- og tobaksvareindustri-(Tilgang)","Anvendelse, i alt-(Anvendelse)",2000,
Told,"10120 Føde-, drikke- og tobaksvareindustri-(Tilgang)","Anvendelse, i alt-(Anvendelse)",2001,
Told,"10120 Føde-, drikke- og tobaksvareindustri-(Tilgang)","Anvendelse, i alt-(Anvendelse)",2002,
Told,"10120 Føde-, drikke- og tobaksvareindustri-(Tilgang)","Anvendelse, i alt-(Anvendelse)",2003,
Told,"10120 Føde-, drikke- og tobaksvareindustri-(Tilgang)","Anvendelse, i alt-(Anvendelse)",2004,
Told,"10120 Føde-, drikke- og tobaksvareindustri-(Tilgang)","Anvendelse, i alt-(Anvendelse)",2005,743.2046134533657
Told,"10120 Føde-, drikke- og tobaksvareindustri-(Tilgang)","Anvendelse, i alt-(Anvendelse)",2006,663.605365857065
Told,"10120 Føde-, drikke- og tobaksvareindustri-(Tilgang)","Anvendelse, i alt-(Anvendelse)",2007,759.9092733048599
Told,"10120 Føde-, drikke- og tobaksvareindustri-(Tilgang)","Anvendelse, i alt-(Anvendelse)",2008,724.5863069397955
Told,"10120 Føde-, drikke- og tobaksvareindustri-(Tilgang)","Anvendelse, i alt-(Anvendelse)",2009,577.8927919974827
Told,"10120 Føde-, drikke- og tobaksvareindustri-(Tilgang)","Anvendelse, i alt-(Anvendelse)",2010,459.4208024784679
Told,"10120 Føde-, drikke- og tobaksvareindustri-(Tilgang)","Anvendelse, i alt-(Anvendelse)",2011,461.4749151263087
Told,"10120 Føde-, drikke- og tobaksvareindustri-(Tilgang)","Anvendelse, i alt-(Anvendelse)",2012,378.6167671847833
Told,"10120 Føde-, drikke- og tobaksvareindustri-(Tilgang)","Anvendelse, i alt-(Anvendelse)",2013,397.34865830513866
Told,"10120 Føde-, drikke- og tobaksvareindustri-(Tilgang)","Anvendelse, i alt-(Anvendelse)",2014,414.4200569374566
Told,"10120 Føde-, drikke- og tobaksvareindustri-(Tilgang)","Anvendelse, i alt-(Anvendelse)",2015,376.56009353607203
Told,"10120 Føde-, drikke- og tobaksvareindustri-(Tilgang)","Anvendelse, i alt-(Anvendelse)",2016,363.223929702319
Told,"10120 Føde-, drikke- og tobaksvareindustri-(Tilgang)","Anvendelse, i alt-(Anvendelse)",2017,377.6537660951219
Told,"10120 Føde-, drikke- og tobaksvareindustri-(Tilgang)","Anvendelse, i alt-(Anvendelse)",2018,394.06798362755285
Told,"10120 Føde-, drikke- og tobaksvareindustri-(Tilgang)","Anvendelse, i alt-(Anvendelse)",2019,383.2243545511621
Told,"10120 Føde-, drikke- og tobaksvareindustri-(Tilgang)","Anvendelse, i alt-(Anvendelse)",2020,367.122
Told,"10120 Føde-, drikke- og tobaksvareindustri-(Tilgang)","Anvendelse, i alt-(Anvendelse)",2021,402.752
Told,"10120 Føde-, drikke- og tobaksvareindustri-(Tilgang)","Anvendelse, i alt-(Anvendelse)",2022,405.7321708168083
Told,"10120 Føde-, drikke- og tobaksvareindustri-(Tilgang)",Eksport - (Anvendelse),1967,
Told,"10120 Føde-, drikke- og tobaksvareindustri-(Tilgang)",Eksport - (Anvendelse),1968,
Told,"10120 Føde-, drikke- og tobaksvareindustri-(Tilgang)",Eksport - (Anvendelse),1969,
Told,"10120 Føde-, drikke- og tobaksvareindustri-(Tilgang)",Eksport - (Anvendelse),1970,
Told,"10120 Føde-, drikke- og tobaksvareindustri-(Tilgang)",Eksport - (Anvendelse),1971,
Told,"10120 Føde-, drikke- og tobaksvareindustri-(Tilgang)",Eksport - (Anvendelse),1972,
Told,"10120 Føde-, drikke- og tobaksvareindustri-(Tilgang)",Eksport - (Anvendelse),1973,
Told,"10120 Føde-, drikke- og tobaksvareindustri-(Tilgang)",Eksport - (Anvendelse),1974,
Told,"10120 Føde-, drikke- og tobaksvareindustri-(Tilgang)",Eksport - (Anvendelse),1975,
Told,"10120 Føde-, drikke- og tobaksvareindustri-(Tilgang)",Eksport - (Anvendelse),1976,
Told,"10120 Føde-, drikke- og tobaksvareindustri-(Tilgang)",Eksport - (Anvendelse),1977,
Told,"10120 Føde-, drikke- og tobaksvareindustri-(Tilgang)",Eksport - (Anvendelse),1978,
Told,"10120 Føde-, drikke- og tobaksvareindustri-(Tilgang)",Eksport - (Anvendelse),1979,
Told,"10120 Føde-, drikke- og tobaksvareindustri-(Tilgang)",Eksport - (Anvendelse),1980,
Told,"10120 Føde-, drikke- og tobaksvareindustri-(Tilgang)",Eksport - (Anvendelse),1981,
Told,"10120 Føde-, drikke- og tobaksvareindustri-(Tilgang)",Eksport - (Anvendelse),1982,
Told,"10120 Føde-, drikke- og tobaksvareindustri-(Tilgang)",Eksport - (Anvendelse),1983,
Told,"10120 Føde-, drikke- og tobaksvareindustri-(Tilgang)",Eksport - (Anvendelse),1984,
Told,"10120 Føde-, drikke- og tobaksvareindustri-(Tilgang)",Eksport - (Anvendelse),1985,
Told,"10120 Føde-, drikke- og tobaksvareindustri-(Tilgang)",Eksport - (Anvendelse),1986,
Told,"10120 Føde-, drikke- og tobaksvareindustri-(Tilgang)",Eksport - (Anvendelse),1987,
Told,"10120 Føde-, drikke- og tobaksvareindustri-(Tilgang)",Eksport - (Anvendelse),1988,
Told,"10120 Føde-, drikke- og tobaksvareindustri-(Tilgang)",Eksport - (Anvendelse),1989,
Told,"10120 Føde-, drikke- og tobaksvareindustri-(Tilgang)",Eksport - (Anvendelse),1990,
Told,"10120 Føde-, drikke- og tobaksvareindustri-(Tilgang)",Eksport - (Anvendelse),1991,
Told,"10120 Føde-, drikke- og tobaksvareindustri-(Tilgang)",Eksport - (Anvendelse),1992,
Told,"10120 Føde-, drikke- og tobaksvareindustri-(Tilgang)",Eksport - (Anvendelse),1993,
Told,"10120 Føde-, drikke- og tobaksvareindustri-(Tilgang)",Eksport - (Anvendelse),1994,
Told,"10120 Føde-, drikke- og tobaksvareindustri-(Tilgang)",Eksport - (Anvendelse),1995,
Told,"10120 Føde-, drikke- og tobaksvareindustri-(Tilgang)",Eksport - (Anvendelse),1996,
Told,"10120 Føde-, drikke- og tobaksvareindustri-(Tilgang)",Eksport - (Anvendelse),1997,
Told,"10120 Føde-, drikke- og tobaksvareindustri-(Tilgang)",Eksport - (Anvendelse),1998,
Told,"10120 Føde-, drikke- og tobaksvareindustri-(Tilgang)",Eksport - (Anvendelse),1999,
Told,"10120 Føde-, drikke- og tobaksvareindustri-(Tilgang)",Eksport - (Anvendelse),2000,
Told,"10120 Føde-, drikke- og tobaksvareindustri-(Tilgang)",Eksport - (Anvendelse),2001,
Told,"10120 Føde-, drikke- og tobaksvareindustri-(Tilgang)",Eksport - (Anvendelse),2002,
Told,"10120 Føde-, drikke- og tobaksvareindustri-(Tilgang)",Eksport - (Anvendelse),2003,
Told,"10120 Føde-, drikke- og tobaksvareindustri-(Tilgang)",Eksport - (Anvendelse),2004,
Told,"10120 Føde-, drikke- og tobaksvareindustri-(Tilgang)",Eksport - (Anvendelse),2005,1187.531771741892
Told,"10120 Føde-, drikke- og tobaksvareindustri-(Tilgang)",Eksport - (Anvendelse),2006,1110.1516325883779
Told,"10120 Føde-, drikke- og tobaksvareindustri-(Tilgang)",Eksport - (Anvendelse),2007,1520.8288074783786
Told,"10120 Føde-, drikke- og tobaksvareindustri-(Tilgang)",Eksport - (Anvendelse),2008,1192.0289515106197
Told,"10120 Føde-, drikke- og tobaksvareindustri-(Tilgang)",Eksport - (Anvendelse),2009,862.5469905785021
Told,"10120 Føde-, drikke- og tobaksvareindustri-(Tilgang)",Eksport - (Anvendelse),2010,313.376704829202
Told,"10120 Føde-, drikke- og tobaksvareindustri-(Tilgang)",Eksport - (Anvendelse),2011,232.2693719375778
Told,"10120 Føde-, drikke- og tobaksvareindustri-(Tilgang)",Eksport - (Anvendelse),2012,146.5388831764107
Told,"10120 Føde-, drikke- og tobaksvareindustri-(Tilgang)",Eksport - (Anvendelse),2013,82.44627967351371
Told,"10120 Føde-, drikke- og tobaksvareindustri-(Tilgang)",Eksport - (Anvendelse),2014,82.15575348499053
Told,"10120 Føde-, drikke- og tobaksvareindustri-(Tilgang)",Eksport - (Anvendelse),2015,64.97328797480968
Told,"10120 Føde-, drikke- og tobaksvareindustri-(Tilgang)",Eksport - (Anvendelse),2016,66.10635595345327
Told,"10120 Føde-, drikke- og tobaksvareindustri-(Tilgang)",Eksport - (Anvendelse),2017,65.34499681623657
Told,"10120 Føde-, drikke- og tobaksvareindustri-(Tilgang)",Eksport - (Anvendelse),2018,69.97420516129183
Told,"10120 Føde-, drikke- og tobaksvareindustri-(Tilgang)",Eksport - (Anvendelse),2019,69.71795503099234
Told,"10120 Føde-, drikke- og tobaksvareindustri-(Tilgang)",Eksport - (Anvendelse),2020,66.005
Told,"10120 Føde-, drikke- og tobaksvareindustri-(Tilgang)",Eksport - (Anvendelse),2021,81.174
Told,"10120 Føde-, drikke- og tobaksvareindustri-(Tilgang)",Eksport - (Anvendelse),2022,89.87485633524767
Told,"10120 Føde-, drikke- og tobaksvareindustri-(Tilgang)",Faste bruttoinvesteringer + Lagerforøgelse + Værdigenstande (Anvendelse),1967,
Told,"10120 Føde-, drikke- og tobaksvareindustri-(Tilgang)",Faste bruttoinvesteringer + Lagerforøgelse + Værdigenstande (Anvendelse),1968,
Told,"10120 Føde-, drikke- og tobaksvareindustri-(Tilgang)",Faste bruttoinvesteringer + Lagerforøgelse + Værdigenstande (Anvendelse),1969,
Told,"10120 Føde-, drikke- og tobaksvareindustri-(Tilgang)",Faste bruttoinvesteringer + Lagerforøgelse + Værdigenstande (Anvendelse),1970,
Told,"10120 Føde-, drikke- og tobaksvareindustri-(Tilgang)",Faste bruttoinvesteringer + Lagerforøgelse + Værdigenstande (Anvendelse),1971,
Told,"10120 Føde-, drikke- og tobaksvareindustri-(Tilgang)",Faste bruttoinvesteringer + Lagerforøgelse + Værdigenstande (Anvendelse),1972,
Told,"10120 Føde-, drikke- og tobaksvareindustri-(Tilgang)",Faste bruttoinvesteringer + Lagerforøgelse + Værdigenstande (Anvendelse),1973,
Told,"10120 Føde-, drikke- og tobaksvareindustri-(Tilgang)",Faste bruttoinvesteringer + Lagerforøgelse + Værdigenstande (Anvendelse),1974,
Told,"10120 Føde-, drikke- og tobaksvareindustri-(Tilgang)",Faste bruttoinvesteringer + Lagerforøgelse + Værdigenstande (Anvendelse),1975,
Told,"10120 Føde-, drikke- og tobaksvareindustri-(Tilgang)",Faste bruttoinvesteringer + Lagerforøgelse + Værdigenstande (Anvendelse),1976,
Told,"10120 Føde-, drikke- og tobaksvareindustri-(Tilgang)",Faste bruttoinvesteringer + Lagerforøgelse + Værdigenstande (Anvendelse),1977,
Told,"10120 Føde-, drikke- og tobaksvareindustri-(Tilgang)",Faste bruttoinvesteringer + Lagerforøgelse + Værdigenstande (Anvendelse),1978,
Told,"10120 Føde-, drikke- og tobaksvareindustri-(Tilgang)",Faste bruttoinvesteringer + Lagerforøgelse + Værdigenstande (Anvendelse),1979,
Told,"10120 Føde-, drikke- og tobaksvareindustri-(Tilgang)",Faste bruttoinvesteringer + Lagerforøgelse + Værdigenstande (Anvendelse),1980,
Told,"10120 Føde-, drikke- og tobaksvareindustri-(Tilgang)",Faste bruttoinvesteringer + Lagerforøgelse + Værdigenstande (Anvendelse),1981,
Told,"10120 Føde-, drikke- og tobaksvareindustri-(Tilgang)",Faste bruttoinvesteringer + Lagerforøgelse + Værdigenstande (Anvendelse),1982,
Told,"10120 Føde-, drikke- og tobaksvareindustri-(Tilgang)",Faste bruttoinvesteringer + Lagerforøgelse + Værdigenstande (Anvendelse),1983,
Told,"10120 Føde-, drikke- og tobaksvareindustri-(Tilgang)",Faste bruttoinvesteringer + Lagerforøgelse + Værdigenstande (Anvendelse),1984,
Told,"10120 Føde-, drikke- og tobaksvareindustri-(Tilgang)",Faste bruttoinvesteringer + Lagerforøgelse + Værdigenstande (Anvendelse),1985,
Told,"10120 Føde-, drikke- og tobaksvareindustri-(Tilgang)",Faste bruttoinvesteringer + Lagerforøgelse + Værdigenstande (Anvendelse),1986,
Told,"10120 Føde-, drikke- og tobaksvareindustri-(Tilgang)",Faste bruttoinvesteringer + Lagerforøgelse + Værdigenstande (Anvendelse),1987,
Told,"10120 Føde-, drikke- og tobaksvareindustri-(Tilgang)",Faste bruttoinvesteringer + Lagerforøgelse + Værdigenstande (Anvendelse),1988,
Told,"10120 Føde-, drikke- og tobaksvareindustri-(Tilgang)",Faste bruttoinvesteringer + Lagerforøgelse + Værdigenstande (Anvendelse),1989,
Told,"10120 Føde-, drikke- og tobaksvareindustri-(Tilgang)",Faste bruttoinvesteringer + Lagerforøgelse + Værdigenstande (Anvendelse),1990,
Told,"10120 Føde-, drikke- og tobaksvareindustri-(Tilgang)",Faste bruttoinvesteringer + Lagerforøgelse + Værdigenstande (Anvendelse),1991,
Told,"10120 Føde-, drikke- og tobaksvareindustri-(Tilgang)",Faste bruttoinvesteringer + Lagerforøgelse + Værdigenstande (Anvendelse),1992,
Told,"10120 Føde-, drikke- og tobaksvareindustri-(Tilgang)",Faste bruttoinvesteringer + Lagerforøgelse + Værdigenstande (Anvendelse),1993,
Told,"10120 Føde-, drikke- og tobaksvareindustri-(Tilgang)",Faste bruttoinvesteringer + Lagerforøgelse + Værdigenstande (Anvendelse),1994,
Told,"10120 Føde-, drikke- og tobaksvareindustri-(Tilgang)",Faste bruttoinvesteringer + Lagerforøgelse + Værdigenstande (Anvendelse),1995,
Told,"10120 Føde-, drikke- og tobaksvareindustri-(Tilgang)",Faste bruttoinvesteringer + Lagerforøgelse + Værdigenstande (Anvendelse),1996,
Told,"10120 Føde-, drikke- og tobaksvareindustri-(Tilgang)",Faste bruttoinvesteringer + Lagerforøgelse + Værdigenstande (Anvendelse),1997,
Told,"10120 Føde-, drikke- og tobaksvareindustri-(Tilgang)",Faste bruttoinvesteringer + Lagerforøgelse + Værdigenstande (Anvendelse),1998,
Told,"10120 Føde-, drikke- og tobaksvareindustri-(Tilgang)",Faste bruttoinvesteringer + Lagerforøgelse + Værdigenstande (Anvendelse),1999,
Told,"10120 Føde-, drikke- og tobaksvareindustri-(Tilgang)",Faste bruttoinvesteringer + Lagerforøgelse + Værdigenstande (Anvendelse),2000,
Told,"10120 Føde-, drikke- og tobaksvareindustri-(Tilgang)",Faste bruttoinvesteringer + Lagerforøgelse + Værdigenstande (Anvendelse),2001,
Told,"10120 Føde-, drikke- og tobaksvareindustri-(Tilgang)",Faste bruttoinvesteringer + Lagerforøgelse + Værdigenstande (Anvendelse),2002,
Told,"10120 Føde-, drikke- og tobaksvareindustri-(Tilgang)",Faste bruttoinvesteringer + Lagerforøgelse + Værdigenstande (Anvendelse),2003,
Told,"10120 Føde-, drikke- og tobaksvareindustri-(Tilgang)",Faste bruttoinvesteringer + Lagerforøgelse + Værdigenstande (Anvendelse),2004,
Told,"10120 Føde-, drikke- og tobaksvareindustri-(Tilgang)",Faste bruttoinvesteringer + Lagerforøgelse + Værdigenstande (Anvendelse),2005,
Told,"10120 Føde-, drikke- og tobaksvareindustri-(Tilgang)",Faste bruttoinvesteringer + Lagerforøgelse + Værdigenstande (Anvendelse),2006,
Told,"10120 Føde-, drikke- og tobaksvareindustri-(Tilgang)",Faste bruttoinvesteringer + Lagerforøgelse + Værdigenstande (Anvendelse),2007,
Told,"10120 Føde-, drikke- og tobaksvareindustri-(Tilgang)",Faste bruttoinvesteringer + Lagerforøgelse + Værdigenstande (Anvendelse),2008,
Told,"10120 Føde-, drikke- og tobaksvareindustri-(Tilgang)",Faste bruttoinvesteringer + Lagerforøgelse + Værdigenstande (Anvendelse),2009,
Told,"10120 Føde-, drikke- og tobaksvareindustri-(Tilgang)",Faste bruttoinvesteringer + Lagerforøgelse + Værdigenstande (Anvendelse),2010,
Told,"10120 Føde-, drikke- og tobaksvareindustri-(Tilgang)",Faste bruttoinvesteringer + Lagerforøgelse + Værdigenstande (Anvendelse),2011,
Told,"10120 Føde-, drikke- og tobaksvareindustri-(Tilgang)",Faste bruttoinvesteringer + Lagerforøgelse + Værdigenstande (Anvendelse),2012,0.0
Told,"10120 Føde-, drikke- og tobaksvareindustri-(Tilgang)",Faste bruttoinvesteringer + Lagerforøgelse + Værdigenstande (Anvendelse),2013,4.845431191685839
Told,"10120 Føde-, drikke- og tobaksvareindustri-(Tilgang)",Faste bruttoinvesteringer + Lagerforøgelse + Værdigenstande (Anvendelse),2014,0.6658925906702761
Told,"10120 Føde-, drikke- og tobaksvareindustri-(Tilgang)",Faste bruttoinvesteringer + Lagerforøgelse + Værdigenstande (Anvendelse),2015,1.5577746356872
Told,"10120 Føde-, drikke- og tobaksvareindustri-(Tilgang)",Faste bruttoinvesteringer + Lagerforøgelse + Værdigenstande (Anvendelse),2016,0.19610939594161902
Told,"10120 Føde-, drikke- og tobaksvareindustri-(Tilgang)",Faste bruttoinvesteringer + Lagerforøgelse + Værdigenstande (Anvendelse),2017,4.4390653965079645
Told,"10120 Føde-, drikke- og tobaksvareindustri-(Tilgang)",Faste bruttoinvesteringer + Lagerforøgelse + Værdigenstande (Anvendelse),2018,2.588698945981555
Told,"10120 Føde-, drikke- og tobaksvareindustri-(Tilgang)",Faste bruttoinvesteringer + Lagerforøgelse + Værdigenstande (Anvendelse),2019,-0.1292391304347826
Told,"10120 Føde-, drikke- og tobaksvareindustri-(Tilgang)",Faste bruttoinvesteringer + Lagerforøgelse + Værdigenstande (Anvendelse),2020,-0.29
Told,"10120 Føde-, drikke- og tobaksvareindustri-(Tilgang)",Faste bruttoinvesteringer + Lagerforøgelse + Værdigenstande (Anvendelse),2021,-1.91
Told,"10120 Føde-, drikke- og tobaksvareindustri-(Tilgang)",Faste bruttoinvesteringer + Lagerforøgelse + Værdigenstande (Anvendelse),2022,2.615728813559322
Told,"10120 Føde-, drikke- og tobaksvareindustri-(Tilgang)",Husholdningernes forbrugsudgifter + NPISH (Anvendelse),1967,
Told,"10120 Føde-, drikke- og tobaksvareindustri-(Tilgang)",Husholdningernes forbrugsudgifter + NPISH (Anvendelse),1968,
Told,"10120 Føde-, drikke- og tobaksvareindustri-(Tilgang)",Husholdningernes forbrugsudgifter + NPISH (Anvendelse),1969,
Told,"10120 Føde-, drikke- og tobaksvareindustri-(Tilgang)",Husholdningernes forbrugsudgifter + NPISH (Anvendelse),1970,
Told,"10120 Føde-, drikke- og tobaksvareindustri-(Tilgang)",Husholdningernes forbrugsudgifter + NPISH (Anvendelse),1971,
Told,"10120 Føde-, drikke- og tobaksvareindustri-(Tilgang)",Husholdningernes forbrugsudgifter + NPISH (Anvendelse),1972,
Told,"10120 Føde-, drikke- og tobaksvareindustri-(Tilgang)",Husholdningernes forbrugsudgifter + NPISH (Anvendelse),1973,
Told,"10120 Føde-, drikke- og tobaksvareindustri-(Tilgang)",Husholdningernes forbrugsudgifter + NPISH (Anvendelse),1974,
Told,"10120 Føde-, drikke- og tobaksvareindustri-(Tilgang)",Husholdningernes forbrugsudgifter + NPISH (Anvendelse),1975,
Told,"10120 Føde-, drikke- og tobaksvareindustri-(Tilgang)",Husholdningernes forbrugsudgifter + NPISH (Anvendelse),1976,
Told,"10120 Føde-, drikke- og tobaksvareindustri-(Tilgang)",Husholdningernes forbrugsudgifter + NPISH (Anvendelse),1977,
Told,"10120 Føde-, drikke- og tobaksvareindustri-(Tilgang)",Husholdningernes forbrugsudgifter + NPISH (Anvendelse),1978,
Told,"10120 Føde-, drikke- og tobaksvareindustri-(Tilgang)",Husholdningernes forbrugsudgifter + NPISH (Anvendelse),1979,
Told,"10120 Føde-, drikke- og tobaksvareindustri-(Tilgang)",Husholdningernes forbrugsudgifter + NPISH (Anvendelse),1980,
Told,"10120 Føde-, drikke- og tobaksvareindustri-(Tilgang)",Husholdningernes forbrugsudgifter + NPISH (Anvendelse),1981,
Told,"10120 Føde-, drikke- og tobaksvareindustri-(Tilgang)",Husholdningernes forbrugsudgifter + NPISH (Anvendelse),1982,
Told,"10120 Føde-, drikke- og tobaksvareindustri-(Tilgang)",Husholdningernes forbrugsudgifter + NPISH (Anvendelse),1983,
Told,"10120 Føde-, drikke- og tobaksvareindustri-(Tilgang)",Husholdningernes forbrugsudgifter + NPISH (Anvendelse),1984,
Told,"10120 Føde-, drikke- og tobaksvareindustri-(Tilgang)",Husholdningernes forbrugsudgifter + NPISH (Anvendelse),1985,
Told,"10120 Føde-, drikke- og tobaksvareindustri-(Tilgang)",Husholdningernes forbrugsudgifter + NPISH (Anvendelse),1986,
Told,"10120 Føde-, drikke- og tobaksvareindustri-(Tilgang)",Husholdningernes forbrugsudgifter + NPISH (Anvendelse),1987,
Told,"10120 Føde-, drikke- og tobaksvareindustri-(Tilgang)",Husholdningernes forbrugsudgifter + NPISH (Anvendelse),1988,
Told,"10120 Føde-, drikke- og tobaksvareindustri-(Tilgang)",Husholdningernes forbrugsudgifter + NPISH (Anvendelse),1989,
Told,"10120 Føde-, drikke- og tobaksvareindustri-(Tilgang)",Husholdningernes forbrugsudgifter + NPISH (Anvendelse),1990,
Told,"10120 Føde-, drikke- og tobaksvareindustri-(Tilgang)",Husholdningernes forbrugsudgifter + NPISH (Anvendelse),1991,
Told,"10120 Føde-, drikke- og tobaksvareindustri-(Tilgang)",Husholdningernes forbrugsudgifter + NPISH (Anvendelse),1992,
Told,"10120 Føde-, drikke- og tobaksvareindustri-(Tilgang)",Husholdningernes forbrugsudgifter + NPISH (Anvendelse),1993,
Told,"10120 Føde-, drikke- og tobaksvareindustri-(Tilgang)",Husholdningernes forbrugsudgifter + NPISH (Anvendelse),1994,
Told,"10120 Føde-, drikke- og tobaksvareindustri-(Tilgang)",Husholdningernes forbrugsudgifter + NPISH (Anvendelse),1995,
Told,"10120 Føde-, drikke- og tobaksvareindustri-(Tilgang)",Husholdningernes forbrugsudgifter + NPISH (Anvendelse),1996,
Told,"10120 Føde-, drikke- og tobaksvareindustri-(Tilgang)",Husholdningernes forbrugsudgifter + NPISH (Anvendelse),1997,
Told,"10120 Føde-, drikke- og tobaksvareindustri-(Tilgang)",Husholdningernes forbrugsudgifter + NPISH (Anvendelse),1998,
Told,"10120 Føde-, drikke- og tobaksvareindustri-(Tilgang)",Husholdningernes forbrugsudgifter + NPISH (Anvendelse),1999,
Told,"10120 Føde-, drikke- og tobaksvareindustri-(Tilgang)",Husholdningernes forbrugsudgifter + NPISH (Anvendelse),2000,
Told,"10120 Føde-, drikke- og tobaksvareindustri-(Tilgang)",Husholdningernes forbrugsudgifter + NPISH (Anvendelse),2001,
Told,"10120 Føde-, drikke- og tobaksvareindustri-(Tilgang)",Husholdningernes forbrugsudgifter + NPISH (Anvendelse),2002,
Told,"10120 Føde-, drikke- og tobaksvareindustri-(Tilgang)",Husholdningernes forbrugsudgifter + NPISH (Anvendelse),2003,
Told,"10120 Føde-, drikke- og tobaksvareindustri-(Tilgang)",Husholdningernes forbrugsudgifter + NPISH (Anvendelse),2004,
Told,"10120 Føde-, drikke- og tobaksvareindustri-(Tilgang)",Husholdningernes forbrugsudgifter + NPISH (Anvendelse),2005,136.80951959934018
Told,"10120 Føde-, drikke- og tobaksvareindustri-(Tilgang)",Husholdningernes forbrugsudgifter + NPISH (Anvendelse),2006,114.85159049477527
Told,"10120 Føde-, drikke- og tobaksvareindustri-(Tilgang)",Husholdningernes forbrugsudgifter + NPISH (Anvendelse),2007,126.21292817886876
Told,"10120 Føde-, drikke- og tobaksvareindustri-(Tilgang)",Husholdningernes forbrugsudgifter + NPISH (Anvendelse),2008,119.55517189021651
Told,"10120 Føde-, drikke- og tobaksvareindustri-(Tilgang)",Husholdningernes forbrugsudgifter + NPISH (Anvendelse),2009,95.76398903054077
Told,"10120 Føde-, drikke- og tobaksvareindustri-(Tilgang)",Husholdningernes forbrugsudgifter + NPISH (Anvendelse),2010,108.4012498090529
Told,"10120 Føde-, drikke- og tobaksvareindustri-(Tilgang)",Husholdningernes forbrugsudgifter + NPISH (Anvendelse),2011,117.25457383396545
Told,"10120 Føde-, drikke- og tobaksvareindustri-(Tilgang)",Husholdningernes forbrugsudgifter + NPISH (Anvendelse),2012,101.33038190046487
Told,"10120 Føde-, drikke- og tobaksvareindustri-(Tilgang)",Husholdningernes forbrugsudgifter + NPISH (Anvendelse),2013,105.21457777443618
Told,"10120 Føde-, drikke- og tobaksvareindustri-(Tilgang)",Husholdningernes forbrugsudgifter + NPISH (Anvendelse),2014,107.803778947717
Told,"10120 Føde-, drikke- og tobaksvareindustri-(Tilgang)",Husholdningernes forbrugsudgifter + NPISH (Anvendelse),2015,104.76933594780924
Told,"10120 Føde-, drikke- og tobaksvareindustri-(Tilgang)",Husholdningernes forbrugsudgifter + NPISH (Anvendelse),2016,113.16434345626173
Told,"10120 Føde-, drikke- og tobaksvareindustri-(Tilgang)",Husholdningernes forbrugsudgifter + NPISH (Anvendelse),2017,116.45399868557824
Told,"10120 Føde-, drikke- og tobaksvareindustri-(Tilgang)",Husholdningernes forbrugsudgifter + NPISH (Anvendelse),2018,118.1570560278392
Told,"10120 Føde-, drikke- og tobaksvareindustri-(Tilgang)",Husholdningernes forbrugsudgifter + NPISH (Anvendelse),2019,124.05025860657672
Told,"10120 Føde-, drikke- og tobaksvareindustri-(Tilgang)",Husholdningernes forbrugsudgifter + NPISH (Anvendelse),2020,130.043
Told,"10120 Føde-, drikke- og tobaksvareindustri-(Tilgang)",Husholdningernes forbrugsudgifter + NPISH (Anvendelse),2021,148.391
Told,"10120 Føde-, drikke- og tobaksvareindustri-(Tilgang)",Husholdningernes forbrugsudgifter + NPISH (Anvendelse),2022,139.2672855256338
Told,"10120 Føde-, drikke- og tobaksvareindustri-(Tilgang)","Offentligt forbrug, i alt-(Anvendelse)",1967,
Told,"10120 Føde-, drikke- og tobaksvareindustri-(Tilgang)","Offentligt forbrug, i alt-(Anvendelse)",1968,
Told,"10120 Føde-, drikke- og tobaksvareindustri-(Tilgang)","Offentligt forbrug, i alt-(Anvendelse)",1969,
Told,"10120 Føde-, drikke- og tobaksvareindustri-(Tilgang)","Offentligt forbrug, i alt-(Anvendelse)",1970,
Told,"10120 Føde-, drikke- og tobaksvareindustri-(Tilgang)","Offentligt forbrug, i alt-(Anvendelse)",1971,
Told,"10120 Føde-, drikke- og tobaksvareindustri-(Tilgang)","Offentligt forbrug, i alt-(Anvendelse)",1972,
Told,"10120 Føde-, drikke- og tobaksvareindustri-(Tilgang)","Offentligt forbrug, i alt-(Anvendelse)",1973,
Told,"10120 Føde-, drikke- og tobaksvareindustri-(Tilgang)","Offentligt forbrug, i alt-(Anvendelse)",1974,
Told,"10120 Føde-, drikke- og tobaksvareindustri-(Tilgang)","Offentligt forbrug, i alt-(Anvendelse)",1975,
Told,"10120 Føde-, drikke- og tobaksvareindustri-(Tilgang)","Offentligt forbrug, i alt-(Anvendelse)",1976,
Told,"10120 Føde-, drikke- og tobaksvareindustri-(Tilgang)","Offentligt forbrug, i alt-(Anvendelse)",1977,
Told,"10120 Føde-, drikke- og tobaksvareindustri-(Tilgang)","Offentligt forbrug, i alt-(Anvendelse)",1978,
Told,"10120 Føde-, drikke- og tobaksvareindustri-(Tilgang)","Offentligt forbrug, i alt-(Anvendelse)",1979,
Told,"10120 Føde-, drikke- og tobaksvareindustri-(Tilgang)","Offentligt forbrug, i alt-(Anvendelse)",1980,
Told,"10120 Føde-, drikke- og tobaksvareindustri-(Tilgang)","Offentligt forbrug, i alt-(Anvendelse)",1981,
Told,"10120 Føde-, drikke- og tobaksvareindustri-(Tilgang)","Offentligt forbrug, i alt-(Anvendelse)",1982,
Told,"10120 Føde-, drikke- og tobaksvareindustri-(Tilgang)","Offentligt forbrug, i alt-(Anvendelse)",1983,
Told,"10120 Føde-, drikke- og tobaksvareindustri-(Tilgang)","Offentligt forbrug, i alt-(Anvendelse)",1984,
Told,"10120 Føde-, drikke- og tobaksvareindustri-(Tilgang)","Offentligt forbrug, i alt-(Anvendelse)",1985,
Told,"10120 Føde-, drikke- og tobaksvareindustri-(Tilgang)","Offentligt forbrug, i alt-(Anvendelse)",1986,
Told,"10120 Føde-, drikke- og tobaksvareindustri-(Tilgang)","Offentligt forbrug, i alt-(Anvendelse)",1987,
Told,"10120 Føde-, drikke- og tobaksvareindustri-(Tilgang)","Offentligt forbrug, i alt-(Anvendelse)",1988,
Told,"10120 Føde-, drikke- og tobaksvareindustri-(Tilgang)","Offentligt forbrug, i alt-(Anvendelse)",1989,
Told,"10120 Føde-, drikke- og tobaksvareindustri-(Tilgang)","Offentligt forbrug, i alt-(Anvendelse)",1990,
Told,"10120 Føde-, drikke- og tobaksvareindustri-(Tilgang)","Offentligt forbrug, i alt-(Anvendelse)",1991,
Told,"10120 Føde-, drikke- og tobaksvareindustri-(Tilgang)","Offentligt forbrug, i alt-(Anvendelse)",1992,
Told,"10120 Føde-, drikke- og tobaksvareindustri-(Tilgang)","Offentligt forbrug, i alt-(Anvendelse)",1993,
Told,"10120 Føde-, drikke- og tobaksvareindustri-(Tilgang)","Offentligt forbrug, i alt-(Anvendelse)",1994,
Told,"10120 Føde-, drikke- og tobaksvareindustri-(Tilgang)","Offentligt forbrug, i alt-(Anvendelse)",1995,
Told,"10120 Føde-, drikke- og tobaksvareindustri-(Tilgang)","Offentligt forbrug, i alt-(Anvendelse)",1996,
Told,"10120 Føde-, drikke- og tobaksvareindustri-(Tilgang)","Offentligt forbrug, i alt-(Anvendelse)",1997,
Told,"10120 Føde-, drikke- og tobaksvareindustri-(Tilgang)","Offentligt forbrug, i alt-(Anvendelse)",1998,
Told,"10120 Føde-, drikke- og tobaksvareindustri-(Tilgang)","Offentligt forbrug, i alt-(Anvendelse)",1999,
Told,"10120 Føde-, drikke- og tobaksvareindustri-(Tilgang)","Offentligt forbrug, i alt-(Anvendelse)",2000,
Told,"10120 Føde-, drikke- og tobaksvareindustri-(Tilgang)","Offentligt forbrug, i alt-(Anvendelse)",2001,
Told,"10120 Føde-, drikke- og tobaksvareindustri-(Tilgang)","Offentligt forbrug, i alt-(Anvendelse)",2002,
Told,"10120 Føde-, drikke- og tobaksvareindustri-(Tilgang)","Offentligt forbrug, i alt-(Anvendelse)",2003,
Told,"10120 Føde-, drikke- og tobaksvareindustri-(Tilgang)","Offentligt forbrug, i alt-(Anvendelse)",2004,
Told,"10120 Føde-, drikke- og tobaksvareindustri-(Tilgang)","Offentligt forbrug, i alt-(Anvendelse)",2005,0.01642485575914318
Told,"10120 Føde-, drikke- og tobaksvareindustri-(Tilgang)","Offentligt forbrug, i alt-(Anvendelse)",2006,0.027996913225812242
Told,"10120 Føde-, drikke- og tobaksvareindustri-(Tilgang)","Offentligt forbrug, i alt-(Anvendelse)",2007,0.07353855873980017
Told,"10120 Føde-, drikke- og tobaksvareindustri-(Tilgang)","Offentligt forbrug, i alt-(Anvendelse)",2008,0.08043279862165643
Told,"10120 Føde-, drikke- og tobaksvareindustri-(Tilgang)","Offentligt forbrug, i alt-(Anvendelse)",2009,0.06371539341793961
Told,"10120 Føde-, drikke- og tobaksvareindustri-(Tilgang)","Offentligt forbrug, i alt-(Anvendelse)",2010,0.11035672716179085
Told,"10120 Føde-, drikke- og tobaksvareindustri-(Tilgang)","Offentligt forbrug, i alt-(Anvendelse)",2011,0.1464449459966893
Told,"10120 Føde-, drikke- og tobaksvareindustri-(Tilgang)","Offentligt forbrug, i alt-(Anvendelse)",2012,0.14400419689674449
Told,"10120 Føde-, drikke- og tobaksvareindustri-(Tilgang)","Offentligt forbrug, i alt-(Anvendelse)",2013,0.1292000271223128
Told,"10120 Føde-, drikke- og tobaksvareindustri-(Tilgang)","Offentligt forbrug, i alt-(Anvendelse)",2014,0.1521689208329462
Told,"10120 Føde-, drikke- og tobaksvareindustri-(Tilgang)","Offentligt forbrug, i alt-(Anvendelse)",2015,0.16078932767816237
Told,"10120 Føde-, drikke- og tobaksvareindustri-(Tilgang)","Offentligt forbrug, i alt-(Anvendelse)",2016,0.09518424822457253
Told,"10120 Føde-, drikke- og tobaksvareindustri-(Tilgang)","Offentligt forbrug, i alt-(Anvendelse)",2017,0.09745053984896712
Told,"10120 Føde-, drikke- og tobaksvareindustri-(Tilgang)","Offentligt forbrug, i alt-(Anvendelse)",2018,0.17363914373088685
Told,"10120 Føde-, drikke- og tobaksvareindustri-(Tilgang)","Offentligt forbrug, i alt-(Anvendelse)",2019,0.13916666666666666
Told,"10120 Føde-, drikke- og tobaksvareindustri-(Tilgang)","Offentligt forbrug, i alt-(Anvendelse)",2020,0.095
Told,"10120 Føde-, drikke- og tobaksvareindustri-(Tilgang)","Offentligt forbrug, i alt-(Anvendelse)",2021,0.088
Told,"10120 Føde-, drikke- og tobaksvareindustri-(Tilgang)","Offentligt forbrug, i alt-(Anvendelse)",2022,0.08133333333333331
Told,"10120 Føde-, drikke- og tobaksvareindustri-(Tilgang)",Privat,1967,
Told,"10120 Føde-, drikke- og tobaksvareindustri-(Tilgang)",Privat,1968,
Told,"10120 Føde-, drikke- og tobaksvareindustri-(Tilgang)",Privat,1969,
Told,"10120 Føde-, drikke- og tobaksvareindustri-(Tilgang)",Privat,1970,
Told,"10120 Føde-, drikke- og tobaksvareindustri-(Tilgang)",Privat,1971,
Told,"10120 Føde-, drikke- og tobaksvareindustri-(Tilgang)",Privat,1972,
Told,"10120 Føde-, drikke- og tobaksvareindustri-(Tilgang)",Privat,1973,
Told,"10120 Føde-, drikke- og tobaksvareindustri-(Tilgang)",Privat,1974,
Told,"10120 Føde-, drikke- og tobaksvareindustri-(Tilgang)",Privat,1975,
Told,"10120 Føde-, drikke- og tobaksvareindustri-(Tilgang)",Privat,1976,
Told,"10120 Føde-, drikke- og tobaksvareindustri-(Tilgang)",Privat,1977,
Told,"10120 Føde-, drikke- og tobaksvareindustri-(Tilgang)",Privat,1978,
Told,"10120 Føde-, drikke- og tobaksvareindustri-(Tilgang)",Privat,1979,
Told,"10120 Føde-, drikke- og tobaksvareindustri-(Tilgang)",Privat,1980,
Told,"10120 Føde-, drikke- og tobaksvareindustri-(Tilgang)",Privat,1981,
Told,"10120 Føde-, drikke- og tobaksvareindustri-(Tilgang)",Privat,1982,
Told,"10120 Føde-, drikke- og tobaksvareindustri-(Tilgang)",Privat,1983,
Told,"10120 Føde-, drikke- og tobaksvareindustri-(Tilgang)",Privat,1984,
Told,"10120 Føde-, drikke- og tobaksvareindustri-(Tilgang)",Privat,1985,
Told,"10120 Føde-, drikke- og tobaksvareindustri-(Tilgang)",Privat,1986,
Told,"10120 Føde-, drikke- og tobaksvareindustri-(Tilgang)",Privat,1987,
Told,"10120 Føde-, drikke- og tobaksvareindustri-(Tilgang)",Privat,1988,
Told,"10120 Føde-, drikke- og tobaksvareindustri-(Tilgang)",Privat,1989,
Told,"10120 Føde-, drikke- og tobaksvareindustri-(Tilgang)",Privat,1990,
Told,"10120 Føde-, drikke- og tobaksvareindustri-(Tilgang)",Privat,1991,
Told,"10120 Føde-, drikke- og tobaksvareindustri-(Tilgang)",Privat,1992,
Told,"10120 Føde-, drikke- og tobaksvareindustri-(Tilgang)",Privat,1993,
Told,"10120 Føde-, drikke- og tobaksvareindustri-(Tilgang)",Privat,1994,
Told,"10120 Føde-, drikke- og tobaksvareindustri-(Tilgang)",Privat,1995,
Told,"10120 Føde-, drikke- og tobaksvareindustri-(Tilgang)",Privat,1996,
Told,"10120 Føde-, drikke- og tobaksvareindustri-(Tilgang)",Privat,1997,
Told,"10120 Føde-, drikke- og tobaksvareindustri-(Tilgang)",Privat,1998,
Told,"10120 Føde-, drikke- og tobaksvareindustri-(Tilgang)",Privat,1999,
Told,"10120 Føde-, drikke- og tobaksvareindustri-(Tilgang)",Privat,2000,
Told,"10120 Føde-, drikke- og tobaksvareindustri-(Tilgang)",Privat,2001,
Told,"10120 Føde-, drikke- og tobaksvareindustri-(Tilgang)",Privat,2002,
Told,"10120 Føde-, drikke- og tobaksvareindustri-(Tilgang)",Privat,2003,
Told,"10120 Føde-, drikke- og tobaksvareindustri-(Tilgang)",Privat,2004,
Told,"10120 Føde-, drikke- og tobaksvareindustri-(Tilgang)",Privat,2005,341.8858233923224
Told,"10120 Føde-, drikke- og tobaksvareindustri-(Tilgang)",Privat,2006,310.15513756801244
Told,"10120 Føde-, drikke- og tobaksvareindustri-(Tilgang)",Privat,2007,333.73305055586746
Told,"10120 Føde-, drikke- og tobaksvareindustri-(Tilgang)",Privat,2008,310.7602411042424
Told,"10120 Føde-, drikke- og tobaksvareindustri-(Tilgang)",Privat,2009,247.91097988118355
Told,"10120 Føde-, drikke- og tobaksvareindustri-(Tilgang)",Privat,2010,199.44858746958252
Told,"10120 Føde-, drikke- og tobaksvareindustri-(Tilgang)",Privat,2011,210.6387722451036
Told,"10120 Føde-, drikke- og tobaksvareindustri-(Tilgang)",Privat,2012,170.9205773065277
Told,"10120 Føde-, drikke- og tobaksvareindustri-(Tilgang)",Privat,2013,197.35420707434358
Told,"10120 Føde-, drikke- og tobaksvareindustri-(Tilgang)",Privat,2014,214.82029773605143
Told,"10120 Føde-, drikke- og tobaksvareindustri-(Tilgang)",Privat,2015,201.5178073984496
Told,"10120 Føde-, drikke- og tobaksvareindustri-(Tilgang)",Privat,2016,177.76928244201264
Told,"10120 Føde-, drikke- og tobaksvareindustri-(Tilgang)",Privat,2017,190.19866764913132
Told,"10120 Føde-, drikke- og tobaksvareindustri-(Tilgang)",Privat,2018,200.60357337942395
Told,"10120 Føde-, drikke- og tobaksvareindustri-(Tilgang)",Privat,2019,185.28381505894893
Told,"10120 Føde-, drikke- og tobaksvareindustri-(Tilgang)",Privat,2020,165.461
Told,"10120 Føde-, drikke- og tobaksvareindustri-(Tilgang)",Privat,2021,170.116
Told,"10120 Føde-, drikke- og tobaksvareindustri-(Tilgang)",Privat,2022,168.45209435794163
Told,"10120 Føde-, drikke- og tobaksvareindustri-(Tilgang)",REST_ANVENDELSE Øvrige brancher,1967,
Told,"10120 Føde-, drikke- og tobaksvareindustri-(Tilgang)",REST_ANVENDELSE Øvrige brancher,1968,
Told,"10120 Føde-, drikke- og tobaksvareindustri-(Tilgang)",REST_ANVENDELSE Øvrige brancher,1969,
Told,"10120 Føde-, drikke- og tobaksvareindustri-(Tilgang)",REST_ANVENDELSE Øvrige brancher,1970,
Told,"10120 Føde-, drikke- og tobaksvareindustri-(Tilgang)",REST_ANVENDELSE Øvrige brancher,1971,
Told,"10120 Føde-, drikke- og tobaksvareindustri-(Tilgang)",REST_ANVENDELSE Øvrige brancher,1972,
Told,"10120 Føde-, drikke- og tobaksvareindustri-(Tilgang)",REST_ANVENDELSE Øvrige brancher,1973,
Told,"10120 Føde-, drikke- og tobaksvareindustri-(Tilgang)",REST_ANVENDELSE Øvrige brancher,1974,
Told,"10120 Føde-, drikke- og tobaksvareindustri-(Tilgang)",REST_ANVENDELSE Øvrige brancher,1975,
Told,"10120 Føde-, drikke- og tobaksvareindustri-(Tilgang)",REST_ANVENDELSE Øvrige brancher,1976,
Told,"10120 Føde-, drikke- og tobaksvareindustri-(Tilgang)",REST_ANVENDELSE Øvrige brancher,1977,
Told,"10120 Føde-, drikke- og tobaksvareindustri-(Tilgang)",REST_ANVENDELSE Øvrige brancher,1978,
Told,"10120 Føde-, drikke- og tobaksvareindustri-(Tilgang)",REST_ANVENDELSE Øvrige brancher,1979,
Told,"10120 Føde-, drikke- og tobaksvareindustri-(Tilgang)",REST_ANVENDELSE Øvrige brancher,1980,
Told,"10120 Føde-, drikke- og tobaksvareindustri-(Tilgang)",REST_ANVENDELSE Øvrige brancher,1981,
Told,"10120 Føde-, drikke- og tobaksvareindustri-(Tilgang)",REST_ANVENDELSE Øvrige brancher,1982,
Told,"10120 Føde-, drikke- og tobaksvareindustri-(Tilgang)",REST_ANVENDELSE Øvrige brancher,1983,
Told,"10120 Føde-, drikke- og tobaksvareindustri-(Tilgang)",REST_ANVENDELSE Øvrige brancher,1984,
Told,"10120 Føde-, drikke- og tobaksvareindustri-(Tilgang)",REST_ANVENDELSE Øvrige brancher,1985,
Told,"10120 Føde-, drikke- og tobaksvareindustri-(Tilgang)",REST_ANVENDELSE Øvrige brancher,1986,
Told,"10120 Føde-, drikke- og tobaksvareindustri-(Tilgang)",REST_ANVENDELSE Øvrige brancher,1987,
Told,"10120 Føde-, drikke- og tobaksvareindustri-(Tilgang)",REST_ANVENDELSE Øvrige brancher,1988,
Told,"10120 Føde-, drikke- og tobaksvareindustri-(Tilgang)",REST_ANVENDELSE Øvrige brancher,1989,
Told,"10120 Føde-, drikke- og tobaksvareindustri-(Tilgang)",REST_ANVENDELSE Øvrige brancher,1990,
Told,"10120 Føde-, drikke- og tobaksvareindustri-(Tilgang)",REST_ANVENDELSE Øvrige brancher,1991,
Told,"10120 Føde-, drikke- og tobaksvareindustri-(Tilgang)",REST_ANVENDELSE Øvrige brancher,1992,
Told,"10120 Føde-, drikke- og tobaksvareindustri-(Tilgang)",REST_ANVENDELSE Øvrige brancher,1993,
Told,"10120 Føde-, drikke- og tobaksvareindustri-(Tilgang)",REST_ANVENDELSE Øvrige brancher,1994,
Told,"10120 Føde-, drikke- og tobaksvareindustri-(Tilgang)",REST_ANVENDELSE Øvrige brancher,1995,
Told,"10120 Føde-, drikke- og tobaksvareindustri-(Tilgang)",REST_ANVENDELSE Øvrige brancher,1996,
Told,"10120 Føde-, drikke- og tobaksvareindustri-(Tilgang)",REST_ANVENDELSE Øvrige brancher,1997,
Told,"10120 Føde-, drikke- og tobaksvareindustri-(Tilgang)",REST_ANVENDELSE Øvrige brancher,1998,
Told,"10120 Føde-, drikke- og tobaksvareindustri-(Tilgang)",REST_ANVENDELSE Øvrige brancher,1999,
Told,"10120 Føde-, drikke- og tobaksvareindustri-(Tilgang)",REST_ANVENDELSE Øvrige brancher,2000,
Told,"10120 Føde-, drikke- og tobaksvareindustri-(Tilgang)",REST_ANVENDELSE Øvrige brancher,2001,
Told,"10120 Føde-, drikke- og tobaksvareindustri-(Tilgang)",REST_ANVENDELSE Øvrige brancher,2002,
Told,"10120 Føde-, drikke- og tobaksvareindustri-(Tilgang)",REST_ANVENDELSE Øvrige brancher,2003,
Told,"10120 Føde-, drikke- og tobaksvareindustri-(Tilgang)",REST_ANVENDELSE Øvrige brancher,2004,
Told,"10120 Føde-, drikke- og tobaksvareindustri-(Tilgang)",REST_ANVENDELSE Øvrige brancher,2005,39.01459814770189
Told,"10120 Føde-, drikke- og tobaksvareindustri-(Tilgang)",REST_ANVENDELSE Øvrige brancher,2006,36.59508818505372
Told,"10120 Føde-, drikke- og tobaksvareindustri-(Tilgang)",REST_ANVENDELSE Øvrige brancher,2007,40.67292477846816
Told,"10120 Føde-, drikke- og tobaksvareindustri-(Tilgang)",REST_ANVENDELSE Øvrige brancher,2008,48.44285947782197
Told,"10120 Føde-, drikke- og tobaksvareindustri-(Tilgang)",REST_ANVENDELSE Øvrige brancher,2009,43.004843839251336
Told,"10120 Føde-, drikke- og tobaksvareindustri-(Tilgang)",REST_ANVENDELSE Øvrige brancher,2010,34.56614906634544
Told,"10120 Føde-, drikke- og tobaksvareindustri-(Tilgang)",REST_ANVENDELSE Øvrige brancher,2011,36.139042725914955
Told,"10120 Føde-, drikke- og tobaksvareindustri-(Tilgang)",REST_ANVENDELSE Øvrige brancher,2012,37.75292273957954
Told,"10120 Føde-, drikke- og tobaksvareindustri-(Tilgang)",REST_ANVENDELSE Øvrige brancher,2013,52.08671046815282
Told,"10120 Føde-, drikke- og tobaksvareindustri-(Tilgang)",REST_ANVENDELSE Øvrige brancher,2014,56.067890040673824
Told,"10120 Føde-, drikke- og tobaksvareindustri-(Tilgang)",REST_ANVENDELSE Øvrige brancher,2015,50.63737427833487
Told,"10120 Føde-, drikke- og tobaksvareindustri-(Tilgang)",REST_ANVENDELSE Øvrige brancher,2016,50.80236140290966
Told,"10120 Føde-, drikke- og tobaksvareindustri-(Tilgang)",REST_ANVENDELSE Øvrige brancher,2017,53.516231435111024
Told,"10120 Føde-, drikke- og tobaksvareindustri-(Tilgang)",REST_ANVENDELSE Øvrige brancher,2018,54.69153100982057
Told,"10120 Føde-, drikke- og tobaksvareindustri-(Tilgang)",REST_ANVENDELSE Øvrige brancher,2019,56.675879459231474
Told,"10120 Føde-, drikke- og tobaksvareindustri-(Tilgang)",REST_ANVENDELSE Øvrige brancher,2020,48.362
Told,"10120 Føde-, drikke- og tobaksvareindustri-(Tilgang)",REST_ANVENDELSE Øvrige brancher,2021,52.812
Told,"10120 Føde-, drikke- og tobaksvareindustri-(Tilgang)",REST_ANVENDELSE Øvrige brancher,2022,58.89820666680547
Told,Privat,01000 Landbrug og gartneri- (Anvendelse),1967,
Told,Privat,01000 Landbrug og gartneri- (Anvendelse),1968,
Told,Privat,01000 Landbrug og gartneri- (Anvendelse),1969,
Told,Privat,01000 Landbrug og gartneri- (Anvendelse),1970,
Told,Privat,01000 Landbrug og gartneri- (Anvendelse),1971,
Told,Privat,01000 Landbrug og gartneri- (Anvendelse),1972,
Told,Privat,01000 Landbrug og gartneri- (Anvendelse),1973,
Told,Privat,01000 Landbrug og gartneri- (Anvendelse),1974,
Told,Privat,01000 Landbrug og gartneri- (Anvendelse),1975,
Told,Privat,01000 Landbrug og gartneri- (Anvendelse),1976,
Told,Privat,01000 Landbrug og gartneri- (Anvendelse),1977,
Told,Privat,01000 Landbrug og gartneri- (Anvendelse),1978,
Told,Privat,01000 Landbrug og gartneri- (Anvendelse),1979,
Told,Privat,01000 Landbrug og gartneri- (Anvendelse),1980,
Told,Privat,01000 Landbrug og gartneri- (Anvendelse),1981,
Told,Privat,01000 Landbrug og gartneri- (Anvendelse),1982,
Told,Privat,01000 Landbrug og gartneri- (Anvendelse),1983,
Told,Privat,01000 Landbrug og gartneri- (Anvendelse),1984,
Told,Privat,01000 Landbrug og gartneri- (Anvendelse),1985,
Told,Privat,01000 Landbrug og gartneri- (Anvendelse),1986,
Told,Privat,01000 Landbrug og gartneri- (Anvendelse),1987,
Told,Privat,01000 Landbrug og gartneri- (Anvendelse),1988,
Told,Privat,01000 Landbrug og gartneri- (Anvendelse),1989,
Told,Privat,01000 Landbrug og gartneri- (Anvendelse),1990,
Told,Privat,01000 Landbrug og gartneri- (Anvendelse),1991,
Told,Privat,01000 Landbrug og gartneri- (Anvendelse),1992,
Told,Privat,01000 Landbrug og gartneri- (Anvendelse),1993,
Told,Privat,01000 Landbrug og gartneri- (Anvendelse),1994,
Told,Privat,01000 Landbrug og gartneri- (Anvendelse),1995,
Told,Privat,01000 Landbrug og gartneri- (Anvendelse),1996,
Told,Privat,01000 Landbrug og gartneri- (Anvendelse),1997,
Told,Privat,01000 Landbrug og gartneri- (Anvendelse),1998,
Told,Privat,01000 Landbrug og gartneri- (Anvendelse),1999,
Told,Privat,01000 Landbrug og gartneri- (Anvendelse),2000,
Told,Privat,01000 Landbrug og gartneri- (Anvendelse),2001,
Told,Privat,01000 Landbrug og gartneri- (Anvendelse),2002,
Told,Privat,01000 Landbrug og gartneri- (Anvendelse),2003,
Told,Privat,01000 Landbrug og gartneri- (Anvendelse),2004,
Told,Privat,01000 Landbrug og gartneri- (Anvendelse),2005,35.564142473062724
Told,Privat,01000 Landbrug og gartneri- (Anvendelse),2006,30.817220287775186
Told,Privat,01000 Landbrug og gartneri- (Anvendelse),2007,44.5151653972533
Told,Privat,01000 Landbrug og gartneri- (Anvendelse),2008,49.02611343378827
Told,Privat,01000 Landbrug og gartneri- (Anvendelse),2009,41.6683159879473
Told,Privat,01000 Landbrug og gartneri- (Anvendelse),2010,40.16357303947406
Told,Privat,01000 Landbrug og gartneri- (Anvendelse),2011,54.52156533377879
Told,Privat,01000 Landbrug og gartneri- (Anvendelse),2012,44.34776452203052
Told,Privat,01000 Landbrug og gartneri- (Anvendelse),2013,47.97724908649339
Told,Privat,01000 Landbrug og gartneri- (Anvendelse),2014,47.538967273888396
Told,Privat,01000 Landbrug og gartneri- (Anvendelse),2015,38.2122377608637
Told,Privat,01000 Landbrug og gartneri- (Anvendelse),2016,43.23576082166406
Told,Privat,01000 Landbrug og gartneri- (Anvendelse),2017,48.61994646042167
Told,Privat,01000 Landbrug og gartneri- (Anvendelse),2018,41.66158388576266
Told,Privat,01000 Landbrug og gartneri- (Anvendelse),2019,34.61028522897132
Told,Privat,01000 Landbrug og gartneri- (Anvendelse),2020,36.665
Told,Privat,01000 Landbrug og gartneri- (Anvendelse),2021,38.418
Told,Privat,01000 Landbrug og gartneri- (Anvendelse),2022,34.29114216760657
Told,Privat,"10120 Føde-, drikke- og tobaksvareindustri- (Anvendelse)",1967,
Told,Privat,"10120 Føde-, drikke- og tobaksvareindustri- (Anvendelse)",1968,
Told,Privat,"10120 Føde-, drikke- og tobaksvareindustri- (Anvendelse)",1969,
Told,Privat,"10120 Føde-, drikke- og tobaksvareindustri- (Anvendelse)",1970,
Told,Privat,"10120 Føde-, drikke- og tobaksvareindustri- (Anvendelse)",1971,
Told,Privat,"10120 Føde-, drikke- og tobaksvareindustri- (Anvendelse)",1972,
Told,Privat,"10120 Føde-, drikke- og tobaksvareindustri- (Anvendelse)",1973,
Told,Privat,"10120 Føde-, drikke- og tobaksvareindustri- (Anvendelse)",1974,
Told,Privat,"10120 Føde-, drikke- og tobaksvareindustri- (Anvendelse)",1975,
Told,Privat,"10120 Føde-, drikke- og tobaksvareindustri- (Anvendelse)",1976,
Told,Privat,"10120 Føde-, drikke- og tobaksvareindustri- (Anvendelse)",1977,
Told,Privat,"10120 Føde-, drikke- og tobaksvareindustri- (Anvendelse)",1978,
Told,Privat,"10120 Føde-, drikke- og tobaksvareindustri- (Anvendelse)",1979,
Told,Privat,"10120 Føde-, drikke- og tobaksvareindustri- (Anvendelse)",1980,
Told,Privat,"10120 Føde-, drikke- og tobaksvareindustri- (Anvendelse)",1981,
Told,Privat,"10120 Føde-, drikke- og tobaksvareindustri- (Anvendelse)",1982,
Told,Privat,"10120 Føde-, drikke- og tobaksvareindustri- (Anvendelse)",1983,
Told,Privat,"10120 Føde-, drikke- og tobaksvareindustri- (Anvendelse)",1984,
Told,Privat,"10120 Føde-, drikke- og tobaksvareindustri- (Anvendelse)",1985,
Told,Privat,"10120 Føde-, drikke- og tobaksvareindustri- (Anvendelse)",1986,
Told,Privat,"10120 Føde-, drikke- og tobaksvareindustri- (Anvendelse)",1987,
Told,Privat,"10120 Føde-, drikke- og tobaksvareindustri- (Anvendelse)",1988,
Told,Privat,"10120 Føde-, drikke- og tobaksvareindustri- (Anvendelse)",1989,
Told,Privat,"10120 Føde-, drikke- og tobaksvareindustri- (Anvendelse)",1990,
Told,Privat,"10120 Føde-, drikke- og tobaksvareindustri- (Anvendelse)",1991,
Told,Privat,"10120 Føde-, drikke- og tobaksvareindustri- (Anvendelse)",1992,
Told,Privat,"10120 Føde-, drikke- og tobaksvareindustri- (Anvendelse)",1993,
Told,Privat,"10120 Føde-, drikke- og tobaksvareindustri- (Anvendelse)",1994,
Told,Privat,"10120 Føde-, drikke- og tobaksvareindustri- (Anvendelse)",1995,
Told,Privat,"10120 Føde-, drikke- og tobaksvareindustri- (Anvendelse)",1996,
Told,Privat,"10120 Føde-, drikke- og tobaksvareindustri- (Anvendelse)",1997,
Told,Privat,"10120 Føde-, drikke- og tobaksvareindustri- (Anvendelse)",1998,
Told,Privat,"10120 Føde-, drikke- og tobaksvareindustri- (Anvendelse)",1999,
Told,Privat,"10120 Føde-, drikke- og tobaksvareindustri- (Anvendelse)",2000,
Told,Privat,"10120 Føde-, drikke- og tobaksvareindustri- (Anvendelse)",2001,
Told,Privat,"10120 Føde-, drikke- og tobaksvareindustri- (Anvendelse)",2002,
Told,Privat,"10120 Føde-, drikke- og tobaksvareindustri- (Anvendelse)",2003,
Told,Privat,"10120 Føde-, drikke- og tobaksvareindustri- (Anvendelse)",2004,
Told,Privat,"10120 Føde-, drikke- og tobaksvareindustri- (Anvendelse)",2005,318.89574738258773
Told,Privat,"10120 Føde-, drikke- og tobaksvareindustri- (Anvendelse)",2006,284.639130732941
Told,Privat,"10120 Føde-, drikke- og tobaksvareindustri- (Anvendelse)",2007,309.2350688911539
Told,Privat,"10120 Føde-, drikke- og tobaksvareindustri- (Anvendelse)",2008,289.0099275723064
Told,Privat,"10120 Føde-, drikke- og tobaksvareindustri- (Anvendelse)",2009,230.63155770977514
Told,Privat,"10120 Føde-, drikke- og tobaksvareindustri- (Anvendelse)",2010,193.70961672604045
Told,Privat,"10120 Føde-, drikke- og tobaksvareindustri- (Anvendelse)",2011,193.7514350867916
Told,Privat,"10120 Føde-, drikke- og tobaksvareindustri- (Anvendelse)",2012,163.28708561459547
Told,Privat,"10120 Føde-, drikke- og tobaksvareindustri- (Anvendelse)",2013,171.8541817334919
Told,Privat,"10120 Føde-, drikke- og tobaksvareindustri- (Anvendelse)",2014,179.5618348152941
Told,Privat,"10120 Føde-, drikke- og tobaksvareindustri- (Anvendelse)",2015,188.9582757955216
Told,Privat,"10120 Føde-, drikke- og tobaksvareindustri- (Anvendelse)",2016,158.09486453285868
Told,Privat,"10120 Føde-, drikke- og tobaksvareindustri- (Anvendelse)",2017,172.19100994347548
Told,Privat,"10120 Føde-, drikke- og tobaksvareindustri- (Anvendelse)",2018,181.7024378139337
Told,Privat,"10120 Føde-, drikke- og tobaksvareindustri- (Anvendelse)",2019,171.34225058611713
Told,Privat,"10120 Føde-, drikke- og tobaksvareindustri- (Anvendelse)",2020,160.984
Told,Privat,"10120 Føde-, drikke- og tobaksvareindustri- (Anvendelse)",2021,164.3
Told,Privat,"10120 Føde-, drikke- og tobaksvareindustri- (Anvendelse)",2022,158.33708036361352
Told,Privat,"Anvendelse, i alt-(Anvendelse)",1967,
Told,Privat,"Anvendelse, i alt-(Anvendelse)",1968,
Told,Privat,"Anvendelse, i alt-(Anvendelse)",1969,
Told,Privat,"Anvendelse, i alt-(Anvendelse)",1970,
Told,Privat,"Anvendelse, i alt-(Anvendelse)",1971,
Told,Privat,"Anvendelse, i alt-(Anvendelse)",1972,
Told,Privat,"Anvendelse, i alt-(Anvendelse)",1973,
Told,Privat,"Anvendelse, i alt-(Anvendelse)",1974,
Told,Privat,"Anvendelse, i alt-(Anvendelse)",1975,
Told,Privat,"Anvendelse, i alt-(Anvendelse)",1976,
Told,Privat,"Anvendelse, i alt-(Anvendelse)",1977,
Told,Privat,"Anvendelse, i alt-(Anvendelse)",1978,
Told,Privat,"Anvendelse, i alt-(Anvendelse)",1979,
Told,Privat,"Anvendelse, i alt-(Anvendelse)",1980,
Told,Privat,"Anvendelse, i alt-(Anvendelse)",1981,
Told,Privat,"Anvendelse, i alt-(Anvendelse)",1982,
Told,Privat,"Anvendelse, i alt-(Anvendelse)",1983,
Told,Privat,"Anvendelse, i alt-(Anvendelse)",1984,
Told,Privat,"Anvendelse, i alt-(Anvendelse)",1985,
Told,Privat,"Anvendelse, i alt-(Anvendelse)",1986,
Told,Privat,"Anvendelse, i alt-(Anvendelse)",1987,
Told,Privat,"Anvendelse, i alt-(Anvendelse)",1988,
Told,Privat,"Anvendelse, i alt-(Anvendelse)",1989,
Told,Privat,"Anvendelse, i alt-(Anvendelse)",1990,
Told,Privat,"Anvendelse, i alt-(Anvendelse)",1991,
Told,Privat,"Anvendelse, i alt-(Anvendelse)",1992,
Told,Privat,"Anvendelse, i alt-(Anvendelse)",1993,
Told,Privat,"Anvendelse, i alt-(Anvendelse)",1994,
Told,Privat,"Anvendelse, i alt-(Anvendelse)",1995,
Told,Privat,"Anvendelse, i alt-(Anvendelse)",1996,
Told,Privat,"Anvendelse, i alt-(Anvendelse)",1997,
Told,Privat,"Anvendelse, i alt-(Anvendelse)",1998,
Told,Privat,"Anvendelse, i alt-(Anvendelse)",1999,
Told,Privat,"Anvendelse, i alt-(Anvendelse)",2000,
Told,Privat,"Anvendelse, i alt-(Anvendelse)",2001,
Told,Privat,"Anvendelse, i alt-(Anvendelse)",2002,
Told,Privat,"Anvendelse, i alt-(Anvendelse)",2003,
Told,Privat,"Anvendelse, i alt-(Anvendelse)",2004,
Told,Privat,"Anvendelse, i alt-(Anvendelse)",2005,1796.2187027499533
Told,Privat,"Anvendelse, i alt-(Anvendelse)",2006,1990.8245566477779
Told,Privat,"Anvendelse, i alt-(Anvendelse)",2007,2147.6273548567046
Told,Privat,"Anvendelse, i alt-(Anvendelse)",2008,2175.2128238723526
Told,Privat,"Anvendelse, i alt-(Anvendelse)",2009,1808.4655825481598
Told,Privat,"Anvendelse, i alt-(Anvendelse)",2010,2317.150347014892
Told,Privat,"Anvendelse, i alt-(Anvendelse)",2011,2374.8840781384615
Told,Privat,"Anvendelse, i alt-(Anvendelse)",2012,2319.5682056598075
Told,Privat,"Anvendelse, i alt-(Anvendelse)",2013,2274.2389666058484
Told,Privat,"Anvendelse, i alt-(Anvendelse)",2014,2571.304256452094
Told,Privat,"Anvendelse, i alt-(Anvendelse)",2015,2773.0689377850326
Told,Privat,"Anvendelse, i alt-(Anvendelse)",2016,2673.4473774353883
Told,Privat,"Anvendelse, i alt-(Anvendelse)",2017,2780.3851680069474
Told,Privat,"Anvendelse, i alt-(Anvendelse)",2018,2874.694907830782
Told,Privat,"Anvendelse, i alt-(Anvendelse)",2019,2953.2622685359147
Told,Privat,"Anvendelse, i alt-(Anvendelse)",2020,3089.006
Told,Privat,"Anvendelse, i alt-(Anvendelse)",2021,3406.326
Told,Privat,"Anvendelse, i alt-(Anvendelse)",2022,3659.11475185479
Told,Privat,Eksport - (Anvendelse),1967,
Told,Privat,Eksport - (Anvendelse),1968,
Told,Privat,Eksport - (Anvendelse),1969,
Told,Privat,Eksport - (Anvendelse),1970,
Told,Privat,Eksport - (Anvendelse),1971,
Told,Privat,Eksport - (Anvendelse),1972,
Told,Privat,Eksport - (Anvendelse),1973,
Told,Privat,Eksport - (Anvendelse),1974,
Told,Privat,Eksport - (Anvendelse),1975,
Told,Privat,Eksport - (Anvendelse),1976,
Told,Privat,Eksport - (Anvendelse),1977,
Told,Privat,Eksport - (Anvendelse),1978,
Told,Privat,Eksport - (Anvendelse),1979,
Told,Privat,Eksport - (Anvendelse),1980,
Told,Privat,Eksport - (Anvendelse),1981,
Told,Privat,Eksport - (Anvendelse),1982,
Told,Privat,Eksport - (Anvendelse),1983,
Told,Privat,Eksport - (Anvendelse),1984,
Told,Privat,Eksport - (Anvendelse),1985,
Told,Privat,Eksport - (Anvendelse),1986,
Told,Privat,Eksport - (Anvendelse),1987,
Told,Privat,Eksport - (Anvendelse),1988,
Told,Privat,Eksport - (Anvendelse),1989,
Told,Privat,Eksport - (Anvendelse),1990,
Told,Privat,Eksport - (Anvendelse),1991,
Told,Privat,Eksport - (Anvendelse),1992,
Told,Privat,Eksport - (Anvendelse),1993,
Told,Privat,Eksport - (Anvendelse),1994,
Told,Privat,Eksport - (Anvendelse),1995,
Told,Privat,Eksport - (Anvendelse),1996,
Told,Privat,Eksport - (Anvendelse),1997,
Told,Privat,Eksport - (Anvendelse),1998,
Told,Privat,Eksport - (Anvendelse),1999,
Told,Privat,Eksport - (Anvendelse),2000,
Told,Privat,Eksport - (Anvendelse),2001,
Told,Privat,Eksport - (Anvendelse),2002,
Told,Privat,Eksport - (Anvendelse),2003,
Told,Privat,Eksport - (Anvendelse),2004,
Told,Privat,Eksport - (Anvendelse),2005,454.6902884374333
Told,Privat,Eksport - (Anvendelse),2006,471.82457347938447
Told,Privat,Eksport - (Anvendelse),2007,576.9685956686587
Told,Privat,Eksport - (Anvendelse),2008,586.0445987870481
Told,Privat,Eksport - (Anvendelse),2009,460.91880657091934
Told,Privat,Eksport - (Anvendelse),2010,885.4225131245747
Told,Privat,Eksport - (Anvendelse),2011,964.3394057687933
Told,Privat,Eksport - (Anvendelse),2012,866.542154621594
Told,Privat,Eksport - (Anvendelse),2013,884.644397660061
Told,Privat,Eksport - (Anvendelse),2014,995.060389518605
Told,Privat,Eksport - (Anvendelse),2015,1072.5860913795364
Told,Privat,Eksport - (Anvendelse),2016,1012.0884911759484
Told,Privat,Eksport - (Anvendelse),2017,1062.9427528269339
Told,Privat,Eksport - (Anvendelse),2018,1107.9174782416032
Told,Privat,Eksport - (Anvendelse),2019,1137.182261613183
Told,Privat,Eksport - (Anvendelse),2020,1167.5369999999998
Told,Privat,Eksport - (Anvendelse),2021,1340.146
Told,Privat,Eksport - (Anvendelse),2022,1513.199054722788
Told,Privat,Faste bruttoinvesteringer + Lagerforøgelse + Værdigenstande (Anvendelse),1967,
Told,Privat,Faste bruttoinvesteringer + Lagerforøgelse + Værdigenstande (Anvendelse),1968,
Told,Privat,Faste bruttoinvesteringer + Lagerforøgelse + Værdigenstande (Anvendelse),1969,
Told,Privat,Faste bruttoinvesteringer + Lagerforøgelse + Værdigenstande (Anvendelse),1970,
Told,Privat,Faste bruttoinvesteringer + Lagerforøgelse + Værdigenstande (Anvendelse),1971,
Told,Privat,Faste bruttoinvesteringer + Lagerforøgelse + Værdigenstande (Anvendelse),1972,
Told,Privat,Faste bruttoinvesteringer + Lagerforøgelse + Værdigenstande (Anvendelse),1973,
Told,Privat,Faste bruttoinvesteringer + Lagerforøgelse + Værdigenstande (Anvendelse),1974,
Told,Privat,Faste bruttoinvesteringer + Lagerforøgelse + Værdigenstande (Anvendelse),1975,
Told,Privat,Faste bruttoinvesteringer + Lagerforøgelse + Værdigenstande (Anvendelse),1976,
Told,Privat,Faste bruttoinvesteringer + Lagerforøgelse + Værdigenstande (Anvendelse),1977,
Told,Privat,Faste bruttoinvesteringer + Lagerforøgelse + Værdigenstande (Anvendelse),1978,
Told,Privat,Faste bruttoinvesteringer + Lagerforøgelse + Værdigenstande (Anvendelse),1979,
Told,Privat,Faste bruttoinvesteringer + Lagerforøgelse + Værdigenstande (Anvendelse),1980,
Told,Privat,Faste bruttoinvesteringer + Lagerforøgelse + Værdigenstande (Anvendelse),1981,
Told,Privat,Faste bruttoinvesteringer + Lagerforøgelse + Værdigenstande (Anvendelse),1982,
Told,Privat,Faste bruttoinvesteringer + Lagerforøgelse + Værdigenstande (Anvendelse),1983,
Told,Privat,Faste bruttoinvesteringer + Lagerforøgelse + Værdigenstande (Anvendelse),1984,
Told,Privat,Faste bruttoinvesteringer + Lagerforøgelse + Værdigenstande (Anvendelse),1985,
Told,Privat,Faste bruttoinvesteringer + Lagerforøgelse + Værdigenstande (Anvendelse),1986,
Told,Privat,Faste bruttoinvesteringer + Lagerforøgelse + Værdigenstande (Anvendelse),1987,
Told,Privat,Faste bruttoinvesteringer + Lagerforøgelse + Værdigenstande (Anvendelse),1988,
Told,Privat,Faste bruttoinvesteringer + Lagerforøgelse + Værdigenstande (Anvendelse),1989,
Told,Privat,Faste bruttoinvesteringer + Lagerforøgelse + Værdigenstande (Anvendelse),1990,
Told,Privat,Faste bruttoinvesteringer + Lagerforøgelse + Værdigenstande (Anvendelse),1991,
Told,Privat,Faste bruttoinvesteringer + Lagerforøgelse + Værdigenstande (Anvendelse),1992,
Told,Privat,Faste bruttoinvesteringer + Lagerforøgelse + Værdigenstande (Anvendelse),1993,
Told,Privat,Faste bruttoinvesteringer + Lagerforøgelse + Værdigenstande (Anvendelse),1994,
Told,Privat,Faste bruttoinvesteringer + Lagerforøgelse + Værdigenstande (Anvendelse),1995,
Told,Privat,Faste bruttoinvesteringer + Lagerforøgelse + Værdigenstande (Anvendelse),1996,
Told,Privat,Faste bruttoinvesteringer + Lagerforøgelse + Værdigenstande (Anvendelse),1997,
Told,Privat,Faste bruttoinvesteringer + Lagerforøgelse + Værdigenstande (Anvendelse),1998,
Told,Privat,Faste bruttoinvesteringer + Lagerforøgelse + Værdigenstande (Anvendelse),1999,
Told,Privat,Faste bruttoinvesteringer + Lagerforøgelse + Værdigenstande (Anvendelse),2000,
Told,Privat,Faste bruttoinvesteringer + Lagerforøgelse + Værdigenstande (Anvendelse),2001,
Told,Privat,Faste bruttoinvesteringer + Lagerforøgelse + Værdigenstande (Anvendelse),2002,
Told,Privat,Faste bruttoinvesteringer + Lagerforøgelse + Værdigenstande (Anvendelse),2003,
Told,Privat,Faste bruttoinvesteringer + Lagerforøgelse + Værdigenstande (Anvendelse),2004,
Told,Privat,Faste bruttoinvesteringer + Lagerforøgelse + Værdigenstande (Anvendelse),2005,899.8614824509237
Told,Privat,Faste bruttoinvesteringer + Lagerforøgelse + Værdigenstande (Anvendelse),2006,770.5943736648819
Told,Privat,Faste bruttoinvesteringer + Lagerforøgelse + Værdigenstande (Anvendelse),2007,962.6957401494493
Told,Privat,Faste bruttoinvesteringer + Lagerforøgelse + Værdigenstande (Anvendelse),2008,856.5250385664986
Told,Privat,Faste bruttoinvesteringer + Lagerforøgelse + Værdigenstande (Anvendelse),2009,325.3336394265081
Told,Privat,Faste bruttoinvesteringer + Lagerforøgelse + Værdigenstande (Anvendelse),2010,219.95365193652827
Told,Privat,Faste bruttoinvesteringer + Lagerforøgelse + Værdigenstande (Anvendelse),2011,294.314129678373
Told,Privat,Faste bruttoinvesteringer + Lagerforøgelse + Værdigenstande (Anvendelse),2012,236.6073094958843
Told,Privat,Faste bruttoinvesteringer + Lagerforøgelse + Værdigenstande (Anvendelse),2013,214.0969908662799
Told,Privat,Faste bruttoinvesteringer + Lagerforøgelse + Værdigenstande (Anvendelse),2014,100.23137455912264
Told,Privat,Faste bruttoinvesteringer + Lagerforøgelse + Værdigenstande (Anvendelse),2015,122.30570717423194
Told,Privat,Faste bruttoinvesteringer + Lagerforøgelse + Værdigenstande (Anvendelse),2016,109.39839616197358
Told,Privat,Faste bruttoinvesteringer + Lagerforøgelse + Værdigenstande (Anvendelse),2017,124.13460825994484
Told,Privat,Faste bruttoinvesteringer + Lagerforøgelse + Værdigenstande (Anvendelse),2018,118.56869411823557
Told,Privat,Faste bruttoinvesteringer + Lagerforøgelse + Værdigenstande (Anvendelse),2019,118.34456478583314
Told,Privat,Faste bruttoinvesteringer + Lagerforøgelse + Værdigenstande (Anvendelse),2020,87.953
Told,Privat,Faste bruttoinvesteringer + Lagerforøgelse + Værdigenstande (Anvendelse),2021,189.689
Told,Privat,Faste bruttoinvesteringer + Lagerforøgelse + Værdigenstande (Anvendelse),2022,268.3666359205525
Told,Privat,Husholdningernes forbrugsudgifter + NPISH (Anvendelse),1967,
Told,Privat,Husholdningernes forbrugsudgifter + NPISH (Anvendelse),1968,
Told,Privat,Husholdningernes forbrugsudgifter + NPISH (Anvendelse),1969,
Told,Privat,Husholdningernes forbrugsudgifter + NPISH (Anvendelse),1970,
Told,Privat,Husholdningernes forbrugsudgifter + NPISH (Anvendelse),1971,
Told,Privat,Husholdningernes forbrugsudgifter + NPISH (Anvendelse),1972,
Told,Privat,Husholdningernes forbrugsudgifter + NPISH (Anvendelse),1973,
Told,Privat,Husholdningernes forbrugsudgifter + NPISH (Anvendelse),1974,
Told,Privat,Husholdningernes forbrugsudgifter + NPISH (Anvendelse),1975,
Told,Privat,Husholdningernes forbrugsudgifter + NPISH (Anvendelse),1976,
Told,Privat,Husholdningernes forbrugsudgifter + NPISH (Anvendelse),1977,
Told,Privat,Husholdningernes forbrugsudgifter + NPISH (Anvendelse),1978,
Told,Privat,Husholdningernes forbrugsudgifter + NPISH (Anvendelse),1979,
Told,Privat,Husholdningernes forbrugsudgifter + NPISH (Anvendelse),1980,
Told,Privat,Husholdningernes forbrugsudgifter + NPISH (Anvendelse),1981,
Told,Privat,Husholdningernes forbrugsudgifter + NPISH (Anvendelse),1982,
Told,Privat,Husholdningernes forbrugsudgifter + NPISH (Anvendelse),1983,
Told,Privat,Husholdningernes forbrugsudgifter + NPISH (Anvendelse),1984,
Told,Privat,Husholdningernes forbrugsudgifter + NPISH (Anvendelse),1985,
Told,Privat,Husholdningernes forbrugsudgifter + NPISH (Anvendelse),1986,
Told,Privat,Husholdningernes forbrugsudgifter + NPISH (Anvendelse),1987,
Told,Privat,Husholdningernes forbrugsudgifter + NPISH (Anvendelse),1988,
Told,Privat,Husholdningernes forbrugsudgifter + NPISH (Anvendelse),1989,
Told,Privat,Husholdningernes forbrugsudgifter + NPISH (Anvendelse),1990,
Told,Privat,Husholdningernes forbrugsudgifter + NPISH (Anvendelse),1991,
Told,Privat,Husholdningernes forbrugsudgifter + NPISH (Anvendelse),1992,
Told,Privat,Husholdningernes forbrugsudgifter + NPISH (Anvendelse),1993,
Told,Privat,Husholdningernes forbrugsudgifter + NPISH (Anvendelse),1994,
Told,Privat,Husholdningernes forbrugsudgifter + NPISH (Anvendelse),1995,
Told,Privat,Husholdningernes forbrugsudgifter + NPISH (Anvendelse),1996,
Told,Privat,Husholdningernes forbrugsudgifter + NPISH (Anvendelse),1997,
Told,Privat,Husholdningernes forbrugsudgifter + NPISH (Anvendelse),1998,
Told,Privat,Husholdningernes forbrugsudgifter + NPISH (Anvendelse),1999,
Told,Privat,Husholdningernes forbrugsudgifter + NPISH (Anvendelse),2000,
Told,Privat,Husholdningernes forbrugsudgifter + NPISH (Anvendelse),2001,
Told,Privat,Husholdningernes forbrugsudgifter + NPISH (Anvendelse),2002,
Told,Privat,Husholdningernes forbrugsudgifter + NPISH (Anvendelse),2003,
Told,Privat,Husholdningernes forbrugsudgifter + NPISH (Anvendelse),2004,
Told,Privat,Husholdningernes forbrugsudgifter + NPISH (Anvendelse),2005,494.6052139166756
Told,Privat,Husholdningernes forbrugsudgifter + NPISH (Anvendelse),2006,468.17387583463955
Told,Privat,Husholdningernes forbrugsudgifter + NPISH (Anvendelse),2007,523.8166436644703
Told,Privat,Husholdningernes forbrugsudgifter + NPISH (Anvendelse),2008,481.5468547565343
Told,Privat,Husholdningernes forbrugsudgifter + NPISH (Anvendelse),2009,397.5899284582927
Told,Privat,Husholdningernes forbrugsudgifter + NPISH (Anvendelse),2010,424.54011211357584
Told,Privat,Husholdningernes forbrugsudgifter + NPISH (Anvendelse),2011,390.92761106921483
Told,Privat,Husholdningernes forbrugsudgifter + NPISH (Anvendelse),2012,427.4713574117957
Told,Privat,Husholdningernes forbrugsudgifter + NPISH (Anvendelse),2013,396.86302787714897
Told,Privat,Husholdningernes forbrugsudgifter + NPISH (Anvendelse),2014,481.7943866532857
Told,Privat,Husholdningernes forbrugsudgifter + NPISH (Anvendelse),2015,523.5285346620112
Told,Privat,Husholdningernes forbrugsudgifter + NPISH (Anvendelse),2016,514.3219882337901
Told,Privat,Husholdningernes forbrugsudgifter + NPISH (Anvendelse),2017,537.3021206316811
Told,Privat,Husholdningernes forbrugsudgifter + NPISH (Anvendelse),2018,561.5807065247777
Told,Privat,Husholdningernes forbrugsudgifter + NPISH (Anvendelse),2019,588.8765010976828
Told,Privat,Husholdningernes forbrugsudgifter + NPISH (Anvendelse),2020,625.001
Told,Privat,Husholdningernes forbrugsudgifter + NPISH (Anvendelse),2021,682.208
Told,Privat,Husholdningernes forbrugsudgifter + NPISH (Anvendelse),2022,693.0853492950823
Told,Privat,"Offentligt forbrug, i alt-(Anvendelse)",1967,
Told,Privat,"Offentligt forbrug, i alt-(Anvendelse)",1968,
Told,Privat,"Offentligt forbrug, i alt-(Anvendelse)",1969,
Told,Privat,"Offentligt forbrug, i alt-(Anvendelse)",1970,
Told,Privat,"Offentligt forbrug, i alt-(Anvendelse)",1971,
Told,Privat,"Offentligt forbrug, i alt-(Anvendelse)",1972,
Told,Privat,"Offentligt forbrug, i alt-(Anvendelse)",1973,
Told,Privat,"Offentligt forbrug, i alt-(Anvendelse)",1974,
Told,Privat,"Offentligt forbrug, i alt-(Anvendelse)",1975,
Told,Privat,"Offentligt forbrug, i alt-(Anvendelse)",1976,
Told,Privat,"Offentligt forbrug, i alt-(Anvendelse)",1977,
Told,Privat,"Offentligt forbrug, i alt-(Anvendelse)",1978,
Told,Privat,"Offentligt forbrug, i alt-(Anvendelse)",1979,
Told,Privat,"Offentligt forbrug, i alt-(Anvendelse)",1980,
Told,Privat,"Offentligt forbrug, i alt-(Anvendelse)",1981,
Told,Privat,"Offentligt forbrug, i alt-(Anvendelse)",1982,
Told,Privat,"Offentligt forbrug, i alt-(Anvendelse)",1983,
Told,Privat,"Offentligt forbrug, i alt-(Anvendelse)",1984,
Told,Privat,"Offentligt forbrug, i alt-(Anvendelse)",1985,
Told,Privat,"Offentligt forbrug, i alt-(Anvendelse)",1986,
Told,Privat,"Offentligt forbrug, i alt-(Anvendelse)",1987,
Told,Privat,"Offentligt forbrug, i alt-(Anvendelse)",1988,
Told,Privat,"Offentligt forbrug, i alt-(Anvendelse)",1989,
Told,Privat,"Offentligt forbrug, i alt-(Anvendelse)",1990,
Told,Privat,"Offentligt forbrug, i alt-(Anvendelse)",1991,
Told,Privat,"Offentligt forbrug, i alt-(Anvendelse)",1992,
Told,Privat,"Offentligt forbrug, i alt-(Anvendelse)",1993,
Told,Privat,"Offentligt forbrug, i alt-(Anvendelse)",1994,
Told,Privat,"Offentligt forbrug, i alt-(Anvendelse)",1995,
Told,Privat,"Offentligt forbrug, i alt-(Anvendelse)",1996,
Told,Privat,"Offentligt forbrug, i alt-(Anvendelse)",1997,
Told,Privat,"Offentligt forbrug, i alt-(Anvendelse)",1998,
Told,Privat,"Offentligt forbrug, i alt-(Anvendelse)",1999,
Told,Privat,"Offentligt forbrug, i alt-(Anvendelse)",2000,
Told,Privat,"Offentligt forbrug, i alt-(Anvendelse)",2001,
Told,Privat,"Offentligt forbrug, i alt-(Anvendelse)",2002,
Told,Privat,"Offentligt forbrug, i alt-(Anvendelse)",2003,
Told,Privat,"Offentligt forbrug, i alt-(Anvendelse)",2004,
Told,Privat,"Offentligt forbrug, i alt-(Anvendelse)",2005,0.7799307363063308
Told,Privat,"Offentligt forbrug, i alt-(Anvendelse)",2006,0.6360159114459781
Told,Privat,"Offentligt forbrug, i alt-(Anvendelse)",2007,0.6534254030102451
Told,Privat,"Offentligt forbrug, i alt-(Anvendelse)",2008,0.6874283142666101
Told,Privat,"Offentligt forbrug, i alt-(Anvendelse)",2009,0.5265989755511965
Told,Privat,"Offentligt forbrug, i alt-(Anvendelse)",2010,0.4003621433063612
Told,Privat,"Offentligt forbrug, i alt-(Anvendelse)",2011,0.4226261844463248
Told,Privat,"Offentligt forbrug, i alt-(Anvendelse)",2012,0.3347476891852559
Told,Privat,"Offentligt forbrug, i alt-(Anvendelse)",2013,0.3117197441238541
Told,Privat,"Offentligt forbrug, i alt-(Anvendelse)",2014,1.724739586880533
Told,Privat,"Offentligt forbrug, i alt-(Anvendelse)",2015,1.9612967580854832
Told,Privat,"Offentligt forbrug, i alt-(Anvendelse)",2016,1.7312087566654208
Told,Privat,"Offentligt forbrug, i alt-(Anvendelse)",2017,1.5528462060417756
Told,Privat,"Offentligt forbrug, i alt-(Anvendelse)",2018,1.541876873018964
Told,Privat,"Offentligt forbrug, i alt-(Anvendelse)",2019,1.588724944320713
Told,Privat,"Offentligt forbrug, i alt-(Anvendelse)",2020,1.49
Told,Privat,"Offentligt forbrug, i alt-(Anvendelse)",2021,1.4840000000000002
Told,Privat,"Offentligt forbrug, i alt-(Anvendelse)",2022,1.535677307022635
Told,Privat,Privat,1967,
Told,Privat,Privat,1968,
Told,Privat,Privat,1969,
Told,Privat,Privat,1970,
Told,Privat,Privat,1971,
Told,Privat,Privat,1972,
Told,Privat,Privat,1973,
Told,Privat,Privat,1974,
Told,Privat,Privat,1975,
Told,Privat,Privat,1976,
Told,Privat,Privat,1977,
Told,Privat,Privat,1978,
Told,Privat,Privat,1979,
Told,Privat,Privat,1980,
Told,Privat,Privat,1981,
Told,Privat,Privat,1982,
Told,Privat,Privat,1983,
Told,Privat,Privat,1984,
Told,Privat,Privat,1985,
Told,Privat,Privat,1986,
Told,Privat,Privat,1987,
Told,Privat,Privat,1988,
Told,Privat,Privat,1989,
Told,Privat,Privat,1990,
Told,Privat,Privat,1991,
Told,Privat,Privat,1992,
Told,Privat,Privat,1993,
Told,Privat,Privat,1994,
Told,Privat,Privat,1995,
Told,Privat,Privat,1996,
Told,Privat,Privat,1997,
Told,Privat,Privat,1998,
Told,Privat,Privat,1999,
Told,Privat,Privat,2000,
Told,Privat,Privat,2001,
Told,Privat,Privat,2002,
Told,Privat,Privat,2003,
Told,Privat,Privat,2004,
Told,Privat,Privat,2005,960.8866401545209
Told,Privat,Privat,2006,958.8997210246788
Told,Privat,Privat,2007,1127.0411407216218
Told,Privat,Privat,2008,1083.8041505473514
Told,Privat,Privat,2009,852.9808124741255
Told,Privat,Privat,2010,823.4575642719644
Told,Privat,Privat,2011,865.4729606417247
Told,Privat,Privat,2012,858.2388222297918
Told,Privat,Privat,2013,834.8439528637374
Told,Privat,Privat,2014,896.7561121745152
Told,Privat,Privat,2015,947.500055290967
Told,Privat,Privat,2016,939.5365643461337
Told,Privat,Privat,2017,950.4146324293208
Told,Privat,Privat,2018,980.7560941519762
Told,Privat,Privat,2019,995.5483723489583
Told,Privat,Privat,2020,1014.114
Told,Privat,Privat,2021,1095.482
Told,Privat,Privat,2022,1114.15113565505
Told,Privat,REST_ANVENDELSE Øvrige brancher,1967,
Told,Privat,REST_ANVENDELSE Øvrige brancher,1968,
Told,Privat,REST_ANVENDELSE Øvrige brancher,1969,
Told,Privat,REST_ANVENDELSE Øvrige brancher,1970,
Told,Privat,REST_ANVENDELSE Øvrige brancher,1971,
Told,Privat,REST_ANVENDELSE Øvrige brancher,1972,
Told,Privat,REST_ANVENDELSE Øvrige brancher,1973,
Told,Privat,REST_ANVENDELSE Øvrige brancher,1974,
Told,Privat,REST_ANVENDELSE Øvrige brancher,1975,
Told,Privat,REST_ANVENDELSE Øvrige brancher,1976,
Told,Privat,REST_ANVENDELSE Øvrige brancher,1977,
Told,Privat,REST_ANVENDELSE Øvrige brancher,1978,
Told,Privat,REST_ANVENDELSE Øvrige brancher,1979,
Told,Privat,REST_ANVENDELSE Øvrige brancher,1980,
Told,Privat,REST_ANVENDELSE Øvrige brancher,1981,
Told,Privat,REST_ANVENDELSE Øvrige brancher,1982,
Told,Privat,REST_ANVENDELSE Øvrige brancher,1983,
Told,Privat,REST_ANVENDELSE Øvrige brancher,1984,
Told,Privat,REST_ANVENDELSE Øvrige brancher,1985,
Told,Privat,REST_ANVENDELSE Øvrige brancher,1986,
Told,Privat,REST_ANVENDELSE Øvrige brancher,1987,
Told,Privat,REST_ANVENDELSE Øvrige brancher,1988,
Told,Privat,REST_ANVENDELSE Øvrige brancher,1989,
Told,Privat,REST_ANVENDELSE Øvrige brancher,1990,
Told,Privat,REST_ANVENDELSE Øvrige brancher,1991,
Told,Privat,REST_ANVENDELSE Øvrige brancher,1992,
Told,Privat,REST_ANVENDELSE Øvrige brancher,1993,
Told,Privat,REST_ANVENDELSE Øvrige brancher,1994,
Told,Privat,REST_ANVENDELSE Øvrige brancher,1995,
Told,Privat,REST_ANVENDELSE Øvrige brancher,1996,
Told,Privat,REST_ANVENDELSE Øvrige brancher,1997,
Told,Privat,REST_ANVENDELSE Øvrige brancher,1998,
Told,Privat,REST_ANVENDELSE Øvrige brancher,1999,
Told,Privat,REST_ANVENDELSE Øvrige brancher,2000,
Told,Privat,REST_ANVENDELSE Øvrige brancher,2001,
Told,Privat,REST_ANVENDELSE Øvrige brancher,2002,
Told,Privat,REST_ANVENDELSE Øvrige brancher,2003,
Told,Privat,REST_ANVENDELSE Øvrige brancher,2004,
Told,Privat,REST_ANVENDELSE Øvrige brancher,2005,461.0459668697281
Told,Privat,REST_ANVENDELSE Øvrige brancher,2006,791.3381937918942
Told,Privat,REST_ANVENDELSE Øvrige brancher,2007,674.6522145964173
Told,Privat,REST_ANVENDELSE Øvrige brancher,2008,795.1732133704539
Told,Privat,REST_ANVENDELSE Øvrige brancher,2009,801.8164437540809
Told,Privat,REST_ANVENDELSE Øvrige brancher,2010,713.669777631209
Told,Privat,REST_ANVENDELSE Øvrige brancher,2011,674.6886002386688
Told,Privat,REST_ANVENDELSE Øvrige brancher,2012,818.291026081464
Told,Privat,REST_ANVENDELSE Øvrige brancher,2013,742.7352661912124
Told,Privat,REST_ANVENDELSE Øvrige brancher,2014,771.3936229700186
Told,Privat,REST_ANVENDELSE Øvrige brancher,2015,823.1943323874675
Told,Privat,REST_ANVENDELSE Øvrige brancher,2016,834.7367255868444
Told,Privat,REST_ANVENDELSE Øvrige brancher,2017,829.63886669667
Told,Privat,REST_ANVENDELSE Øvrige brancher,2018,855.6595766897373
Told,Privat,REST_ANVENDELSE Øvrige brancher,2019,893.7226516891952
Told,Privat,REST_ANVENDELSE Øvrige brancher,2020,1009.377
Told,Privat,REST_ANVENDELSE Øvrige brancher,2021,990.0689999999998
Told,Privat,REST_ANVENDELSE Øvrige brancher,2022,990.9403829329323
Told,REST_TILGANG Øvrige brancher,01000 Landbrug og gartneri- (Anvendelse),1967,
Told,REST_TILGANG Øvrige brancher,01000 Landbrug og gartneri- (Anvendelse),1968,
Told,REST_TILGANG Øvrige brancher,01000 Landbrug og gartneri- (Anvendelse),1969,
Told,REST_TILGANG Øvrige brancher,01000 Landbrug og gartneri- (Anvendelse),1970,
Told,REST_TILGANG Øvrige brancher,01000 Landbrug og gartneri- (Anvendelse),1971,
Told,REST_TILGANG Øvrige brancher,01000 Landbrug og gartneri- (Anvendelse),1972,
Told,REST_TILGANG Øvrige brancher,01000 Landbrug og gartneri- (Anvendelse),1973,
Told,REST_TILGANG Øvrige brancher,01000 Landbrug og gartneri- (Anvendelse),1974,
Told,REST_TILGANG Øvrige brancher,01000 Landbrug og gartneri- (Anvendelse),1975,
Told,REST_TILGANG Øvrige brancher,01000 Landbrug og gartneri- (Anvendelse),1976,
Told,REST_TILGANG Øvrige brancher,01000 Landbrug og gartneri- (Anvendelse),1977,
Told,REST_TILGANG Øvrige brancher,01000 Landbrug og gartneri- (Anvendelse),1978,
Told,REST_TILGANG Øvrige brancher,01000 Landbrug og gartneri- (Anvendelse),1979,
Told,REST_TILGANG Øvrige brancher,01000 Landbrug og gartneri- (Anvendelse),1980,
Told,REST_TILGANG Øvrige brancher,01000 Landbrug og gartneri- (Anvendelse),1981,
Told,REST_TILGANG Øvrige brancher,01000 Landbrug og gartneri- (Anvendelse),1982,
Told,REST_TILGANG Øvrige brancher,01000 Landbrug og gartneri- (Anvendelse),1983,
Told,REST_TILGANG Øvrige brancher,01000 Landbrug og gartneri- (Anvendelse),1984,
Told,REST_TILGANG Øvrige brancher,01000 Landbrug og gartneri- (Anvendelse),1985,
Told,REST_TILGANG Øvrige brancher,01000 Landbrug og gartneri- (Anvendelse),1986,
Told,REST_TILGANG Øvrige brancher,01000 Landbrug og gartneri- (Anvendelse),1987,
Told,REST_TILGANG Øvrige brancher,01000 Landbrug og gartneri- (Anvendelse),1988,
Told,REST_TILGANG Øvrige brancher,01000 Landbrug og gartneri- (Anvendelse),1989,
Told,REST_TILGANG Øvrige brancher,01000 Landbrug og gartneri- (Anvendelse),1990,
Told,REST_TILGANG Øvrige brancher,01000 Landbrug og gartneri- (Anvendelse),1991,
Told,REST_TILGANG Øvrige brancher,01000 Landbrug og gartneri- (Anvendelse),1992,
Told,REST_TILGANG Øvrige brancher,01000 Landbrug og gartneri- (Anvendelse),1993,
Told,REST_TILGANG Øvrige brancher,01000 Landbrug og gartneri- (Anvendelse),1994,
Told,REST_TILGANG Øvrige brancher,01000 Landbrug og gartneri- (Anvendelse),1995,
Told,REST_TILGANG Øvrige brancher,01000 Landbrug og gartneri- (Anvendelse),1996,
Told,REST_TILGANG Øvrige brancher,01000 Landbrug og gartneri- (Anvendelse),1997,
Told,REST_TILGANG Øvrige brancher,01000 Landbrug og gartneri- (Anvendelse),1998,
Told,REST_TILGANG Øvrige brancher,01000 Landbrug og gartneri- (Anvendelse),1999,
Told,REST_TILGANG Øvrige brancher,01000 Landbrug og gartneri- (Anvendelse),2000,
Told,REST_TILGANG Øvrige brancher,01000 Landbrug og gartneri- (Anvendelse),2001,
Told,REST_TILGANG Øvrige brancher,01000 Landbrug og gartneri- (Anvendelse),2002,
Told,REST_TILGANG Øvrige brancher,01000 Landbrug og gartneri- (Anvendelse),2003,
Told,REST_TILGANG Øvrige brancher,01000 Landbrug og gartneri- (Anvendelse),2004,
Told,REST_TILGANG Øvrige brancher,01000 Landbrug og gartneri- (Anvendelse),2005,15.538295775567288
Told,REST_TILGANG Øvrige brancher,01000 Landbrug og gartneri- (Anvendelse),2006,13.041470984324121
Told,REST_TILGANG Øvrige brancher,01000 Landbrug og gartneri- (Anvendelse),2007,21.674938297430344
Told,REST_TILGANG Øvrige brancher,01000 Landbrug og gartneri- (Anvendelse),2008,21.876684272810298
Told,REST_TILGANG Øvrige brancher,01000 Landbrug og gartneri- (Anvendelse),2009,17.440548283133914
Told,REST_TILGANG Øvrige brancher,01000 Landbrug og gartneri- (Anvendelse),2010,14.896812248233763
Told,REST_TILGANG Øvrige brancher,01000 Landbrug og gartneri- (Anvendelse),2011,21.194011613405234
Told,REST_TILGANG Øvrige brancher,01000 Landbrug og gartneri- (Anvendelse),2012,17.494331395785625
Told,REST_TILGANG Øvrige brancher,01000 Landbrug og gartneri- (Anvendelse),2013,19.319321448369244
Told,REST_TILGANG Øvrige brancher,01000 Landbrug og gartneri- (Anvendelse),2014,18.507718982251593
Told,REST_TILGANG Øvrige brancher,01000 Landbrug og gartneri- (Anvendelse),2015,19.224605334014235
Told,REST_TILGANG Øvrige brancher,01000 Landbrug og gartneri- (Anvendelse),2016,20.125386059178947
Told,REST_TILGANG Øvrige brancher,01000 Landbrug og gartneri- (Anvendelse),2017,22.99985764043245
Told,REST_TILGANG Øvrige brancher,01000 Landbrug og gartneri- (Anvendelse),2018,16.555041693763293
Told,REST_TILGANG Øvrige brancher,01000 Landbrug og gartneri- (Anvendelse),2019,15.43916981845688
Told,REST_TILGANG Øvrige brancher,01000 Landbrug og gartneri- (Anvendelse),2020,18.36
Told,REST_TILGANG Øvrige brancher,01000 Landbrug og gartneri- (Anvendelse),2021,18.371
Told,REST_TILGANG Øvrige brancher,01000 Landbrug og gartneri- (Anvendelse),2022,15.197711597660454
Told,REST_TILGANG Øvrige brancher,"10120 Føde-, drikke- og tobaksvareindustri- (Anvendelse)",1967,
Told,REST_TILGANG Øvrige brancher,"10120 Føde-, drikke- og tobaksvareindustri- (Anvendelse)",1968,
Told,REST_TILGANG Øvrige brancher,"10120 Føde-, drikke- og tobaksvareindustri- (Anvendelse)",1969,
Told,REST_TILGANG Øvrige brancher,"10120 Føde-, drikke- og tobaksvareindustri- (Anvendelse)",1970,
Told,REST_TILGANG Øvrige brancher,"10120 Føde-, drikke- og tobaksvareindustri- (Anvendelse)",1971,
Told,REST_TILGANG Øvrige brancher,"10120 Føde-, drikke- og tobaksvareindustri- (Anvendelse)",1972,
Told,REST_TILGANG Øvrige brancher,"10120 Føde-, drikke- og tobaksvareindustri- (Anvendelse)",1973,
Told,REST_TILGANG Øvrige brancher,"10120 Føde-, drikke- og tobaksvareindustri- (Anvendelse)",1974,
Told,REST_TILGANG Øvrige brancher,"10120 Føde-, drikke- og tobaksvareindustri- (Anvendelse)",1975,
Told,REST_TILGANG Øvrige brancher,"10120 Føde-, drikke- og tobaksvareindustri- (Anvendelse)",1976,
Told,REST_TILGANG Øvrige brancher,"10120 Føde-, drikke- og tobaksvareindustri- (Anvendelse)",1977,
Told,REST_TILGANG Øvrige brancher,"10120 Føde-, drikke- og tobaksvareindustri- (Anvendelse)",1978,
Told,REST_TILGANG Øvrige brancher,"10120 Føde-, drikke- og tobaksvareindustri- (Anvendelse)",1979,
Told,REST_TILGANG Øvrige brancher,"10120 Føde-, drikke- og tobaksvareindustri- (Anvendelse)",1980,
Told,REST_TILGANG Øvrige brancher,"10120 Føde-, drikke- og tobaksvareindustri- (Anvendelse)",1981,
Told,REST_TILGANG Øvrige brancher,"10120 Føde-, drikke- og tobaksvareindustri- (Anvendelse)",1982,
Told,REST_TILGANG Øvrige brancher,"10120 Føde-, drikke- og tobaksvareindustri- (Anvendelse)",1983,
Told,REST_TILGANG Øvrige brancher,"10120 Føde-, drikke- og tobaksvareindustri- (Anvendelse)",1984,
Told,REST_TILGANG Øvrige brancher,"10120 Føde-, drikke- og tobaksvareindustri- (Anvendelse)",1985,
Told,REST_TILGANG Øvrige brancher,"10120 Føde-, drikke- og tobaksvareindustri- (Anvendelse)",1986,
Told,REST_TILGANG Øvrige brancher,"10120 Føde-, drikke- og tobaksvareindustri- (Anvendelse)",1987,
Told,REST_TILGANG Øvrige brancher,"10120 Føde-, drikke- og tobaksvareindustri- (Anvendelse)",1988,
Told,REST_TILGANG Øvrige brancher,"10120 Føde-, drikke- og tobaksvareindustri- (Anvendelse)",1989,
Told,REST_TILGANG Øvrige brancher,"10120 Føde-, drikke- og tobaksvareindustri- (Anvendelse)",1990,
Told,REST_TILGANG Øvrige brancher,"10120 Føde-, drikke- og tobaksvareindustri- (Anvendelse)",1991,
Told,REST_TILGANG Øvrige brancher,"10120 Føde-, drikke- og tobaksvareindustri- (Anvendelse)",1992,
Told,REST_TILGANG Øvrige brancher,"10120 Føde-, drikke- og tobaksvareindustri- (Anvendelse)",1993,
Told,REST_TILGANG Øvrige brancher,"10120 Føde-, drikke- og tobaksvareindustri- (Anvendelse)",1994,
Told,REST_TILGANG Øvrige brancher,"10120 Føde-, drikke- og tobaksvareindustri- (Anvendelse)",1995,
Told,REST_TILGANG Øvrige brancher,"10120 Føde-, drikke- og tobaksvareindustri- (Anvendelse)",1996,
Told,REST_TILGANG Øvrige brancher,"10120 Føde-, drikke- og tobaksvareindustri- (Anvendelse)",1997,
Told,REST_TILGANG Øvrige brancher,"10120 Føde-, drikke- og tobaksvareindustri- (Anvendelse)",1998,
Told,REST_TILGANG Øvrige brancher,"10120 Føde-, drikke- og tobaksvareindustri- (Anvendelse)",1999,
Told,REST_TILGANG Øvrige brancher,"10120 Føde-, drikke- og tobaksvareindustri- (Anvendelse)",2000,
Told,REST_TILGANG Øvrige brancher,"10120 Føde-, drikke- og tobaksvareindustri- (Anvendelse)",2001,
Told,REST_TILGANG Øvrige brancher,"10120 Føde-, drikke- og tobaksvareindustri- (Anvendelse)",2002,
Told,REST_TILGANG Øvrige brancher,"10120 Føde-, drikke- og tobaksvareindustri- (Anvendelse)",2003,
Told,REST_TILGANG Øvrige brancher,"10120 Føde-, drikke- og tobaksvareindustri- (Anvendelse)",2004,
Told,REST_TILGANG Øvrige brancher,"10120 Føde-, drikke- og tobaksvareindustri- (Anvendelse)",2005,48.5979518662267
Told,REST_TILGANG Øvrige brancher,"10120 Føde-, drikke- og tobaksvareindustri- (Anvendelse)",2006,38.410998078726955
Told,REST_TILGANG Øvrige brancher,"10120 Føde-, drikke- og tobaksvareindustri- (Anvendelse)",2007,40.15784646889886
Told,REST_TILGANG Øvrige brancher,"10120 Føde-, drikke- og tobaksvareindustri- (Anvendelse)",2008,41.80534786249471
Told,REST_TILGANG Øvrige brancher,"10120 Føde-, drikke- og tobaksvareindustri- (Anvendelse)",2009,35.278237190894245
Told,REST_TILGANG Øvrige brancher,"10120 Føde-, drikke- og tobaksvareindustri- (Anvendelse)",2010,40.42284713767564
Told,REST_TILGANG Øvrige brancher,"10120 Føde-, drikke- og tobaksvareindustri- (Anvendelse)",2011,41.88006163269895
Told,REST_TILGANG Øvrige brancher,"10120 Føde-, drikke- og tobaksvareindustri- (Anvendelse)",2012,43.03090350321216
Told,REST_TILGANG Øvrige brancher,"10120 Føde-, drikke- og tobaksvareindustri- (Anvendelse)",2013,40.145649247725885
Told,REST_TILGANG Øvrige brancher,"10120 Føde-, drikke- og tobaksvareindustri- (Anvendelse)",2014,39.69984268897266
Told,REST_TILGANG Øvrige brancher,"10120 Føde-, drikke- og tobaksvareindustri- (Anvendelse)",2015,46.222832832817815
Told,REST_TILGANG Øvrige brancher,"10120 Føde-, drikke- og tobaksvareindustri- (Anvendelse)",2016,42.37256212061885
Told,REST_TILGANG Øvrige brancher,"10120 Føde-, drikke- og tobaksvareindustri- (Anvendelse)",2017,47.68420445833143
Told,REST_TILGANG Øvrige brancher,"10120 Føde-, drikke- og tobaksvareindustri- (Anvendelse)",2018,49.008089614514525
Told,REST_TILGANG Øvrige brancher,"10120 Føde-, drikke- og tobaksvareindustri- (Anvendelse)",2019,49.782549639499244
Told,REST_TILGANG Øvrige brancher,"10120 Føde-, drikke- og tobaksvareindustri- (Anvendelse)",2020,49.443000000000005
Told,REST_TILGANG Øvrige brancher,"10120 Føde-, drikke- og tobaksvareindustri- (Anvendelse)",2021,54.369
Told,REST_TILGANG Øvrige brancher,"10120 Føde-, drikke- og tobaksvareindustri- (Anvendelse)",2022,53.29548202126388
Told,REST_TILGANG Øvrige brancher,"Anvendelse, i alt-(Anvendelse)",1967,
Told,REST_TILGANG Øvrige brancher,"Anvendelse, i alt-(Anvendelse)",1968,
Told,REST_TILGANG Øvrige brancher,"Anvendelse, i alt-(Anvendelse)",1969,
Told,REST_TILGANG Øvrige brancher,"Anvendelse, i alt-(Anvendelse)",1970,
Told,REST_TILGANG Øvrige brancher,"Anvendelse, i alt-(Anvendelse)",1971,
Told,REST_TILGANG Øvrige brancher,"Anvendelse, i alt-(Anvendelse)",1972,
Told,REST_TILGANG Øvrige brancher,"Anvendelse, i alt-(Anvendelse)",1973,
Told,REST_TILGANG Øvrige brancher,"Anvendelse, i alt-(Anvendelse)",1974,
Told,REST_TILGANG Øvrige brancher,"Anvendelse, i alt-(Anvendelse)",1975,
Told,REST_TILGANG Øvrige brancher,"Anvendelse, i alt-(Anvendelse)",1976,
Told,REST_TILGANG Øvrige brancher,"Anvendelse, i alt-(Anvendelse)",1977,
Told,REST_TILGANG Øvrige brancher,"Anvendelse, i alt-(Anvendelse)",1978,
Told,REST_TILGANG Øvrige brancher,"Anvendelse, i alt-(Anvendelse)",1979,
Told,REST_TILGANG Øvrige brancher,"Anvendelse, i alt-(Anvendelse)",1980,
Told,REST_TILGANG Øvrige brancher,"Anvendelse, i alt-(Anvendelse)",1981,
Told,REST_TILGANG Øvrige brancher,"Anvendelse, i alt-(Anvendelse)",1982,
Told,REST_TILGANG Øvrige brancher,"Anvendelse, i alt-(Anvendelse)",1983,
Told,REST_TILGANG Øvrige brancher,"Anvendelse, i alt-(Anvendelse)",1984,
Told,REST_TILGANG Øvrige brancher,"Anvendelse, i alt-(Anvendelse)",1985,
Told,REST_TILGANG Øvrige brancher,"Anvendelse, i alt-(Anvendelse)",1986,
Told,REST_TILGANG Øvrige brancher,"Anvendelse, i alt-(Anvendelse)",1987,
Told,REST_TILGANG Øvrige brancher,"Anvendelse, i alt-(Anvendelse)",1988,
Told,REST_TILGANG Øvrige brancher,"Anvendelse, i alt-(Anvendelse)",1989,
Told,REST_TILGANG Øvrige brancher,"Anvendelse, i alt-(Anvendelse)",1990,
Told,REST_TILGANG Øvrige brancher,"Anvendelse, i alt-(Anvendelse)",1991,
Told,REST_TILGANG Øvrige brancher,"Anvendelse, i alt-(Anvendelse)",1992,
Told,REST_TILGANG Øvrige brancher,"Anvendelse, i alt-(Anvendelse)",1993,
Told,REST_TILGANG Øvrige brancher,"Anvendelse, i alt-(Anvendelse)",1994,
Told,REST_TILGANG Øvrige brancher,"Anvendelse, i alt-(Anvendelse)",1995,
Told,REST_TILGANG Øvrige brancher,"Anvendelse, i alt-(Anvendelse)",1996,
Told,REST_TILGANG Øvrige brancher,"Anvendelse, i alt-(Anvendelse)",1997,
Told,REST_TILGANG Øvrige brancher,"Anvendelse, i alt-(Anvendelse)",1998,
Told,REST_TILGANG Øvrige brancher,"Anvendelse, i alt-(Anvendelse)",1999,
Told,REST_TILGANG Øvrige brancher,"Anvendelse, i alt-(Anvendelse)",2000,
Told,REST_TILGANG Øvrige brancher,"Anvendelse, i alt-(Anvendelse)",2001,
Told,REST_TILGANG Øvrige brancher,"Anvendelse, i alt-(Anvendelse)",2002,
Told,REST_TILGANG Øvrige brancher,"Anvendelse, i alt-(Anvendelse)",2003,
Told,REST_TILGANG Øvrige brancher,"Anvendelse, i alt-(Anvendelse)",2004,
Told,REST_TILGANG Øvrige brancher,"Anvendelse, i alt-(Anvendelse)",2005,1324.0814124422095
Told,REST_TILGANG Øvrige brancher,"Anvendelse, i alt-(Anvendelse)",2006,1546.2933365844567
Told,REST_TILGANG Øvrige brancher,"Anvendelse, i alt-(Anvendelse)",2007,1642.7947589573657
Told,REST_TILGANG Øvrige brancher,"Anvendelse, i alt-(Anvendelse)",2008,1683.8167986147898
Told,REST_TILGANG Øvrige brancher,"Anvendelse, i alt-(Anvendelse)",2009,1409.5961922735414
Told,REST_TILGANG Øvrige brancher,"Anvendelse, i alt-(Anvendelse)",2010,1940.283347743257
Told,REST_TILGANG Øvrige brancher,"Anvendelse, i alt-(Anvendelse)",2011,1994.4034908922708
Told,REST_TILGANG Øvrige brancher,"Anvendelse, i alt-(Anvendelse)",2012,1957.0664833455448
Told,REST_TILGANG Øvrige brancher,"Anvendelse, i alt-(Anvendelse)",2013,1916.5497742821055
Told,REST_TILGANG Øvrige brancher,"Anvendelse, i alt-(Anvendelse)",2014,2169.108039421633
Told,REST_TILGANG Øvrige brancher,"Anvendelse, i alt-(Anvendelse)",2015,2382.444270858575
Told,REST_TILGANG Øvrige brancher,"Anvendelse, i alt-(Anvendelse)",2016,2296.4125390341783
Told,REST_TILGANG Øvrige brancher,"Anvendelse, i alt-(Anvendelse)",2017,2385.419353221615
Told,REST_TILGANG Øvrige brancher,"Anvendelse, i alt-(Anvendelse)",2018,2463.0109875130797
Told,REST_TILGANG Øvrige brancher,"Anvendelse, i alt-(Anvendelse)",2019,2551.180476170759
Told,REST_TILGANG Øvrige brancher,"Anvendelse, i alt-(Anvendelse)",2020,2699.819
Told,REST_TILGANG Øvrige brancher,"Anvendelse, i alt-(Anvendelse)",2021,2980.737
Told,REST_TILGANG Øvrige brancher,"Anvendelse, i alt-(Anvendelse)",2022,3223.8213211987245
Told,REST_TILGANG Øvrige brancher,Eksport - (Anvendelse),1967,
Told,REST_TILGANG Øvrige brancher,Eksport - (Anvendelse),1968,
Told,REST_TILGANG Øvrige brancher,Eksport - (Anvendelse),1969,
Told,REST_TILGANG Øvrige brancher,Eksport - (Anvendelse),1970,
Told,REST_TILGANG Øvrige brancher,Eksport - (Anvendelse),1971,
Told,REST_TILGANG Øvrige brancher,Eksport - (Anvendelse),1972,
Told,REST_TILGANG Øvrige brancher,Eksport - (Anvendelse),1973,
Told,REST_TILGANG Øvrige brancher,Eksport - (Anvendelse),1974,
Told,REST_TILGANG Øvrige brancher,Eksport - (Anvendelse),1975,
Told,REST_TILGANG Øvrige brancher,Eksport - (Anvendelse),1976,
Told,REST_TILGANG Øvrige brancher,Eksport - (Anvendelse),1977,
Told,REST_TILGANG Øvrige brancher,Eksport - (Anvendelse),1978,
Told,REST_TILGANG Øvrige brancher,Eksport - (Anvendelse),1979,
Told,REST_TILGANG Øvrige brancher,Eksport - (Anvendelse),1980,
Told,REST_TILGANG Øvrige brancher,Eksport - (Anvendelse),1981,
Told,REST_TILGANG Øvrige brancher,Eksport - (Anvendelse),1982,
Told,REST_TILGANG Øvrige brancher,Eksport - (Anvendelse),1983,
Told,REST_TILGANG Øvrige brancher,Eksport - (Anvendelse),1984,
Told,REST_TILGANG Øvrige brancher,Eksport - (Anvendelse),1985,
Told,REST_TILGANG Øvrige brancher,Eksport - (Anvendelse),1986,
Told,REST_TILGANG Øvrige brancher,Eksport - (Anvendelse),1987,
Told,REST_TILGANG Øvrige brancher,Eksport - (Anvendelse),1988,
Told,REST_TILGANG Øvrige brancher,Eksport - (Anvendelse),1989,
Told,REST_TILGANG Øvrige brancher,Eksport - (Anvendelse),1990,
Told,REST_TILGANG Øvrige brancher,Eksport - (Anvendelse),1991,
Told,REST_TILGANG Øvrige brancher,Eksport - (Anvendelse),1992,
Told,REST_TILGANG Øvrige brancher,Eksport - (Anvendelse),1993,
Told,REST_TILGANG Øvrige brancher,Eksport - (Anvendelse),1994,
Told,REST_TILGANG Øvrige brancher,Eksport - (Anvendelse),1995,
Told,REST_TILGANG Øvrige brancher,Eksport - (Anvendelse),1996,
Told,REST_TILGANG Øvrige brancher,Eksport - (Anvendelse),1997,
Told,REST_TILGANG Øvrige brancher,Eksport - (Anvendelse),1998,
Told,REST_TILGANG Øvrige brancher,Eksport - (Anvendelse),1999,
Told,REST_TILGANG Øvrige brancher,Eksport - (Anvendelse),2000,
Told,REST_TILGANG Øvrige brancher,Eksport - (Anvendelse),2001,
Told,REST_TILGANG Øvrige brancher,Eksport - (Anvendelse),2002,
Told,REST_TILGANG Øvrige brancher,Eksport - (Anvendelse),2003,
Told,REST_TILGANG Øvrige brancher,Eksport - (Anvendelse),2004,
Told,REST_TILGANG Øvrige brancher,Eksport - (Anvendelse),2005,375.5477723523612
Told,REST_TILGANG Øvrige brancher,Eksport - (Anvendelse),2006,394.03950947095655
Told,REST_TILGANG Øvrige brancher,Eksport - (Anvendelse),2007,476.44267292232297
Told,REST_TILGANG Øvrige brancher,Eksport - (Anvendelse),2008,496.82848582662916
Told,REST_TILGANG Øvrige brancher,Eksport - (Anvendelse),2009,392.83646597651233
Told,REST_TILGANG Øvrige brancher,Eksport - (Anvendelse),2010,806.2959730912833
Told,REST_TILGANG Øvrige brancher,Eksport - (Anvendelse),2011,883.6635426375467
Told,REST_TILGANG Øvrige brancher,Eksport - (Anvendelse),2012,796.4109981898683
Told,REST_TILGANG Øvrige brancher,Eksport - (Anvendelse),2013,815.5306635396289
Told,REST_TILGANG Øvrige brancher,Eksport - (Anvendelse),2014,917.7118412039092
Told,REST_TILGANG Øvrige brancher,Eksport - (Anvendelse),2015,1005.2655375160035
Told,REST_TILGANG Øvrige brancher,Eksport - (Anvendelse),2016,943.8379837595885
Told,REST_TILGANG Øvrige brancher,Eksport - (Anvendelse),2017,995.40580697115
Told,REST_TILGANG Øvrige brancher,Eksport - (Anvendelse),2018,1035.6534410985823
Told,REST_TILGANG Øvrige brancher,Eksport - (Anvendelse),2019,1064.4798696589398
Told,REST_TILGANG Øvrige brancher,Eksport - (Anvendelse),2020,1098.062
Told,REST_TILGANG Øvrige brancher,Eksport - (Anvendelse),2021,1254.75
Told,REST_TILGANG Øvrige brancher,Eksport - (Anvendelse),2022,1418.3952478434974
Told,REST_TILGANG Øvrige brancher,Faste bruttoinvesteringer + Lagerforøgelse + Værdigenstande (Anvendelse),1967,
Told,REST_TILGANG Øvrige brancher,Faste bruttoinvesteringer + Lagerforøgelse + Værdigenstande (Anvendelse),1968,
Told,REST_TILGANG Øvrige brancher,Faste bruttoinvesteringer + Lagerforøgelse + Værdigenstande (Anvendelse),1969,
Told,REST_TILGANG Øvrige brancher,Faste bruttoinvesteringer + Lagerforøgelse + Værdigenstande (Anvendelse),1970,
Told,REST_TILGANG Øvrige brancher,Faste bruttoinvesteringer + Lagerforøgelse + Værdigenstande (Anvendelse),1971,
Told,REST_TILGANG Øvrige brancher,Faste bruttoinvesteringer + Lagerforøgelse + Værdigenstande (Anvendelse),1972,
Told,REST_TILGANG Øvrige brancher,Faste bruttoinvesteringer + Lagerforøgelse + Værdigenstande (Anvendelse),1973,
Told,REST_TILGANG Øvrige brancher,Faste bruttoinvesteringer + Lagerforøgelse + Værdigenstande (Anvendelse),1974,
Told,REST_TILGANG Øvrige brancher,Faste bruttoinvesteringer + Lagerforøgelse + Værdigenstande (Anvendelse),1975,
Told,REST_TILGANG Øvrige brancher,Faste bruttoinvesteringer + Lagerforøgelse + Værdigenstande (Anvendelse),1976,
Told,REST_TILGANG Øvrige brancher,Faste bruttoinvesteringer + Lagerforøgelse + Værdigenstande (Anvendelse),1977,
Told,REST_TILGANG Øvrige brancher,Faste bruttoinvesteringer + Lagerforøgelse + Værdigenstande (Anvendelse),1978,
Told,REST_TILGANG Øvrige brancher,Faste bruttoinvesteringer + Lagerforøgelse + Værdigenstande (Anvendelse),1979,
Told,REST_TILGANG Øvrige brancher,Faste bruttoinvesteringer + Lagerforøgelse + Værdigenstande (Anvendelse),1980,
Told,REST_TILGANG Øvrige brancher,Faste bruttoinvesteringer + Lagerforøgelse + Værdigenstande (Anvendelse),1981,
Told,REST_TILGANG Øvrige brancher,Faste bruttoinvesteringer + Lagerforøgelse + Værdigenstande (Anvendelse),1982,
Told,REST_TILGANG Øvrige brancher,Faste bruttoinvesteringer + Lagerforøgelse + Værdigenstande (Anvendelse),1983,
Told,REST_TILGANG Øvrige brancher,Faste bruttoinvesteringer + Lagerforøgelse + Værdigenstande (Anvendelse),1984,
Told,REST_TILGANG Øvrige brancher,Faste bruttoinvesteringer + Lagerforøgelse + Værdigenstande (Anvendelse),1985,
Told,REST_TILGANG Øvrige brancher,Faste bruttoinvesteringer + Lagerforøgelse + Værdigenstande (Anvendelse),1986,
Told,REST_TILGANG Øvrige brancher,Faste bruttoinvesteringer + Lagerforøgelse + Værdigenstande (Anvendelse),1987,
Told,REST_TILGANG Øvrige brancher,Faste bruttoinvesteringer + Lagerforøgelse + Værdigenstande (Anvendelse),1988,
Told,REST_TILGANG Øvrige brancher,Faste bruttoinvesteringer + Lagerforøgelse + Værdigenstande (Anvendelse),1989,
Told,REST_TILGANG Øvrige brancher,Faste bruttoinvesteringer + Lagerforøgelse + Værdigenstande (Anvendelse),1990,
Told,REST_TILGANG Øvrige brancher,Faste bruttoinvesteringer + Lagerforøgelse + Værdigenstande (Anvendelse),1991,
Told,REST_TILGANG Øvrige brancher,Faste bruttoinvesteringer + Lagerforøgelse + Værdigenstande (Anvendelse),1992,
Told,REST_TILGANG Øvrige brancher,Faste bruttoinvesteringer + Lagerforøgelse + Værdigenstande (Anvendelse),1993,
Told,REST_TILGANG Øvrige brancher,Faste bruttoinvesteringer + Lagerforøgelse + Værdigenstande (Anvendelse),1994,
Told,REST_TILGANG Øvrige brancher,Faste bruttoinvesteringer + Lagerforøgelse + Værdigenstande (Anvendelse),1995,
Told,REST_TILGANG Øvrige brancher,Faste bruttoinvesteringer + Lagerforøgelse + Værdigenstande (Anvendelse),1996,
Told,REST_TILGANG Øvrige brancher,Faste bruttoinvesteringer + Lagerforøgelse + Værdigenstande (Anvendelse),1997,
Told,REST_TILGANG Øvrige brancher,Faste bruttoinvesteringer + Lagerforøgelse + Værdigenstande (Anvendelse),1998,
Told,REST_TILGANG Øvrige brancher,Faste bruttoinvesteringer + Lagerforøgelse + Værdigenstande (Anvendelse),1999,
Told,REST_TILGANG Øvrige brancher,Faste bruttoinvesteringer + Lagerforøgelse + Værdigenstande (Anvendelse),2000,
Told,REST_TILGANG Øvrige brancher,Faste bruttoinvesteringer + Lagerforøgelse + Værdigenstande (Anvendelse),2001,
Told,REST_TILGANG Øvrige brancher,Faste bruttoinvesteringer + Lagerforøgelse + Værdigenstande (Anvendelse),2002,
Told,REST_TILGANG Øvrige brancher,Faste bruttoinvesteringer + Lagerforøgelse + Værdigenstande (Anvendelse),2003,
Told,REST_TILGANG Øvrige brancher,Faste bruttoinvesteringer + Lagerforøgelse + Værdigenstande (Anvendelse),2004,
Told,REST_TILGANG Øvrige brancher,Faste bruttoinvesteringer + Lagerforøgelse + Værdigenstande (Anvendelse),2005,872.247743110205
Told,REST_TILGANG Øvrige brancher,Faste bruttoinvesteringer + Lagerforøgelse + Værdigenstande (Anvendelse),2006,756.662017784872
Told,REST_TILGANG Øvrige brancher,Faste bruttoinvesteringer + Lagerforøgelse + Værdigenstande (Anvendelse),2007,935.2908346784832
Told,REST_TILGANG Øvrige brancher,Faste bruttoinvesteringer + Lagerforøgelse + Værdigenstande (Anvendelse),2008,822.7451662203774
Told,REST_TILGANG Øvrige brancher,Faste bruttoinvesteringer + Lagerforøgelse + Værdigenstande (Anvendelse),2009,322.78135463535995
Told,REST_TILGANG Øvrige brancher,Faste bruttoinvesteringer + Lagerforøgelse + Værdigenstande (Anvendelse),2010,218.0512718009695
Told,REST_TILGANG Øvrige brancher,Faste bruttoinvesteringer + Lagerforøgelse + Værdigenstande (Anvendelse),2011,289.39574741845263
Told,REST_TILGANG Øvrige brancher,Faste bruttoinvesteringer + Lagerforøgelse + Værdigenstande (Anvendelse),2012,234.96786837117727
Told,REST_TILGANG Øvrige brancher,Faste bruttoinvesteringer + Lagerforøgelse + Værdigenstande (Anvendelse),2013,211.2404144398127
Told,REST_TILGANG Øvrige brancher,Faste bruttoinvesteringer + Lagerforøgelse + Værdigenstande (Anvendelse),2014,99.22227077401972
Told,REST_TILGANG Øvrige brancher,Faste bruttoinvesteringer + Lagerforøgelse + Værdigenstande (Anvendelse),2015,120.17282852674487
Told,REST_TILGANG Øvrige brancher,Faste bruttoinvesteringer + Lagerforøgelse + Værdigenstande (Anvendelse),2016,108.43749586232316
Told,REST_TILGANG Øvrige brancher,Faste bruttoinvesteringer + Lagerforøgelse + Værdigenstande (Anvendelse),2017,121.09922680219786
Told,REST_TILGANG Øvrige brancher,Faste bruttoinvesteringer + Lagerforøgelse + Værdigenstande (Anvendelse),2018,116.10883823000351
Told,REST_TILGANG Øvrige brancher,Faste bruttoinvesteringer + Lagerforøgelse + Værdigenstande (Anvendelse),2019,118.30578477558959
Told,REST_TILGANG Øvrige brancher,Faste bruttoinvesteringer + Lagerforøgelse + Værdigenstande (Anvendelse),2020,87.515
Told,REST_TILGANG Øvrige brancher,Faste bruttoinvesteringer + Lagerforøgelse + Værdigenstande (Anvendelse),2021,191.64600000000002
Told,REST_TILGANG Øvrige brancher,Faste bruttoinvesteringer + Lagerforøgelse + Værdigenstande (Anvendelse),2022,266.40264989848174
Told,REST_TILGANG Øvrige brancher,Husholdningernes forbrugsudgifter + NPISH (Anvendelse),1967,
Told,REST_TILGANG Øvrige brancher,Husholdningernes forbrugsudgifter + NPISH (Anvendelse),1968,
Told,REST_TILGANG Øvrige brancher,Husholdningernes forbrugsudgifter + NPISH (Anvendelse),1969,
Told,REST_TILGANG Øvrige brancher,Husholdningernes forbrugsudgifter + NPISH (Anvendelse),1970,
Told,REST_TILGANG Øvrige brancher,Husholdningernes forbrugsudgifter + NPISH (Anvendelse),1971,
Told,REST_TILGANG Øvrige brancher,Husholdningernes forbrugsudgifter + NPISH (Anvendelse),1972,
Told,REST_TILGANG Øvrige brancher,Husholdningernes forbrugsudgifter + NPISH (Anvendelse),1973,
Told,REST_TILGANG Øvrige brancher,Husholdningernes forbrugsudgifter + NPISH (Anvendelse),1974,
Told,REST_TILGANG Øvrige brancher,Husholdningernes forbrugsudgifter + NPISH (Anvendelse),1975,
Told,REST_TILGANG Øvrige brancher,Husholdningernes forbrugsudgifter + NPISH (Anvendelse),1976,
Told,REST_TILGANG Øvrige brancher,Husholdningernes forbrugsudgifter + NPISH (Anvendelse),1977,
Told,REST_TILGANG Øvrige brancher,Husholdningernes forbrugsudgifter + NPISH (Anvendelse),1978,
Told,REST_TILGANG Øvrige brancher,Husholdningernes forbrugsudgifter + NPISH (Anvendelse),1979,
Told,REST_TILGANG Øvrige brancher,Husholdningernes forbrugsudgifter + NPISH (Anvendelse),1980,
Told,REST_TILGANG Øvrige brancher,Husholdningernes forbrugsudgifter + NPISH (Anvendelse),1981,
Told,REST_TILGANG Øvrige brancher,Husholdningernes forbrugsudgifter + NPISH (Anvendelse),1982,
Told,REST_TILGANG Øvrige brancher,Husholdningernes forbrugsudgifter + NPISH (Anvendelse),1983,
Told,REST_TILGANG Øvrige brancher,Husholdningernes forbrugsudgifter + NPISH (Anvendelse),1984,
Told,REST_TILGANG Øvrige brancher,Husholdningernes forbrugsudgifter + NPISH (Anvendelse),1985,
Told,REST_TILGANG Øvrige brancher,Husholdningernes forbrugsudgifter + NPISH (Anvendelse),1986,
Told,REST_TILGANG Øvrige brancher,Husholdningernes forbrugsudgifter + NPISH (Anvendelse),1987,
Told,REST_TILGANG Øvrige brancher,Husholdningernes forbrugsudgifter + NPISH (Anvendelse),1988,
Told,REST_TILGANG Øvrige brancher,Husholdningernes forbrugsudgifter + NPISH (Anvendelse),1989,
Told,REST_TILGANG Øvrige brancher,Husholdningernes forbrugsudgifter + NPISH (Anvendelse),1990,
Told,REST_TILGANG Øvrige brancher,Husholdningernes forbrugsudgifter + NPISH (Anvendelse),1991,
Told,REST_TILGANG Øvrige brancher,Husholdningernes forbrugsudgifter + NPISH (Anvendelse),1992,
Told,REST_TILGANG Øvrige brancher,Husholdningernes forbrugsudgifter + NPISH (Anvendelse),1993,
Told,REST_TILGANG Øvrige brancher,Husholdningernes forbrugsudgifter + NPISH (Anvendelse),1994,
Told,REST_TILGANG Øvrige brancher,Husholdningernes forbrugsudgifter + NPISH (Anvendelse),1995,
Told,REST_TILGANG Øvrige brancher,Husholdningernes forbrugsudgifter + NPISH (Anvendelse),1996,
Told,REST_TILGANG Øvrige brancher,Husholdningernes forbrugsudgifter + NPISH (Anvendelse),1997,
Told,REST_TILGANG Øvrige brancher,Husholdningernes forbrugsudgifter + NPISH (Anvendelse),1998,
Told,REST_TILGANG Øvrige brancher,Husholdningernes forbrugsudgifter + NPISH (Anvendelse),1999,
Told,REST_TILGANG Øvrige brancher,Husholdningernes forbrugsudgifter + NPISH (Anvendelse),2000,
Told,REST_TILGANG Øvrige brancher,Husholdningernes forbrugsudgifter + NPISH (Anvendelse),2001,
Told,REST_TILGANG Øvrige brancher,Husholdningernes forbrugsudgifter + NPISH (Anvendelse),2002,
Told,REST_TILGANG Øvrige brancher,Husholdningernes forbrugsudgifter + NPISH (Anvendelse),2003,
Told,REST_TILGANG Øvrige brancher,Husholdningernes forbrugsudgifter + NPISH (Anvendelse),2004,
Told,REST_TILGANG Øvrige brancher,Husholdningernes forbrugsudgifter + NPISH (Anvendelse),2005,376.7275684622512
Told,REST_TILGANG Øvrige brancher,Husholdningernes forbrugsudgifter + NPISH (Anvendelse),2006,363.1415066293624
Told,REST_TILGANG Øvrige brancher,Husholdningernes forbrugsudgifter + NPISH (Anvendelse),2007,407.74643802431353
Told,REST_TILGANG Øvrige brancher,Husholdningernes forbrugsudgifter + NPISH (Anvendelse),2008,371.5257467201543
Told,REST_TILGANG Øvrige brancher,Husholdningernes forbrugsudgifter + NPISH (Anvendelse),2009,308.6620868752091
Told,REST_TILGANG Øvrige brancher,Husholdningernes forbrugsudgifter + NPISH (Anvendelse),2010,327.52958788923337
Told,REST_TILGANG Øvrige brancher,Husholdningernes forbrugsudgifter + NPISH (Anvendelse),2011,299.50561302718046
Told,REST_TILGANG Øvrige brancher,Husholdningernes forbrugsudgifter + NPISH (Anvendelse),2012,329.64146813657936
Told,REST_TILGANG Øvrige brancher,Husholdningernes forbrugsudgifter + NPISH (Anvendelse),2013,305.44797639622607
Told,REST_TILGANG Øvrige brancher,Husholdningernes forbrugsudgifter + NPISH (Anvendelse),2014,371.5611672233311
Told,REST_TILGANG Øvrige brancher,Husholdningernes forbrugsudgifter + NPISH (Anvendelse),2015,409.8777118046253
Told,REST_TILGANG Øvrige brancher,Husholdningernes forbrugsudgifter + NPISH (Anvendelse),2016,395.4219014040746
Told,REST_TILGANG Øvrige brancher,Husholdningernes forbrugsudgifter + NPISH (Anvendelse),2017,413.50871432129986
Told,REST_TILGANG Øvrige brancher,Husholdningernes forbrugsudgifter + NPISH (Anvendelse),2018,434.91085666074304
Told,REST_TILGANG Øvrige brancher,Husholdningernes forbrugsudgifter + NPISH (Anvendelse),2019,456.3707075667604
Told,REST_TILGANG Øvrige brancher,Husholdningernes forbrugsudgifter + NPISH (Anvendelse),2020,486.116
Told,REST_TILGANG Øvrige brancher,Husholdningernes forbrugsudgifter + NPISH (Anvendelse),2021,525.285
Told,REST_TILGANG Øvrige brancher,Husholdningernes forbrugsudgifter + NPISH (Anvendelse),2022,542.9649163980048
Told,REST_TILGANG Øvrige brancher,"Offentligt forbrug, i alt-(Anvendelse)",1967,
Told,REST_TILGANG Øvrige brancher,"Offentligt forbrug, i alt-(Anvendelse)",1968,
Told,REST_TILGANG Øvrige brancher,"Offentligt forbrug, i alt-(Anvendelse)",1969,
Told,REST_TILGANG Øvrige brancher,"Offentligt forbrug, i alt-(Anvendelse)",1970,
Told,REST_TILGANG Øvrige brancher,"Offentligt forbrug, i alt-(Anvendelse)",1971,
Told,REST_TILGANG Øvrige brancher,"Offentligt forbrug, i alt-(Anvendelse)",1972,
Told,REST_TILGANG Øvrige brancher,"Offentligt forbrug, i alt-(Anvendelse)",1973,
Told,REST_TILGANG Øvrige brancher,"Offentligt forbrug, i alt-(Anvendelse)",1974,
Told,REST_TILGANG Øvrige brancher,"Offentligt forbrug, i alt-(Anvendelse)",1975,
Told,REST_TILGANG Øvrige brancher,"Offentligt forbrug, i alt-(Anvendelse)",1976,
Told,REST_TILGANG Øvrige brancher,"Offentligt forbrug, i alt-(Anvendelse)",1977,
Told,REST_TILGANG Øvrige brancher,"Offentligt forbrug, i alt-(Anvendelse)",1978,
Told,REST_TILGANG Øvrige brancher,"Offentligt forbrug, i alt-(Anvendelse)",1979,
Told,REST_TILGANG Øvrige brancher,"Offentligt forbrug, i alt-(Anvendelse)",1980,
Told,REST_TILGANG Øvrige brancher,"Offentligt forbrug, i alt-(Anvendelse)",1981,
Told,REST_TILGANG Øvrige brancher,"Offentligt forbrug, i alt-(Anvendelse)",1982,
Told,REST_TILGANG Øvrige brancher,"Offentligt forbrug, i alt-(Anvendelse)",1983,
Told,REST_TILGANG Øvrige brancher,"Offentligt forbrug, i alt-(Anvendelse)",1984,
Told,REST_TILGANG Øvrige brancher,"Offentligt forbrug, i alt-(Anvendelse)",1985,
Told,REST_TILGANG Øvrige brancher,"Offentligt forbrug, i alt-(Anvendelse)",1986,
Told,REST_TILGANG Øvrige brancher,"Offentligt forbrug, i alt-(Anvendelse)",1987,
Told,REST_TILGANG Øvrige brancher,"Offentligt forbrug, i alt-(Anvendelse)",1988,
Told,REST_TILGANG Øvrige brancher,"Offentligt forbrug, i alt-(Anvendelse)",1989,
Told,REST_TILGANG Øvrige brancher,"Offentligt forbrug, i alt-(Anvendelse)",1990,
Told,REST_TILGANG Øvrige brancher,"Offentligt forbrug, i alt-(Anvendelse)",1991,
Told,REST_TILGANG Øvrige brancher,"Offentligt forbrug, i alt-(Anvendelse)",1992,
Told,REST_TILGANG Øvrige brancher,"Offentligt forbrug, i alt-(Anvendelse)",1993,
Told,REST_TILGANG Øvrige brancher,"Offentligt forbrug, i alt-(Anvendelse)",1994,
Told,REST_TILGANG Øvrige brancher,"Offentligt forbrug, i alt-(Anvendelse)",1995,
Told,REST_TILGANG Øvrige brancher,"Offentligt forbrug, i alt-(Anvendelse)",1996,
Told,REST_TILGANG Øvrige brancher,"Offentligt forbrug, i alt-(Anvendelse)",1997,
Told,REST_TILGANG Øvrige brancher,"Offentligt forbrug, i alt-(Anvendelse)",1998,
Told,REST_TILGANG Øvrige brancher,"Offentligt forbrug, i alt-(Anvendelse)",1999,
Told,REST_TILGANG Øvrige brancher,"Offentligt forbrug, i alt-(Anvendelse)",2000,
Told,REST_TILGANG Øvrige brancher,"Offentligt forbrug, i alt-(Anvendelse)",2001,
Told,REST_TILGANG Øvrige brancher,"Offentligt forbrug, i alt-(Anvendelse)",2002,
Told,REST_TILGANG Øvrige brancher,"Offentligt forbrug, i alt-(Anvendelse)",2003,
Told,REST_TILGANG Øvrige brancher,"Offentligt forbrug, i alt-(Anvendelse)",2004,
Told,REST_TILGANG Øvrige brancher,"Offentligt forbrug, i alt-(Anvendelse)",2005,0.8058236115606576
Told,REST_TILGANG Øvrige brancher,"Offentligt forbrug, i alt-(Anvendelse)",2006,0.6478754120677809
Told,REST_TILGANG Øvrige brancher,"Offentligt forbrug, i alt-(Anvendelse)",2007,0.6483847480835575
Told,REST_TILGANG Øvrige brancher,"Offentligt forbrug, i alt-(Anvendelse)",2008,0.6807253192335867
Told,REST_TILGANG Øvrige brancher,"Offentligt forbrug, i alt-(Anvendelse)",2009,0.5200766442629421
Told,REST_TILGANG Øvrige brancher,"Offentligt forbrug, i alt-(Anvendelse)",2010,0.3653280511625335
Told,REST_TILGANG Øvrige brancher,"Offentligt forbrug, i alt-(Anvendelse)",2011,0.3599423796466239
Told,REST_TILGANG Øvrige brancher,"Offentligt forbrug, i alt-(Anvendelse)",2012,0.2715768199952432
Told,REST_TILGANG Øvrige brancher,"Offentligt forbrug, i alt-(Anvendelse)",2013,0.25491566539430804
Told,REST_TILGANG Øvrige brancher,"Offentligt forbrug, i alt-(Anvendelse)",2014,1.5600228145687594
Told,REST_TILGANG Øvrige brancher,"Offentligt forbrug, i alt-(Anvendelse)",2015,1.7956858354929763
Told,REST_TILGANG Øvrige brancher,"Offentligt forbrug, i alt-(Anvendelse)",2016,1.6844129817444222
Told,REST_TILGANG Øvrige brancher,"Offentligt forbrug, i alt-(Anvendelse)",2017,1.4855476673427992
Told,REST_TILGANG Øvrige brancher,"Offentligt forbrug, i alt-(Anvendelse)",2018,1.3829741379310345
Told,REST_TILGANG Øvrige brancher,"Offentligt forbrug, i alt-(Anvendelse)",2019,1.4497384066587398
Told,REST_TILGANG Øvrige brancher,"Offentligt forbrug, i alt-(Anvendelse)",2020,1.395
Told,REST_TILGANG Øvrige brancher,"Offentligt forbrug, i alt-(Anvendelse)",2021,1.396
Told,REST_TILGANG Øvrige brancher,"Offentligt forbrug, i alt-(Anvendelse)",2022,1.4574204902576995
Told,REST_TILGANG Øvrige brancher,Privat,1967,
Told,REST_TILGANG Øvrige brancher,Privat,1968,
Told,REST_TILGANG Øvrige brancher,Privat,1969,
Told,REST_TILGANG Øvrige brancher,Privat,1970,
Told,REST_TILGANG Øvrige brancher,Privat,1971,
Told,REST_TILGANG Øvrige brancher,Privat,1972,
Told,REST_TILGANG Øvrige brancher,Privat,1973,
Told,REST_TILGANG Øvrige brancher,Privat,1974,
Told,REST_TILGANG Øvrige brancher,Privat,1975,
Told,REST_TILGANG Øvrige brancher,Privat,1976,
Told,REST_TILGANG Øvrige brancher,Privat,1977,
Told,REST_TILGANG Øvrige brancher,Privat,1978,
Told,REST_TILGANG Øvrige brancher,Privat,1979,
Told,REST_TILGANG Øvrige brancher,Privat,1980,
Told,REST_TILGANG Øvrige brancher,Privat,1981,
Told,REST_TILGANG Øvrige brancher,Privat,1982,
Told,REST_TILGANG Øvrige brancher,Privat,1983,
Told,REST_TILGANG Øvrige brancher,Privat,1984,
Told,REST_TILGANG Øvrige brancher,Privat,1985,
Told,REST_TILGANG Øvrige brancher,Privat,1986,
Told,REST_TILGANG Øvrige brancher,Privat,1987,
Told,REST_TILGANG Øvrige brancher,Privat,1988,
Told,REST_TILGANG Øvrige brancher,Privat,1989,
Told,REST_TILGANG Øvrige brancher,Privat,1990,
Told,REST_TILGANG Øvrige brancher,Privat,1991,
Told,REST_TILGANG Øvrige brancher,Privat,1992,
Told,REST_TILGANG Øvrige brancher,Privat,1993,
Told,REST_TILGANG Øvrige brancher,Privat,1994,
Told,REST_TILGANG Øvrige brancher,Privat,1995,
Told,REST_TILGANG Øvrige brancher,Privat,1996,
Told,REST_TILGANG Øvrige brancher,Privat,1997,
Told,REST_TILGANG Øvrige brancher,Privat,1998,
Told,REST_TILGANG Øvrige brancher,Privat,1999,
Told,REST_TILGANG Øvrige brancher,Privat,2000,
Told,REST_TILGANG Øvrige brancher,Privat,2001,
Told,REST_TILGANG Øvrige brancher,Privat,2002,
Told,REST_TILGANG Øvrige brancher,Privat,2003,
Told,REST_TILGANG Øvrige brancher,Privat,2004,
Told,REST_TILGANG Øvrige brancher,Privat,2005,580.702369147323
Told,REST_TILGANG Øvrige brancher,Privat,2006,622.8248136801891
Told,REST_TILGANG Øvrige brancher,Privat,2007,777.0348674232936
Told,REST_TILGANG Øvrige brancher,Privat,2008,760.9490650445545
Told,REST_TILGANG Øvrige brancher,Privat,2009,594.2080200367811
Told,REST_TILGANG Øvrige brancher,Privat,2010,618.4008923175289
Told,REST_TILGANG Øvrige brancher,Privat,2011,656.056523337508
Told,REST_TILGANG Øvrige brancher,Privat,2012,670.6816269414528
Told,REST_TILGANG Øvrige brancher,Privat,2013,641.7324891732144
Told,REST_TILGANG Øvrige brancher,Privat,2014,689.0869506681202
Told,REST_TILGANG Øvrige brancher,Privat,2015,747.6501120174842
Told,REST_TILGANG Øvrige brancher,Privat,2016,757.9508675666831
Told,REST_TILGANG Øvrige brancher,Privat,2017,755.5627018771701
Told,REST_TILGANG Øvrige brancher,Privat,2018,775.9073542068378
Told,REST_TILGANG Øvrige brancher,Privat,2019,804.1483414167516
Told,REST_TILGANG Øvrige brancher,Privat,2020,840.055
Told,REST_TILGANG Øvrige brancher,Privat,2021,915.661
Told,REST_TILGANG Øvrige brancher,Privat,2022,934.9187424796257
Told,REST_TILGANG Øvrige brancher,REST_ANVENDELSE Øvrige brancher,1967,
Told,REST_TILGANG Øvrige brancher,REST_ANVENDELSE Øvrige brancher,1968,
Told,REST_TILGANG Øvrige brancher,REST_ANVENDELSE Øvrige brancher,1969,
Told,REST_TILGANG Øvrige brancher,REST_ANVENDELSE Øvrige brancher,1970,
Told,REST_TILGANG Øvrige brancher,REST_ANVENDELSE Øvrige brancher,1971,
Told,REST_TILGANG Øvrige brancher,REST_ANVENDELSE Øvrige brancher,1972,
Told,REST_TILGANG Øvrige brancher,REST_ANVENDELSE Øvrige brancher,1973,
Told,REST_TILGANG Øvrige brancher,REST_ANVENDELSE Øvrige brancher,1974,
Told,REST_TILGANG Øvrige brancher,REST_ANVENDELSE Øvrige brancher,1975,
Told,REST_TILGANG Øvrige brancher,REST_ANVENDELSE Øvrige brancher,1976,
Told,REST_TILGANG Øvrige brancher,REST_ANVENDELSE Øvrige brancher,1977,
Told,REST_TILGANG Øvrige brancher,REST_ANVENDELSE Øvrige brancher,1978,
Told,REST_TILGANG Øvrige brancher,REST_ANVENDELSE Øvrige brancher,1979,
Told,REST_TILGANG Øvrige brancher,REST_ANVENDELSE Øvrige brancher,1980,
Told,REST_TILGANG Øvrige brancher,REST_ANVENDELSE Øvrige brancher,1981,
Told,REST_TILGANG Øvrige brancher,REST_ANVENDELSE Øvrige brancher,1982,
Told,REST_TILGANG Øvrige brancher,REST_ANVENDELSE Øvrige brancher,1983,
Told,REST_TILGANG Øvrige brancher,REST_ANVENDELSE Øvrige brancher,1984,
Told,REST_TILGANG Øvrige brancher,REST_ANVENDELSE Øvrige brancher,1985,
Told,REST_TILGANG Øvrige brancher,REST_ANVENDELSE Øvrige brancher,1986,
Told,REST_TILGANG Øvrige brancher,REST_ANVENDELSE Øvrige brancher,1987,
Told,REST_TILGANG Øvrige brancher,REST_ANVENDELSE Øvrige brancher,1988,
Told,REST_TILGANG Øvrige brancher,REST_ANVENDELSE Øvrige brancher,1989,
Told,REST_TILGANG Øvrige brancher,REST_ANVENDELSE Øvrige brancher,1990,
Told,REST_TILGANG Øvrige brancher,REST_ANVENDELSE Øvrige brancher,1991,
Told,REST_TILGANG Øvrige brancher,REST_ANVENDELSE Øvrige brancher,1992,
Told,REST_TILGANG Øvrige brancher,REST_ANVENDELSE Øvrige brancher,1993,
Told,REST_TILGANG Øvrige brancher,REST_ANVENDELSE Øvrige brancher,1994,
Told,REST_TILGANG Øvrige brancher,REST_ANVENDELSE Øvrige brancher,1995,
Told,REST_TILGANG Øvrige brancher,REST_ANVENDELSE Øvrige brancher,1996,
Told,REST_TILGANG Øvrige brancher,REST_ANVENDELSE Øvrige brancher,1997,
Told,REST_TILGANG Øvrige brancher,REST_ANVENDELSE Øvrige brancher,1998,
Told,REST_TILGANG Øvrige brancher,REST_ANVENDELSE Øvrige brancher,1999,
Told,REST_TILGANG Øvrige brancher,REST_ANVENDELSE Øvrige brancher,2000,
Told,REST_TILGANG Øvrige brancher,REST_ANVENDELSE Øvrige brancher,2001,
Told,REST_TILGANG Øvrige brancher,REST_ANVENDELSE Øvrige brancher,2002,
Told,REST_TILGANG Øvrige brancher,REST_ANVENDELSE Øvrige brancher,2003,
Told,REST_TILGANG Øvrige brancher,REST_ANVENDELSE Øvrige brancher,2004,
Told,REST_TILGANG Øvrige brancher,REST_ANVENDELSE Øvrige brancher,2005,393.4350227332216
Told,REST_TILGANG Øvrige brancher,REST_ANVENDELSE Øvrige brancher,2006,762.0534676632519
Told,REST_TILGANG Øvrige brancher,REST_ANVENDELSE Øvrige brancher,2007,618.5420121625727
Told,REST_TILGANG Øvrige brancher,REST_ANVENDELSE Øvrige brancher,2008,724.9350153688023
Told,REST_TILGANG Øvrige brancher,REST_ANVENDELSE Øvrige brancher,2009,746.8850835436929
Told,REST_TILGANG Øvrige brancher,REST_ANVENDELSE Øvrige brancher,2010,676.7792385754452
Told,REST_TILGANG Øvrige brancher,REST_ANVENDELSE Øvrige brancher,2011,635.3702090232105
Told,REST_TILGANG Øvrige brancher,REST_ANVENDELSE Øvrige brancher,2012,777.7243695931896
Told,REST_TILGANG Øvrige brancher,REST_ANVENDELSE Øvrige brancher,2013,689.0381595159716
Told,REST_TILGANG Øvrige brancher,REST_ANVENDELSE Øvrige brancher,2014,714.0456560965468
Told,REST_TILGANG Øvrige brancher,REST_ANVENDELSE Øvrige brancher,2015,772.3147429719324
Told,REST_TILGANG Øvrige brancher,REST_ANVENDELSE Øvrige brancher,2016,783.6605108340922
Told,REST_TILGANG Øvrige brancher,REST_ANVENDELSE Øvrige brancher,2017,774.6605252342409
Told,REST_TILGANG Øvrige brancher,REST_ANVENDELSE Øvrige brancher,2018,799.3644984236842
Told,REST_TILGANG Øvrige brancher,REST_ANVENDELSE Øvrige brancher,2019,835.5535699158921
Told,REST_TILGANG Øvrige brancher,REST_ANVENDELSE Øvrige brancher,2020,958.929
Told,REST_TILGANG Øvrige brancher,REST_ANVENDELSE Øvrige brancher,2021,934.912
Told,REST_TILGANG Øvrige brancher,REST_ANVENDELSE Øvrige brancher,2022,931.1920629219086
