TILGANG1,TILGANG2,ANVENDELSE,TID,Pt
Dansk produktion,01000 Landbrug og gartneri-(Tilgang),01000 Landbrug og gartneri- (Anvendelse),1967,0.20257774872364603
Dansk produktion,01000 Landbrug og gartneri-(Tilgang),01000 Landbrug og gartneri- (Anvendelse),1968,0.18453655295762678
Dansk produktion,01000 Landbrug og gartneri-(Tilgang),01000 Landbrug og gartneri- (Anvendelse),1969,0.19589688026261387
Dansk produktion,01000 Landbrug og gartneri-(Tilgang),01000 Landbrug og gartneri- (Anvendelse),1970,0.2130690144087273
Dansk produktion,01000 Landbrug og gartneri-(Tilgang),01000 Landbrug og gartneri- (Anvendelse),1971,0.2148176525708255
Dansk produktion,01000 Landbrug og gartneri-(Tilgang),01000 Landbrug og gartneri- (Anvendelse),1972,0.24522348887480214
Dansk produktion,01000 Landbrug og gartneri-(Tilgang),01000 Landbrug og gartneri- (Anvendelse),1973,0.3231463226032352
Dansk produktion,01000 Landbrug og gartneri-(Tilgang),01000 Landbrug og gartneri- (Anvendelse),1974,0.3574645614700731
Dansk produktion,01000 Landbrug og gartneri-(Tilgang),01000 Landbrug og gartneri- (Anvendelse),1975,0.3932775710829953
Dansk produktion,01000 Landbrug og gartneri-(Tilgang),01000 Landbrug og gartneri- (Anvendelse),1976,0.4841709968003209
Dansk produktion,01000 Landbrug og gartneri-(Tilgang),01000 Landbrug og gartneri- (Anvendelse),1977,0.5197755662016584
Dansk produktion,01000 Landbrug og gartneri-(Tilgang),01000 Landbrug og gartneri- (Anvendelse),1978,0.5495748678731243
Dansk produktion,01000 Landbrug og gartneri-(Tilgang),01000 Landbrug og gartneri- (Anvendelse),1979,0.595938323386912
Dansk produktion,01000 Landbrug og gartneri-(Tilgang),01000 Landbrug og gartneri- (Anvendelse),1980,0.6615793607685791
Dansk produktion,01000 Landbrug og gartneri-(Tilgang),01000 Landbrug og gartneri- (Anvendelse),1981,0.7429979132280156
Dansk produktion,01000 Landbrug og gartneri-(Tilgang),01000 Landbrug og gartneri- (Anvendelse),1982,0.8376410046025432
Dansk produktion,01000 Landbrug og gartneri-(Tilgang),01000 Landbrug og gartneri- (Anvendelse),1983,0.9268399513220772
Dansk produktion,01000 Landbrug og gartneri-(Tilgang),01000 Landbrug og gartneri- (Anvendelse),1984,0.9229045964916879
Dansk produktion,01000 Landbrug og gartneri-(Tilgang),01000 Landbrug og gartneri- (Anvendelse),1985,0.9619553062697668
Dansk produktion,01000 Landbrug og gartneri-(Tilgang),01000 Landbrug og gartneri- (Anvendelse),1986,1.0006624931759105
Dansk produktion,01000 Landbrug og gartneri-(Tilgang),01000 Landbrug og gartneri- (Anvendelse),1987,1.055012429950977
Dansk produktion,01000 Landbrug og gartneri-(Tilgang),01000 Landbrug og gartneri- (Anvendelse),1988,0.9084076842660045
Dansk produktion,01000 Landbrug og gartneri-(Tilgang),01000 Landbrug og gartneri- (Anvendelse),1989,0.913297808150272
Dansk produktion,01000 Landbrug og gartneri-(Tilgang),01000 Landbrug og gartneri- (Anvendelse),1990,0.9075685218020595
Dansk produktion,01000 Landbrug og gartneri-(Tilgang),01000 Landbrug og gartneri- (Anvendelse),1991,0.9108622834524684
Dansk produktion,01000 Landbrug og gartneri-(Tilgang),01000 Landbrug og gartneri- (Anvendelse),1992,0.8599460865753696
Dansk produktion,01000 Landbrug og gartneri-(Tilgang),01000 Landbrug og gartneri- (Anvendelse),1993,0.782333535996501
Dansk produktion,01000 Landbrug og gartneri-(Tilgang),01000 Landbrug og gartneri- (Anvendelse),1994,0.7825186905914272
Dansk produktion,01000 Landbrug og gartneri-(Tilgang),01000 Landbrug og gartneri- (Anvendelse),1995,0.813115623161143
Dansk produktion,01000 Landbrug og gartneri-(Tilgang),01000 Landbrug og gartneri- (Anvendelse),1996,0.8040577653149157
Dansk produktion,01000 Landbrug og gartneri-(Tilgang),01000 Landbrug og gartneri- (Anvendelse),1997,0.7959731390829381
Dansk produktion,01000 Landbrug og gartneri-(Tilgang),01000 Landbrug og gartneri- (Anvendelse),1998,0.7721032596248806
Dansk produktion,01000 Landbrug og gartneri-(Tilgang),01000 Landbrug og gartneri- (Anvendelse),1999,0.7678825641281745
Dansk produktion,01000 Landbrug og gartneri-(Tilgang),01000 Landbrug og gartneri- (Anvendelse),2000,0.7973502219832777
Dansk produktion,01000 Landbrug og gartneri-(Tilgang),01000 Landbrug og gartneri- (Anvendelse),2001,0.7985498088310569
Dansk produktion,01000 Landbrug og gartneri-(Tilgang),01000 Landbrug og gartneri- (Anvendelse),2002,0.7704799789839972
Dansk produktion,01000 Landbrug og gartneri-(Tilgang),01000 Landbrug og gartneri- (Anvendelse),2003,0.7730613122008626
Dansk produktion,01000 Landbrug og gartneri-(Tilgang),01000 Landbrug og gartneri- (Anvendelse),2004,0.8017136203601938
Dansk produktion,01000 Landbrug og gartneri-(Tilgang),01000 Landbrug og gartneri- (Anvendelse),2005,0.6286820755176384
Dansk produktion,01000 Landbrug og gartneri-(Tilgang),01000 Landbrug og gartneri- (Anvendelse),2006,0.6722325507197064
Dansk produktion,01000 Landbrug og gartneri-(Tilgang),01000 Landbrug og gartneri- (Anvendelse),2007,0.8069066550026864
Dansk produktion,01000 Landbrug og gartneri-(Tilgang),01000 Landbrug og gartneri- (Anvendelse),2008,0.8951127741336795
Dansk produktion,01000 Landbrug og gartneri-(Tilgang),01000 Landbrug og gartneri- (Anvendelse),2009,0.7925213693667958
Dansk produktion,01000 Landbrug og gartneri-(Tilgang),01000 Landbrug og gartneri- (Anvendelse),2010,0.8040624399697998
Dansk produktion,01000 Landbrug og gartneri-(Tilgang),01000 Landbrug og gartneri- (Anvendelse),2011,0.9114511217919519
Dansk produktion,01000 Landbrug og gartneri-(Tilgang),01000 Landbrug og gartneri- (Anvendelse),2012,0.9450502611897654
Dansk produktion,01000 Landbrug og gartneri-(Tilgang),01000 Landbrug og gartneri- (Anvendelse),2013,0.9341803942396711
Dansk produktion,01000 Landbrug og gartneri-(Tilgang),01000 Landbrug og gartneri- (Anvendelse),2014,0.8827654955284077
Dansk produktion,01000 Landbrug og gartneri-(Tilgang),01000 Landbrug og gartneri- (Anvendelse),2015,0.889013218044569
Dansk produktion,01000 Landbrug og gartneri-(Tilgang),01000 Landbrug og gartneri- (Anvendelse),2016,0.8725657780798647
Dansk produktion,01000 Landbrug og gartneri-(Tilgang),01000 Landbrug og gartneri- (Anvendelse),2017,0.8964857693916854
Dansk produktion,01000 Landbrug og gartneri-(Tilgang),01000 Landbrug og gartneri- (Anvendelse),2018,0.9188889878708708
Dansk produktion,01000 Landbrug og gartneri-(Tilgang),01000 Landbrug og gartneri- (Anvendelse),2019,0.9898666745184462
Dansk produktion,01000 Landbrug og gartneri-(Tilgang),01000 Landbrug og gartneri- (Anvendelse),2020,1.0
Dansk produktion,01000 Landbrug og gartneri-(Tilgang),01000 Landbrug og gartneri- (Anvendelse),2021,1.0321349425588462
Dansk produktion,01000 Landbrug og gartneri-(Tilgang),01000 Landbrug og gartneri- (Anvendelse),2022,1.116501043385983
Dansk produktion,01000 Landbrug og gartneri-(Tilgang),"10120 Føde-, drikke- og tobaksvareindustri- (Anvendelse)",1967,0.27652196460169065
Dansk produktion,01000 Landbrug og gartneri-(Tilgang),"10120 Føde-, drikke- og tobaksvareindustri- (Anvendelse)",1968,0.2822574805508521
Dansk produktion,01000 Landbrug og gartneri-(Tilgang),"10120 Føde-, drikke- og tobaksvareindustri- (Anvendelse)",1969,0.3063397159255974
Dansk produktion,01000 Landbrug og gartneri-(Tilgang),"10120 Føde-, drikke- og tobaksvareindustri- (Anvendelse)",1970,0.3320130108212515
Dansk produktion,01000 Landbrug og gartneri-(Tilgang),"10120 Føde-, drikke- og tobaksvareindustri- (Anvendelse)",1971,0.33290983350092496
Dansk produktion,01000 Landbrug og gartneri-(Tilgang),"10120 Føde-, drikke- og tobaksvareindustri- (Anvendelse)",1972,0.3692705976208709
Dansk produktion,01000 Landbrug og gartneri-(Tilgang),"10120 Føde-, drikke- og tobaksvareindustri- (Anvendelse)",1973,0.4832390417991921
Dansk produktion,01000 Landbrug og gartneri-(Tilgang),"10120 Føde-, drikke- og tobaksvareindustri- (Anvendelse)",1974,0.4863738190305886
Dansk produktion,01000 Landbrug og gartneri-(Tilgang),"10120 Føde-, drikke- og tobaksvareindustri- (Anvendelse)",1975,0.5301442425791758
Dansk produktion,01000 Landbrug og gartneri-(Tilgang),"10120 Føde-, drikke- og tobaksvareindustri- (Anvendelse)",1976,0.5944689863748868
Dansk produktion,01000 Landbrug og gartneri-(Tilgang),"10120 Føde-, drikke- og tobaksvareindustri- (Anvendelse)",1977,0.6285516773348199
Dansk produktion,01000 Landbrug og gartneri-(Tilgang),"10120 Føde-, drikke- og tobaksvareindustri- (Anvendelse)",1978,0.675898753366138
Dansk produktion,01000 Landbrug og gartneri-(Tilgang),"10120 Føde-, drikke- og tobaksvareindustri- (Anvendelse)",1979,0.67468650152986
Dansk produktion,01000 Landbrug og gartneri-(Tilgang),"10120 Føde-, drikke- og tobaksvareindustri- (Anvendelse)",1980,0.7406059213542229
Dansk produktion,01000 Landbrug og gartneri-(Tilgang),"10120 Føde-, drikke- og tobaksvareindustri- (Anvendelse)",1981,0.8386053216456533
Dansk produktion,01000 Landbrug og gartneri-(Tilgang),"10120 Føde-, drikke- og tobaksvareindustri- (Anvendelse)",1982,0.9463657807084446
Dansk produktion,01000 Landbrug og gartneri-(Tilgang),"10120 Føde-, drikke- og tobaksvareindustri- (Anvendelse)",1983,0.9612387046814923
Dansk produktion,01000 Landbrug og gartneri-(Tilgang),"10120 Føde-, drikke- og tobaksvareindustri- (Anvendelse)",1984,1.0134991308060937
Dansk produktion,01000 Landbrug og gartneri-(Tilgang),"10120 Føde-, drikke- og tobaksvareindustri- (Anvendelse)",1985,0.999499713465314
Dansk produktion,01000 Landbrug og gartneri-(Tilgang),"10120 Føde-, drikke- og tobaksvareindustri- (Anvendelse)",1986,0.9414372753207391
Dansk produktion,01000 Landbrug og gartneri-(Tilgang),"10120 Føde-, drikke- og tobaksvareindustri- (Anvendelse)",1987,0.9023336421822157
Dansk produktion,01000 Landbrug og gartneri-(Tilgang),"10120 Føde-, drikke- og tobaksvareindustri- (Anvendelse)",1988,0.9567834092937385
Dansk produktion,01000 Landbrug og gartneri-(Tilgang),"10120 Føde-, drikke- og tobaksvareindustri- (Anvendelse)",1989,1.0570180999093646
Dansk produktion,01000 Landbrug og gartneri-(Tilgang),"10120 Føde-, drikke- og tobaksvareindustri- (Anvendelse)",1990,0.9682988637283365
Dansk produktion,01000 Landbrug og gartneri-(Tilgang),"10120 Føde-, drikke- og tobaksvareindustri- (Anvendelse)",1991,0.940439418395827
Dansk produktion,01000 Landbrug og gartneri-(Tilgang),"10120 Føde-, drikke- og tobaksvareindustri- (Anvendelse)",1992,0.9564211946695209
Dansk produktion,01000 Landbrug og gartneri-(Tilgang),"10120 Føde-, drikke- og tobaksvareindustri- (Anvendelse)",1993,0.8271496065518705
Dansk produktion,01000 Landbrug og gartneri-(Tilgang),"10120 Føde-, drikke- og tobaksvareindustri- (Anvendelse)",1994,0.8276405196370326
Dansk produktion,01000 Landbrug og gartneri-(Tilgang),"10120 Føde-, drikke- og tobaksvareindustri- (Anvendelse)",1995,0.8476591321673912
Dansk produktion,01000 Landbrug og gartneri-(Tilgang),"10120 Føde-, drikke- og tobaksvareindustri- (Anvendelse)",1996,0.8725680893477821
Dansk produktion,01000 Landbrug og gartneri-(Tilgang),"10120 Føde-, drikke- og tobaksvareindustri- (Anvendelse)",1997,0.8826093747798028
Dansk produktion,01000 Landbrug og gartneri-(Tilgang),"10120 Føde-, drikke- og tobaksvareindustri- (Anvendelse)",1998,0.7591156023326532
Dansk produktion,01000 Landbrug og gartneri-(Tilgang),"10120 Føde-, drikke- og tobaksvareindustri- (Anvendelse)",1999,0.7184938937292509
Dansk produktion,01000 Landbrug og gartneri-(Tilgang),"10120 Føde-, drikke- og tobaksvareindustri- (Anvendelse)",2000,0.8114891676029877
Dansk produktion,01000 Landbrug og gartneri-(Tilgang),"10120 Føde-, drikke- og tobaksvareindustri- (Anvendelse)",2001,0.8877552052113402
Dansk produktion,01000 Landbrug og gartneri-(Tilgang),"10120 Føde-, drikke- og tobaksvareindustri- (Anvendelse)",2002,0.7894705652886217
Dansk produktion,01000 Landbrug og gartneri-(Tilgang),"10120 Føde-, drikke- og tobaksvareindustri- (Anvendelse)",2003,0.7377018107328613
Dansk produktion,01000 Landbrug og gartneri-(Tilgang),"10120 Føde-, drikke- og tobaksvareindustri- (Anvendelse)",2004,0.7637835366508361
Dansk produktion,01000 Landbrug og gartneri-(Tilgang),"10120 Føde-, drikke- og tobaksvareindustri- (Anvendelse)",2005,0.7122881899653503
Dansk produktion,01000 Landbrug og gartneri-(Tilgang),"10120 Føde-, drikke- og tobaksvareindustri- (Anvendelse)",2006,0.7408872437718027
Dansk produktion,01000 Landbrug og gartneri-(Tilgang),"10120 Føde-, drikke- og tobaksvareindustri- (Anvendelse)",2007,0.7554973344031585
Dansk produktion,01000 Landbrug og gartneri-(Tilgang),"10120 Føde-, drikke- og tobaksvareindustri- (Anvendelse)",2008,0.8484755646195827
Dansk produktion,01000 Landbrug og gartneri-(Tilgang),"10120 Føde-, drikke- og tobaksvareindustri- (Anvendelse)",2009,0.7740603046722261
Dansk produktion,01000 Landbrug og gartneri-(Tilgang),"10120 Føde-, drikke- og tobaksvareindustri- (Anvendelse)",2010,0.8303865730729857
Dansk produktion,01000 Landbrug og gartneri-(Tilgang),"10120 Føde-, drikke- og tobaksvareindustri- (Anvendelse)",2011,0.9175098593235889
Dansk produktion,01000 Landbrug og gartneri-(Tilgang),"10120 Føde-, drikke- og tobaksvareindustri- (Anvendelse)",2012,0.9839213827939798
Dansk produktion,01000 Landbrug og gartneri-(Tilgang),"10120 Føde-, drikke- og tobaksvareindustri- (Anvendelse)",2013,1.018618579296021
Dansk produktion,01000 Landbrug og gartneri-(Tilgang),"10120 Føde-, drikke- og tobaksvareindustri- (Anvendelse)",2014,0.9637311165556631
Dansk produktion,01000 Landbrug og gartneri-(Tilgang),"10120 Føde-, drikke- og tobaksvareindustri- (Anvendelse)",2015,0.8487313372170295
Dansk produktion,01000 Landbrug og gartneri-(Tilgang),"10120 Føde-, drikke- og tobaksvareindustri- (Anvendelse)",2016,0.8559192394815645
Dansk produktion,01000 Landbrug og gartneri-(Tilgang),"10120 Føde-, drikke- og tobaksvareindustri- (Anvendelse)",2017,0.9791780752237105
Dansk produktion,01000 Landbrug og gartneri-(Tilgang),"10120 Føde-, drikke- og tobaksvareindustri- (Anvendelse)",2018,0.9063569132500024
Dansk produktion,01000 Landbrug og gartneri-(Tilgang),"10120 Føde-, drikke- og tobaksvareindustri- (Anvendelse)",2019,0.9811756352097087
Dansk produktion,01000 Landbrug og gartneri-(Tilgang),"10120 Føde-, drikke- og tobaksvareindustri- (Anvendelse)",2020,1.0
Dansk produktion,01000 Landbrug og gartneri-(Tilgang),"10120 Føde-, drikke- og tobaksvareindustri- (Anvendelse)",2021,0.9622834157361493
Dansk produktion,01000 Landbrug og gartneri-(Tilgang),"10120 Føde-, drikke- og tobaksvareindustri- (Anvendelse)",2022,1.223398387561219
Dansk produktion,01000 Landbrug og gartneri-(Tilgang),"Anvendelse, i alt-(Anvendelse)",1967,0.25607391214583713
Dansk produktion,01000 Landbrug og gartneri-(Tilgang),"Anvendelse, i alt-(Anvendelse)",1968,0.25834003730491645
Dansk produktion,01000 Landbrug og gartneri-(Tilgang),"Anvendelse, i alt-(Anvendelse)",1969,0.28105257532435735
Dansk produktion,01000 Landbrug og gartneri-(Tilgang),"Anvendelse, i alt-(Anvendelse)",1970,0.3043012070476516
Dansk produktion,01000 Landbrug og gartneri-(Tilgang),"Anvendelse, i alt-(Anvendelse)",1971,0.29811966918057853
Dansk produktion,01000 Landbrug og gartneri-(Tilgang),"Anvendelse, i alt-(Anvendelse)",1972,0.3339359020225236
Dansk produktion,01000 Landbrug og gartneri-(Tilgang),"Anvendelse, i alt-(Anvendelse)",1973,0.4305279872834995
Dansk produktion,01000 Landbrug og gartneri-(Tilgang),"Anvendelse, i alt-(Anvendelse)",1974,0.44414888658102775
Dansk produktion,01000 Landbrug og gartneri-(Tilgang),"Anvendelse, i alt-(Anvendelse)",1975,0.4871519196396347
Dansk produktion,01000 Landbrug og gartneri-(Tilgang),"Anvendelse, i alt-(Anvendelse)",1976,0.5640882024993873
Dansk produktion,01000 Landbrug og gartneri-(Tilgang),"Anvendelse, i alt-(Anvendelse)",1977,0.5951435602038827
Dansk produktion,01000 Landbrug og gartneri-(Tilgang),"Anvendelse, i alt-(Anvendelse)",1978,0.634517201279089
Dansk produktion,01000 Landbrug og gartneri-(Tilgang),"Anvendelse, i alt-(Anvendelse)",1979,0.6509635058807008
Dansk produktion,01000 Landbrug og gartneri-(Tilgang),"Anvendelse, i alt-(Anvendelse)",1980,0.7231817689893076
Dansk produktion,01000 Landbrug og gartneri-(Tilgang),"Anvendelse, i alt-(Anvendelse)",1981,0.8119098097553131
Dansk produktion,01000 Landbrug og gartneri-(Tilgang),"Anvendelse, i alt-(Anvendelse)",1982,0.9104181225453217
Dansk produktion,01000 Landbrug og gartneri-(Tilgang),"Anvendelse, i alt-(Anvendelse)",1983,0.9546656452935763
Dansk produktion,01000 Landbrug og gartneri-(Tilgang),"Anvendelse, i alt-(Anvendelse)",1984,0.9919767301940783
Dansk produktion,01000 Landbrug og gartneri-(Tilgang),"Anvendelse, i alt-(Anvendelse)",1985,0.9874915133328733
Dansk produktion,01000 Landbrug og gartneri-(Tilgang),"Anvendelse, i alt-(Anvendelse)",1986,0.9547584228003702
Dansk produktion,01000 Landbrug og gartneri-(Tilgang),"Anvendelse, i alt-(Anvendelse)",1987,0.9536064786908649
Dansk produktion,01000 Landbrug og gartneri-(Tilgang),"Anvendelse, i alt-(Anvendelse)",1988,0.932897985505861
Dansk produktion,01000 Landbrug og gartneri-(Tilgang),"Anvendelse, i alt-(Anvendelse)",1989,0.9723989166633665
Dansk produktion,01000 Landbrug og gartneri-(Tilgang),"Anvendelse, i alt-(Anvendelse)",1990,0.9061487322206676
Dansk produktion,01000 Landbrug og gartneri-(Tilgang),"Anvendelse, i alt-(Anvendelse)",1991,0.8933905651510315
Dansk produktion,01000 Landbrug og gartneri-(Tilgang),"Anvendelse, i alt-(Anvendelse)",1992,0.9027064033818473
Dansk produktion,01000 Landbrug og gartneri-(Tilgang),"Anvendelse, i alt-(Anvendelse)",1993,0.80025434628797
Dansk produktion,01000 Landbrug og gartneri-(Tilgang),"Anvendelse, i alt-(Anvendelse)",1994,0.8008948784587202
Dansk produktion,01000 Landbrug og gartneri-(Tilgang),"Anvendelse, i alt-(Anvendelse)",1995,0.8356474583637411
Dansk produktion,01000 Landbrug og gartneri-(Tilgang),"Anvendelse, i alt-(Anvendelse)",1996,0.8470011582738127
Dansk produktion,01000 Landbrug og gartneri-(Tilgang),"Anvendelse, i alt-(Anvendelse)",1997,0.8467165829673531
Dansk produktion,01000 Landbrug og gartneri-(Tilgang),"Anvendelse, i alt-(Anvendelse)",1998,0.7519186091872522
Dansk produktion,01000 Landbrug og gartneri-(Tilgang),"Anvendelse, i alt-(Anvendelse)",1999,0.7351271869925892
Dansk produktion,01000 Landbrug og gartneri-(Tilgang),"Anvendelse, i alt-(Anvendelse)",2000,0.8024794898099309
Dansk produktion,01000 Landbrug og gartneri-(Tilgang),"Anvendelse, i alt-(Anvendelse)",2001,0.8571823870657378
Dansk produktion,01000 Landbrug og gartneri-(Tilgang),"Anvendelse, i alt-(Anvendelse)",2002,0.7809177322508079
Dansk produktion,01000 Landbrug og gartneri-(Tilgang),"Anvendelse, i alt-(Anvendelse)",2003,0.7551537917641605
Dansk produktion,01000 Landbrug og gartneri-(Tilgang),"Anvendelse, i alt-(Anvendelse)",2004,0.7775565705695168
Dansk produktion,01000 Landbrug og gartneri-(Tilgang),"Anvendelse, i alt-(Anvendelse)",2005,0.7183385474398479
Dansk produktion,01000 Landbrug og gartneri-(Tilgang),"Anvendelse, i alt-(Anvendelse)",2006,0.7313255284552777
Dansk produktion,01000 Landbrug og gartneri-(Tilgang),"Anvendelse, i alt-(Anvendelse)",2007,0.7626810309872719
Dansk produktion,01000 Landbrug og gartneri-(Tilgang),"Anvendelse, i alt-(Anvendelse)",2008,0.8360712113801251
Dansk produktion,01000 Landbrug og gartneri-(Tilgang),"Anvendelse, i alt-(Anvendelse)",2009,0.7960780301706646
Dansk produktion,01000 Landbrug og gartneri-(Tilgang),"Anvendelse, i alt-(Anvendelse)",2010,0.844624641510905
Dansk produktion,01000 Landbrug og gartneri-(Tilgang),"Anvendelse, i alt-(Anvendelse)",2011,0.9483546237484213
Dansk produktion,01000 Landbrug og gartneri-(Tilgang),"Anvendelse, i alt-(Anvendelse)",2012,1.0293522673031767
Dansk produktion,01000 Landbrug og gartneri-(Tilgang),"Anvendelse, i alt-(Anvendelse)",2013,0.9779207033370633
Dansk produktion,01000 Landbrug og gartneri-(Tilgang),"Anvendelse, i alt-(Anvendelse)",2014,0.9385341083305344
Dansk produktion,01000 Landbrug og gartneri-(Tilgang),"Anvendelse, i alt-(Anvendelse)",2015,0.8680480687079508
Dansk produktion,01000 Landbrug og gartneri-(Tilgang),"Anvendelse, i alt-(Anvendelse)",2016,0.881366596530159
Dansk produktion,01000 Landbrug og gartneri-(Tilgang),"Anvendelse, i alt-(Anvendelse)",2017,0.9560939020926765
Dansk produktion,01000 Landbrug og gartneri-(Tilgang),"Anvendelse, i alt-(Anvendelse)",2018,0.9115415845099554
Dansk produktion,01000 Landbrug og gartneri-(Tilgang),"Anvendelse, i alt-(Anvendelse)",2019,0.9851761620682608
Dansk produktion,01000 Landbrug og gartneri-(Tilgang),"Anvendelse, i alt-(Anvendelse)",2020,1.0
Dansk produktion,01000 Landbrug og gartneri-(Tilgang),"Anvendelse, i alt-(Anvendelse)",2021,0.9783678672673112
Dansk produktion,01000 Landbrug og gartneri-(Tilgang),"Anvendelse, i alt-(Anvendelse)",2022,1.1755228655073704
Dansk produktion,01000 Landbrug og gartneri-(Tilgang),Eksport - (Anvendelse),1967,0.2722890681094074
Dansk produktion,01000 Landbrug og gartneri-(Tilgang),Eksport - (Anvendelse),1968,0.28871711122674126
Dansk produktion,01000 Landbrug og gartneri-(Tilgang),Eksport - (Anvendelse),1969,0.32639401176201305
Dansk produktion,01000 Landbrug og gartneri-(Tilgang),Eksport - (Anvendelse),1970,0.41811987312687937
Dansk produktion,01000 Landbrug og gartneri-(Tilgang),Eksport - (Anvendelse),1971,0.3419706401604356
Dansk produktion,01000 Landbrug og gartneri-(Tilgang),Eksport - (Anvendelse),1972,0.3841470611732613
Dansk produktion,01000 Landbrug og gartneri-(Tilgang),Eksport - (Anvendelse),1973,0.4543576999524768
Dansk produktion,01000 Landbrug og gartneri-(Tilgang),Eksport - (Anvendelse),1974,0.46249410170152155
Dansk produktion,01000 Landbrug og gartneri-(Tilgang),Eksport - (Anvendelse),1975,0.5107895193781616
Dansk produktion,01000 Landbrug og gartneri-(Tilgang),Eksport - (Anvendelse),1976,0.6072771304260951
Dansk produktion,01000 Landbrug og gartneri-(Tilgang),Eksport - (Anvendelse),1977,0.6401408013140899
Dansk produktion,01000 Landbrug og gartneri-(Tilgang),Eksport - (Anvendelse),1978,0.6859653118974716
Dansk produktion,01000 Landbrug og gartneri-(Tilgang),Eksport - (Anvendelse),1979,0.7419173076374804
Dansk produktion,01000 Landbrug og gartneri-(Tilgang),Eksport - (Anvendelse),1980,0.7847113504979901
Dansk produktion,01000 Landbrug og gartneri-(Tilgang),Eksport - (Anvendelse),1981,0.8530122918260634
Dansk produktion,01000 Landbrug og gartneri-(Tilgang),Eksport - (Anvendelse),1982,0.94880372377557
Dansk produktion,01000 Landbrug og gartneri-(Tilgang),Eksport - (Anvendelse),1983,1.0721887705516666
Dansk produktion,01000 Landbrug og gartneri-(Tilgang),Eksport - (Anvendelse),1984,1.0918919639776743
Dansk produktion,01000 Landbrug og gartneri-(Tilgang),Eksport - (Anvendelse),1985,1.0775134979013297
Dansk produktion,01000 Landbrug og gartneri-(Tilgang),Eksport - (Anvendelse),1986,1.026520185893134
Dansk produktion,01000 Landbrug og gartneri-(Tilgang),Eksport - (Anvendelse),1987,1.0774765674759983
Dansk produktion,01000 Landbrug og gartneri-(Tilgang),Eksport - (Anvendelse),1988,0.916693797967306
Dansk produktion,01000 Landbrug og gartneri-(Tilgang),Eksport - (Anvendelse),1989,0.8439027470602969
Dansk produktion,01000 Landbrug og gartneri-(Tilgang),Eksport - (Anvendelse),1990,0.7738483643035697
Dansk produktion,01000 Landbrug og gartneri-(Tilgang),Eksport - (Anvendelse),1991,0.8038517355205393
Dansk produktion,01000 Landbrug og gartneri-(Tilgang),Eksport - (Anvendelse),1992,0.8283630362922905
Dansk produktion,01000 Landbrug og gartneri-(Tilgang),Eksport - (Anvendelse),1993,0.7583427248255195
Dansk produktion,01000 Landbrug og gartneri-(Tilgang),Eksport - (Anvendelse),1994,0.7580383320536246
Dansk produktion,01000 Landbrug og gartneri-(Tilgang),Eksport - (Anvendelse),1995,0.8343845520079579
Dansk produktion,01000 Landbrug og gartneri-(Tilgang),Eksport - (Anvendelse),1996,0.81578874929559
Dansk produktion,01000 Landbrug og gartneri-(Tilgang),Eksport - (Anvendelse),1997,0.7957959168986047
Dansk produktion,01000 Landbrug og gartneri-(Tilgang),Eksport - (Anvendelse),1998,0.6926132045944748
Dansk produktion,01000 Landbrug og gartneri-(Tilgang),Eksport - (Anvendelse),1999,0.7404474856794283
Dansk produktion,01000 Landbrug og gartneri-(Tilgang),Eksport - (Anvendelse),2000,0.7657922775606222
Dansk produktion,01000 Landbrug og gartneri-(Tilgang),Eksport - (Anvendelse),2001,0.802643055811272
Dansk produktion,01000 Landbrug og gartneri-(Tilgang),Eksport - (Anvendelse),2002,0.7325702244150266
Dansk produktion,01000 Landbrug og gartneri-(Tilgang),Eksport - (Anvendelse),2003,0.7717931279960574
Dansk produktion,01000 Landbrug og gartneri-(Tilgang),Eksport - (Anvendelse),2004,0.7763900573854411
Dansk produktion,01000 Landbrug og gartneri-(Tilgang),Eksport - (Anvendelse),2005,0.7544589638386178
Dansk produktion,01000 Landbrug og gartneri-(Tilgang),Eksport - (Anvendelse),2006,0.6948845631508392
Dansk produktion,01000 Landbrug og gartneri-(Tilgang),Eksport - (Anvendelse),2007,0.7399732622314565
Dansk produktion,01000 Landbrug og gartneri-(Tilgang),Eksport - (Anvendelse),2008,0.7615888305097696
Dansk produktion,01000 Landbrug og gartneri-(Tilgang),Eksport - (Anvendelse),2009,0.8358959719432892
Dansk produktion,01000 Landbrug og gartneri-(Tilgang),Eksport - (Anvendelse),2010,0.8921134370319332
Dansk produktion,01000 Landbrug og gartneri-(Tilgang),Eksport - (Anvendelse),2011,1.043762955211733
Dansk produktion,01000 Landbrug og gartneri-(Tilgang),Eksport - (Anvendelse),2012,1.1862334351517712
Dansk produktion,01000 Landbrug og gartneri-(Tilgang),Eksport - (Anvendelse),2013,0.923862500762908
Dansk produktion,01000 Landbrug og gartneri-(Tilgang),Eksport - (Anvendelse),2014,0.8972199217035585
Dansk produktion,01000 Landbrug og gartneri-(Tilgang),Eksport - (Anvendelse),2015,0.9007698927842346
Dansk produktion,01000 Landbrug og gartneri-(Tilgang),Eksport - (Anvendelse),2016,0.9325239457540518
Dansk produktion,01000 Landbrug og gartneri-(Tilgang),Eksport - (Anvendelse),2017,0.940557265337141
Dansk produktion,01000 Landbrug og gartneri-(Tilgang),Eksport - (Anvendelse),2018,0.8989816872717843
Dansk produktion,01000 Landbrug og gartneri-(Tilgang),Eksport - (Anvendelse),2019,0.9749852432369652
Dansk produktion,01000 Landbrug og gartneri-(Tilgang),Eksport - (Anvendelse),2020,1.0
Dansk produktion,01000 Landbrug og gartneri-(Tilgang),Eksport - (Anvendelse),2021,0.9731521613325864
Dansk produktion,01000 Landbrug og gartneri-(Tilgang),Eksport - (Anvendelse),2022,1.086547502141422
Dansk produktion,01000 Landbrug og gartneri-(Tilgang),Faste bruttoinvesteringer + Lagerforøgelse + Værdigenstande (Anvendelse),1967,-14.576737641685915
Dansk produktion,01000 Landbrug og gartneri-(Tilgang),Faste bruttoinvesteringer + Lagerforøgelse + Værdigenstande (Anvendelse),1968,-3.1504171129163216
Dansk produktion,01000 Landbrug og gartneri-(Tilgang),Faste bruttoinvesteringer + Lagerforøgelse + Værdigenstande (Anvendelse),1969,-3.5734159562494554
Dansk produktion,01000 Landbrug og gartneri-(Tilgang),Faste bruttoinvesteringer + Lagerforøgelse + Værdigenstande (Anvendelse),1970,-4.755657431637605
Dansk produktion,01000 Landbrug og gartneri-(Tilgang),Faste bruttoinvesteringer + Lagerforøgelse + Værdigenstande (Anvendelse),1971,-3.8692542855814622
Dansk produktion,01000 Landbrug og gartneri-(Tilgang),Faste bruttoinvesteringer + Lagerforøgelse + Værdigenstande (Anvendelse),1972,-4.450705152660747
Dansk produktion,01000 Landbrug og gartneri-(Tilgang),Faste bruttoinvesteringer + Lagerforøgelse + Værdigenstande (Anvendelse),1973,-0.4925655805128811
Dansk produktion,01000 Landbrug og gartneri-(Tilgang),Faste bruttoinvesteringer + Lagerforøgelse + Værdigenstande (Anvendelse),1974,-0.5760041823806876
Dansk produktion,01000 Landbrug og gartneri-(Tilgang),Faste bruttoinvesteringer + Lagerforøgelse + Værdigenstande (Anvendelse),1975,-0.5672616812260746
Dansk produktion,01000 Landbrug og gartneri-(Tilgang),Faste bruttoinvesteringer + Lagerforøgelse + Værdigenstande (Anvendelse),1976,-0.6587454595737798
Dansk produktion,01000 Landbrug og gartneri-(Tilgang),Faste bruttoinvesteringer + Lagerforøgelse + Værdigenstande (Anvendelse),1977,-0.7397290686711941
Dansk produktion,01000 Landbrug og gartneri-(Tilgang),Faste bruttoinvesteringer + Lagerforøgelse + Værdigenstande (Anvendelse),1978,-0.7358572015607054
Dansk produktion,01000 Landbrug og gartneri-(Tilgang),Faste bruttoinvesteringer + Lagerforøgelse + Værdigenstande (Anvendelse),1979,-2.5358395768543027
Dansk produktion,01000 Landbrug og gartneri-(Tilgang),Faste bruttoinvesteringer + Lagerforøgelse + Værdigenstande (Anvendelse),1980,-1.976920062804723
Dansk produktion,01000 Landbrug og gartneri-(Tilgang),Faste bruttoinvesteringer + Lagerforøgelse + Værdigenstande (Anvendelse),1981,-1.9856013194939826
Dansk produktion,01000 Landbrug og gartneri-(Tilgang),Faste bruttoinvesteringer + Lagerforøgelse + Værdigenstande (Anvendelse),1982,-2.2929430012226146
Dansk produktion,01000 Landbrug og gartneri-(Tilgang),Faste bruttoinvesteringer + Lagerforøgelse + Værdigenstande (Anvendelse),1983,-2.347413827377755
Dansk produktion,01000 Landbrug og gartneri-(Tilgang),Faste bruttoinvesteringer + Lagerforøgelse + Værdigenstande (Anvendelse),1984,-2.334349200208029
Dansk produktion,01000 Landbrug og gartneri-(Tilgang),Faste bruttoinvesteringer + Lagerforøgelse + Værdigenstande (Anvendelse),1985,-3.0745550312177845
Dansk produktion,01000 Landbrug og gartneri-(Tilgang),Faste bruttoinvesteringer + Lagerforøgelse + Værdigenstande (Anvendelse),1986,-2.640311627078252
Dansk produktion,01000 Landbrug og gartneri-(Tilgang),Faste bruttoinvesteringer + Lagerforøgelse + Værdigenstande (Anvendelse),1987,-2.5605206007680184
Dansk produktion,01000 Landbrug og gartneri-(Tilgang),Faste bruttoinvesteringer + Lagerforøgelse + Værdigenstande (Anvendelse),1988,-1.6161651655534963
Dansk produktion,01000 Landbrug og gartneri-(Tilgang),Faste bruttoinvesteringer + Lagerforøgelse + Værdigenstande (Anvendelse),1989,-1.143621887847069
Dansk produktion,01000 Landbrug og gartneri-(Tilgang),Faste bruttoinvesteringer + Lagerforøgelse + Værdigenstande (Anvendelse),1990,-1.0132930835269536
Dansk produktion,01000 Landbrug og gartneri-(Tilgang),Faste bruttoinvesteringer + Lagerforøgelse + Værdigenstande (Anvendelse),1991,-0.8448591326130429
Dansk produktion,01000 Landbrug og gartneri-(Tilgang),Faste bruttoinvesteringer + Lagerforøgelse + Værdigenstande (Anvendelse),1992,-0.6227613665208763
Dansk produktion,01000 Landbrug og gartneri-(Tilgang),Faste bruttoinvesteringer + Lagerforøgelse + Værdigenstande (Anvendelse),1993,-0.5236128908138258
Dansk produktion,01000 Landbrug og gartneri-(Tilgang),Faste bruttoinvesteringer + Lagerforøgelse + Værdigenstande (Anvendelse),1994,-0.4235216992787423
Dansk produktion,01000 Landbrug og gartneri-(Tilgang),Faste bruttoinvesteringer + Lagerforøgelse + Værdigenstande (Anvendelse),1995,-0.5271433543653145
Dansk produktion,01000 Landbrug og gartneri-(Tilgang),Faste bruttoinvesteringer + Lagerforøgelse + Værdigenstande (Anvendelse),1996,-0.5286449403350552
Dansk produktion,01000 Landbrug og gartneri-(Tilgang),Faste bruttoinvesteringer + Lagerforøgelse + Værdigenstande (Anvendelse),1997,-0.4982218266870473
Dansk produktion,01000 Landbrug og gartneri-(Tilgang),Faste bruttoinvesteringer + Lagerforøgelse + Værdigenstande (Anvendelse),1998,-0.2633520825320275
Dansk produktion,01000 Landbrug og gartneri-(Tilgang),Faste bruttoinvesteringer + Lagerforøgelse + Værdigenstande (Anvendelse),1999,-0.2822063257282012
Dansk produktion,01000 Landbrug og gartneri-(Tilgang),Faste bruttoinvesteringer + Lagerforøgelse + Værdigenstande (Anvendelse),2000,-0.3722819486033808
Dansk produktion,01000 Landbrug og gartneri-(Tilgang),Faste bruttoinvesteringer + Lagerforøgelse + Værdigenstande (Anvendelse),2001,-0.40102762275638193
Dansk produktion,01000 Landbrug og gartneri-(Tilgang),Faste bruttoinvesteringer + Lagerforøgelse + Værdigenstande (Anvendelse),2002,-0.3743867542097088
Dansk produktion,01000 Landbrug og gartneri-(Tilgang),Faste bruttoinvesteringer + Lagerforøgelse + Værdigenstande (Anvendelse),2003,-0.3560076601901952
Dansk produktion,01000 Landbrug og gartneri-(Tilgang),Faste bruttoinvesteringer + Lagerforøgelse + Værdigenstande (Anvendelse),2004,-0.5468117496112598
Dansk produktion,01000 Landbrug og gartneri-(Tilgang),Faste bruttoinvesteringer + Lagerforøgelse + Værdigenstande (Anvendelse),2005,-0.24681172940235874
Dansk produktion,01000 Landbrug og gartneri-(Tilgang),Faste bruttoinvesteringer + Lagerforøgelse + Værdigenstande (Anvendelse),2006,-0.20117718251322125
Dansk produktion,01000 Landbrug og gartneri-(Tilgang),Faste bruttoinvesteringer + Lagerforøgelse + Værdigenstande (Anvendelse),2007,-0.19718337118480722
Dansk produktion,01000 Landbrug og gartneri-(Tilgang),Faste bruttoinvesteringer + Lagerforøgelse + Værdigenstande (Anvendelse),2008,-0.20401016937182048
Dansk produktion,01000 Landbrug og gartneri-(Tilgang),Faste bruttoinvesteringer + Lagerforøgelse + Værdigenstande (Anvendelse),2009,-0.22030599679341584
Dansk produktion,01000 Landbrug og gartneri-(Tilgang),Faste bruttoinvesteringer + Lagerforøgelse + Værdigenstande (Anvendelse),2010,-0.22355674860743682
Dansk produktion,01000 Landbrug og gartneri-(Tilgang),Faste bruttoinvesteringer + Lagerforøgelse + Værdigenstande (Anvendelse),2011,-0.29257709575993596
Dansk produktion,01000 Landbrug og gartneri-(Tilgang),Faste bruttoinvesteringer + Lagerforøgelse + Værdigenstande (Anvendelse),2012,-0.352520336985209
Dansk produktion,01000 Landbrug og gartneri-(Tilgang),Faste bruttoinvesteringer + Lagerforøgelse + Værdigenstande (Anvendelse),2013,-0.3376157985684904
Dansk produktion,01000 Landbrug og gartneri-(Tilgang),Faste bruttoinvesteringer + Lagerforøgelse + Værdigenstande (Anvendelse),2014,-0.3935987871232986
Dansk produktion,01000 Landbrug og gartneri-(Tilgang),Faste bruttoinvesteringer + Lagerforøgelse + Værdigenstande (Anvendelse),2015,-0.4868840095290846
Dansk produktion,01000 Landbrug og gartneri-(Tilgang),Faste bruttoinvesteringer + Lagerforøgelse + Værdigenstande (Anvendelse),2016,-0.7973230325078765
Dansk produktion,01000 Landbrug og gartneri-(Tilgang),Faste bruttoinvesteringer + Lagerforøgelse + Værdigenstande (Anvendelse),2017,1.41305427361865
Dansk produktion,01000 Landbrug og gartneri-(Tilgang),Faste bruttoinvesteringer + Lagerforøgelse + Værdigenstande (Anvendelse),2018,1.7027282311580463
Dansk produktion,01000 Landbrug og gartneri-(Tilgang),Faste bruttoinvesteringer + Lagerforøgelse + Værdigenstande (Anvendelse),2019,1.081790432427997
Dansk produktion,01000 Landbrug og gartneri-(Tilgang),Faste bruttoinvesteringer + Lagerforøgelse + Værdigenstande (Anvendelse),2020,1.0
Dansk produktion,01000 Landbrug og gartneri-(Tilgang),Faste bruttoinvesteringer + Lagerforøgelse + Værdigenstande (Anvendelse),2021,1.0774058932938053
Dansk produktion,01000 Landbrug og gartneri-(Tilgang),Faste bruttoinvesteringer + Lagerforøgelse + Værdigenstande (Anvendelse),2022,3.2874006824516346
Dansk produktion,01000 Landbrug og gartneri-(Tilgang),Husholdningernes forbrugsudgifter + NPISH (Anvendelse),1967,0.19548174886195396
Dansk produktion,01000 Landbrug og gartneri-(Tilgang),Husholdningernes forbrugsudgifter + NPISH (Anvendelse),1968,0.19819441685294437
Dansk produktion,01000 Landbrug og gartneri-(Tilgang),Husholdningernes forbrugsudgifter + NPISH (Anvendelse),1969,0.2139348981760149
Dansk produktion,01000 Landbrug og gartneri-(Tilgang),Husholdningernes forbrugsudgifter + NPISH (Anvendelse),1970,0.2152999414938035
Dansk produktion,01000 Landbrug og gartneri-(Tilgang),Husholdningernes forbrugsudgifter + NPISH (Anvendelse),1971,0.21198918560422456
Dansk produktion,01000 Landbrug og gartneri-(Tilgang),Husholdningernes forbrugsudgifter + NPISH (Anvendelse),1972,0.24311942048131377
Dansk produktion,01000 Landbrug og gartneri-(Tilgang),Husholdningernes forbrugsudgifter + NPISH (Anvendelse),1973,0.2856952227693038
Dansk produktion,01000 Landbrug og gartneri-(Tilgang),Husholdningernes forbrugsudgifter + NPISH (Anvendelse),1974,0.2903925589273487
Dansk produktion,01000 Landbrug og gartneri-(Tilgang),Husholdningernes forbrugsudgifter + NPISH (Anvendelse),1975,0.3233191771641611
Dansk produktion,01000 Landbrug og gartneri-(Tilgang),Husholdningernes forbrugsudgifter + NPISH (Anvendelse),1976,0.42618199785955624
Dansk produktion,01000 Landbrug og gartneri-(Tilgang),Husholdningernes forbrugsudgifter + NPISH (Anvendelse),1977,0.4177768341953575
Dansk produktion,01000 Landbrug og gartneri-(Tilgang),Husholdningernes forbrugsudgifter + NPISH (Anvendelse),1978,0.42260042375515317
Dansk produktion,01000 Landbrug og gartneri-(Tilgang),Husholdningernes forbrugsudgifter + NPISH (Anvendelse),1979,0.44048405161654275
Dansk produktion,01000 Landbrug og gartneri-(Tilgang),Husholdningernes forbrugsudgifter + NPISH (Anvendelse),1980,0.4977350115604628
Dansk produktion,01000 Landbrug og gartneri-(Tilgang),Husholdningernes forbrugsudgifter + NPISH (Anvendelse),1981,0.538633324143726
Dansk produktion,01000 Landbrug og gartneri-(Tilgang),Husholdningernes forbrugsudgifter + NPISH (Anvendelse),1982,0.5615698518525685
Dansk produktion,01000 Landbrug og gartneri-(Tilgang),Husholdningernes forbrugsudgifter + NPISH (Anvendelse),1983,0.6184594273329788
Dansk produktion,01000 Landbrug og gartneri-(Tilgang),Husholdningernes forbrugsudgifter + NPISH (Anvendelse),1984,0.6622691912489646
Dansk produktion,01000 Landbrug og gartneri-(Tilgang),Husholdningernes forbrugsudgifter + NPISH (Anvendelse),1985,0.6453038010288682
Dansk produktion,01000 Landbrug og gartneri-(Tilgang),Husholdningernes forbrugsudgifter + NPISH (Anvendelse),1986,0.6720708958472151
Dansk produktion,01000 Landbrug og gartneri-(Tilgang),Husholdningernes forbrugsudgifter + NPISH (Anvendelse),1987,0.7546267623711447
Dansk produktion,01000 Landbrug og gartneri-(Tilgang),Husholdningernes forbrugsudgifter + NPISH (Anvendelse),1988,0.6120763266081758
Dansk produktion,01000 Landbrug og gartneri-(Tilgang),Husholdningernes forbrugsudgifter + NPISH (Anvendelse),1989,0.5925308675920451
Dansk produktion,01000 Landbrug og gartneri-(Tilgang),Husholdningernes forbrugsudgifter + NPISH (Anvendelse),1990,0.6227052834871002
Dansk produktion,01000 Landbrug og gartneri-(Tilgang),Husholdningernes forbrugsudgifter + NPISH (Anvendelse),1991,0.6297516651989125
Dansk produktion,01000 Landbrug og gartneri-(Tilgang),Husholdningernes forbrugsudgifter + NPISH (Anvendelse),1992,0.6043680911285925
Dansk produktion,01000 Landbrug og gartneri-(Tilgang),Husholdningernes forbrugsudgifter + NPISH (Anvendelse),1993,0.5935354379844892
Dansk produktion,01000 Landbrug og gartneri-(Tilgang),Husholdningernes forbrugsudgifter + NPISH (Anvendelse),1994,0.6229995426027765
Dansk produktion,01000 Landbrug og gartneri-(Tilgang),Husholdningernes forbrugsudgifter + NPISH (Anvendelse),1995,0.650483432937475
Dansk produktion,01000 Landbrug og gartneri-(Tilgang),Husholdningernes forbrugsudgifter + NPISH (Anvendelse),1996,0.6703639672912851
Dansk produktion,01000 Landbrug og gartneri-(Tilgang),Husholdningernes forbrugsudgifter + NPISH (Anvendelse),1997,0.6574260634308919
Dansk produktion,01000 Landbrug og gartneri-(Tilgang),Husholdningernes forbrugsudgifter + NPISH (Anvendelse),1998,0.6699497127039885
Dansk produktion,01000 Landbrug og gartneri-(Tilgang),Husholdningernes forbrugsudgifter + NPISH (Anvendelse),1999,0.6812327348724678
Dansk produktion,01000 Landbrug og gartneri-(Tilgang),Husholdningernes forbrugsudgifter + NPISH (Anvendelse),2000,0.7136338392154794
Dansk produktion,01000 Landbrug og gartneri-(Tilgang),Husholdningernes forbrugsudgifter + NPISH (Anvendelse),2001,0.7547212428410817
Dansk produktion,01000 Landbrug og gartneri-(Tilgang),Husholdningernes forbrugsudgifter + NPISH (Anvendelse),2002,0.7648534623742413
Dansk produktion,01000 Landbrug og gartneri-(Tilgang),Husholdningernes forbrugsudgifter + NPISH (Anvendelse),2003,0.7778677506463975
Dansk produktion,01000 Landbrug og gartneri-(Tilgang),Husholdningernes forbrugsudgifter + NPISH (Anvendelse),2004,0.7741377592384767
Dansk produktion,01000 Landbrug og gartneri-(Tilgang),Husholdningernes forbrugsudgifter + NPISH (Anvendelse),2005,0.8015570061319285
Dansk produktion,01000 Landbrug og gartneri-(Tilgang),Husholdningernes forbrugsudgifter + NPISH (Anvendelse),2006,0.8496641989974556
Dansk produktion,01000 Landbrug og gartneri-(Tilgang),Husholdningernes forbrugsudgifter + NPISH (Anvendelse),2007,0.8465147707125881
Dansk produktion,01000 Landbrug og gartneri-(Tilgang),Husholdningernes forbrugsudgifter + NPISH (Anvendelse),2008,0.8547978384308652
Dansk produktion,01000 Landbrug og gartneri-(Tilgang),Husholdningernes forbrugsudgifter + NPISH (Anvendelse),2009,0.8923891163669431
Dansk produktion,01000 Landbrug og gartneri-(Tilgang),Husholdningernes forbrugsudgifter + NPISH (Anvendelse),2010,0.9159158716375077
Dansk produktion,01000 Landbrug og gartneri-(Tilgang),Husholdningernes forbrugsudgifter + NPISH (Anvendelse),2011,0.9356430195568985
Dansk produktion,01000 Landbrug og gartneri-(Tilgang),Husholdningernes forbrugsudgifter + NPISH (Anvendelse),2012,0.9413797054833004
Dansk produktion,01000 Landbrug og gartneri-(Tilgang),Husholdningernes forbrugsudgifter + NPISH (Anvendelse),2013,0.939111072388455
Dansk produktion,01000 Landbrug og gartneri-(Tilgang),Husholdningernes forbrugsudgifter + NPISH (Anvendelse),2014,0.9015419077547827
Dansk produktion,01000 Landbrug og gartneri-(Tilgang),Husholdningernes forbrugsudgifter + NPISH (Anvendelse),2015,0.8904968048295347
Dansk produktion,01000 Landbrug og gartneri-(Tilgang),Husholdningernes forbrugsudgifter + NPISH (Anvendelse),2016,0.9059024482330564
Dansk produktion,01000 Landbrug og gartneri-(Tilgang),Husholdningernes forbrugsudgifter + NPISH (Anvendelse),2017,0.919419404312523
Dansk produktion,01000 Landbrug og gartneri-(Tilgang),Husholdningernes forbrugsudgifter + NPISH (Anvendelse),2018,0.9314277664913428
Dansk produktion,01000 Landbrug og gartneri-(Tilgang),Husholdningernes forbrugsudgifter + NPISH (Anvendelse),2019,0.9691924739069249
Dansk produktion,01000 Landbrug og gartneri-(Tilgang),Husholdningernes forbrugsudgifter + NPISH (Anvendelse),2020,1.0
Dansk produktion,01000 Landbrug og gartneri-(Tilgang),Husholdningernes forbrugsudgifter + NPISH (Anvendelse),2021,1.002907997846011
Dansk produktion,01000 Landbrug og gartneri-(Tilgang),Husholdningernes forbrugsudgifter + NPISH (Anvendelse),2022,1.0821809199129968
Dansk produktion,01000 Landbrug og gartneri-(Tilgang),"Offentligt forbrug, i alt-(Anvendelse)",1967,30.076770589228246
Dansk produktion,01000 Landbrug og gartneri-(Tilgang),"Offentligt forbrug, i alt-(Anvendelse)",1968,18.456200134299152
Dansk produktion,01000 Landbrug og gartneri-(Tilgang),"Offentligt forbrug, i alt-(Anvendelse)",1969,12.3041334228661
Dansk produktion,01000 Landbrug og gartneri-(Tilgang),"Offentligt forbrug, i alt-(Anvendelse)",1970,8.926528169530307
Dansk produktion,01000 Landbrug og gartneri-(Tilgang),"Offentligt forbrug, i alt-(Anvendelse)",1971,7.176228528445934
Dansk produktion,01000 Landbrug og gartneri-(Tilgang),"Offentligt forbrug, i alt-(Anvendelse)",1972,9.021544435760601
Dansk produktion,01000 Landbrug og gartneri-(Tilgang),"Offentligt forbrug, i alt-(Anvendelse)",1973,4.7700120005171
Dansk produktion,01000 Landbrug og gartneri-(Tilgang),"Offentligt forbrug, i alt-(Anvendelse)",1974,4.29301080046539
Dansk produktion,01000 Landbrug og gartneri-(Tilgang),"Offentligt forbrug, i alt-(Anvendelse)",1975,3.967782709521042
Dansk produktion,01000 Landbrug og gartneri-(Tilgang),"Offentligt forbrug, i alt-(Anvendelse)",1976,3.5765928649203764
Dansk produktion,01000 Landbrug og gartneri-(Tilgang),"Offentligt forbrug, i alt-(Anvendelse)",1977,3.308348400051348
Dansk produktion,01000 Landbrug og gartneri-(Tilgang),"Offentligt forbrug, i alt-(Anvendelse)",1978,2.8556270400443218
Dansk produktion,01000 Landbrug og gartneri-(Tilgang),"Offentligt forbrug, i alt-(Anvendelse)",1979,2.596024581858474
Dansk produktion,01000 Landbrug og gartneri-(Tilgang),"Offentligt forbrug, i alt-(Anvendelse)",1980,2.878201166843091
Dansk produktion,01000 Landbrug og gartneri-(Tilgang),"Offentligt forbrug, i alt-(Anvendelse)",1981,2.8268047174351785
Dansk produktion,01000 Landbrug og gartneri-(Tilgang),"Offentligt forbrug, i alt-(Anvendelse)",1982,2.760029802850095
Dansk produktion,01000 Landbrug og gartneri-(Tilgang),"Offentligt forbrug, i alt-(Anvendelse)",1983,2.6400285070740037
Dansk produktion,01000 Landbrug og gartneri-(Tilgang),"Offentligt forbrug, i alt-(Anvendelse)",1984,2.5450634528627085
Dansk produktion,01000 Landbrug og gartneri-(Tilgang),"Offentligt forbrug, i alt-(Anvendelse)",1985,2.2746504609960456
Dansk produktion,01000 Landbrug og gartneri-(Tilgang),"Offentligt forbrug, i alt-(Anvendelse)",1986,2.1505786176689887
Dansk produktion,01000 Landbrug og gartneri-(Tilgang),"Offentligt forbrug, i alt-(Anvendelse)",1987,2.022011417699647
Dansk produktion,01000 Landbrug og gartneri-(Tilgang),"Offentligt forbrug, i alt-(Anvendelse)",1988,1.9000810809539392
Dansk produktion,01000 Landbrug og gartneri-(Tilgang),"Offentligt forbrug, i alt-(Anvendelse)",1989,1.7100729728585453
Dansk produktion,01000 Landbrug og gartneri-(Tilgang),"Offentligt forbrug, i alt-(Anvendelse)",1990,1.8316010013865638
Dansk produktion,01000 Landbrug og gartneri-(Tilgang),"Offentligt forbrug, i alt-(Anvendelse)",1991,1.8727605744514304
Dansk produktion,01000 Landbrug og gartneri-(Tilgang),"Offentligt forbrug, i alt-(Anvendelse)",1992,1.9790164935692423
Dansk produktion,01000 Landbrug og gartneri-(Tilgang),"Offentligt forbrug, i alt-(Anvendelse)",1993,1.9723079630825668
Dansk produktion,01000 Landbrug og gartneri-(Tilgang),"Offentligt forbrug, i alt-(Anvendelse)",1994,1.941682063034701
Dansk produktion,01000 Landbrug og gartneri-(Tilgang),"Offentligt forbrug, i alt-(Anvendelse)",1995,2.0123743711548965
Dansk produktion,01000 Landbrug og gartneri-(Tilgang),"Offentligt forbrug, i alt-(Anvendelse)",1996,2.031479191134215
Dansk produktion,01000 Landbrug og gartneri-(Tilgang),"Offentligt forbrug, i alt-(Anvendelse)",1997,2.031479191134215
Dansk produktion,01000 Landbrug og gartneri-(Tilgang),"Offentligt forbrug, i alt-(Anvendelse)",1998,2.007579435944401
Dansk produktion,01000 Landbrug og gartneri-(Tilgang),"Offentligt forbrug, i alt-(Anvendelse)",1999,1.9396410455571114
Dansk produktion,01000 Landbrug og gartneri-(Tilgang),"Offentligt forbrug, i alt-(Anvendelse)",2000,1.931796187941107
Dansk produktion,01000 Landbrug og gartneri-(Tilgang),"Offentligt forbrug, i alt-(Anvendelse)",2001,1.9354828218875597
Dansk produktion,01000 Landbrug og gartneri-(Tilgang),"Offentligt forbrug, i alt-(Anvendelse)",2002,1.9506525812107909
Dansk produktion,01000 Landbrug og gartneri-(Tilgang),"Offentligt forbrug, i alt-(Anvendelse)",2003,2.0203187448254623
Dansk produktion,01000 Landbrug og gartneri-(Tilgang),"Offentligt forbrug, i alt-(Anvendelse)",2004,2.0836974699285777
Dansk produktion,01000 Landbrug og gartneri-(Tilgang),"Offentligt forbrug, i alt-(Anvendelse)",2005,2.0616746511407147
Dansk produktion,01000 Landbrug og gartneri-(Tilgang),"Offentligt forbrug, i alt-(Anvendelse)",2006,2.0616746511407147
Dansk produktion,01000 Landbrug og gartneri-(Tilgang),"Offentligt forbrug, i alt-(Anvendelse)",2007,1.8898684302123219
Dansk produktion,01000 Landbrug og gartneri-(Tilgang),"Offentligt forbrug, i alt-(Anvendelse)",2008,1.7548778280542987
Dansk produktion,01000 Landbrug og gartneri-(Tilgang),"Offentligt forbrug, i alt-(Anvendelse)",2009,1.5355180995475113
Dansk produktion,01000 Landbrug og gartneri-(Tilgang),"Offentligt forbrug, i alt-(Anvendelse)",2010,1.2795984162895928
Dansk produktion,01000 Landbrug og gartneri-(Tilgang),"Offentligt forbrug, i alt-(Anvendelse)",2011,1.137420814479638
Dansk produktion,01000 Landbrug og gartneri-(Tilgang),"Offentligt forbrug, i alt-(Anvendelse)",2012,1.0110407239819006
Dansk produktion,01000 Landbrug og gartneri-(Tilgang),"Offentligt forbrug, i alt-(Anvendelse)",2013,0.8987028657616895
Dansk produktion,01000 Landbrug og gartneri-(Tilgang),"Offentligt forbrug, i alt-(Anvendelse)",2014,0.8041025641025643
Dansk produktion,01000 Landbrug og gartneri-(Tilgang),"Offentligt forbrug, i alt-(Anvendelse)",2015,1.0051282051282053
Dansk produktion,01000 Landbrug og gartneri-(Tilgang),"Offentligt forbrug, i alt-(Anvendelse)",2016,1.0051282051282053
Dansk produktion,01000 Landbrug og gartneri-(Tilgang),"Offentligt forbrug, i alt-(Anvendelse)",2017,0.8376068376068379
Dansk produktion,01000 Landbrug og gartneri-(Tilgang),"Offentligt forbrug, i alt-(Anvendelse)",2018,0.7777777777777779
Dansk produktion,01000 Landbrug og gartneri-(Tilgang),"Offentligt forbrug, i alt-(Anvendelse)",2019,0.7777777777777779
Dansk produktion,01000 Landbrug og gartneri-(Tilgang),"Offentligt forbrug, i alt-(Anvendelse)",2020,1.0
Dansk produktion,01000 Landbrug og gartneri-(Tilgang),"Offentligt forbrug, i alt-(Anvendelse)",2021,1.0
Dansk produktion,01000 Landbrug og gartneri-(Tilgang),"Offentligt forbrug, i alt-(Anvendelse)",2022,1.0
Dansk produktion,01000 Landbrug og gartneri-(Tilgang),Privat,1967,0.25799647477303694
Dansk produktion,01000 Landbrug og gartneri-(Tilgang),Privat,1968,0.25811408909477435
Dansk produktion,01000 Landbrug og gartneri-(Tilgang),Privat,1969,0.27914918731881483
Dansk produktion,01000 Landbrug og gartneri-(Tilgang),Privat,1970,0.3025263001429663
Dansk produktion,01000 Landbrug og gartneri-(Tilgang),Privat,1971,0.303539921429564
Dansk produktion,01000 Landbrug og gartneri-(Tilgang),Privat,1972,0.3384805594615361
Dansk produktion,01000 Landbrug og gartneri-(Tilgang),Privat,1973,0.4432625862698201
Dansk produktion,01000 Landbrug og gartneri-(Tilgang),Privat,1974,0.45395574196899147
Dansk produktion,01000 Landbrug og gartneri-(Tilgang),Privat,1975,0.4954981202204189
Dansk produktion,01000 Landbrug og gartneri-(Tilgang),Privat,1976,0.5665969067794828
Dansk produktion,01000 Landbrug og gartneri-(Tilgang),Privat,1977,0.6003837606293707
Dansk produktion,01000 Landbrug og gartneri-(Tilgang),Privat,1978,0.6429875221501556
Dansk produktion,01000 Landbrug og gartneri-(Tilgang),Privat,1979,0.6537002301335924
Dansk produktion,01000 Landbrug og gartneri-(Tilgang),Privat,1980,0.7194753711248472
Dansk produktion,01000 Landbrug og gartneri-(Tilgang),Privat,1981,0.8129005242257227
Dansk produktion,01000 Landbrug og gartneri-(Tilgang),Privat,1982,0.9163902559482424
Dansk produktion,01000 Landbrug og gartneri-(Tilgang),Privat,1983,0.946897952675047
Dansk produktion,01000 Landbrug og gartneri-(Tilgang),Privat,1984,0.9871065302806233
Dansk produktion,01000 Landbrug og gartneri-(Tilgang),Privat,1985,0.9843404266701211
Dansk produktion,01000 Landbrug og gartneri-(Tilgang),Privat,1986,0.9457460309978754
Dansk produktion,01000 Landbrug og gartneri-(Tilgang),Privat,1987,0.926160308617776
Dansk produktion,01000 Landbrug og gartneri-(Tilgang),Privat,1988,0.9438138255070553
Dansk produktion,01000 Landbrug og gartneri-(Tilgang),Privat,1989,1.0258505077592572
Dansk produktion,01000 Landbrug og gartneri-(Tilgang),Privat,1990,0.9530512474413629
Dansk produktion,01000 Landbrug og gartneri-(Tilgang),Privat,1991,0.9303363487474007
Dansk produktion,01000 Landbrug og gartneri-(Tilgang),Privat,1992,0.9357042028350007
Dansk produktion,01000 Landbrug og gartneri-(Tilgang),Privat,1993,0.8190120824408004
Dansk produktion,01000 Landbrug og gartneri-(Tilgang),Privat,1994,0.8188483601039879
Dansk produktion,01000 Landbrug og gartneri-(Tilgang),Privat,1995,0.8421154234343939
Dansk produktion,01000 Landbrug og gartneri-(Tilgang),Privat,1996,0.8589279474293616
Dansk produktion,01000 Landbrug og gartneri-(Tilgang),Privat,1997,0.8649061607901212
Dansk produktion,01000 Landbrug og gartneri-(Tilgang),Privat,1998,0.7641545341441617
Dansk produktion,01000 Landbrug og gartneri-(Tilgang),Privat,1999,0.7323643014399323
Dansk produktion,01000 Landbrug og gartneri-(Tilgang),Privat,2000,0.8106443323742566
Dansk produktion,01000 Landbrug og gartneri-(Tilgang),Privat,2001,0.8699269416075395
Dansk produktion,01000 Landbrug og gartneri-(Tilgang),Privat,2002,0.7876597057882542
Dansk produktion,01000 Landbrug og gartneri-(Tilgang),Privat,2003,0.7448172173273934
Dansk produktion,01000 Landbrug og gartneri-(Tilgang),Privat,2004,0.7705677223882945
Dansk produktion,01000 Landbrug og gartneri-(Tilgang),Privat,2005,0.7036243579555055
Dansk produktion,01000 Landbrug og gartneri-(Tilgang),Privat,2006,0.7337375835780217
Dansk produktion,01000 Landbrug og gartneri-(Tilgang),Privat,2007,0.7657928483768659
Dansk produktion,01000 Landbrug og gartneri-(Tilgang),Privat,2008,0.8569699028528974
Dansk produktion,01000 Landbrug og gartneri-(Tilgang),Privat,2009,0.7766931202439922
Dansk produktion,01000 Landbrug og gartneri-(Tilgang),Privat,2010,0.8258690414325911
Dansk produktion,01000 Landbrug og gartneri-(Tilgang),Privat,2011,0.9190157308251508
Dansk produktion,01000 Landbrug og gartneri-(Tilgang),Privat,2012,0.9811276794834555
Dansk produktion,01000 Landbrug og gartneri-(Tilgang),Privat,2013,1.0050820438481698
Dansk produktion,01000 Landbrug og gartneri-(Tilgang),Privat,2014,0.9523537600834092
Dansk produktion,01000 Landbrug og gartneri-(Tilgang),Privat,2015,0.8577512125144016
Dansk produktion,01000 Landbrug og gartneri-(Tilgang),Privat,2016,0.8616057326883682
Dansk produktion,01000 Landbrug og gartneri-(Tilgang),Privat,2017,0.9660116240412121
Dansk produktion,01000 Landbrug og gartneri-(Tilgang),Privat,2018,0.9132691740702924
Dansk produktion,01000 Landbrug og gartneri-(Tilgang),Privat,2019,0.987541669284233
Dansk produktion,01000 Landbrug og gartneri-(Tilgang),Privat,2020,1.0
Dansk produktion,01000 Landbrug og gartneri-(Tilgang),Privat,2021,0.975904414632531
Dansk produktion,01000 Landbrug og gartneri-(Tilgang),Privat,2022,1.200894478350195
Dansk produktion,01000 Landbrug og gartneri-(Tilgang),REST_ANVENDELSE Øvrige brancher,1967,0.22142737155903627
Dansk produktion,01000 Landbrug og gartneri-(Tilgang),REST_ANVENDELSE Øvrige brancher,1968,0.22337866423850705
Dansk produktion,01000 Landbrug og gartneri-(Tilgang),REST_ANVENDELSE Øvrige brancher,1969,0.24496078636735494
Dansk produktion,01000 Landbrug og gartneri-(Tilgang),REST_ANVENDELSE Øvrige brancher,1970,0.25445827271632254
Dansk produktion,01000 Landbrug og gartneri-(Tilgang),REST_ANVENDELSE Øvrige brancher,1971,0.228333315644967
Dansk produktion,01000 Landbrug og gartneri-(Tilgang),REST_ANVENDELSE Øvrige brancher,1972,0.2768505537040715
Dansk produktion,01000 Landbrug og gartneri-(Tilgang),REST_ANVENDELSE Øvrige brancher,1973,0.3423762668933605
Dansk produktion,01000 Landbrug og gartneri-(Tilgang),REST_ANVENDELSE Øvrige brancher,1974,0.34867585516836636
Dansk produktion,01000 Landbrug og gartneri-(Tilgang),REST_ANVENDELSE Øvrige brancher,1975,0.369240009375151
Dansk produktion,01000 Landbrug og gartneri-(Tilgang),REST_ANVENDELSE Øvrige brancher,1976,0.48172584041218686
Dansk produktion,01000 Landbrug og gartneri-(Tilgang),REST_ANVENDELSE Øvrige brancher,1977,0.44454713423797776
Dansk produktion,01000 Landbrug og gartneri-(Tilgang),REST_ANVENDELSE Øvrige brancher,1978,0.4259561048264866
Dansk produktion,01000 Landbrug og gartneri-(Tilgang),REST_ANVENDELSE Øvrige brancher,1979,0.4568318903799332
Dansk produktion,01000 Landbrug og gartneri-(Tilgang),REST_ANVENDELSE Øvrige brancher,1980,0.51783400219289
Dansk produktion,01000 Landbrug og gartneri-(Tilgang),REST_ANVENDELSE Øvrige brancher,1981,0.5637112594124885
Dansk produktion,01000 Landbrug og gartneri-(Tilgang),REST_ANVENDELSE Øvrige brancher,1982,0.5767236098203894
Dansk produktion,01000 Landbrug og gartneri-(Tilgang),REST_ANVENDELSE Øvrige brancher,1983,0.6397618881092807
Dansk produktion,01000 Landbrug og gartneri-(Tilgang),REST_ANVENDELSE Øvrige brancher,1984,0.684382505506695
Dansk produktion,01000 Landbrug og gartneri-(Tilgang),REST_ANVENDELSE Øvrige brancher,1985,0.6422137492423479
Dansk produktion,01000 Landbrug og gartneri-(Tilgang),REST_ANVENDELSE Øvrige brancher,1986,0.6639637815567465
Dansk produktion,01000 Landbrug og gartneri-(Tilgang),REST_ANVENDELSE Øvrige brancher,1987,0.6944021299545005
Dansk produktion,01000 Landbrug og gartneri-(Tilgang),REST_ANVENDELSE Øvrige brancher,1988,0.6689158060439907
Dansk produktion,01000 Landbrug og gartneri-(Tilgang),REST_ANVENDELSE Øvrige brancher,1989,0.6719671888483588
Dansk produktion,01000 Landbrug og gartneri-(Tilgang),REST_ANVENDELSE Øvrige brancher,1990,0.666866119810675
Dansk produktion,01000 Landbrug og gartneri-(Tilgang),REST_ANVENDELSE Øvrige brancher,1991,0.6532419791453611
Dansk produktion,01000 Landbrug og gartneri-(Tilgang),REST_ANVENDELSE Øvrige brancher,1992,0.652997707400784
Dansk produktion,01000 Landbrug og gartneri-(Tilgang),REST_ANVENDELSE Øvrige brancher,1993,0.6519796805183125
Dansk produktion,01000 Landbrug og gartneri-(Tilgang),REST_ANVENDELSE Øvrige brancher,1994,0.6290874348041642
Dansk produktion,01000 Landbrug og gartneri-(Tilgang),REST_ANVENDELSE Øvrige brancher,1995,0.7033256310053047
Dansk produktion,01000 Landbrug og gartneri-(Tilgang),REST_ANVENDELSE Øvrige brancher,1996,0.6763198054408273
Dansk produktion,01000 Landbrug og gartneri-(Tilgang),REST_ANVENDELSE Øvrige brancher,1997,0.6663423011428423
Dansk produktion,01000 Landbrug og gartneri-(Tilgang),REST_ANVENDELSE Øvrige brancher,1998,0.6870064956569454
Dansk produktion,01000 Landbrug og gartneri-(Tilgang),REST_ANVENDELSE Øvrige brancher,1999,0.696931972674427
Dansk produktion,01000 Landbrug og gartneri-(Tilgang),REST_ANVENDELSE Øvrige brancher,2000,0.7231755626110674
Dansk produktion,01000 Landbrug og gartneri-(Tilgang),REST_ANVENDELSE Øvrige brancher,2001,0.7351991661188075
Dansk produktion,01000 Landbrug og gartneri-(Tilgang),REST_ANVENDELSE Øvrige brancher,2002,0.811280899218563
Dansk produktion,01000 Landbrug og gartneri-(Tilgang),REST_ANVENDELSE Øvrige brancher,2003,0.7926091842019152
Dansk produktion,01000 Landbrug og gartneri-(Tilgang),REST_ANVENDELSE Øvrige brancher,2004,0.7891673617052892
Dansk produktion,01000 Landbrug og gartneri-(Tilgang),REST_ANVENDELSE Øvrige brancher,2005,0.8097874812297519
Dansk produktion,01000 Landbrug og gartneri-(Tilgang),REST_ANVENDELSE Øvrige brancher,2006,0.8213587945709901
Dansk produktion,01000 Landbrug og gartneri-(Tilgang),REST_ANVENDELSE Øvrige brancher,2007,0.8723702013521473
Dansk produktion,01000 Landbrug og gartneri-(Tilgang),REST_ANVENDELSE Øvrige brancher,2008,0.91821574826468
Dansk produktion,01000 Landbrug og gartneri-(Tilgang),REST_ANVENDELSE Øvrige brancher,2009,0.8086353155425424
Dansk produktion,01000 Landbrug og gartneri-(Tilgang),REST_ANVENDELSE Øvrige brancher,2010,0.8375657900628364
Dansk produktion,01000 Landbrug og gartneri-(Tilgang),REST_ANVENDELSE Øvrige brancher,2011,1.030166224360942
Dansk produktion,01000 Landbrug og gartneri-(Tilgang),REST_ANVENDELSE Øvrige brancher,2012,1.125688184786146
Dansk produktion,01000 Landbrug og gartneri-(Tilgang),REST_ANVENDELSE Øvrige brancher,2013,1.0174132672104914
Dansk produktion,01000 Landbrug og gartneri-(Tilgang),REST_ANVENDELSE Øvrige brancher,2014,1.0086011932955337
Dansk produktion,01000 Landbrug og gartneri-(Tilgang),REST_ANVENDELSE Øvrige brancher,2015,0.9322603613319872
Dansk produktion,01000 Landbrug og gartneri-(Tilgang),REST_ANVENDELSE Øvrige brancher,2016,0.9524222582021986
Dansk produktion,01000 Landbrug og gartneri-(Tilgang),REST_ANVENDELSE Øvrige brancher,2017,1.006722037001689
Dansk produktion,01000 Landbrug og gartneri-(Tilgang),REST_ANVENDELSE Øvrige brancher,2018,1.0677519294942492
Dansk produktion,01000 Landbrug og gartneri-(Tilgang),REST_ANVENDELSE Øvrige brancher,2019,1.136172324372779
Dansk produktion,01000 Landbrug og gartneri-(Tilgang),REST_ANVENDELSE Øvrige brancher,2020,1.0
Dansk produktion,01000 Landbrug og gartneri-(Tilgang),REST_ANVENDELSE Øvrige brancher,2021,1.0097234425030235
Dansk produktion,01000 Landbrug og gartneri-(Tilgang),REST_ANVENDELSE Øvrige brancher,2022,1.1930152018722855
Dansk produktion,"10120 Føde-, drikke- og tobaksvareindustri-(Tilgang)",01000 Landbrug og gartneri- (Anvendelse),1967,0.18430905315323803
Dansk produktion,"10120 Føde-, drikke- og tobaksvareindustri-(Tilgang)",01000 Landbrug og gartneri- (Anvendelse),1968,0.18313614494429933
Dansk produktion,"10120 Føde-, drikke- og tobaksvareindustri-(Tilgang)",01000 Landbrug og gartneri- (Anvendelse),1969,0.18990873444349338
Dansk produktion,"10120 Føde-, drikke- og tobaksvareindustri-(Tilgang)",01000 Landbrug og gartneri- (Anvendelse),1970,0.20222760275040116
Dansk produktion,"10120 Føde-, drikke- og tobaksvareindustri-(Tilgang)",01000 Landbrug og gartneri- (Anvendelse),1971,0.2080722322977446
Dansk produktion,"10120 Føde-, drikke- og tobaksvareindustri-(Tilgang)",01000 Landbrug og gartneri- (Anvendelse),1972,0.22147453116281782
Dansk produktion,"10120 Føde-, drikke- og tobaksvareindustri-(Tilgang)",01000 Landbrug og gartneri- (Anvendelse),1973,0.29364156534459634
Dansk produktion,"10120 Føde-, drikke- og tobaksvareindustri-(Tilgang)",01000 Landbrug og gartneri- (Anvendelse),1974,0.32748938717414516
Dansk produktion,"10120 Føde-, drikke- og tobaksvareindustri-(Tilgang)",01000 Landbrug og gartneri- (Anvendelse),1975,0.3231649464388887
Dansk produktion,"10120 Føde-, drikke- og tobaksvareindustri-(Tilgang)",01000 Landbrug og gartneri- (Anvendelse),1976,0.3564204762188882
Dansk produktion,"10120 Føde-, drikke- og tobaksvareindustri-(Tilgang)",01000 Landbrug og gartneri- (Anvendelse),1977,0.41416254954866977
Dansk produktion,"10120 Føde-, drikke- og tobaksvareindustri-(Tilgang)",01000 Landbrug og gartneri- (Anvendelse),1978,0.3940252211635903
Dansk produktion,"10120 Føde-, drikke- og tobaksvareindustri-(Tilgang)",01000 Landbrug og gartneri- (Anvendelse),1979,0.41173216225590087
Dansk produktion,"10120 Føde-, drikke- og tobaksvareindustri-(Tilgang)",01000 Landbrug og gartneri- (Anvendelse),1980,0.4774970845789527
Dansk produktion,"10120 Føde-, drikke- og tobaksvareindustri-(Tilgang)",01000 Landbrug og gartneri- (Anvendelse),1981,0.5540412132697254
Dansk produktion,"10120 Føde-, drikke- og tobaksvareindustri-(Tilgang)",01000 Landbrug og gartneri- (Anvendelse),1982,0.5977446892474247
Dansk produktion,"10120 Føde-, drikke- og tobaksvareindustri-(Tilgang)",01000 Landbrug og gartneri- (Anvendelse),1983,0.6315227636434103
Dansk produktion,"10120 Føde-, drikke- og tobaksvareindustri-(Tilgang)",01000 Landbrug og gartneri- (Anvendelse),1984,0.6799195640280794
Dansk produktion,"10120 Føde-, drikke- og tobaksvareindustri-(Tilgang)",01000 Landbrug og gartneri- (Anvendelse),1985,0.659284510689229
Dansk produktion,"10120 Føde-, drikke- og tobaksvareindustri-(Tilgang)",01000 Landbrug og gartneri- (Anvendelse),1986,0.6234067553987551
Dansk produktion,"10120 Føde-, drikke- og tobaksvareindustri-(Tilgang)",01000 Landbrug og gartneri- (Anvendelse),1987,0.5854234308687475
Dansk produktion,"10120 Føde-, drikke- og tobaksvareindustri-(Tilgang)",01000 Landbrug og gartneri- (Anvendelse),1988,0.6643630163767789
Dansk produktion,"10120 Føde-, drikke- og tobaksvareindustri-(Tilgang)",01000 Landbrug og gartneri- (Anvendelse),1989,0.6925104098181468
Dansk produktion,"10120 Føde-, drikke- og tobaksvareindustri-(Tilgang)",01000 Landbrug og gartneri- (Anvendelse),1990,0.6140339673616773
Dansk produktion,"10120 Føde-, drikke- og tobaksvareindustri-(Tilgang)",01000 Landbrug og gartneri- (Anvendelse),1991,0.5968276467596779
Dansk produktion,"10120 Føde-, drikke- og tobaksvareindustri-(Tilgang)",01000 Landbrug og gartneri- (Anvendelse),1992,0.6313531969882025
Dansk produktion,"10120 Føde-, drikke- og tobaksvareindustri-(Tilgang)",01000 Landbrug og gartneri- (Anvendelse),1993,0.610995144848621
Dansk produktion,"10120 Føde-, drikke- og tobaksvareindustri-(Tilgang)",01000 Landbrug og gartneri- (Anvendelse),1994,0.6086740711775109
Dansk produktion,"10120 Føde-, drikke- og tobaksvareindustri-(Tilgang)",01000 Landbrug og gartneri- (Anvendelse),1995,0.5988014156595898
Dansk produktion,"10120 Føde-, drikke- og tobaksvareindustri-(Tilgang)",01000 Landbrug og gartneri- (Anvendelse),1996,0.6517136043672637
Dansk produktion,"10120 Føde-, drikke- og tobaksvareindustri-(Tilgang)",01000 Landbrug og gartneri- (Anvendelse),1997,0.6682981934868751
Dansk produktion,"10120 Føde-, drikke- og tobaksvareindustri-(Tilgang)",01000 Landbrug og gartneri- (Anvendelse),1998,0.6389528122682889
Dansk produktion,"10120 Føde-, drikke- og tobaksvareindustri-(Tilgang)",01000 Landbrug og gartneri- (Anvendelse),1999,0.582861979366607
Dansk produktion,"10120 Føde-, drikke- og tobaksvareindustri-(Tilgang)",01000 Landbrug og gartneri- (Anvendelse),2000,0.7142992788163534
Dansk produktion,"10120 Føde-, drikke- og tobaksvareindustri-(Tilgang)",01000 Landbrug og gartneri- (Anvendelse),2001,0.8199742490841138
Dansk produktion,"10120 Føde-, drikke- og tobaksvareindustri-(Tilgang)",01000 Landbrug og gartneri- (Anvendelse),2002,0.8152390076993975
Dansk produktion,"10120 Føde-, drikke- og tobaksvareindustri-(Tilgang)",01000 Landbrug og gartneri- (Anvendelse),2003,0.7989645866893136
Dansk produktion,"10120 Føde-, drikke- og tobaksvareindustri-(Tilgang)",01000 Landbrug og gartneri- (Anvendelse),2004,0.794130357349876
Dansk produktion,"10120 Føde-, drikke- og tobaksvareindustri-(Tilgang)",01000 Landbrug og gartneri- (Anvendelse),2005,0.826957588286552
Dansk produktion,"10120 Føde-, drikke- og tobaksvareindustri-(Tilgang)",01000 Landbrug og gartneri- (Anvendelse),2006,0.8186657278395375
Dansk produktion,"10120 Føde-, drikke- og tobaksvareindustri-(Tilgang)",01000 Landbrug og gartneri- (Anvendelse),2007,0.9253344281835403
Dansk produktion,"10120 Føde-, drikke- og tobaksvareindustri-(Tilgang)",01000 Landbrug og gartneri- (Anvendelse),2008,1.043135220275055
Dansk produktion,"10120 Føde-, drikke- og tobaksvareindustri-(Tilgang)",01000 Landbrug og gartneri- (Anvendelse),2009,0.9348042520584772
Dansk produktion,"10120 Føde-, drikke- og tobaksvareindustri-(Tilgang)",01000 Landbrug og gartneri- (Anvendelse),2010,0.9122174699817721
Dansk produktion,"10120 Føde-, drikke- og tobaksvareindustri-(Tilgang)",01000 Landbrug og gartneri- (Anvendelse),2011,1.0028853392535866
Dansk produktion,"10120 Føde-, drikke- og tobaksvareindustri-(Tilgang)",01000 Landbrug og gartneri- (Anvendelse),2012,1.058082832836052
Dansk produktion,"10120 Føde-, drikke- og tobaksvareindustri-(Tilgang)",01000 Landbrug og gartneri- (Anvendelse),2013,1.1574817527889159
Dansk produktion,"10120 Føde-, drikke- og tobaksvareindustri-(Tilgang)",01000 Landbrug og gartneri- (Anvendelse),2014,1.101195809524073
Dansk produktion,"10120 Føde-, drikke- og tobaksvareindustri-(Tilgang)",01000 Landbrug og gartneri- (Anvendelse),2015,1.0443226453654004
Dansk produktion,"10120 Føde-, drikke- og tobaksvareindustri-(Tilgang)",01000 Landbrug og gartneri- (Anvendelse),2016,1.001422178783381
Dansk produktion,"10120 Føde-, drikke- og tobaksvareindustri-(Tilgang)",01000 Landbrug og gartneri- (Anvendelse),2017,0.9945597782208909
Dansk produktion,"10120 Føde-, drikke- og tobaksvareindustri-(Tilgang)",01000 Landbrug og gartneri- (Anvendelse),2018,1.0152184715291486
Dansk produktion,"10120 Føde-, drikke- og tobaksvareindustri-(Tilgang)",01000 Landbrug og gartneri- (Anvendelse),2019,1.003344103734804
Dansk produktion,"10120 Føde-, drikke- og tobaksvareindustri-(Tilgang)",01000 Landbrug og gartneri- (Anvendelse),2020,1.0
Dansk produktion,"10120 Føde-, drikke- og tobaksvareindustri-(Tilgang)",01000 Landbrug og gartneri- (Anvendelse),2021,1.06504388775832
Dansk produktion,"10120 Føde-, drikke- og tobaksvareindustri-(Tilgang)",01000 Landbrug og gartneri- (Anvendelse),2022,1.3235890698329775
Dansk produktion,"10120 Føde-, drikke- og tobaksvareindustri-(Tilgang)","10120 Føde-, drikke- og tobaksvareindustri- (Anvendelse)",1967,0.2470359110426782
Dansk produktion,"10120 Føde-, drikke- og tobaksvareindustri-(Tilgang)","10120 Føde-, drikke- og tobaksvareindustri- (Anvendelse)",1968,0.2399630610521889
Dansk produktion,"10120 Føde-, drikke- og tobaksvareindustri-(Tilgang)","10120 Føde-, drikke- og tobaksvareindustri- (Anvendelse)",1969,0.2619712213653615
Dansk produktion,"10120 Føde-, drikke- og tobaksvareindustri-(Tilgang)","10120 Føde-, drikke- og tobaksvareindustri- (Anvendelse)",1970,0.2841738473849431
Dansk produktion,"10120 Føde-, drikke- og tobaksvareindustri-(Tilgang)","10120 Føde-, drikke- og tobaksvareindustri- (Anvendelse)",1971,0.285366657737653
Dansk produktion,"10120 Føde-, drikke- og tobaksvareindustri-(Tilgang)","10120 Føde-, drikke- og tobaksvareindustri- (Anvendelse)",1972,0.30649372100891636
Dansk produktion,"10120 Føde-, drikke- og tobaksvareindustri-(Tilgang)","10120 Føde-, drikke- og tobaksvareindustri- (Anvendelse)",1973,0.40284177878489946
Dansk produktion,"10120 Føde-, drikke- og tobaksvareindustri-(Tilgang)","10120 Føde-, drikke- og tobaksvareindustri- (Anvendelse)",1974,0.4290723548784465
Dansk produktion,"10120 Føde-, drikke- og tobaksvareindustri-(Tilgang)","10120 Føde-, drikke- og tobaksvareindustri- (Anvendelse)",1975,0.46142379840443803
Dansk produktion,"10120 Føde-, drikke- og tobaksvareindustri-(Tilgang)","10120 Føde-, drikke- og tobaksvareindustri- (Anvendelse)",1976,0.5012623426476916
Dansk produktion,"10120 Føde-, drikke- og tobaksvareindustri-(Tilgang)","10120 Føde-, drikke- og tobaksvareindustri- (Anvendelse)",1977,0.5307260753148311
Dansk produktion,"10120 Føde-, drikke- og tobaksvareindustri-(Tilgang)","10120 Føde-, drikke- og tobaksvareindustri- (Anvendelse)",1978,0.5692012759622446
Dansk produktion,"10120 Føde-, drikke- og tobaksvareindustri-(Tilgang)","10120 Føde-, drikke- og tobaksvareindustri- (Anvendelse)",1979,0.5472855590731277
Dansk produktion,"10120 Føde-, drikke- og tobaksvareindustri-(Tilgang)","10120 Føde-, drikke- og tobaksvareindustri- (Anvendelse)",1980,0.6001698039381804
Dansk produktion,"10120 Føde-, drikke- og tobaksvareindustri-(Tilgang)","10120 Føde-, drikke- og tobaksvareindustri- (Anvendelse)",1981,0.6800130839577953
Dansk produktion,"10120 Føde-, drikke- og tobaksvareindustri-(Tilgang)","10120 Føde-, drikke- og tobaksvareindustri- (Anvendelse)",1982,0.7573329806623571
Dansk produktion,"10120 Føde-, drikke- og tobaksvareindustri-(Tilgang)","10120 Føde-, drikke- og tobaksvareindustri- (Anvendelse)",1983,0.7810959607622779
Dansk produktion,"10120 Føde-, drikke- og tobaksvareindustri-(Tilgang)","10120 Føde-, drikke- og tobaksvareindustri- (Anvendelse)",1984,0.8462340196804158
Dansk produktion,"10120 Føde-, drikke- og tobaksvareindustri-(Tilgang)","10120 Føde-, drikke- og tobaksvareindustri- (Anvendelse)",1985,0.8482512236867351
Dansk produktion,"10120 Føde-, drikke- og tobaksvareindustri-(Tilgang)","10120 Føde-, drikke- og tobaksvareindustri- (Anvendelse)",1986,0.7874329905488785
Dansk produktion,"10120 Føde-, drikke- og tobaksvareindustri-(Tilgang)","10120 Føde-, drikke- og tobaksvareindustri- (Anvendelse)",1987,0.7591366785337166
Dansk produktion,"10120 Føde-, drikke- og tobaksvareindustri-(Tilgang)","10120 Føde-, drikke- og tobaksvareindustri- (Anvendelse)",1988,0.7784363738589947
Dansk produktion,"10120 Føde-, drikke- og tobaksvareindustri-(Tilgang)","10120 Føde-, drikke- og tobaksvareindustri- (Anvendelse)",1989,0.8405703488555122
Dansk produktion,"10120 Føde-, drikke- og tobaksvareindustri-(Tilgang)","10120 Føde-, drikke- og tobaksvareindustri- (Anvendelse)",1990,0.8052402223826426
Dansk produktion,"10120 Føde-, drikke- og tobaksvareindustri-(Tilgang)","10120 Føde-, drikke- og tobaksvareindustri- (Anvendelse)",1991,0.7837682663786615
Dansk produktion,"10120 Føde-, drikke- og tobaksvareindustri-(Tilgang)","10120 Føde-, drikke- og tobaksvareindustri- (Anvendelse)",1992,0.8033160866711948
Dansk produktion,"10120 Føde-, drikke- og tobaksvareindustri-(Tilgang)","10120 Føde-, drikke- og tobaksvareindustri- (Anvendelse)",1993,0.7302977610162864
Dansk produktion,"10120 Føde-, drikke- og tobaksvareindustri-(Tilgang)","10120 Føde-, drikke- og tobaksvareindustri- (Anvendelse)",1994,0.7527977461869656
Dansk produktion,"10120 Føde-, drikke- og tobaksvareindustri-(Tilgang)","10120 Føde-, drikke- og tobaksvareindustri- (Anvendelse)",1995,0.7569853546729092
Dansk produktion,"10120 Føde-, drikke- og tobaksvareindustri-(Tilgang)","10120 Føde-, drikke- og tobaksvareindustri- (Anvendelse)",1996,0.7699845222974543
Dansk produktion,"10120 Føde-, drikke- og tobaksvareindustri-(Tilgang)","10120 Føde-, drikke- og tobaksvareindustri- (Anvendelse)",1997,0.7768503642504281
Dansk produktion,"10120 Føde-, drikke- og tobaksvareindustri-(Tilgang)","10120 Føde-, drikke- og tobaksvareindustri- (Anvendelse)",1998,0.7304910875734224
Dansk produktion,"10120 Føde-, drikke- og tobaksvareindustri-(Tilgang)","10120 Føde-, drikke- og tobaksvareindustri- (Anvendelse)",1999,0.6884031047639151
Dansk produktion,"10120 Føde-, drikke- og tobaksvareindustri-(Tilgang)","10120 Føde-, drikke- og tobaksvareindustri- (Anvendelse)",2000,0.7207349083080565
Dansk produktion,"10120 Føde-, drikke- og tobaksvareindustri-(Tilgang)","10120 Føde-, drikke- og tobaksvareindustri- (Anvendelse)",2001,0.7707201308395554
Dansk produktion,"10120 Føde-, drikke- og tobaksvareindustri-(Tilgang)","10120 Føde-, drikke- og tobaksvareindustri- (Anvendelse)",2002,0.7736471964860987
Dansk produktion,"10120 Føde-, drikke- og tobaksvareindustri-(Tilgang)","10120 Føde-, drikke- og tobaksvareindustri- (Anvendelse)",2003,0.7574660084263077
Dansk produktion,"10120 Føde-, drikke- og tobaksvareindustri-(Tilgang)","10120 Føde-, drikke- og tobaksvareindustri- (Anvendelse)",2004,0.7689556131957236
Dansk produktion,"10120 Føde-, drikke- og tobaksvareindustri-(Tilgang)","10120 Føde-, drikke- og tobaksvareindustri- (Anvendelse)",2005,0.7906857120192681
Dansk produktion,"10120 Føde-, drikke- og tobaksvareindustri-(Tilgang)","10120 Føde-, drikke- og tobaksvareindustri- (Anvendelse)",2006,0.7947722253619242
Dansk produktion,"10120 Føde-, drikke- og tobaksvareindustri-(Tilgang)","10120 Føde-, drikke- og tobaksvareindustri- (Anvendelse)",2007,0.8262084493462868
Dansk produktion,"10120 Føde-, drikke- og tobaksvareindustri-(Tilgang)","10120 Føde-, drikke- og tobaksvareindustri- (Anvendelse)",2008,0.8846936175187916
Dansk produktion,"10120 Føde-, drikke- og tobaksvareindustri-(Tilgang)","10120 Føde-, drikke- og tobaksvareindustri- (Anvendelse)",2009,0.8424961018618776
Dansk produktion,"10120 Føde-, drikke- og tobaksvareindustri-(Tilgang)","10120 Føde-, drikke- og tobaksvareindustri- (Anvendelse)",2010,0.8956783406154879
Dansk produktion,"10120 Føde-, drikke- og tobaksvareindustri-(Tilgang)","10120 Føde-, drikke- og tobaksvareindustri- (Anvendelse)",2011,0.9439837396752945
Dansk produktion,"10120 Føde-, drikke- og tobaksvareindustri-(Tilgang)","10120 Føde-, drikke- og tobaksvareindustri- (Anvendelse)",2012,0.9677306934513685
Dansk produktion,"10120 Føde-, drikke- og tobaksvareindustri-(Tilgang)","10120 Føde-, drikke- og tobaksvareindustri- (Anvendelse)",2013,0.9842699772491614
Dansk produktion,"10120 Føde-, drikke- og tobaksvareindustri-(Tilgang)","10120 Føde-, drikke- og tobaksvareindustri- (Anvendelse)",2014,0.966267077824376
Dansk produktion,"10120 Føde-, drikke- og tobaksvareindustri-(Tilgang)","10120 Føde-, drikke- og tobaksvareindustri- (Anvendelse)",2015,0.9362398298211575
Dansk produktion,"10120 Føde-, drikke- og tobaksvareindustri-(Tilgang)","10120 Føde-, drikke- og tobaksvareindustri- (Anvendelse)",2016,0.9492028179024351
Dansk produktion,"10120 Føde-, drikke- og tobaksvareindustri-(Tilgang)","10120 Føde-, drikke- og tobaksvareindustri- (Anvendelse)",2017,0.9743786829814041
Dansk produktion,"10120 Føde-, drikke- og tobaksvareindustri-(Tilgang)","10120 Føde-, drikke- og tobaksvareindustri- (Anvendelse)",2018,0.9494344001910785
Dansk produktion,"10120 Føde-, drikke- og tobaksvareindustri-(Tilgang)","10120 Føde-, drikke- og tobaksvareindustri- (Anvendelse)",2019,0.9810020832374835
Dansk produktion,"10120 Føde-, drikke- og tobaksvareindustri-(Tilgang)","10120 Føde-, drikke- og tobaksvareindustri- (Anvendelse)",2020,1.0
Dansk produktion,"10120 Føde-, drikke- og tobaksvareindustri-(Tilgang)","10120 Føde-, drikke- og tobaksvareindustri- (Anvendelse)",2021,1.0025173818215005
Dansk produktion,"10120 Føde-, drikke- og tobaksvareindustri-(Tilgang)","10120 Føde-, drikke- og tobaksvareindustri- (Anvendelse)",2022,1.1846814140274544
Dansk produktion,"10120 Føde-, drikke- og tobaksvareindustri-(Tilgang)","Anvendelse, i alt-(Anvendelse)",1967,0.21736725993002964
Dansk produktion,"10120 Føde-, drikke- og tobaksvareindustri-(Tilgang)","Anvendelse, i alt-(Anvendelse)",1968,0.21710019233269026
Dansk produktion,"10120 Føde-, drikke- og tobaksvareindustri-(Tilgang)","Anvendelse, i alt-(Anvendelse)",1969,0.23343466888754896
Dansk produktion,"10120 Føde-, drikke- og tobaksvareindustri-(Tilgang)","Anvendelse, i alt-(Anvendelse)",1970,0.25019140692258346
Dansk produktion,"10120 Føde-, drikke- og tobaksvareindustri-(Tilgang)","Anvendelse, i alt-(Anvendelse)",1971,0.25792978796042465
Dansk produktion,"10120 Føde-, drikke- og tobaksvareindustri-(Tilgang)","Anvendelse, i alt-(Anvendelse)",1972,0.2766724070313018
Dansk produktion,"10120 Føde-, drikke- og tobaksvareindustri-(Tilgang)","Anvendelse, i alt-(Anvendelse)",1973,0.3541355386372814
Dansk produktion,"10120 Føde-, drikke- og tobaksvareindustri-(Tilgang)","Anvendelse, i alt-(Anvendelse)",1974,0.3836503717511528
Dansk produktion,"10120 Føde-, drikke- og tobaksvareindustri-(Tilgang)","Anvendelse, i alt-(Anvendelse)",1975,0.4142895444601047
Dansk produktion,"10120 Føde-, drikke- og tobaksvareindustri-(Tilgang)","Anvendelse, i alt-(Anvendelse)",1976,0.4527399107309284
Dansk produktion,"10120 Føde-, drikke- og tobaksvareindustri-(Tilgang)","Anvendelse, i alt-(Anvendelse)",1977,0.48772051502899433
Dansk produktion,"10120 Føde-, drikke- og tobaksvareindustri-(Tilgang)","Anvendelse, i alt-(Anvendelse)",1978,0.5174875123674979
Dansk produktion,"10120 Føde-, drikke- og tobaksvareindustri-(Tilgang)","Anvendelse, i alt-(Anvendelse)",1979,0.5245286291313774
Dansk produktion,"10120 Føde-, drikke- og tobaksvareindustri-(Tilgang)","Anvendelse, i alt-(Anvendelse)",1980,0.5781365622231825
Dansk produktion,"10120 Føde-, drikke- og tobaksvareindustri-(Tilgang)","Anvendelse, i alt-(Anvendelse)",1981,0.6515625758525497
Dansk produktion,"10120 Føde-, drikke- og tobaksvareindustri-(Tilgang)","Anvendelse, i alt-(Anvendelse)",1982,0.7242084587851315
Dansk produktion,"10120 Føde-, drikke- og tobaksvareindustri-(Tilgang)","Anvendelse, i alt-(Anvendelse)",1983,0.7493764881075909
Dansk produktion,"10120 Føde-, drikke- og tobaksvareindustri-(Tilgang)","Anvendelse, i alt-(Anvendelse)",1984,0.8071227027550943
Dansk produktion,"10120 Føde-, drikke- og tobaksvareindustri-(Tilgang)","Anvendelse, i alt-(Anvendelse)",1985,0.8062752478170422
Dansk produktion,"10120 Føde-, drikke- og tobaksvareindustri-(Tilgang)","Anvendelse, i alt-(Anvendelse)",1986,0.7677319756437212
Dansk produktion,"10120 Føde-, drikke- og tobaksvareindustri-(Tilgang)","Anvendelse, i alt-(Anvendelse)",1987,0.7554649541830261
Dansk produktion,"10120 Føde-, drikke- og tobaksvareindustri-(Tilgang)","Anvendelse, i alt-(Anvendelse)",1988,0.7647753999465643
Dansk produktion,"10120 Føde-, drikke- og tobaksvareindustri-(Tilgang)","Anvendelse, i alt-(Anvendelse)",1989,0.8150770170885109
Dansk produktion,"10120 Føde-, drikke- og tobaksvareindustri-(Tilgang)","Anvendelse, i alt-(Anvendelse)",1990,0.7943401044749195
Dansk produktion,"10120 Føde-, drikke- og tobaksvareindustri-(Tilgang)","Anvendelse, i alt-(Anvendelse)",1991,0.7917599520249209
Dansk produktion,"10120 Føde-, drikke- og tobaksvareindustri-(Tilgang)","Anvendelse, i alt-(Anvendelse)",1992,0.8113853972352395
Dansk produktion,"10120 Føde-, drikke- og tobaksvareindustri-(Tilgang)","Anvendelse, i alt-(Anvendelse)",1993,0.754799636887209
Dansk produktion,"10120 Føde-, drikke- og tobaksvareindustri-(Tilgang)","Anvendelse, i alt-(Anvendelse)",1994,0.7611440121864809
Dansk produktion,"10120 Føde-, drikke- og tobaksvareindustri-(Tilgang)","Anvendelse, i alt-(Anvendelse)",1995,0.7685614584157495
Dansk produktion,"10120 Føde-, drikke- og tobaksvareindustri-(Tilgang)","Anvendelse, i alt-(Anvendelse)",1996,0.7856548630320012
Dansk produktion,"10120 Føde-, drikke- og tobaksvareindustri-(Tilgang)","Anvendelse, i alt-(Anvendelse)",1997,0.7980358557987525
Dansk produktion,"10120 Føde-, drikke- og tobaksvareindustri-(Tilgang)","Anvendelse, i alt-(Anvendelse)",1998,0.7540223703857325
Dansk produktion,"10120 Føde-, drikke- og tobaksvareindustri-(Tilgang)","Anvendelse, i alt-(Anvendelse)",1999,0.7306972532011731
Dansk produktion,"10120 Føde-, drikke- og tobaksvareindustri-(Tilgang)","Anvendelse, i alt-(Anvendelse)",2000,0.7802627541738977
Dansk produktion,"10120 Føde-, drikke- og tobaksvareindustri-(Tilgang)","Anvendelse, i alt-(Anvendelse)",2001,0.8197000870513229
Dansk produktion,"10120 Føde-, drikke- og tobaksvareindustri-(Tilgang)","Anvendelse, i alt-(Anvendelse)",2002,0.8201806701161583
Dansk produktion,"10120 Føde-, drikke- og tobaksvareindustri-(Tilgang)","Anvendelse, i alt-(Anvendelse)",2003,0.8045986723129568
Dansk produktion,"10120 Føde-, drikke- og tobaksvareindustri-(Tilgang)","Anvendelse, i alt-(Anvendelse)",2004,0.8107377772486934
Dansk produktion,"10120 Føde-, drikke- og tobaksvareindustri-(Tilgang)","Anvendelse, i alt-(Anvendelse)",2005,0.8183370067903222
Dansk produktion,"10120 Føde-, drikke- og tobaksvareindustri-(Tilgang)","Anvendelse, i alt-(Anvendelse)",2006,0.8320036136752562
Dansk produktion,"10120 Føde-, drikke- og tobaksvareindustri-(Tilgang)","Anvendelse, i alt-(Anvendelse)",2007,0.8605144901243066
Dansk produktion,"10120 Føde-, drikke- og tobaksvareindustri-(Tilgang)","Anvendelse, i alt-(Anvendelse)",2008,0.9218334337105294
Dansk produktion,"10120 Føde-, drikke- og tobaksvareindustri-(Tilgang)","Anvendelse, i alt-(Anvendelse)",2009,0.8863758267496896
Dansk produktion,"10120 Føde-, drikke- og tobaksvareindustri-(Tilgang)","Anvendelse, i alt-(Anvendelse)",2010,0.9158215716553593
Dansk produktion,"10120 Føde-, drikke- og tobaksvareindustri-(Tilgang)","Anvendelse, i alt-(Anvendelse)",2011,0.9597641545545637
Dansk produktion,"10120 Føde-, drikke- og tobaksvareindustri-(Tilgang)","Anvendelse, i alt-(Anvendelse)",2012,0.9927584587180036
Dansk produktion,"10120 Føde-, drikke- og tobaksvareindustri-(Tilgang)","Anvendelse, i alt-(Anvendelse)",2013,1.0090947398167724
Dansk produktion,"10120 Føde-, drikke- og tobaksvareindustri-(Tilgang)","Anvendelse, i alt-(Anvendelse)",2014,0.9817921501943369
Dansk produktion,"10120 Føde-, drikke- og tobaksvareindustri-(Tilgang)","Anvendelse, i alt-(Anvendelse)",2015,0.9669314879838983
Dansk produktion,"10120 Føde-, drikke- og tobaksvareindustri-(Tilgang)","Anvendelse, i alt-(Anvendelse)",2016,0.9721225892525592
Dansk produktion,"10120 Føde-, drikke- og tobaksvareindustri-(Tilgang)","Anvendelse, i alt-(Anvendelse)",2017,0.9816736352109988
Dansk produktion,"10120 Føde-, drikke- og tobaksvareindustri-(Tilgang)","Anvendelse, i alt-(Anvendelse)",2018,0.9721503040333598
Dansk produktion,"10120 Føde-, drikke- og tobaksvareindustri-(Tilgang)","Anvendelse, i alt-(Anvendelse)",2019,0.9972466049214755
Dansk produktion,"10120 Føde-, drikke- og tobaksvareindustri-(Tilgang)","Anvendelse, i alt-(Anvendelse)",2020,1.0
Dansk produktion,"10120 Føde-, drikke- og tobaksvareindustri-(Tilgang)","Anvendelse, i alt-(Anvendelse)",2021,0.9914565053417658
Dansk produktion,"10120 Føde-, drikke- og tobaksvareindustri-(Tilgang)","Anvendelse, i alt-(Anvendelse)",2022,1.1472759487991397
Dansk produktion,"10120 Føde-, drikke- og tobaksvareindustri-(Tilgang)",Eksport - (Anvendelse),1967,0.23971631935869728
Dansk produktion,"10120 Føde-, drikke- og tobaksvareindustri-(Tilgang)",Eksport - (Anvendelse),1968,0.23858154444785712
Dansk produktion,"10120 Føde-, drikke- og tobaksvareindustri-(Tilgang)",Eksport - (Anvendelse),1969,0.2616980408709036
Dansk produktion,"10120 Føde-, drikke- og tobaksvareindustri-(Tilgang)",Eksport - (Anvendelse),1970,0.28076033953755036
Dansk produktion,"10120 Føde-, drikke- og tobaksvareindustri-(Tilgang)",Eksport - (Anvendelse),1971,0.2891603712924111
Dansk produktion,"10120 Føde-, drikke- og tobaksvareindustri-(Tilgang)",Eksport - (Anvendelse),1972,0.31078347479736074
Dansk produktion,"10120 Føde-, drikke- og tobaksvareindustri-(Tilgang)",Eksport - (Anvendelse),1973,0.40704092035938916
Dansk produktion,"10120 Føde-, drikke- og tobaksvareindustri-(Tilgang)",Eksport - (Anvendelse),1974,0.4310258698342055
Dansk produktion,"10120 Føde-, drikke- og tobaksvareindustri-(Tilgang)",Eksport - (Anvendelse),1975,0.4609102558104885
Dansk produktion,"10120 Føde-, drikke- og tobaksvareindustri-(Tilgang)",Eksport - (Anvendelse),1976,0.5120332314864445
Dansk produktion,"10120 Føde-, drikke- og tobaksvareindustri-(Tilgang)",Eksport - (Anvendelse),1977,0.550225077538764
Dansk produktion,"10120 Føde-, drikke- og tobaksvareindustri-(Tilgang)",Eksport - (Anvendelse),1978,0.5820206587471943
Dansk produktion,"10120 Føde-, drikke- og tobaksvareindustri-(Tilgang)",Eksport - (Anvendelse),1979,0.5985806658659272
Dansk produktion,"10120 Føde-, drikke- og tobaksvareindustri-(Tilgang)",Eksport - (Anvendelse),1980,0.6622412957894352
Dansk produktion,"10120 Føde-, drikke- og tobaksvareindustri-(Tilgang)",Eksport - (Anvendelse),1981,0.7456442904896208
Dansk produktion,"10120 Føde-, drikke- og tobaksvareindustri-(Tilgang)",Eksport - (Anvendelse),1982,0.8313127436529902
Dansk produktion,"10120 Føde-, drikke- og tobaksvareindustri-(Tilgang)",Eksport - (Anvendelse),1983,0.8525780812442745
Dansk produktion,"10120 Føde-, drikke- og tobaksvareindustri-(Tilgang)",Eksport - (Anvendelse),1984,0.9214179058733687
Dansk produktion,"10120 Føde-, drikke- og tobaksvareindustri-(Tilgang)",Eksport - (Anvendelse),1985,0.9059102560953586
Dansk produktion,"10120 Føde-, drikke- og tobaksvareindustri-(Tilgang)",Eksport - (Anvendelse),1986,0.8542659314291537
Dansk produktion,"10120 Føde-, drikke- og tobaksvareindustri-(Tilgang)",Eksport - (Anvendelse),1987,0.8391998338193589
Dansk produktion,"10120 Føde-, drikke- og tobaksvareindustri-(Tilgang)",Eksport - (Anvendelse),1988,0.8418571677800706
Dansk produktion,"10120 Føde-, drikke- og tobaksvareindustri-(Tilgang)",Eksport - (Anvendelse),1989,0.9025143210966898
Dansk produktion,"10120 Føde-, drikke- og tobaksvareindustri-(Tilgang)",Eksport - (Anvendelse),1990,0.8804307127045844
Dansk produktion,"10120 Føde-, drikke- og tobaksvareindustri-(Tilgang)",Eksport - (Anvendelse),1991,0.8747427241201262
Dansk produktion,"10120 Føde-, drikke- og tobaksvareindustri-(Tilgang)",Eksport - (Anvendelse),1992,0.8958332905354737
Dansk produktion,"10120 Føde-, drikke- og tobaksvareindustri-(Tilgang)",Eksport - (Anvendelse),1993,0.8186596975043564
Dansk produktion,"10120 Føde-, drikke- og tobaksvareindustri-(Tilgang)",Eksport - (Anvendelse),1994,0.8149004795766568
Dansk produktion,"10120 Føde-, drikke- og tobaksvareindustri-(Tilgang)",Eksport - (Anvendelse),1995,0.8246838288541465
Dansk produktion,"10120 Føde-, drikke- og tobaksvareindustri-(Tilgang)",Eksport - (Anvendelse),1996,0.8441712922576684
Dansk produktion,"10120 Føde-, drikke- og tobaksvareindustri-(Tilgang)",Eksport - (Anvendelse),1997,0.8596460005422063
Dansk produktion,"10120 Føde-, drikke- og tobaksvareindustri-(Tilgang)",Eksport - (Anvendelse),1998,0.7875316053801432
Dansk produktion,"10120 Føde-, drikke- og tobaksvareindustri-(Tilgang)",Eksport - (Anvendelse),1999,0.7556475335232576
Dansk produktion,"10120 Føde-, drikke- og tobaksvareindustri-(Tilgang)",Eksport - (Anvendelse),2000,0.8214906371257314
Dansk produktion,"10120 Føde-, drikke- og tobaksvareindustri-(Tilgang)",Eksport - (Anvendelse),2001,0.8643975646600196
Dansk produktion,"10120 Føde-, drikke- og tobaksvareindustri-(Tilgang)",Eksport - (Anvendelse),2002,0.8605518494792809
Dansk produktion,"10120 Føde-, drikke- og tobaksvareindustri-(Tilgang)",Eksport - (Anvendelse),2003,0.8317034969710269
Dansk produktion,"10120 Føde-, drikke- og tobaksvareindustri-(Tilgang)",Eksport - (Anvendelse),2004,0.830567271251591
Dansk produktion,"10120 Føde-, drikke- og tobaksvareindustri-(Tilgang)",Eksport - (Anvendelse),2005,0.8368555400377911
Dansk produktion,"10120 Føde-, drikke- og tobaksvareindustri-(Tilgang)",Eksport - (Anvendelse),2006,0.8574774818898776
Dansk produktion,"10120 Føde-, drikke- og tobaksvareindustri-(Tilgang)",Eksport - (Anvendelse),2007,0.8788288374301875
Dansk produktion,"10120 Føde-, drikke- og tobaksvareindustri-(Tilgang)",Eksport - (Anvendelse),2008,0.9300575170790109
Dansk produktion,"10120 Føde-, drikke- og tobaksvareindustri-(Tilgang)",Eksport - (Anvendelse),2009,0.8933486398060453
Dansk produktion,"10120 Føde-, drikke- og tobaksvareindustri-(Tilgang)",Eksport - (Anvendelse),2010,0.9279538256146713
Dansk produktion,"10120 Føde-, drikke- og tobaksvareindustri-(Tilgang)",Eksport - (Anvendelse),2011,0.9637222173955762
Dansk produktion,"10120 Føde-, drikke- og tobaksvareindustri-(Tilgang)",Eksport - (Anvendelse),2012,0.9970739056299838
Dansk produktion,"10120 Føde-, drikke- og tobaksvareindustri-(Tilgang)",Eksport - (Anvendelse),2013,1.0144273572850913
Dansk produktion,"10120 Føde-, drikke- og tobaksvareindustri-(Tilgang)",Eksport - (Anvendelse),2014,0.9843157211328191
Dansk produktion,"10120 Føde-, drikke- og tobaksvareindustri-(Tilgang)",Eksport - (Anvendelse),2015,0.9680351345944799
Dansk produktion,"10120 Føde-, drikke- og tobaksvareindustri-(Tilgang)",Eksport - (Anvendelse),2016,0.9781449721683252
Dansk produktion,"10120 Føde-, drikke- og tobaksvareindustri-(Tilgang)",Eksport - (Anvendelse),2017,0.9863004610589508
Dansk produktion,"10120 Føde-, drikke- og tobaksvareindustri-(Tilgang)",Eksport - (Anvendelse),2018,0.9720697212747407
Dansk produktion,"10120 Føde-, drikke- og tobaksvareindustri-(Tilgang)",Eksport - (Anvendelse),2019,1.003666286990518
Dansk produktion,"10120 Føde-, drikke- og tobaksvareindustri-(Tilgang)",Eksport - (Anvendelse),2020,1.0
Dansk produktion,"10120 Føde-, drikke- og tobaksvareindustri-(Tilgang)",Eksport - (Anvendelse),2021,0.9775169248205711
Dansk produktion,"10120 Føde-, drikke- og tobaksvareindustri-(Tilgang)",Eksport - (Anvendelse),2022,1.1354789403742387
Dansk produktion,"10120 Føde-, drikke- og tobaksvareindustri-(Tilgang)",Faste bruttoinvesteringer + Lagerforøgelse + Værdigenstande (Anvendelse),1967,-0.47733535493277457
Dansk produktion,"10120 Føde-, drikke- og tobaksvareindustri-(Tilgang)",Faste bruttoinvesteringer + Lagerforøgelse + Værdigenstande (Anvendelse),1968,0.2733902630133634
Dansk produktion,"10120 Føde-, drikke- og tobaksvareindustri-(Tilgang)",Faste bruttoinvesteringer + Lagerforøgelse + Værdigenstande (Anvendelse),1969,0.21281463502956482
Dansk produktion,"10120 Føde-, drikke- og tobaksvareindustri-(Tilgang)",Faste bruttoinvesteringer + Lagerforøgelse + Værdigenstande (Anvendelse),1970,0.23156796179383962
Dansk produktion,"10120 Føde-, drikke- og tobaksvareindustri-(Tilgang)",Faste bruttoinvesteringer + Lagerforøgelse + Værdigenstande (Anvendelse),1971,0.26825429480187546
Dansk produktion,"10120 Føde-, drikke- og tobaksvareindustri-(Tilgang)",Faste bruttoinvesteringer + Lagerforøgelse + Værdigenstande (Anvendelse),1972,0.2966591244989826
Dansk produktion,"10120 Føde-, drikke- og tobaksvareindustri-(Tilgang)",Faste bruttoinvesteringer + Lagerforøgelse + Værdigenstande (Anvendelse),1973,0.4058947755630247
Dansk produktion,"10120 Føde-, drikke- og tobaksvareindustri-(Tilgang)",Faste bruttoinvesteringer + Lagerforøgelse + Værdigenstande (Anvendelse),1974,0.44129734214656224
Dansk produktion,"10120 Føde-, drikke- og tobaksvareindustri-(Tilgang)",Faste bruttoinvesteringer + Lagerforøgelse + Værdigenstande (Anvendelse),1975,0.48536672585108664
Dansk produktion,"10120 Føde-, drikke- og tobaksvareindustri-(Tilgang)",Faste bruttoinvesteringer + Lagerforøgelse + Værdigenstande (Anvendelse),1976,0.5523321202255373
Dansk produktion,"10120 Føde-, drikke- og tobaksvareindustri-(Tilgang)",Faste bruttoinvesteringer + Lagerforøgelse + Værdigenstande (Anvendelse),1977,0.5996683838023387
Dansk produktion,"10120 Føde-, drikke- og tobaksvareindustri-(Tilgang)",Faste bruttoinvesteringer + Lagerforøgelse + Værdigenstande (Anvendelse),1978,0.6645629047900851
Dansk produktion,"10120 Føde-, drikke- og tobaksvareindustri-(Tilgang)",Faste bruttoinvesteringer + Lagerforøgelse + Værdigenstande (Anvendelse),1979,0.3641410470187895
Dansk produktion,"10120 Føde-, drikke- og tobaksvareindustri-(Tilgang)",Faste bruttoinvesteringer + Lagerforøgelse + Værdigenstande (Anvendelse),1980,0.4994290211264793
Dansk produktion,"10120 Føde-, drikke- og tobaksvareindustri-(Tilgang)",Faste bruttoinvesteringer + Lagerforøgelse + Værdigenstande (Anvendelse),1981,0.5871784478315071
Dansk produktion,"10120 Føde-, drikke- og tobaksvareindustri-(Tilgang)",Faste bruttoinvesteringer + Lagerforøgelse + Værdigenstande (Anvendelse),1982,0.6732037632592508
Dansk produktion,"10120 Føde-, drikke- og tobaksvareindustri-(Tilgang)",Faste bruttoinvesteringer + Lagerforøgelse + Værdigenstande (Anvendelse),1983,0.6820605153030833
Dansk produktion,"10120 Føde-, drikke- og tobaksvareindustri-(Tilgang)",Faste bruttoinvesteringer + Lagerforøgelse + Værdigenstande (Anvendelse),1984,0.6570913604573816
Dansk produktion,"10120 Føde-, drikke- og tobaksvareindustri-(Tilgang)",Faste bruttoinvesteringer + Lagerforøgelse + Værdigenstande (Anvendelse),1985,0.8133165653410579
Dansk produktion,"10120 Føde-, drikke- og tobaksvareindustri-(Tilgang)",Faste bruttoinvesteringer + Lagerforøgelse + Værdigenstande (Anvendelse),1986,0.838427975873156
Dansk produktion,"10120 Føde-, drikke- og tobaksvareindustri-(Tilgang)",Faste bruttoinvesteringer + Lagerforøgelse + Værdigenstande (Anvendelse),1987,0.696536120329942
Dansk produktion,"10120 Føde-, drikke- og tobaksvareindustri-(Tilgang)",Faste bruttoinvesteringer + Lagerforøgelse + Værdigenstande (Anvendelse),1988,0.5975080783014749
Dansk produktion,"10120 Føde-, drikke- og tobaksvareindustri-(Tilgang)",Faste bruttoinvesteringer + Lagerforøgelse + Værdigenstande (Anvendelse),1989,0.76647439829669
Dansk produktion,"10120 Føde-, drikke- og tobaksvareindustri-(Tilgang)",Faste bruttoinvesteringer + Lagerforøgelse + Værdigenstande (Anvendelse),1990,0.7188647539238316
Dansk produktion,"10120 Føde-, drikke- og tobaksvareindustri-(Tilgang)",Faste bruttoinvesteringer + Lagerforøgelse + Værdigenstande (Anvendelse),1991,0.5057462777679927
Dansk produktion,"10120 Føde-, drikke- og tobaksvareindustri-(Tilgang)",Faste bruttoinvesteringer + Lagerforøgelse + Værdigenstande (Anvendelse),1992,0.4759415033677284
Dansk produktion,"10120 Føde-, drikke- og tobaksvareindustri-(Tilgang)",Faste bruttoinvesteringer + Lagerforøgelse + Værdigenstande (Anvendelse),1993,0.2675426198260395
Dansk produktion,"10120 Føde-, drikke- og tobaksvareindustri-(Tilgang)",Faste bruttoinvesteringer + Lagerforøgelse + Værdigenstande (Anvendelse),1994,0.25000606968244427
Dansk produktion,"10120 Føde-, drikke- og tobaksvareindustri-(Tilgang)",Faste bruttoinvesteringer + Lagerforøgelse + Værdigenstande (Anvendelse),1995,0.2524123512389981
Dansk produktion,"10120 Føde-, drikke- og tobaksvareindustri-(Tilgang)",Faste bruttoinvesteringer + Lagerforøgelse + Værdigenstande (Anvendelse),1996,0.2675767940642671
Dansk produktion,"10120 Føde-, drikke- og tobaksvareindustri-(Tilgang)",Faste bruttoinvesteringer + Lagerforøgelse + Værdigenstande (Anvendelse),1997,0.24901313345785536
Dansk produktion,"10120 Føde-, drikke- og tobaksvareindustri-(Tilgang)",Faste bruttoinvesteringer + Lagerforøgelse + Værdigenstande (Anvendelse),1998,0.2253414156628416
Dansk produktion,"10120 Føde-, drikke- og tobaksvareindustri-(Tilgang)",Faste bruttoinvesteringer + Lagerforøgelse + Værdigenstande (Anvendelse),1999,0.2723118193602627
Dansk produktion,"10120 Føde-, drikke- og tobaksvareindustri-(Tilgang)",Faste bruttoinvesteringer + Lagerforøgelse + Værdigenstande (Anvendelse),2000,0.31752078677702594
Dansk produktion,"10120 Føde-, drikke- og tobaksvareindustri-(Tilgang)",Faste bruttoinvesteringer + Lagerforøgelse + Værdigenstande (Anvendelse),2001,0.34624849879809283
Dansk produktion,"10120 Føde-, drikke- og tobaksvareindustri-(Tilgang)",Faste bruttoinvesteringer + Lagerforøgelse + Værdigenstande (Anvendelse),2002,0.3503541808944053
Dansk produktion,"10120 Føde-, drikke- og tobaksvareindustri-(Tilgang)",Faste bruttoinvesteringer + Lagerforøgelse + Værdigenstande (Anvendelse),2003,0.35793190975078804
Dansk produktion,"10120 Føde-, drikke- og tobaksvareindustri-(Tilgang)",Faste bruttoinvesteringer + Lagerforøgelse + Værdigenstande (Anvendelse),2004,0.6049972579244103
Dansk produktion,"10120 Føde-, drikke- og tobaksvareindustri-(Tilgang)",Faste bruttoinvesteringer + Lagerforøgelse + Værdigenstande (Anvendelse),2005,0.6422497094362832
Dansk produktion,"10120 Føde-, drikke- og tobaksvareindustri-(Tilgang)",Faste bruttoinvesteringer + Lagerforøgelse + Værdigenstande (Anvendelse),2006,0.7949239921953221
Dansk produktion,"10120 Føde-, drikke- og tobaksvareindustri-(Tilgang)",Faste bruttoinvesteringer + Lagerforøgelse + Værdigenstande (Anvendelse),2007,0.9807692018258328
Dansk produktion,"10120 Føde-, drikke- og tobaksvareindustri-(Tilgang)",Faste bruttoinvesteringer + Lagerforøgelse + Værdigenstande (Anvendelse),2008,1.0260658624023684
Dansk produktion,"10120 Føde-, drikke- og tobaksvareindustri-(Tilgang)",Faste bruttoinvesteringer + Lagerforøgelse + Værdigenstande (Anvendelse),2009,0.9003255084604393
Dansk produktion,"10120 Føde-, drikke- og tobaksvareindustri-(Tilgang)",Faste bruttoinvesteringer + Lagerforøgelse + Værdigenstande (Anvendelse),2010,0.4022099319363071
Dansk produktion,"10120 Føde-, drikke- og tobaksvareindustri-(Tilgang)",Faste bruttoinvesteringer + Lagerforøgelse + Værdigenstande (Anvendelse),2011,0.39814459634136323
Dansk produktion,"10120 Føde-, drikke- og tobaksvareindustri-(Tilgang)",Faste bruttoinvesteringer + Lagerforøgelse + Værdigenstande (Anvendelse),2012,0.9494969249195531
Dansk produktion,"10120 Føde-, drikke- og tobaksvareindustri-(Tilgang)",Faste bruttoinvesteringer + Lagerforøgelse + Værdigenstande (Anvendelse),2013,0.9665231153740962
Dansk produktion,"10120 Føde-, drikke- og tobaksvareindustri-(Tilgang)",Faste bruttoinvesteringer + Lagerforøgelse + Værdigenstande (Anvendelse),2014,1.0196178617098006
Dansk produktion,"10120 Føde-, drikke- og tobaksvareindustri-(Tilgang)",Faste bruttoinvesteringer + Lagerforøgelse + Værdigenstande (Anvendelse),2015,1.012702932181761
Dansk produktion,"10120 Føde-, drikke- og tobaksvareindustri-(Tilgang)",Faste bruttoinvesteringer + Lagerforøgelse + Værdigenstande (Anvendelse),2016,1.0189525586451589
Dansk produktion,"10120 Føde-, drikke- og tobaksvareindustri-(Tilgang)",Faste bruttoinvesteringer + Lagerforøgelse + Værdigenstande (Anvendelse),2017,1.0465817406024642
Dansk produktion,"10120 Føde-, drikke- og tobaksvareindustri-(Tilgang)",Faste bruttoinvesteringer + Lagerforøgelse + Værdigenstande (Anvendelse),2018,1.0403186174276748
Dansk produktion,"10120 Føde-, drikke- og tobaksvareindustri-(Tilgang)",Faste bruttoinvesteringer + Lagerforøgelse + Værdigenstande (Anvendelse),2019,1.0071588516426588
Dansk produktion,"10120 Føde-, drikke- og tobaksvareindustri-(Tilgang)",Faste bruttoinvesteringer + Lagerforøgelse + Værdigenstande (Anvendelse),2020,1.0
Dansk produktion,"10120 Føde-, drikke- og tobaksvareindustri-(Tilgang)",Faste bruttoinvesteringer + Lagerforøgelse + Værdigenstande (Anvendelse),2021,0.9766233260666457
Dansk produktion,"10120 Føde-, drikke- og tobaksvareindustri-(Tilgang)",Faste bruttoinvesteringer + Lagerforøgelse + Værdigenstande (Anvendelse),2022,1.0468018821697114
Dansk produktion,"10120 Føde-, drikke- og tobaksvareindustri-(Tilgang)",Husholdningernes forbrugsudgifter + NPISH (Anvendelse),1967,0.17156289403216346
Dansk produktion,"10120 Føde-, drikke- og tobaksvareindustri-(Tilgang)",Husholdningernes forbrugsudgifter + NPISH (Anvendelse),1968,0.1738003615466022
Dansk produktion,"10120 Føde-, drikke- og tobaksvareindustri-(Tilgang)",Husholdningernes forbrugsudgifter + NPISH (Anvendelse),1969,0.1829481472575286
Dansk produktion,"10120 Føde-, drikke- og tobaksvareindustri-(Tilgang)",Husholdningernes forbrugsudgifter + NPISH (Anvendelse),1970,0.1942749895860086
Dansk produktion,"10120 Føde-, drikke- og tobaksvareindustri-(Tilgang)",Husholdningernes forbrugsudgifter + NPISH (Anvendelse),1971,0.2026580216737211
Dansk produktion,"10120 Føde-, drikke- og tobaksvareindustri-(Tilgang)",Husholdningernes forbrugsudgifter + NPISH (Anvendelse),1972,0.21665305088133363
Dansk produktion,"10120 Føde-, drikke- og tobaksvareindustri-(Tilgang)",Husholdningernes forbrugsudgifter + NPISH (Anvendelse),1973,0.2637900683630233
Dansk produktion,"10120 Føde-, drikke- og tobaksvareindustri-(Tilgang)",Husholdningernes forbrugsudgifter + NPISH (Anvendelse),1974,0.2942926124496482
Dansk produktion,"10120 Føde-, drikke- og tobaksvareindustri-(Tilgang)",Husholdningernes forbrugsudgifter + NPISH (Anvendelse),1975,0.3272216937760163
Dansk produktion,"10120 Føde-, drikke- og tobaksvareindustri-(Tilgang)",Husholdningernes forbrugsudgifter + NPISH (Anvendelse),1976,0.35219963793567366
Dansk produktion,"10120 Føde-, drikke- og tobaksvareindustri-(Tilgang)",Husholdningernes forbrugsudgifter + NPISH (Anvendelse),1977,0.38064222813699594
Dansk produktion,"10120 Føde-, drikke- og tobaksvareindustri-(Tilgang)",Husholdningernes forbrugsudgifter + NPISH (Anvendelse),1978,0.4090260843772149
Dansk produktion,"10120 Føde-, drikke- og tobaksvareindustri-(Tilgang)",Husholdningernes forbrugsudgifter + NPISH (Anvendelse),1979,0.41774671544771136
Dansk produktion,"10120 Føde-, drikke- og tobaksvareindustri-(Tilgang)",Husholdningernes forbrugsudgifter + NPISH (Anvendelse),1980,0.4544001735177063
Dansk produktion,"10120 Føde-, drikke- og tobaksvareindustri-(Tilgang)",Husholdningernes forbrugsudgifter + NPISH (Anvendelse),1981,0.5094472436560132
Dansk produktion,"10120 Føde-, drikke- og tobaksvareindustri-(Tilgang)",Husholdningernes forbrugsudgifter + NPISH (Anvendelse),1982,0.5638328832805483
Dansk produktion,"10120 Føde-, drikke- og tobaksvareindustri-(Tilgang)",Husholdningernes forbrugsudgifter + NPISH (Anvendelse),1983,0.5899975875318517
Dansk produktion,"10120 Føde-, drikke- og tobaksvareindustri-(Tilgang)",Husholdningernes forbrugsudgifter + NPISH (Anvendelse),1984,0.6299870048725207
Dansk produktion,"10120 Føde-, drikke- og tobaksvareindustri-(Tilgang)",Husholdningernes forbrugsudgifter + NPISH (Anvendelse),1985,0.6423325497728886
Dansk produktion,"10120 Føde-, drikke- og tobaksvareindustri-(Tilgang)",Husholdningernes forbrugsudgifter + NPISH (Anvendelse),1986,0.6318111983001455
Dansk produktion,"10120 Føde-, drikke- og tobaksvareindustri-(Tilgang)",Husholdningernes forbrugsudgifter + NPISH (Anvendelse),1987,0.634654509440284
Dansk produktion,"10120 Føde-, drikke- og tobaksvareindustri-(Tilgang)",Husholdningernes forbrugsudgifter + NPISH (Anvendelse),1988,0.6413428552054311
Dansk produktion,"10120 Føde-, drikke- og tobaksvareindustri-(Tilgang)",Husholdningernes forbrugsudgifter + NPISH (Anvendelse),1989,0.6719577348020904
Dansk produktion,"10120 Føde-, drikke- og tobaksvareindustri-(Tilgang)",Husholdningernes forbrugsudgifter + NPISH (Anvendelse),1990,0.6689804089088366
Dansk produktion,"10120 Føde-, drikke- og tobaksvareindustri-(Tilgang)",Husholdningernes forbrugsudgifter + NPISH (Anvendelse),1991,0.674786383567229
Dansk produktion,"10120 Føde-, drikke- og tobaksvareindustri-(Tilgang)",Husholdningernes forbrugsudgifter + NPISH (Anvendelse),1992,0.6931284013328471
Dansk produktion,"10120 Føde-, drikke- og tobaksvareindustri-(Tilgang)",Husholdningernes forbrugsudgifter + NPISH (Anvendelse),1993,0.672210722771463
Dansk produktion,"10120 Føde-, drikke- og tobaksvareindustri-(Tilgang)",Husholdningernes forbrugsudgifter + NPISH (Anvendelse),1994,0.6867927441476491
Dansk produktion,"10120 Føde-, drikke- og tobaksvareindustri-(Tilgang)",Husholdningernes forbrugsudgifter + NPISH (Anvendelse),1995,0.6946769326059188
Dansk produktion,"10120 Føde-, drikke- og tobaksvareindustri-(Tilgang)",Husholdningernes forbrugsudgifter + NPISH (Anvendelse),1996,0.7067583203768251
Dansk produktion,"10120 Føde-, drikke- og tobaksvareindustri-(Tilgang)",Husholdningernes forbrugsudgifter + NPISH (Anvendelse),1997,0.7181585028061809
Dansk produktion,"10120 Føde-, drikke- og tobaksvareindustri-(Tilgang)",Husholdningernes forbrugsudgifter + NPISH (Anvendelse),1998,0.7144063722998623
Dansk produktion,"10120 Føde-, drikke- og tobaksvareindustri-(Tilgang)",Husholdningernes forbrugsudgifter + NPISH (Anvendelse),1999,0.714499612085464
Dansk produktion,"10120 Føde-, drikke- og tobaksvareindustri-(Tilgang)",Husholdningernes forbrugsudgifter + NPISH (Anvendelse),2000,0.7375258708286717
Dansk produktion,"10120 Føde-, drikke- og tobaksvareindustri-(Tilgang)",Husholdningernes forbrugsudgifter + NPISH (Anvendelse),2001,0.7628781296697057
Dansk produktion,"10120 Føde-, drikke- og tobaksvareindustri-(Tilgang)",Husholdningernes forbrugsudgifter + NPISH (Anvendelse),2002,0.7684421330793224
Dansk produktion,"10120 Føde-, drikke- og tobaksvareindustri-(Tilgang)",Husholdningernes forbrugsudgifter + NPISH (Anvendelse),2003,0.7748068220802741
Dansk produktion,"10120 Føde-, drikke- og tobaksvareindustri-(Tilgang)",Husholdningernes forbrugsudgifter + NPISH (Anvendelse),2004,0.79097922514556
Dansk produktion,"10120 Føde-, drikke- og tobaksvareindustri-(Tilgang)",Husholdningernes forbrugsudgifter + NPISH (Anvendelse),2005,0.7884683127273174
Dansk produktion,"10120 Føde-, drikke- og tobaksvareindustri-(Tilgang)",Husholdningernes forbrugsudgifter + NPISH (Anvendelse),2006,0.7939719402294187
Dansk produktion,"10120 Føde-, drikke- og tobaksvareindustri-(Tilgang)",Husholdningernes forbrugsudgifter + NPISH (Anvendelse),2007,0.8110183346675471
Dansk produktion,"10120 Føde-, drikke- og tobaksvareindustri-(Tilgang)",Husholdningernes forbrugsudgifter + NPISH (Anvendelse),2008,0.883470301658235
Dansk produktion,"10120 Føde-, drikke- og tobaksvareindustri-(Tilgang)",Husholdningernes forbrugsudgifter + NPISH (Anvendelse),2009,0.8679165658540199
Dansk produktion,"10120 Føde-, drikke- og tobaksvareindustri-(Tilgang)",Husholdningernes forbrugsudgifter + NPISH (Anvendelse),2010,0.8877224494159461
Dansk produktion,"10120 Føde-, drikke- og tobaksvareindustri-(Tilgang)",Husholdningernes forbrugsudgifter + NPISH (Anvendelse),2011,0.9358959214626252
Dansk produktion,"10120 Føde-, drikke- og tobaksvareindustri-(Tilgang)",Husholdningernes forbrugsudgifter + NPISH (Anvendelse),2012,0.9670016047501997
Dansk produktion,"10120 Føde-, drikke- og tobaksvareindustri-(Tilgang)",Husholdningernes forbrugsudgifter + NPISH (Anvendelse),2013,0.9628520220303582
Dansk produktion,"10120 Føde-, drikke- og tobaksvareindustri-(Tilgang)",Husholdningernes forbrugsudgifter + NPISH (Anvendelse),2014,0.9459034981628239
Dansk produktion,"10120 Føde-, drikke- og tobaksvareindustri-(Tilgang)",Husholdningernes forbrugsudgifter + NPISH (Anvendelse),2015,0.9544756944061248
Dansk produktion,"10120 Føde-, drikke- og tobaksvareindustri-(Tilgang)",Husholdningernes forbrugsudgifter + NPISH (Anvendelse),2016,0.9581734284584097
Dansk produktion,"10120 Føde-, drikke- og tobaksvareindustri-(Tilgang)",Husholdningernes forbrugsudgifter + NPISH (Anvendelse),2017,0.966538836289621
Dansk produktion,"10120 Føde-, drikke- og tobaksvareindustri-(Tilgang)",Husholdningernes forbrugsudgifter + NPISH (Anvendelse),2018,0.9649842838214643
Dansk produktion,"10120 Føde-, drikke- og tobaksvareindustri-(Tilgang)",Husholdningernes forbrugsudgifter + NPISH (Anvendelse),2019,0.9867963760226723
Dansk produktion,"10120 Føde-, drikke- og tobaksvareindustri-(Tilgang)",Husholdningernes forbrugsudgifter + NPISH (Anvendelse),2020,1.0
Dansk produktion,"10120 Føde-, drikke- og tobaksvareindustri-(Tilgang)",Husholdningernes forbrugsudgifter + NPISH (Anvendelse),2021,0.9968349279703732
Dansk produktion,"10120 Føde-, drikke- og tobaksvareindustri-(Tilgang)",Husholdningernes forbrugsudgifter + NPISH (Anvendelse),2022,1.1251121013350605
Dansk produktion,"10120 Føde-, drikke- og tobaksvareindustri-(Tilgang)","Offentligt forbrug, i alt-(Anvendelse)",1967,
Dansk produktion,"10120 Føde-, drikke- og tobaksvareindustri-(Tilgang)","Offentligt forbrug, i alt-(Anvendelse)",1968,
Dansk produktion,"10120 Føde-, drikke- og tobaksvareindustri-(Tilgang)","Offentligt forbrug, i alt-(Anvendelse)",1969,
Dansk produktion,"10120 Føde-, drikke- og tobaksvareindustri-(Tilgang)","Offentligt forbrug, i alt-(Anvendelse)",1970,
Dansk produktion,"10120 Føde-, drikke- og tobaksvareindustri-(Tilgang)","Offentligt forbrug, i alt-(Anvendelse)",1971,
Dansk produktion,"10120 Føde-, drikke- og tobaksvareindustri-(Tilgang)","Offentligt forbrug, i alt-(Anvendelse)",1972,
Dansk produktion,"10120 Føde-, drikke- og tobaksvareindustri-(Tilgang)","Offentligt forbrug, i alt-(Anvendelse)",1973,
Dansk produktion,"10120 Føde-, drikke- og tobaksvareindustri-(Tilgang)","Offentligt forbrug, i alt-(Anvendelse)",1974,
Dansk produktion,"10120 Føde-, drikke- og tobaksvareindustri-(Tilgang)","Offentligt forbrug, i alt-(Anvendelse)",1975,
Dansk produktion,"10120 Føde-, drikke- og tobaksvareindustri-(Tilgang)","Offentligt forbrug, i alt-(Anvendelse)",1976,
Dansk produktion,"10120 Føde-, drikke- og tobaksvareindustri-(Tilgang)","Offentligt forbrug, i alt-(Anvendelse)",1977,
Dansk produktion,"10120 Føde-, drikke- og tobaksvareindustri-(Tilgang)","Offentligt forbrug, i alt-(Anvendelse)",1978,
Dansk produktion,"10120 Føde-, drikke- og tobaksvareindustri-(Tilgang)","Offentligt forbrug, i alt-(Anvendelse)",1979,
Dansk produktion,"10120 Føde-, drikke- og tobaksvareindustri-(Tilgang)","Offentligt forbrug, i alt-(Anvendelse)",1980,
Dansk produktion,"10120 Føde-, drikke- og tobaksvareindustri-(Tilgang)","Offentligt forbrug, i alt-(Anvendelse)",1981,
Dansk produktion,"10120 Føde-, drikke- og tobaksvareindustri-(Tilgang)","Offentligt forbrug, i alt-(Anvendelse)",1982,
Dansk produktion,"10120 Føde-, drikke- og tobaksvareindustri-(Tilgang)","Offentligt forbrug, i alt-(Anvendelse)",1983,
Dansk produktion,"10120 Føde-, drikke- og tobaksvareindustri-(Tilgang)","Offentligt forbrug, i alt-(Anvendelse)",1984,
Dansk produktion,"10120 Føde-, drikke- og tobaksvareindustri-(Tilgang)","Offentligt forbrug, i alt-(Anvendelse)",1985,
Dansk produktion,"10120 Føde-, drikke- og tobaksvareindustri-(Tilgang)","Offentligt forbrug, i alt-(Anvendelse)",1986,
Dansk produktion,"10120 Føde-, drikke- og tobaksvareindustri-(Tilgang)","Offentligt forbrug, i alt-(Anvendelse)",1987,
Dansk produktion,"10120 Føde-, drikke- og tobaksvareindustri-(Tilgang)","Offentligt forbrug, i alt-(Anvendelse)",1988,
Dansk produktion,"10120 Føde-, drikke- og tobaksvareindustri-(Tilgang)","Offentligt forbrug, i alt-(Anvendelse)",1989,
Dansk produktion,"10120 Føde-, drikke- og tobaksvareindustri-(Tilgang)","Offentligt forbrug, i alt-(Anvendelse)",1990,
Dansk produktion,"10120 Føde-, drikke- og tobaksvareindustri-(Tilgang)","Offentligt forbrug, i alt-(Anvendelse)",1991,
Dansk produktion,"10120 Føde-, drikke- og tobaksvareindustri-(Tilgang)","Offentligt forbrug, i alt-(Anvendelse)",1992,
Dansk produktion,"10120 Føde-, drikke- og tobaksvareindustri-(Tilgang)","Offentligt forbrug, i alt-(Anvendelse)",1993,
Dansk produktion,"10120 Føde-, drikke- og tobaksvareindustri-(Tilgang)","Offentligt forbrug, i alt-(Anvendelse)",1994,
Dansk produktion,"10120 Føde-, drikke- og tobaksvareindustri-(Tilgang)","Offentligt forbrug, i alt-(Anvendelse)",1995,
Dansk produktion,"10120 Føde-, drikke- og tobaksvareindustri-(Tilgang)","Offentligt forbrug, i alt-(Anvendelse)",1996,
Dansk produktion,"10120 Føde-, drikke- og tobaksvareindustri-(Tilgang)","Offentligt forbrug, i alt-(Anvendelse)",1997,
Dansk produktion,"10120 Føde-, drikke- og tobaksvareindustri-(Tilgang)","Offentligt forbrug, i alt-(Anvendelse)",1998,
Dansk produktion,"10120 Føde-, drikke- og tobaksvareindustri-(Tilgang)","Offentligt forbrug, i alt-(Anvendelse)",1999,
Dansk produktion,"10120 Føde-, drikke- og tobaksvareindustri-(Tilgang)","Offentligt forbrug, i alt-(Anvendelse)",2000,
Dansk produktion,"10120 Føde-, drikke- og tobaksvareindustri-(Tilgang)","Offentligt forbrug, i alt-(Anvendelse)",2001,
Dansk produktion,"10120 Føde-, drikke- og tobaksvareindustri-(Tilgang)","Offentligt forbrug, i alt-(Anvendelse)",2002,
Dansk produktion,"10120 Føde-, drikke- og tobaksvareindustri-(Tilgang)","Offentligt forbrug, i alt-(Anvendelse)",2003,
Dansk produktion,"10120 Føde-, drikke- og tobaksvareindustri-(Tilgang)","Offentligt forbrug, i alt-(Anvendelse)",2004,
Dansk produktion,"10120 Føde-, drikke- og tobaksvareindustri-(Tilgang)","Offentligt forbrug, i alt-(Anvendelse)",2005,
Dansk produktion,"10120 Føde-, drikke- og tobaksvareindustri-(Tilgang)","Offentligt forbrug, i alt-(Anvendelse)",2006,
Dansk produktion,"10120 Føde-, drikke- og tobaksvareindustri-(Tilgang)","Offentligt forbrug, i alt-(Anvendelse)",2007,
Dansk produktion,"10120 Føde-, drikke- og tobaksvareindustri-(Tilgang)","Offentligt forbrug, i alt-(Anvendelse)",2008,
Dansk produktion,"10120 Føde-, drikke- og tobaksvareindustri-(Tilgang)","Offentligt forbrug, i alt-(Anvendelse)",2009,
Dansk produktion,"10120 Føde-, drikke- og tobaksvareindustri-(Tilgang)","Offentligt forbrug, i alt-(Anvendelse)",2010,
Dansk produktion,"10120 Føde-, drikke- og tobaksvareindustri-(Tilgang)","Offentligt forbrug, i alt-(Anvendelse)",2011,
Dansk produktion,"10120 Føde-, drikke- og tobaksvareindustri-(Tilgang)","Offentligt forbrug, i alt-(Anvendelse)",2012,
Dansk produktion,"10120 Føde-, drikke- og tobaksvareindustri-(Tilgang)","Offentligt forbrug, i alt-(Anvendelse)",2013,
Dansk produktion,"10120 Føde-, drikke- og tobaksvareindustri-(Tilgang)","Offentligt forbrug, i alt-(Anvendelse)",2014,
Dansk produktion,"10120 Føde-, drikke- og tobaksvareindustri-(Tilgang)","Offentligt forbrug, i alt-(Anvendelse)",2015,
Dansk produktion,"10120 Føde-, drikke- og tobaksvareindustri-(Tilgang)","Offentligt forbrug, i alt-(Anvendelse)",2016,
Dansk produktion,"10120 Føde-, drikke- og tobaksvareindustri-(Tilgang)","Offentligt forbrug, i alt-(Anvendelse)",2017,
Dansk produktion,"10120 Føde-, drikke- og tobaksvareindustri-(Tilgang)","Offentligt forbrug, i alt-(Anvendelse)",2018,
Dansk produktion,"10120 Føde-, drikke- og tobaksvareindustri-(Tilgang)","Offentligt forbrug, i alt-(Anvendelse)",2019,0.98680212254524
Dansk produktion,"10120 Føde-, drikke- og tobaksvareindustri-(Tilgang)","Offentligt forbrug, i alt-(Anvendelse)",2020,1.0
Dansk produktion,"10120 Føde-, drikke- og tobaksvareindustri-(Tilgang)","Offentligt forbrug, i alt-(Anvendelse)",2021,1.005931552445165
Dansk produktion,"10120 Føde-, drikke- og tobaksvareindustri-(Tilgang)","Offentligt forbrug, i alt-(Anvendelse)",2022,1.1121075638047562
Dansk produktion,"10120 Føde-, drikke- og tobaksvareindustri-(Tilgang)",Privat,1967,0.22491599779820748
Dansk produktion,"10120 Føde-, drikke- og tobaksvareindustri-(Tilgang)",Privat,1968,0.22028410426693895
Dansk produktion,"10120 Føde-, drikke- og tobaksvareindustri-(Tilgang)",Privat,1969,0.2363496185650019
Dansk produktion,"10120 Føde-, drikke- og tobaksvareindustri-(Tilgang)",Privat,1970,0.25549827024122784
Dansk produktion,"10120 Føde-, drikke- og tobaksvareindustri-(Tilgang)",Privat,1971,0.2594272550035151
Dansk produktion,"10120 Føde-, drikke- og tobaksvareindustri-(Tilgang)",Privat,1972,0.27778188068449383
Dansk produktion,"10120 Føde-, drikke- og tobaksvareindustri-(Tilgang)",Privat,1973,0.3609399524641964
Dansk produktion,"10120 Føde-, drikke- og tobaksvareindustri-(Tilgang)",Privat,1974,0.3920567566452433
Dansk produktion,"10120 Føde-, drikke- og tobaksvareindustri-(Tilgang)",Privat,1975,0.416811944994531
Dansk produktion,"10120 Føde-, drikke- og tobaksvareindustri-(Tilgang)",Privat,1976,0.45131025091393595
Dansk produktion,"10120 Føde-, drikke- og tobaksvareindustri-(Tilgang)",Privat,1977,0.48616316504381235
Dansk produktion,"10120 Føde-, drikke- og tobaksvareindustri-(Tilgang)",Privat,1978,0.5122733630858921
Dansk produktion,"10120 Føde-, drikke- og tobaksvareindustri-(Tilgang)",Privat,1979,0.5049926712685873
Dansk produktion,"10120 Føde-, drikke- og tobaksvareindustri-(Tilgang)",Privat,1980,0.5564588658090124
Dansk produktion,"10120 Føde-, drikke- og tobaksvareindustri-(Tilgang)",Privat,1981,0.6302488356121405
Dansk produktion,"10120 Føde-, drikke- og tobaksvareindustri-(Tilgang)",Privat,1982,0.6986922957341581
Dansk produktion,"10120 Føde-, drikke- og tobaksvareindustri-(Tilgang)",Privat,1983,0.7275826012636943
Dansk produktion,"10120 Føde-, drikke- og tobaksvareindustri-(Tilgang)",Privat,1984,0.787021063844915
Dansk produktion,"10120 Føde-, drikke- og tobaksvareindustri-(Tilgang)",Privat,1985,0.7895519189009172
Dansk produktion,"10120 Føde-, drikke- og tobaksvareindustri-(Tilgang)",Privat,1986,0.7406128927813485
Dansk produktion,"10120 Føde-, drikke- og tobaksvareindustri-(Tilgang)",Privat,1987,0.7178180742102475
Dansk produktion,"10120 Føde-, drikke- og tobaksvareindustri-(Tilgang)",Privat,1988,0.743401370391989
Dansk produktion,"10120 Føde-, drikke- og tobaksvareindustri-(Tilgang)",Privat,1989,0.7959336469926791
Dansk produktion,"10120 Føde-, drikke- og tobaksvareindustri-(Tilgang)",Privat,1990,0.761155421624891
Dansk produktion,"10120 Føde-, drikke- og tobaksvareindustri-(Tilgang)",Privat,1991,0.7499665660381608
Dansk produktion,"10120 Føde-, drikke- og tobaksvareindustri-(Tilgang)",Privat,1992,0.772099118581153
Dansk produktion,"10120 Føde-, drikke- og tobaksvareindustri-(Tilgang)",Privat,1993,0.7185797610501736
Dansk produktion,"10120 Føde-, drikke- og tobaksvareindustri-(Tilgang)",Privat,1994,0.734216818495022
Dansk produktion,"10120 Føde-, drikke- og tobaksvareindustri-(Tilgang)",Privat,1995,0.7367484612986406
Dansk produktion,"10120 Føde-, drikke- og tobaksvareindustri-(Tilgang)",Privat,1996,0.7531002924271446
Dansk produktion,"10120 Føde-, drikke- og tobaksvareindustri-(Tilgang)",Privat,1997,0.761625827809478
Dansk produktion,"10120 Føde-, drikke- og tobaksvareindustri-(Tilgang)",Privat,1998,0.7314557840198622
Dansk produktion,"10120 Føde-, drikke- og tobaksvareindustri-(Tilgang)",Privat,1999,0.7010570945810038
Dansk produktion,"10120 Føde-, drikke- og tobaksvareindustri-(Tilgang)",Privat,2000,0.7390582261216531
Dansk produktion,"10120 Føde-, drikke- og tobaksvareindustri-(Tilgang)",Privat,2001,0.7870076282300438
Dansk produktion,"10120 Føde-, drikke- og tobaksvareindustri-(Tilgang)",Privat,2002,0.791227659627739
Dansk produktion,"10120 Føde-, drikke- og tobaksvareindustri-(Tilgang)",Privat,2003,0.7790296634313467
Dansk produktion,"10120 Føde-, drikke- og tobaksvareindustri-(Tilgang)",Privat,2004,0.7870264870071217
Dansk produktion,"10120 Føde-, drikke- og tobaksvareindustri-(Tilgang)",Privat,2005,0.8050036669254444
Dansk produktion,"10120 Føde-, drikke- og tobaksvareindustri-(Tilgang)",Privat,2006,0.807712110286511
Dansk produktion,"10120 Føde-, drikke- og tobaksvareindustri-(Tilgang)",Privat,2007,0.8562514037580338
Dansk produktion,"10120 Føde-, drikke- og tobaksvareindustri-(Tilgang)",Privat,2008,0.9305439047716894
Dansk produktion,"10120 Føde-, drikke- og tobaksvareindustri-(Tilgang)",Privat,2009,0.8808085149472925
Dansk produktion,"10120 Føde-, drikke- og tobaksvareindustri-(Tilgang)",Privat,2010,0.9091505936724237
Dansk produktion,"10120 Føde-, drikke- og tobaksvareindustri-(Tilgang)",Privat,2011,0.9714540272079628
Dansk produktion,"10120 Føde-, drikke- og tobaksvareindustri-(Tilgang)",Privat,2012,1.0025972248917296
Dansk produktion,"10120 Føde-, drikke- og tobaksvareindustri-(Tilgang)",Privat,2013,1.0346629736130022
Dansk produktion,"10120 Føde-, drikke- og tobaksvareindustri-(Tilgang)",Privat,2014,1.0040124889312703
Dansk produktion,"10120 Føde-, drikke- og tobaksvareindustri-(Tilgang)",Privat,2015,0.9736406846089792
Dansk produktion,"10120 Føde-, drikke- og tobaksvareindustri-(Tilgang)",Privat,2016,0.968246226847485
Dansk produktion,"10120 Føde-, drikke- og tobaksvareindustri-(Tilgang)",Privat,2017,0.9814131868492494
Dansk produktion,"10120 Føde-, drikke- og tobaksvareindustri-(Tilgang)",Privat,2018,0.9755055347680399
Dansk produktion,"10120 Føde-, drikke- og tobaksvareindustri-(Tilgang)",Privat,2019,0.9907984941446685
Dansk produktion,"10120 Føde-, drikke- og tobaksvareindustri-(Tilgang)",Privat,2020,1.0
Dansk produktion,"10120 Føde-, drikke- og tobaksvareindustri-(Tilgang)",Privat,2021,1.0198966901438222
Dansk produktion,"10120 Føde-, drikke- og tobaksvareindustri-(Tilgang)",Privat,2022,1.1999776916563456
Dansk produktion,"10120 Føde-, drikke- og tobaksvareindustri-(Tilgang)",REST_ANVENDELSE Øvrige brancher,1967,0.1726113174465637
Dansk produktion,"10120 Føde-, drikke- og tobaksvareindustri-(Tilgang)",REST_ANVENDELSE Øvrige brancher,1968,0.17231616315610732
Dansk produktion,"10120 Føde-, drikke- og tobaksvareindustri-(Tilgang)",REST_ANVENDELSE Øvrige brancher,1969,0.18049898614353765
Dansk produktion,"10120 Føde-, drikke- og tobaksvareindustri-(Tilgang)",REST_ANVENDELSE Øvrige brancher,1970,0.19467443311161922
Dansk produktion,"10120 Føde-, drikke- og tobaksvareindustri-(Tilgang)",REST_ANVENDELSE Øvrige brancher,1971,0.20402463368525522
Dansk produktion,"10120 Føde-, drikke- og tobaksvareindustri-(Tilgang)",REST_ANVENDELSE Øvrige brancher,1972,0.21736249424857196
Dansk produktion,"10120 Føde-, drikke- og tobaksvareindustri-(Tilgang)",REST_ANVENDELSE Øvrige brancher,1973,0.26739820659943797
Dansk produktion,"10120 Føde-, drikke- og tobaksvareindustri-(Tilgang)",REST_ANVENDELSE Øvrige brancher,1974,0.3048153646119731
Dansk produktion,"10120 Føde-, drikke- og tobaksvareindustri-(Tilgang)",REST_ANVENDELSE Øvrige brancher,1975,0.3331072275629518
Dansk produktion,"10120 Føde-, drikke- og tobaksvareindustri-(Tilgang)",REST_ANVENDELSE Øvrige brancher,1976,0.35355454071138126
Dansk produktion,"10120 Føde-, drikke- og tobaksvareindustri-(Tilgang)",REST_ANVENDELSE Øvrige brancher,1977,0.38391562880862196
Dansk produktion,"10120 Føde-, drikke- og tobaksvareindustri-(Tilgang)",REST_ANVENDELSE Øvrige brancher,1978,0.41160241150522603
Dansk produktion,"10120 Føde-, drikke- og tobaksvareindustri-(Tilgang)",REST_ANVENDELSE Øvrige brancher,1979,0.431844993642293
Dansk produktion,"10120 Føde-, drikke- og tobaksvareindustri-(Tilgang)",REST_ANVENDELSE Øvrige brancher,1980,0.470005538743119
Dansk produktion,"10120 Føde-, drikke- og tobaksvareindustri-(Tilgang)",REST_ANVENDELSE Øvrige brancher,1981,0.5243336778182224
Dansk produktion,"10120 Føde-, drikke- og tobaksvareindustri-(Tilgang)",REST_ANVENDELSE Øvrige brancher,1982,0.5824921485494645
Dansk produktion,"10120 Føde-, drikke- og tobaksvareindustri-(Tilgang)",REST_ANVENDELSE Øvrige brancher,1983,0.6148121894089363
Dansk produktion,"10120 Føde-, drikke- og tobaksvareindustri-(Tilgang)",REST_ANVENDELSE Øvrige brancher,1984,0.6620234429687906
Dansk produktion,"10120 Føde-, drikke- og tobaksvareindustri-(Tilgang)",REST_ANVENDELSE Øvrige brancher,1985,0.6774252002288675
Dansk produktion,"10120 Føde-, drikke- og tobaksvareindustri-(Tilgang)",REST_ANVENDELSE Øvrige brancher,1986,0.6559093608442083
Dansk produktion,"10120 Føde-, drikke- og tobaksvareindustri-(Tilgang)",REST_ANVENDELSE Øvrige brancher,1987,0.6558868667264792
Dansk produktion,"10120 Føde-, drikke- og tobaksvareindustri-(Tilgang)",REST_ANVENDELSE Øvrige brancher,1988,0.6712055871973602
Dansk produktion,"10120 Føde-, drikke- og tobaksvareindustri-(Tilgang)",REST_ANVENDELSE Øvrige brancher,1989,0.7091552343315428
Dansk produktion,"10120 Føde-, drikke- og tobaksvareindustri-(Tilgang)",REST_ANVENDELSE Øvrige brancher,1990,0.697890804062643
Dansk produktion,"10120 Føde-, drikke- og tobaksvareindustri-(Tilgang)",REST_ANVENDELSE Øvrige brancher,1991,0.7114072008884122
Dansk produktion,"10120 Føde-, drikke- og tobaksvareindustri-(Tilgang)",REST_ANVENDELSE Øvrige brancher,1992,0.7326277954156569
Dansk produktion,"10120 Føde-, drikke- og tobaksvareindustri-(Tilgang)",REST_ANVENDELSE Øvrige brancher,1993,0.7136893481054406
Dansk produktion,"10120 Føde-, drikke- og tobaksvareindustri-(Tilgang)",REST_ANVENDELSE Øvrige brancher,1994,0.7201870911741861
Dansk produktion,"10120 Føde-, drikke- og tobaksvareindustri-(Tilgang)",REST_ANVENDELSE Øvrige brancher,1995,0.7246491089197071
Dansk produktion,"10120 Føde-, drikke- og tobaksvareindustri-(Tilgang)",REST_ANVENDELSE Øvrige brancher,1996,0.7342522892657423
Dansk produktion,"10120 Føde-, drikke- og tobaksvareindustri-(Tilgang)",REST_ANVENDELSE Øvrige brancher,1997,0.7425163565950883
Dansk produktion,"10120 Føde-, drikke- og tobaksvareindustri-(Tilgang)",REST_ANVENDELSE Øvrige brancher,1998,0.7379737219090341
Dansk produktion,"10120 Føde-, drikke- og tobaksvareindustri-(Tilgang)",REST_ANVENDELSE Øvrige brancher,1999,0.732039368802522
Dansk produktion,"10120 Føde-, drikke- og tobaksvareindustri-(Tilgang)",REST_ANVENDELSE Øvrige brancher,2000,0.7529077545063749
Dansk produktion,"10120 Føde-, drikke- og tobaksvareindustri-(Tilgang)",REST_ANVENDELSE Øvrige brancher,2001,0.7820028585582219
Dansk produktion,"10120 Føde-, drikke- og tobaksvareindustri-(Tilgang)",REST_ANVENDELSE Øvrige brancher,2002,0.7940199227984224
Dansk produktion,"10120 Føde-, drikke- og tobaksvareindustri-(Tilgang)",REST_ANVENDELSE Øvrige brancher,2003,0.7929026700165837
Dansk produktion,"10120 Føde-, drikke- og tobaksvareindustri-(Tilgang)",REST_ANVENDELSE Øvrige brancher,2004,0.8068187971268198
Dansk produktion,"10120 Føde-, drikke- og tobaksvareindustri-(Tilgang)",REST_ANVENDELSE Øvrige brancher,2005,0.8070928001697613
Dansk produktion,"10120 Føde-, drikke- og tobaksvareindustri-(Tilgang)",REST_ANVENDELSE Øvrige brancher,2006,0.8152634346804626
Dansk produktion,"10120 Føde-, drikke- og tobaksvareindustri-(Tilgang)",REST_ANVENDELSE Øvrige brancher,2007,0.8433248442699621
Dansk produktion,"10120 Føde-, drikke- og tobaksvareindustri-(Tilgang)",REST_ANVENDELSE Øvrige brancher,2008,0.904118546412543
Dansk produktion,"10120 Føde-, drikke- og tobaksvareindustri-(Tilgang)",REST_ANVENDELSE Øvrige brancher,2009,0.8856218371719323
Dansk produktion,"10120 Føde-, drikke- og tobaksvareindustri-(Tilgang)",REST_ANVENDELSE Øvrige brancher,2010,0.9184263567772786
Dansk produktion,"10120 Føde-, drikke- og tobaksvareindustri-(Tilgang)",REST_ANVENDELSE Øvrige brancher,2011,0.9767951644700446
Dansk produktion,"10120 Føde-, drikke- og tobaksvareindustri-(Tilgang)",REST_ANVENDELSE Øvrige brancher,2012,0.9994508380728183
Dansk produktion,"10120 Føde-, drikke- og tobaksvareindustri-(Tilgang)",REST_ANVENDELSE Øvrige brancher,2013,0.9972068083544158
Dansk produktion,"10120 Føde-, drikke- og tobaksvareindustri-(Tilgang)",REST_ANVENDELSE Øvrige brancher,2014,0.9701780360165345
Dansk produktion,"10120 Føde-, drikke- og tobaksvareindustri-(Tilgang)",REST_ANVENDELSE Øvrige brancher,2015,0.9630017387204851
Dansk produktion,"10120 Føde-, drikke- og tobaksvareindustri-(Tilgang)",REST_ANVENDELSE Øvrige brancher,2016,0.9674685327180333
Dansk produktion,"10120 Føde-, drikke- og tobaksvareindustri-(Tilgang)",REST_ANVENDELSE Øvrige brancher,2017,0.9816019002217751
Dansk produktion,"10120 Føde-, drikke- og tobaksvareindustri-(Tilgang)",REST_ANVENDELSE Øvrige brancher,2018,0.9787089008459143
Dansk produktion,"10120 Føde-, drikke- og tobaksvareindustri-(Tilgang)",REST_ANVENDELSE Øvrige brancher,2019,0.994311004838332
Dansk produktion,"10120 Føde-, drikke- og tobaksvareindustri-(Tilgang)",REST_ANVENDELSE Øvrige brancher,2020,1.0
Dansk produktion,"10120 Føde-, drikke- og tobaksvareindustri-(Tilgang)",REST_ANVENDELSE Øvrige brancher,2021,1.0069453724587636
Dansk produktion,"10120 Føde-, drikke- og tobaksvareindustri-(Tilgang)",REST_ANVENDELSE Øvrige brancher,2022,1.1198871784698743
Dansk produktion,Privat,01000 Landbrug og gartneri- (Anvendelse),1967,0.16800322014159894
Dansk produktion,Privat,01000 Landbrug og gartneri- (Anvendelse),1968,0.16763001143631273
Dansk produktion,Privat,01000 Landbrug og gartneri- (Anvendelse),1969,0.17468965120147356
Dansk produktion,Privat,01000 Landbrug og gartneri- (Anvendelse),1970,0.18567103731883008
Dansk produktion,Privat,01000 Landbrug og gartneri- (Anvendelse),1971,0.19189191058724445
Dansk produktion,Privat,01000 Landbrug og gartneri- (Anvendelse),1972,0.21411642815797038
Dansk produktion,Privat,01000 Landbrug og gartneri- (Anvendelse),1973,0.2708140096611831
Dansk produktion,Privat,01000 Landbrug og gartneri- (Anvendelse),1974,0.30522519778832663
Dansk produktion,Privat,01000 Landbrug og gartneri- (Anvendelse),1975,0.3364484485394109
Dansk produktion,Privat,01000 Landbrug og gartneri- (Anvendelse),1976,0.37320110472415646
Dansk produktion,Privat,01000 Landbrug og gartneri- (Anvendelse),1977,0.4017683857066608
Dansk produktion,Privat,01000 Landbrug og gartneri- (Anvendelse),1978,0.4198077369386168
Dansk produktion,Privat,01000 Landbrug og gartneri- (Anvendelse),1979,0.45484419195105774
Dansk produktion,Privat,01000 Landbrug og gartneri- (Anvendelse),1980,0.5060903273208781
Dansk produktion,Privat,01000 Landbrug og gartneri- (Anvendelse),1981,0.5735639717465135
Dansk produktion,Privat,01000 Landbrug og gartneri- (Anvendelse),1982,0.6362916886051563
Dansk produktion,Privat,01000 Landbrug og gartneri- (Anvendelse),1983,0.6910935594988429
Dansk produktion,Privat,01000 Landbrug og gartneri- (Anvendelse),1984,0.7030086065463184
Dansk produktion,Privat,01000 Landbrug og gartneri- (Anvendelse),1985,0.7132583482995731
Dansk produktion,Privat,01000 Landbrug og gartneri- (Anvendelse),1986,0.7142128297542004
Dansk produktion,Privat,01000 Landbrug og gartneri- (Anvendelse),1987,0.6988770768116789
Dansk produktion,Privat,01000 Landbrug og gartneri- (Anvendelse),1988,0.6865850533806227
Dansk produktion,Privat,01000 Landbrug og gartneri- (Anvendelse),1989,0.7171612436245314
Dansk produktion,Privat,01000 Landbrug og gartneri- (Anvendelse),1990,0.7071441765742514
Dansk produktion,Privat,01000 Landbrug og gartneri- (Anvendelse),1991,0.7111361506260389
Dansk produktion,Privat,01000 Landbrug og gartneri- (Anvendelse),1992,0.7142953051725817
Dansk produktion,Privat,01000 Landbrug og gartneri- (Anvendelse),1993,0.68563194946219
Dansk produktion,Privat,01000 Landbrug og gartneri- (Anvendelse),1994,0.6976668860386825
Dansk produktion,Privat,01000 Landbrug og gartneri- (Anvendelse),1995,0.7126845816550154
Dansk produktion,Privat,01000 Landbrug og gartneri- (Anvendelse),1996,0.7169343380838791
Dansk produktion,Privat,01000 Landbrug og gartneri- (Anvendelse),1997,0.7243684570456479
Dansk produktion,Privat,01000 Landbrug og gartneri- (Anvendelse),1998,0.7088751349309067
Dansk produktion,Privat,01000 Landbrug og gartneri- (Anvendelse),1999,0.7029537063344834
Dansk produktion,Privat,01000 Landbrug og gartneri- (Anvendelse),2000,0.738847973225726
Dansk produktion,Privat,01000 Landbrug og gartneri- (Anvendelse),2001,0.7704933530978555
Dansk produktion,Privat,01000 Landbrug og gartneri- (Anvendelse),2002,0.7701091438497611
Dansk produktion,Privat,01000 Landbrug og gartneri- (Anvendelse),2003,0.7702424724842596
Dansk produktion,Privat,01000 Landbrug og gartneri- (Anvendelse),2004,0.77789151742999
Dansk produktion,Privat,01000 Landbrug og gartneri- (Anvendelse),2005,0.7651600702222803
Dansk produktion,Privat,01000 Landbrug og gartneri- (Anvendelse),2006,0.7772378242370299
Dansk produktion,Privat,01000 Landbrug og gartneri- (Anvendelse),2007,0.849454175885096
Dansk produktion,Privat,01000 Landbrug og gartneri- (Anvendelse),2008,0.932247797932262
Dansk produktion,Privat,01000 Landbrug og gartneri- (Anvendelse),2009,0.8913932784850833
Dansk produktion,Privat,01000 Landbrug og gartneri- (Anvendelse),2010,0.9046752368860934
Dansk produktion,Privat,01000 Landbrug og gartneri- (Anvendelse),2011,0.9678458084548544
Dansk produktion,Privat,01000 Landbrug og gartneri- (Anvendelse),2012,0.9885874192712836
Dansk produktion,Privat,01000 Landbrug og gartneri- (Anvendelse),2013,1.0034850768421395
Dansk produktion,Privat,01000 Landbrug og gartneri- (Anvendelse),2014,0.9950065409259322
Dansk produktion,Privat,01000 Landbrug og gartneri- (Anvendelse),2015,0.9917100504804246
Dansk produktion,Privat,01000 Landbrug og gartneri- (Anvendelse),2016,0.961566199454093
Dansk produktion,Privat,01000 Landbrug og gartneri- (Anvendelse),2017,0.9720439750193284
Dansk produktion,Privat,01000 Landbrug og gartneri- (Anvendelse),2018,0.9874062745364202
Dansk produktion,Privat,01000 Landbrug og gartneri- (Anvendelse),2019,1.00920079917131
Dansk produktion,Privat,01000 Landbrug og gartneri- (Anvendelse),2020,1.0
Dansk produktion,Privat,01000 Landbrug og gartneri- (Anvendelse),2021,1.0493815669847377
Dansk produktion,Privat,01000 Landbrug og gartneri- (Anvendelse),2022,1.2428223539722973
Dansk produktion,Privat,"10120 Føde-, drikke- og tobaksvareindustri- (Anvendelse)",1967,0.22934085083598701
Dansk produktion,Privat,"10120 Føde-, drikke- og tobaksvareindustri- (Anvendelse)",1968,0.23168208842298674
Dansk produktion,Privat,"10120 Føde-, drikke- og tobaksvareindustri- (Anvendelse)",1969,0.251117501196061
Dansk produktion,Privat,"10120 Føde-, drikke- og tobaksvareindustri- (Anvendelse)",1970,0.2723425247614558
Dansk produktion,Privat,"10120 Føde-, drikke- og tobaksvareindustri- (Anvendelse)",1971,0.27506373838228404
Dansk produktion,Privat,"10120 Føde-, drikke- og tobaksvareindustri- (Anvendelse)",1972,0.30042463399387503
Dansk produktion,Privat,"10120 Føde-, drikke- og tobaksvareindustri- (Anvendelse)",1973,0.3883148782530864
Dansk produktion,Privat,"10120 Føde-, drikke- og tobaksvareindustri- (Anvendelse)",1974,0.41065224482348056
Dansk produktion,Privat,"10120 Føde-, drikke- og tobaksvareindustri- (Anvendelse)",1975,0.4365750998900218
Dansk produktion,Privat,"10120 Føde-, drikke- og tobaksvareindustri- (Anvendelse)",1976,0.483912225765746
Dansk produktion,Privat,"10120 Føde-, drikke- og tobaksvareindustri- (Anvendelse)",1977,0.5175810201890896
Dansk produktion,Privat,"10120 Føde-, drikke- og tobaksvareindustri- (Anvendelse)",1978,0.5511172359906235
Dansk produktion,Privat,"10120 Føde-, drikke- og tobaksvareindustri- (Anvendelse)",1979,0.5482496760851959
Dansk produktion,Privat,"10120 Føde-, drikke- og tobaksvareindustri- (Anvendelse)",1980,0.6079504966186369
Dansk produktion,Privat,"10120 Føde-, drikke- og tobaksvareindustri- (Anvendelse)",1981,0.6901376875503158
Dansk produktion,Privat,"10120 Føde-, drikke- og tobaksvareindustri- (Anvendelse)",1982,0.7677325099321801
Dansk produktion,Privat,"10120 Føde-, drikke- og tobaksvareindustri- (Anvendelse)",1983,0.7934351739666501
Dansk produktion,Privat,"10120 Føde-, drikke- og tobaksvareindustri- (Anvendelse)",1984,0.8395491597141125
Dansk produktion,Privat,"10120 Føde-, drikke- og tobaksvareindustri- (Anvendelse)",1985,0.8371069019924011
Dansk produktion,Privat,"10120 Føde-, drikke- og tobaksvareindustri- (Anvendelse)",1986,0.7911932763310974
Dansk produktion,Privat,"10120 Føde-, drikke- og tobaksvareindustri- (Anvendelse)",1987,0.7665920944213401
Dansk produktion,Privat,"10120 Føde-, drikke- og tobaksvareindustri- (Anvendelse)",1988,0.7976397023532964
Dansk produktion,Privat,"10120 Føde-, drikke- og tobaksvareindustri- (Anvendelse)",1989,0.8699614536618698
Dansk produktion,Privat,"10120 Føde-, drikke- og tobaksvareindustri- (Anvendelse)",1990,0.8302621112317119
Dansk produktion,Privat,"10120 Føde-, drikke- og tobaksvareindustri- (Anvendelse)",1991,0.8171965346545295
Dansk produktion,Privat,"10120 Føde-, drikke- og tobaksvareindustri- (Anvendelse)",1992,0.8277432050461466
Dansk produktion,Privat,"10120 Føde-, drikke- og tobaksvareindustri- (Anvendelse)",1993,0.7518113950319805
Dansk produktion,Privat,"10120 Føde-, drikke- og tobaksvareindustri- (Anvendelse)",1994,0.7648209972148052
Dansk produktion,Privat,"10120 Føde-, drikke- og tobaksvareindustri- (Anvendelse)",1995,0.7800382466025457
Dansk produktion,Privat,"10120 Føde-, drikke- og tobaksvareindustri- (Anvendelse)",1996,0.7987796668089495
Dansk produktion,Privat,"10120 Føde-, drikke- og tobaksvareindustri- (Anvendelse)",1997,0.8097441394702816
Dansk produktion,Privat,"10120 Føde-, drikke- og tobaksvareindustri- (Anvendelse)",1998,0.7454014819523639
Dansk produktion,Privat,"10120 Føde-, drikke- og tobaksvareindustri- (Anvendelse)",1999,0.715233476349298
Dansk produktion,Privat,"10120 Føde-, drikke- og tobaksvareindustri- (Anvendelse)",2000,0.7710594311355591
Dansk produktion,Privat,"10120 Føde-, drikke- og tobaksvareindustri- (Anvendelse)",2001,0.8291751724615339
Dansk produktion,Privat,"10120 Føde-, drikke- og tobaksvareindustri- (Anvendelse)",2002,0.7823495435367613
Dansk produktion,Privat,"10120 Føde-, drikke- og tobaksvareindustri- (Anvendelse)",2003,0.7567075373889838
Dansk produktion,Privat,"10120 Føde-, drikke- og tobaksvareindustri- (Anvendelse)",2004,0.7727953166287351
Dansk produktion,Privat,"10120 Føde-, drikke- og tobaksvareindustri- (Anvendelse)",2005,0.7579244054589487
Dansk produktion,Privat,"10120 Føde-, drikke- og tobaksvareindustri- (Anvendelse)",2006,0.7783109386173437
Dansk produktion,Privat,"10120 Føde-, drikke- og tobaksvareindustri- (Anvendelse)",2007,0.8014232765181208
Dansk produktion,Privat,"10120 Føde-, drikke- og tobaksvareindustri- (Anvendelse)",2008,0.8722376467164367
Dansk produktion,Privat,"10120 Føde-, drikke- og tobaksvareindustri- (Anvendelse)",2009,0.8270953228303177
Dansk produktion,Privat,"10120 Føde-, drikke- og tobaksvareindustri- (Anvendelse)",2010,0.8756956690593928
Dansk produktion,Privat,"10120 Føde-, drikke- og tobaksvareindustri- (Anvendelse)",2011,0.9414145098775196
Dansk produktion,Privat,"10120 Føde-, drikke- og tobaksvareindustri- (Anvendelse)",2012,0.9883912489592456
Dansk produktion,Privat,"10120 Føde-, drikke- og tobaksvareindustri- (Anvendelse)",2013,1.009436874334248
Dansk produktion,Privat,"10120 Føde-, drikke- og tobaksvareindustri- (Anvendelse)",2014,0.9748617665293868
Dansk produktion,Privat,"10120 Føde-, drikke- og tobaksvareindustri- (Anvendelse)",2015,0.9056703548786459
Dansk produktion,Privat,"10120 Føde-, drikke- og tobaksvareindustri- (Anvendelse)",2016,0.9062675524326336
Dansk produktion,Privat,"10120 Føde-, drikke- og tobaksvareindustri- (Anvendelse)",2017,0.9740175607426484
Dansk produktion,Privat,"10120 Føde-, drikke- og tobaksvareindustri- (Anvendelse)",2018,0.9360549245639668
Dansk produktion,Privat,"10120 Føde-, drikke- og tobaksvareindustri- (Anvendelse)",2019,0.9847725290687587
Dansk produktion,Privat,"10120 Føde-, drikke- og tobaksvareindustri- (Anvendelse)",2020,1.0
Dansk produktion,Privat,"10120 Føde-, drikke- og tobaksvareindustri- (Anvendelse)",2021,1.0006582726405562
Dansk produktion,Privat,"10120 Føde-, drikke- og tobaksvareindustri- (Anvendelse)",2022,1.2238372094053178
Dansk produktion,Privat,"Anvendelse, i alt-(Anvendelse)",1967,0.13385216383996942
Dansk produktion,Privat,"Anvendelse, i alt-(Anvendelse)",1968,0.13861822642151633
Dansk produktion,Privat,"Anvendelse, i alt-(Anvendelse)",1969,0.14731477722241434
Dansk produktion,Privat,"Anvendelse, i alt-(Anvendelse)",1970,0.1590853013615132
Dansk produktion,Privat,"Anvendelse, i alt-(Anvendelse)",1971,0.16795890302329383
Dansk produktion,Privat,"Anvendelse, i alt-(Anvendelse)",1972,0.18036533370731253
Dansk produktion,Privat,"Anvendelse, i alt-(Anvendelse)",1973,0.2050028171160356
Dansk produktion,Privat,"Anvendelse, i alt-(Anvendelse)",1974,0.24010783068860095
Dansk produktion,Privat,"Anvendelse, i alt-(Anvendelse)",1975,0.26491165067415384
Dansk produktion,Privat,"Anvendelse, i alt-(Anvendelse)",1976,0.2875602007818759
Dansk produktion,Privat,"Anvendelse, i alt-(Anvendelse)",1977,0.3103880869268248
Dansk produktion,Privat,"Anvendelse, i alt-(Anvendelse)",1978,0.33191038663391353
Dansk produktion,Privat,"Anvendelse, i alt-(Anvendelse)",1979,0.35422797395126476
Dansk produktion,Privat,"Anvendelse, i alt-(Anvendelse)",1980,0.39293269417229854
Dansk produktion,Privat,"Anvendelse, i alt-(Anvendelse)",1981,0.44186123048493653
Dansk produktion,Privat,"Anvendelse, i alt-(Anvendelse)",1982,0.48892587441851765
Dansk produktion,Privat,"Anvendelse, i alt-(Anvendelse)",1983,0.5219930620880076
Dansk produktion,Privat,"Anvendelse, i alt-(Anvendelse)",1984,0.5518574867363341
Dansk produktion,Privat,"Anvendelse, i alt-(Anvendelse)",1985,0.5728502790012228
Dansk produktion,Privat,"Anvendelse, i alt-(Anvendelse)",1986,0.5633829288554058
Dansk produktion,Privat,"Anvendelse, i alt-(Anvendelse)",1987,0.5727161210298225
Dansk produktion,Privat,"Anvendelse, i alt-(Anvendelse)",1988,0.5846004163804004
Dansk produktion,Privat,"Anvendelse, i alt-(Anvendelse)",1989,0.6208301417679674
Dansk produktion,Privat,"Anvendelse, i alt-(Anvendelse)",1990,0.6310773638859519
Dansk produktion,Privat,"Anvendelse, i alt-(Anvendelse)",1991,0.6447665576839936
Dansk produktion,Privat,"Anvendelse, i alt-(Anvendelse)",1992,0.6531067075773803
Dansk produktion,Privat,"Anvendelse, i alt-(Anvendelse)",1993,0.6484210118032296
Dansk produktion,Privat,"Anvendelse, i alt-(Anvendelse)",1994,0.6598645157620636
Dansk produktion,Privat,"Anvendelse, i alt-(Anvendelse)",1995,0.6722034954951683
Dansk produktion,Privat,"Anvendelse, i alt-(Anvendelse)",1996,0.6818056789943228
Dansk produktion,Privat,"Anvendelse, i alt-(Anvendelse)",1997,0.696306378396798
Dansk produktion,Privat,"Anvendelse, i alt-(Anvendelse)",1998,0.6948944557195067
Dansk produktion,Privat,"Anvendelse, i alt-(Anvendelse)",1999,0.6999014759960728
Dansk produktion,Privat,"Anvendelse, i alt-(Anvendelse)",2000,0.7335417878667941
Dansk produktion,Privat,"Anvendelse, i alt-(Anvendelse)",2001,0.7522647070474088
Dansk produktion,Privat,"Anvendelse, i alt-(Anvendelse)",2002,0.7572434223929392
Dansk produktion,Privat,"Anvendelse, i alt-(Anvendelse)",2003,0.7610376520789229
Dansk produktion,Privat,"Anvendelse, i alt-(Anvendelse)",2004,0.7751733106443487
Dansk produktion,Privat,"Anvendelse, i alt-(Anvendelse)",2005,0.7972578133969903
Dansk produktion,Privat,"Anvendelse, i alt-(Anvendelse)",2006,0.819821536862525
Dansk produktion,Privat,"Anvendelse, i alt-(Anvendelse)",2007,0.8429968186944203
Dansk produktion,Privat,"Anvendelse, i alt-(Anvendelse)",2008,0.8834279268524846
Dansk produktion,Privat,"Anvendelse, i alt-(Anvendelse)",2009,0.861156195355957
Dansk produktion,Privat,"Anvendelse, i alt-(Anvendelse)",2010,0.8970360124346102
Dansk produktion,Privat,"Anvendelse, i alt-(Anvendelse)",2011,0.9176569796626509
Dansk produktion,Privat,"Anvendelse, i alt-(Anvendelse)",2012,0.9417138116818162
Dansk produktion,Privat,"Anvendelse, i alt-(Anvendelse)",2013,0.9489926153074371
Dansk produktion,Privat,"Anvendelse, i alt-(Anvendelse)",2014,0.9512777967641654
Dansk produktion,Privat,"Anvendelse, i alt-(Anvendelse)",2015,0.9521835886107745
Dansk produktion,Privat,"Anvendelse, i alt-(Anvendelse)",2016,0.9408160314916987
Dansk produktion,Privat,"Anvendelse, i alt-(Anvendelse)",2017,0.9622282879782986
Dansk produktion,Privat,"Anvendelse, i alt-(Anvendelse)",2018,0.9762407830222042
Dansk produktion,Privat,"Anvendelse, i alt-(Anvendelse)",2019,0.9919219263572162
Dansk produktion,Privat,"Anvendelse, i alt-(Anvendelse)",2020,1.0
Dansk produktion,Privat,"Anvendelse, i alt-(Anvendelse)",2021,1.0513890290361576
Dansk produktion,Privat,"Anvendelse, i alt-(Anvendelse)",2022,1.206870429206615
Dansk produktion,Privat,Eksport - (Anvendelse),1967,0.17544998202469395
Dansk produktion,Privat,Eksport - (Anvendelse),1968,0.17845037828214802
Dansk produktion,Privat,Eksport - (Anvendelse),1969,0.1905683528947811
Dansk produktion,Privat,Eksport - (Anvendelse),1970,0.206955576010264
Dansk produktion,Privat,Eksport - (Anvendelse),1971,0.21177080770272763
Dansk produktion,Privat,Eksport - (Anvendelse),1972,0.2255670311323483
Dansk produktion,Privat,Eksport - (Anvendelse),1973,0.2543766548384329
Dansk produktion,Privat,Eksport - (Anvendelse),1974,0.29912820473863655
Dansk produktion,Privat,Eksport - (Anvendelse),1975,0.32122615060445636
Dansk produktion,Privat,Eksport - (Anvendelse),1976,0.3466812554325669
Dansk produktion,Privat,Eksport - (Anvendelse),1977,0.3731232137474494
Dansk produktion,Privat,Eksport - (Anvendelse),1978,0.39452658635172355
Dansk produktion,Privat,Eksport - (Anvendelse),1979,0.4196423279915794
Dansk produktion,Privat,Eksport - (Anvendelse),1980,0.47350972123752877
Dansk produktion,Privat,Eksport - (Anvendelse),1981,0.5302689439944704
Dansk produktion,Privat,Eksport - (Anvendelse),1982,0.5839563939827719
Dansk produktion,Privat,Eksport - (Anvendelse),1983,0.616424304356666
Dansk produktion,Privat,Eksport - (Anvendelse),1984,0.6671081407405421
Dansk produktion,Privat,Eksport - (Anvendelse),1985,0.6823121780475727
Dansk produktion,Privat,Eksport - (Anvendelse),1986,0.6408588567430415
Dansk produktion,Privat,Eksport - (Anvendelse),1987,0.6309503276552095
Dansk produktion,Privat,Eksport - (Anvendelse),1988,0.6340577228160665
Dansk produktion,Privat,Eksport - (Anvendelse),1989,0.6768464415849708
Dansk produktion,Privat,Eksport - (Anvendelse),1990,0.679077066228316
Dansk produktion,Privat,Eksport - (Anvendelse),1991,0.6891841510970679
Dansk produktion,Privat,Eksport - (Anvendelse),1992,0.6982086595553655
Dansk produktion,Privat,Eksport - (Anvendelse),1993,0.6841126501060458
Dansk produktion,Privat,Eksport - (Anvendelse),1994,0.6797591400561572
Dansk produktion,Privat,Eksport - (Anvendelse),1995,0.6853337354706771
Dansk produktion,Privat,Eksport - (Anvendelse),1996,0.6966729430723382
Dansk produktion,Privat,Eksport - (Anvendelse),1997,0.71594403200925
Dansk produktion,Privat,Eksport - (Anvendelse),1998,0.6980588585652411
Dansk produktion,Privat,Eksport - (Anvendelse),1999,0.6957204227561504
Dansk produktion,Privat,Eksport - (Anvendelse),2000,0.7591238221334188
Dansk produktion,Privat,Eksport - (Anvendelse),2001,0.7718803664261716
Dansk produktion,Privat,Eksport - (Anvendelse),2002,0.7624247088415044
Dansk produktion,Privat,Eksport - (Anvendelse),2003,0.7533015507095607
Dansk produktion,Privat,Eksport - (Anvendelse),2004,0.7760990309611872
Dansk produktion,Privat,Eksport - (Anvendelse),2005,0.819617732355099
Dansk produktion,Privat,Eksport - (Anvendelse),2006,0.8439462230287407
Dansk produktion,Privat,Eksport - (Anvendelse),2007,0.8548958982948315
Dansk produktion,Privat,Eksport - (Anvendelse),2008,0.8986044939663004
Dansk produktion,Privat,Eksport - (Anvendelse),2009,0.8229614902114065
Dansk produktion,Privat,Eksport - (Anvendelse),2010,0.9074967606038341
Dansk produktion,Privat,Eksport - (Anvendelse),2011,0.9146238154783612
Dansk produktion,Privat,Eksport - (Anvendelse),2012,0.9434231721212757
Dansk produktion,Privat,Eksport - (Anvendelse),2013,0.9523325712492721
Dansk produktion,Privat,Eksport - (Anvendelse),2014,0.9464070449085717
Dansk produktion,Privat,Eksport - (Anvendelse),2015,0.9570290070477001
Dansk produktion,Privat,Eksport - (Anvendelse),2016,0.9173715371844963
Dansk produktion,Privat,Eksport - (Anvendelse),2017,0.9432757229703206
Dansk produktion,Privat,Eksport - (Anvendelse),2018,0.9650304577434514
Dansk produktion,Privat,Eksport - (Anvendelse),2019,0.9849716319247631
Dansk produktion,Privat,Eksport - (Anvendelse),2020,1.0
Dansk produktion,Privat,Eksport - (Anvendelse),2021,1.1066210654776287
Dansk produktion,Privat,Eksport - (Anvendelse),2022,1.4047188284538699
Dansk produktion,Privat,Faste bruttoinvesteringer + Lagerforøgelse + Værdigenstande (Anvendelse),1967,0.1283538052686962
Dansk produktion,Privat,Faste bruttoinvesteringer + Lagerforøgelse + Værdigenstande (Anvendelse),1968,0.1328873250407799
Dansk produktion,Privat,Faste bruttoinvesteringer + Lagerforøgelse + Værdigenstande (Anvendelse),1969,0.1413020482519582
Dansk produktion,Privat,Faste bruttoinvesteringer + Lagerforøgelse + Værdigenstande (Anvendelse),1970,0.15111048736840016
Dansk produktion,Privat,Faste bruttoinvesteringer + Lagerforøgelse + Værdigenstande (Anvendelse),1971,0.16061032443790932
Dansk produktion,Privat,Faste bruttoinvesteringer + Lagerforøgelse + Værdigenstande (Anvendelse),1972,0.1735769688647002
Dansk produktion,Privat,Faste bruttoinvesteringer + Lagerforøgelse + Værdigenstande (Anvendelse),1973,0.19211946761701681
Dansk produktion,Privat,Faste bruttoinvesteringer + Lagerforøgelse + Værdigenstande (Anvendelse),1974,0.22818701090679946
Dansk produktion,Privat,Faste bruttoinvesteringer + Lagerforøgelse + Værdigenstande (Anvendelse),1975,0.2553865908443689
Dansk produktion,Privat,Faste bruttoinvesteringer + Lagerforøgelse + Værdigenstande (Anvendelse),1976,0.2752702674625558
Dansk produktion,Privat,Faste bruttoinvesteringer + Lagerforøgelse + Værdigenstande (Anvendelse),1977,0.29559698254740335
Dansk produktion,Privat,Faste bruttoinvesteringer + Lagerforøgelse + Værdigenstande (Anvendelse),1978,0.31416684809884915
Dansk produktion,Privat,Faste bruttoinvesteringer + Lagerforøgelse + Værdigenstande (Anvendelse),1979,0.3349150705976404
Dansk produktion,Privat,Faste bruttoinvesteringer + Lagerforøgelse + Værdigenstande (Anvendelse),1980,0.3712647004067301
Dansk produktion,Privat,Faste bruttoinvesteringer + Lagerforøgelse + Værdigenstande (Anvendelse),1981,0.40969049311673195
Dansk produktion,Privat,Faste bruttoinvesteringer + Lagerforøgelse + Værdigenstande (Anvendelse),1982,0.45189006775929463
Dansk produktion,Privat,Faste bruttoinvesteringer + Lagerforøgelse + Værdigenstande (Anvendelse),1983,0.48141632415710367
Dansk produktion,Privat,Faste bruttoinvesteringer + Lagerforøgelse + Værdigenstande (Anvendelse),1984,0.5017386113543163
Dansk produktion,Privat,Faste bruttoinvesteringer + Lagerforøgelse + Værdigenstande (Anvendelse),1985,0.5292877024110552
Dansk produktion,Privat,Faste bruttoinvesteringer + Lagerforøgelse + Værdigenstande (Anvendelse),1986,0.5396816579965128
Dansk produktion,Privat,Faste bruttoinvesteringer + Lagerforøgelse + Værdigenstande (Anvendelse),1987,0.555341980694244
Dansk produktion,Privat,Faste bruttoinvesteringer + Lagerforøgelse + Værdigenstande (Anvendelse),1988,0.5661459197752297
Dansk produktion,Privat,Faste bruttoinvesteringer + Lagerforøgelse + Værdigenstande (Anvendelse),1989,0.5907981533063483
Dansk produktion,Privat,Faste bruttoinvesteringer + Lagerforøgelse + Værdigenstande (Anvendelse),1990,0.6065237523217968
Dansk produktion,Privat,Faste bruttoinvesteringer + Lagerforøgelse + Værdigenstande (Anvendelse),1991,0.6228446081899186
Dansk produktion,Privat,Faste bruttoinvesteringer + Lagerforøgelse + Værdigenstande (Anvendelse),1992,0.6184745039268628
Dansk produktion,Privat,Faste bruttoinvesteringer + Lagerforøgelse + Værdigenstande (Anvendelse),1993,0.6175087689141078
Dansk produktion,Privat,Faste bruttoinvesteringer + Lagerforøgelse + Værdigenstande (Anvendelse),1994,0.6301223761666784
Dansk produktion,Privat,Faste bruttoinvesteringer + Lagerforøgelse + Værdigenstande (Anvendelse),1995,0.6402260310205168
Dansk produktion,Privat,Faste bruttoinvesteringer + Lagerforøgelse + Værdigenstande (Anvendelse),1996,0.6497825523114119
Dansk produktion,Privat,Faste bruttoinvesteringer + Lagerforøgelse + Værdigenstande (Anvendelse),1997,0.6609893360148211
Dansk produktion,Privat,Faste bruttoinvesteringer + Lagerforøgelse + Værdigenstande (Anvendelse),1998,0.6665170596184958
Dansk produktion,Privat,Faste bruttoinvesteringer + Lagerforøgelse + Værdigenstande (Anvendelse),1999,0.6788041155562575
Dansk produktion,Privat,Faste bruttoinvesteringer + Lagerforøgelse + Værdigenstande (Anvendelse),2000,0.6951283218357814
Dansk produktion,Privat,Faste bruttoinvesteringer + Lagerforøgelse + Værdigenstande (Anvendelse),2001,0.7164826097372973
Dansk produktion,Privat,Faste bruttoinvesteringer + Lagerforøgelse + Værdigenstande (Anvendelse),2002,0.7330632899817608
Dansk produktion,Privat,Faste bruttoinvesteringer + Lagerforøgelse + Værdigenstande (Anvendelse),2003,0.7429361778338861
Dansk produktion,Privat,Faste bruttoinvesteringer + Lagerforøgelse + Værdigenstande (Anvendelse),2004,0.7617057468890459
Dansk produktion,Privat,Faste bruttoinvesteringer + Lagerforøgelse + Værdigenstande (Anvendelse),2005,0.7797690473661619
Dansk produktion,Privat,Faste bruttoinvesteringer + Lagerforøgelse + Værdigenstande (Anvendelse),2006,0.8101285903774358
Dansk produktion,Privat,Faste bruttoinvesteringer + Lagerforøgelse + Værdigenstande (Anvendelse),2007,0.8531580540516283
Dansk produktion,Privat,Faste bruttoinvesteringer + Lagerforøgelse + Værdigenstande (Anvendelse),2008,0.8937428989831384
Dansk produktion,Privat,Faste bruttoinvesteringer + Lagerforøgelse + Værdigenstande (Anvendelse),2009,0.8655339901877277
Dansk produktion,Privat,Faste bruttoinvesteringer + Lagerforøgelse + Værdigenstande (Anvendelse),2010,0.8717392402767458
Dansk produktion,Privat,Faste bruttoinvesteringer + Lagerforøgelse + Værdigenstande (Anvendelse),2011,0.9001133709002276
Dansk produktion,Privat,Faste bruttoinvesteringer + Lagerforøgelse + Værdigenstande (Anvendelse),2012,0.9212731626445266
Dansk produktion,Privat,Faste bruttoinvesteringer + Lagerforøgelse + Værdigenstande (Anvendelse),2013,0.9225576572578645
Dansk produktion,Privat,Faste bruttoinvesteringer + Lagerforøgelse + Værdigenstande (Anvendelse),2014,0.928555388753868
Dansk produktion,Privat,Faste bruttoinvesteringer + Lagerforøgelse + Værdigenstande (Anvendelse),2015,0.9275760088814123
Dansk produktion,Privat,Faste bruttoinvesteringer + Lagerforøgelse + Værdigenstande (Anvendelse),2016,0.9472593265997363
Dansk produktion,Privat,Faste bruttoinvesteringer + Lagerforøgelse + Værdigenstande (Anvendelse),2017,0.9631137729084973
Dansk produktion,Privat,Faste bruttoinvesteringer + Lagerforøgelse + Værdigenstande (Anvendelse),2018,0.9777321748057348
Dansk produktion,Privat,Faste bruttoinvesteringer + Lagerforøgelse + Værdigenstande (Anvendelse),2019,0.9918340596240215
Dansk produktion,Privat,Faste bruttoinvesteringer + Lagerforøgelse + Værdigenstande (Anvendelse),2020,1.0
Dansk produktion,Privat,Faste bruttoinvesteringer + Lagerforøgelse + Værdigenstande (Anvendelse),2021,1.0208442685029244
Dansk produktion,Privat,Faste bruttoinvesteringer + Lagerforøgelse + Værdigenstande (Anvendelse),2022,1.107709018773803
Dansk produktion,Privat,Husholdningernes forbrugsudgifter + NPISH (Anvendelse),1967,0.1161480344105154
Dansk produktion,Privat,Husholdningernes forbrugsudgifter + NPISH (Anvendelse),1968,0.1213987057216283
Dansk produktion,Privat,Husholdningernes forbrugsudgifter + NPISH (Anvendelse),1969,0.1276719162710154
Dansk produktion,Privat,Husholdningernes forbrugsudgifter + NPISH (Anvendelse),1970,0.13815357786663948
Dansk produktion,Privat,Husholdningernes forbrugsudgifter + NPISH (Anvendelse),1971,0.1474015959944581
Dansk produktion,Privat,Husholdningernes forbrugsudgifter + NPISH (Anvendelse),1972,0.1601764900713297
Dansk produktion,Privat,Husholdningernes forbrugsudgifter + NPISH (Anvendelse),1973,0.17876005931101493
Dansk produktion,Privat,Husholdningernes forbrugsudgifter + NPISH (Anvendelse),1974,0.20571816751545868
Dansk produktion,Privat,Husholdningernes forbrugsudgifter + NPISH (Anvendelse),1975,0.23044098840700733
Dansk produktion,Privat,Husholdningernes forbrugsudgifter + NPISH (Anvendelse),1976,0.25215955467829976
Dansk produktion,Privat,Husholdningernes forbrugsudgifter + NPISH (Anvendelse),1977,0.2738033901527616
Dansk produktion,Privat,Husholdningernes forbrugsudgifter + NPISH (Anvendelse),1978,0.295173517641462
Dansk produktion,Privat,Husholdningernes forbrugsudgifter + NPISH (Anvendelse),1979,0.31801914090098554
Dansk produktion,Privat,Husholdningernes forbrugsudgifter + NPISH (Anvendelse),1980,0.346236805595035
Dansk produktion,Privat,Husholdningernes forbrugsudgifter + NPISH (Anvendelse),1981,0.3876044046826544
Dansk produktion,Privat,Husholdningernes forbrugsudgifter + NPISH (Anvendelse),1982,0.43008413802139367
Dansk produktion,Privat,Husholdningernes forbrugsudgifter + NPISH (Anvendelse),1983,0.459499583991688
Dansk produktion,Privat,Husholdningernes forbrugsudgifter + NPISH (Anvendelse),1984,0.4866745090065525
Dansk produktion,Privat,Husholdningernes forbrugsudgifter + NPISH (Anvendelse),1985,0.5078190805645836
Dansk produktion,Privat,Husholdningernes forbrugsudgifter + NPISH (Anvendelse),1986,0.5130815131684863
Dansk produktion,Privat,Husholdningernes forbrugsudgifter + NPISH (Anvendelse),1987,0.5391553245228291
Dansk produktion,Privat,Husholdningernes forbrugsudgifter + NPISH (Anvendelse),1988,0.554473464407041
Dansk produktion,Privat,Husholdningernes forbrugsudgifter + NPISH (Anvendelse),1989,0.5851114539367415
Dansk produktion,Privat,Husholdningernes forbrugsudgifter + NPISH (Anvendelse),1990,0.5981577339204942
Dansk produktion,Privat,Husholdningernes forbrugsudgifter + NPISH (Anvendelse),1991,0.6159668343388703
Dansk produktion,Privat,Husholdningernes forbrugsudgifter + NPISH (Anvendelse),1992,0.627282929394925
Dansk produktion,Privat,Husholdningernes forbrugsudgifter + NPISH (Anvendelse),1993,0.6354764721530567
Dansk produktion,Privat,Husholdningernes forbrugsudgifter + NPISH (Anvendelse),1994,0.654798897148241
Dansk produktion,Privat,Husholdningernes forbrugsudgifter + NPISH (Anvendelse),1995,0.6696396162851536
Dansk produktion,Privat,Husholdningernes forbrugsudgifter + NPISH (Anvendelse),1996,0.6777761627463146
Dansk produktion,Privat,Husholdningernes forbrugsudgifter + NPISH (Anvendelse),1997,0.6892904015276693
Dansk produktion,Privat,Husholdningernes forbrugsudgifter + NPISH (Anvendelse),1998,0.6995507610837796
Dansk produktion,Privat,Husholdningernes forbrugsudgifter + NPISH (Anvendelse),1999,0.7106491427144055
Dansk produktion,Privat,Husholdningernes forbrugsudgifter + NPISH (Anvendelse),2000,0.7313017860814587
Dansk produktion,Privat,Husholdningernes forbrugsudgifter + NPISH (Anvendelse),2001,0.7477955229972048
Dansk produktion,Privat,Husholdningernes forbrugsudgifter + NPISH (Anvendelse),2002,0.7623184180583926
Dansk produktion,Privat,Husholdningernes forbrugsudgifter + NPISH (Anvendelse),2003,0.7748162399351503
Dansk produktion,Privat,Husholdningernes forbrugsudgifter + NPISH (Anvendelse),2004,0.7871693692680075
Dansk produktion,Privat,Husholdningernes forbrugsudgifter + NPISH (Anvendelse),2005,0.798257773546198
Dansk produktion,Privat,Husholdningernes forbrugsudgifter + NPISH (Anvendelse),2006,0.8206499368523033
Dansk produktion,Privat,Husholdningernes forbrugsudgifter + NPISH (Anvendelse),2007,0.8421014389409999
Dansk produktion,Privat,Husholdningernes forbrugsudgifter + NPISH (Anvendelse),2008,0.8685547182286033
Dansk produktion,Privat,Husholdningernes forbrugsudgifter + NPISH (Anvendelse),2009,0.882066149732317
Dansk produktion,Privat,Husholdningernes forbrugsudgifter + NPISH (Anvendelse),2010,0.8942397782109766
Dansk produktion,Privat,Husholdningernes forbrugsudgifter + NPISH (Anvendelse),2011,0.9157254081340463
Dansk produktion,Privat,Husholdningernes forbrugsudgifter + NPISH (Anvendelse),2012,0.9375464459053213
Dansk produktion,Privat,Husholdningernes forbrugsudgifter + NPISH (Anvendelse),2013,0.9502940449473615
Dansk produktion,Privat,Husholdningernes forbrugsudgifter + NPISH (Anvendelse),2014,0.9629826088926106
Dansk produktion,Privat,Husholdningernes forbrugsudgifter + NPISH (Anvendelse),2015,0.9655430025406763
Dansk produktion,Privat,Husholdningernes forbrugsudgifter + NPISH (Anvendelse),2016,0.969105825384244
Dansk produktion,Privat,Husholdningernes forbrugsudgifter + NPISH (Anvendelse),2017,0.9816791367052566
Dansk produktion,Privat,Husholdningernes forbrugsudgifter + NPISH (Anvendelse),2018,0.9857840538995578
Dansk produktion,Privat,Husholdningernes forbrugsudgifter + NPISH (Anvendelse),2019,0.9954271980979008
Dansk produktion,Privat,Husholdningernes forbrugsudgifter + NPISH (Anvendelse),2020,1.0
Dansk produktion,Privat,Husholdningernes forbrugsudgifter + NPISH (Anvendelse),2021,1.0167016095621562
Dansk produktion,Privat,Husholdningernes forbrugsudgifter + NPISH (Anvendelse),2022,1.0893122245079607
Dansk produktion,Privat,"Offentligt forbrug, i alt-(Anvendelse)",1967,0.04069709690086006
Dansk produktion,Privat,"Offentligt forbrug, i alt-(Anvendelse)",1968,0.04482272897197882
Dansk produktion,Privat,"Offentligt forbrug, i alt-(Anvendelse)",1969,0.04976778622797106
Dansk produktion,Privat,"Offentligt forbrug, i alt-(Anvendelse)",1970,0.05642741936517547
Dansk produktion,Privat,"Offentligt forbrug, i alt-(Anvendelse)",1971,0.06378819294174529
Dansk produktion,Privat,"Offentligt forbrug, i alt-(Anvendelse)",1972,0.07111076879867602
Dansk produktion,Privat,"Offentligt forbrug, i alt-(Anvendelse)",1973,0.08082559872630027
Dansk produktion,Privat,"Offentligt forbrug, i alt-(Anvendelse)",1974,0.09805123616891147
Dansk produktion,Privat,"Offentligt forbrug, i alt-(Anvendelse)",1975,0.11825532663121166
Dansk produktion,Privat,"Offentligt forbrug, i alt-(Anvendelse)",1976,0.13211186528976357
Dansk produktion,Privat,"Offentligt forbrug, i alt-(Anvendelse)",1977,0.14672810066407543
Dansk produktion,Privat,"Offentligt forbrug, i alt-(Anvendelse)",1978,0.16181344855304014
Dansk produktion,Privat,"Offentligt forbrug, i alt-(Anvendelse)",1979,0.17761056792354593
Dansk produktion,Privat,"Offentligt forbrug, i alt-(Anvendelse)",1980,0.20141852372420543
Dansk produktion,Privat,"Offentligt forbrug, i alt-(Anvendelse)",1981,0.22775089021962536
Dansk produktion,Privat,"Offentligt forbrug, i alt-(Anvendelse)",1982,0.2620145098492959
Dansk produktion,Privat,"Offentligt forbrug, i alt-(Anvendelse)",1983,0.29237633259156914
Dansk produktion,Privat,"Offentligt forbrug, i alt-(Anvendelse)",1984,0.3168123994730028
Dansk produktion,Privat,"Offentligt forbrug, i alt-(Anvendelse)",1985,0.34028079911417997
Dansk produktion,Privat,"Offentligt forbrug, i alt-(Anvendelse)",1986,0.36143728717746865
Dansk produktion,Privat,"Offentligt forbrug, i alt-(Anvendelse)",1987,0.40507241148537215
Dansk produktion,Privat,"Offentligt forbrug, i alt-(Anvendelse)",1988,0.44186465139518566
Dansk produktion,Privat,"Offentligt forbrug, i alt-(Anvendelse)",1989,0.4851880712309737
Dansk produktion,Privat,"Offentligt forbrug, i alt-(Anvendelse)",1990,0.5157823885194536
Dansk produktion,Privat,"Offentligt forbrug, i alt-(Anvendelse)",1991,0.5523784809554376
Dansk produktion,Privat,"Offentligt forbrug, i alt-(Anvendelse)",1992,0.5927910266863158
Dansk produktion,Privat,"Offentligt forbrug, i alt-(Anvendelse)",1993,0.5936231513066024
Dansk produktion,Privat,"Offentligt forbrug, i alt-(Anvendelse)",1994,0.6032953265183845
Dansk produktion,Privat,"Offentligt forbrug, i alt-(Anvendelse)",1995,0.6144708233280217
Dansk produktion,Privat,"Offentligt forbrug, i alt-(Anvendelse)",1996,0.6278515988449102
Dansk produktion,Privat,"Offentligt forbrug, i alt-(Anvendelse)",1997,0.63348635842783
Dansk produktion,Privat,"Offentligt forbrug, i alt-(Anvendelse)",1998,0.647034213057278
Dansk produktion,Privat,"Offentligt forbrug, i alt-(Anvendelse)",1999,0.6546722514949977
Dansk produktion,Privat,"Offentligt forbrug, i alt-(Anvendelse)",2000,0.6657565716558114
Dansk produktion,Privat,"Offentligt forbrug, i alt-(Anvendelse)",2001,0.6840736322639129
Dansk produktion,Privat,"Offentligt forbrug, i alt-(Anvendelse)",2002,0.7036152983720332
Dansk produktion,Privat,"Offentligt forbrug, i alt-(Anvendelse)",2003,0.7202613656478566
Dansk produktion,Privat,"Offentligt forbrug, i alt-(Anvendelse)",2004,0.7422659242725443
Dansk produktion,Privat,"Offentligt forbrug, i alt-(Anvendelse)",2005,0.7579718840765707
Dansk produktion,Privat,"Offentligt forbrug, i alt-(Anvendelse)",2006,0.7691504853490582
Dansk produktion,Privat,"Offentligt forbrug, i alt-(Anvendelse)",2007,0.7796711645721818
Dansk produktion,Privat,"Offentligt forbrug, i alt-(Anvendelse)",2008,0.8005667355090279
Dansk produktion,Privat,"Offentligt forbrug, i alt-(Anvendelse)",2009,0.8238324727807332
Dansk produktion,Privat,"Offentligt forbrug, i alt-(Anvendelse)",2010,0.8382202838357415
Dansk produktion,Privat,"Offentligt forbrug, i alt-(Anvendelse)",2011,0.8552700617588201
Dansk produktion,Privat,"Offentligt forbrug, i alt-(Anvendelse)",2012,0.8530036540427036
Dansk produktion,Privat,"Offentligt forbrug, i alt-(Anvendelse)",2013,0.8404289241730531
Dansk produktion,Privat,"Offentligt forbrug, i alt-(Anvendelse)",2014,0.8599054954213595
Dansk produktion,Privat,"Offentligt forbrug, i alt-(Anvendelse)",2015,0.8742156065516746
Dansk produktion,Privat,"Offentligt forbrug, i alt-(Anvendelse)",2016,0.8851925816265016
Dansk produktion,Privat,"Offentligt forbrug, i alt-(Anvendelse)",2017,0.8939174352161611
Dansk produktion,Privat,"Offentligt forbrug, i alt-(Anvendelse)",2018,0.9113772344944383
Dansk produktion,Privat,"Offentligt forbrug, i alt-(Anvendelse)",2019,0.9310152205413181
Dansk produktion,Privat,"Offentligt forbrug, i alt-(Anvendelse)",2020,1.0
Dansk produktion,Privat,"Offentligt forbrug, i alt-(Anvendelse)",2021,1.011128294913656
Dansk produktion,Privat,"Offentligt forbrug, i alt-(Anvendelse)",2022,1.0001587978492705
Dansk produktion,Privat,Privat,1967,0.13521275201920208
Dansk produktion,Privat,Privat,1968,0.1398008610929572
Dansk produktion,Privat,Privat,1969,0.14933418954062883
Dansk produktion,Privat,Privat,1970,0.1612207316107827
Dansk produktion,Privat,Privat,1971,0.17032777363900797
Dansk produktion,Privat,Privat,1972,0.1814104807898508
Dansk produktion,Privat,Privat,1973,0.2125452542854008
Dansk produktion,Privat,Privat,1974,0.24975932602774278
Dansk produktion,Privat,Privat,1975,0.2736403414347324
Dansk produktion,Privat,Privat,1976,0.29681089669803207
Dansk produktion,Privat,Privat,1977,0.3199096464146713
Dansk produktion,Privat,Privat,1978,0.3422422311231084
Dansk produktion,Privat,Privat,1979,0.3633414796387005
Dansk produktion,Privat,Privat,1980,0.40412571248682766
Dansk produktion,Privat,Privat,1981,0.45870676419140183
Dansk produktion,Privat,Privat,1982,0.5069289244011788
Dansk produktion,Privat,Privat,1983,0.5435687645388878
Dansk produktion,Privat,Privat,1984,0.567749805009278
Dansk produktion,Privat,Privat,1985,0.5891489153390561
Dansk produktion,Privat,Privat,1986,0.5764969399993488
Dansk produktion,Privat,Privat,1987,0.5793316159379401
Dansk produktion,Privat,Privat,1988,0.5916064910348434
Dansk produktion,Privat,Privat,1989,0.6314170913220007
Dansk produktion,Privat,Privat,1990,0.6405159200151128
Dansk produktion,Privat,Privat,1991,0.6508491078977018
Dansk produktion,Privat,Privat,1992,0.6591031802133701
Dansk produktion,Privat,Privat,1993,0.648814439350631
Dansk produktion,Privat,Privat,1994,0.6643547167740753
Dansk produktion,Privat,Privat,1995,0.6804717460316085
Dansk produktion,Privat,Privat,1996,0.6897373457332683
Dansk produktion,Privat,Privat,1997,0.7043016475052448
Dansk produktion,Privat,Privat,1998,0.7017621856278241
Dansk produktion,Privat,Privat,1999,0.70485963622585
Dansk produktion,Privat,Privat,2000,0.732879229931266
Dansk produktion,Privat,Privat,2001,0.7564280476739953
Dansk produktion,Privat,Privat,2002,0.7601792643708634
Dansk produktion,Privat,Privat,2003,0.7656334171751968
Dansk produktion,Privat,Privat,2004,0.7725936916553771
Dansk produktion,Privat,Privat,2005,0.7880548252508462
Dansk produktion,Privat,Privat,2006,0.8084321366738734
Dansk produktion,Privat,Privat,2007,0.8375890154306225
Dansk produktion,Privat,Privat,2008,0.8860661399726342
Dansk produktion,Privat,Privat,2009,0.8779565957208352
Dansk produktion,Privat,Privat,2010,0.9011643642390668
Dansk produktion,Privat,Privat,2011,0.9314041339329112
Dansk produktion,Privat,Privat,2012,0.9563857757080539
Dansk produktion,Privat,Privat,2013,0.9615032006876219
Dansk produktion,Privat,Privat,2014,0.9611060587792256
Dansk produktion,Privat,Privat,2015,0.9520465389297165
Dansk produktion,Privat,Privat,2016,0.9449442628013704
Dansk produktion,Privat,Privat,2017,0.9705309861876223
Dansk produktion,Privat,Privat,2018,0.9837753728615667
Dansk produktion,Privat,Privat,2019,0.9996799769480631
Dansk produktion,Privat,Privat,2020,1.0
Dansk produktion,Privat,Privat,2021,1.0377839451538216
Dansk produktion,Privat,Privat,2022,1.1536122718899895
Dansk produktion,Privat,REST_ANVENDELSE Øvrige brancher,1967,0.11779794761135895
Dansk produktion,Privat,REST_ANVENDELSE Øvrige brancher,1968,0.12356011063571529
Dansk produktion,Privat,REST_ANVENDELSE Øvrige brancher,1969,0.13155051846434604
Dansk produktion,Privat,REST_ANVENDELSE Øvrige brancher,1970,0.14179056043141774
Dansk produktion,Privat,REST_ANVENDELSE Øvrige brancher,1971,0.15249528093553863
Dansk produktion,Privat,REST_ANVENDELSE Øvrige brancher,1972,0.16033095922506693
Dansk produktion,Privat,REST_ANVENDELSE Øvrige brancher,1973,0.17931342038958256
Dansk produktion,Privat,REST_ANVENDELSE Øvrige brancher,1974,0.21949478512462287
Dansk produktion,Privat,REST_ANVENDELSE Øvrige brancher,1975,0.24324274764824086
Dansk produktion,Privat,REST_ANVENDELSE Øvrige brancher,1976,0.26115518292301604
Dansk produktion,Privat,REST_ANVENDELSE Øvrige brancher,1977,0.2819347577975159
Dansk produktion,Privat,REST_ANVENDELSE Øvrige brancher,1978,0.3028963318816277
Dansk produktion,Privat,REST_ANVENDELSE Øvrige brancher,1979,0.3271914226988483
Dansk produktion,Privat,REST_ANVENDELSE Øvrige brancher,1980,0.36439557996833116
Dansk produktion,Privat,REST_ANVENDELSE Øvrige brancher,1981,0.41362245960382893
Dansk produktion,Privat,REST_ANVENDELSE Øvrige brancher,1982,0.4568592001293356
Dansk produktion,Privat,REST_ANVENDELSE Øvrige brancher,1983,0.4947185423329227
Dansk produktion,Privat,REST_ANVENDELSE Øvrige brancher,1984,0.5168537273672223
Dansk produktion,Privat,REST_ANVENDELSE Øvrige brancher,1985,0.542872984341152
Dansk produktion,Privat,REST_ANVENDELSE Øvrige brancher,1986,0.5343028842562408
Dansk produktion,Privat,REST_ANVENDELSE Øvrige brancher,1987,0.5427013653526419
Dansk produktion,Privat,REST_ANVENDELSE Øvrige brancher,1988,0.554540454335034
Dansk produktion,Privat,REST_ANVENDELSE Øvrige brancher,1989,0.5898673028936755
Dansk produktion,Privat,REST_ANVENDELSE Øvrige brancher,1990,0.6084927673381553
Dansk produktion,Privat,REST_ANVENDELSE Øvrige brancher,1991,0.6233123137890728
Dansk produktion,Privat,REST_ANVENDELSE Øvrige brancher,1992,0.6309018565398304
Dansk produktion,Privat,REST_ANVENDELSE Øvrige brancher,1993,0.6336608248736877
Dansk produktion,Privat,REST_ANVENDELSE Øvrige brancher,1994,0.6496171047318627
Dansk produktion,Privat,REST_ANVENDELSE Øvrige brancher,1995,0.6651051060006172
Dansk produktion,Privat,REST_ANVENDELSE Øvrige brancher,1996,0.6735524321884764
Dansk produktion,Privat,REST_ANVENDELSE Øvrige brancher,1997,0.6894404408048057
Dansk produktion,Privat,REST_ANVENDELSE Øvrige brancher,1998,0.695966908128909
Dansk produktion,Privat,REST_ANVENDELSE Øvrige brancher,1999,0.7040227282869184
Dansk produktion,Privat,REST_ANVENDELSE Øvrige brancher,2000,0.7276638876280219
Dansk produktion,Privat,REST_ANVENDELSE Øvrige brancher,2001,0.7471104424678159
Dansk produktion,Privat,REST_ANVENDELSE Øvrige brancher,2002,0.7584058051056479
Dansk produktion,Privat,REST_ANVENDELSE Øvrige brancher,2003,0.7671800236040107
Dansk produktion,Privat,REST_ANVENDELSE Øvrige brancher,2004,0.7739205029154441
Dansk produktion,Privat,REST_ANVENDELSE Øvrige brancher,2005,0.7933060955742909
Dansk produktion,Privat,REST_ANVENDELSE Øvrige brancher,2006,0.8132294772818897
Dansk produktion,Privat,REST_ANVENDELSE Øvrige brancher,2007,0.8397661704107701
Dansk produktion,Privat,REST_ANVENDELSE Øvrige brancher,2008,0.8831478010665701
Dansk produktion,Privat,REST_ANVENDELSE Øvrige brancher,2009,0.8823513553955866
Dansk produktion,Privat,REST_ANVENDELSE Øvrige brancher,2010,0.9021439057324768
Dansk produktion,Privat,REST_ANVENDELSE Øvrige brancher,2011,0.9266718646561852
Dansk produktion,Privat,REST_ANVENDELSE Øvrige brancher,2012,0.9487112255122571
Dansk produktion,Privat,REST_ANVENDELSE Øvrige brancher,2013,0.9523498813100032
Dansk produktion,Privat,REST_ANVENDELSE Øvrige brancher,2014,0.9565462654191423
Dansk produktion,Privat,REST_ANVENDELSE Øvrige brancher,2015,0.9533710908143248
Dansk produktion,Privat,REST_ANVENDELSE Øvrige brancher,2016,0.9473573626239123
Dansk produktion,Privat,REST_ANVENDELSE Øvrige brancher,2017,0.9694109027842754
Dansk produktion,Privat,REST_ANVENDELSE Øvrige brancher,2018,0.9864651300722587
Dansk produktion,Privat,REST_ANVENDELSE Øvrige brancher,2019,0.9994486384996494
Dansk produktion,Privat,REST_ANVENDELSE Øvrige brancher,2020,1.0
Dansk produktion,Privat,REST_ANVENDELSE Øvrige brancher,2021,1.0384685240345881
Dansk produktion,Privat,REST_ANVENDELSE Øvrige brancher,2022,1.1370686254301225
Dansk produktion,REST_TILGANG Øvrige brancher,01000 Landbrug og gartneri- (Anvendelse),1967,0.13972459558062383
Dansk produktion,REST_TILGANG Øvrige brancher,01000 Landbrug og gartneri- (Anvendelse),1968,0.14740103977406036
Dansk produktion,REST_TILGANG Øvrige brancher,01000 Landbrug og gartneri- (Anvendelse),1969,0.1526727445785937
Dansk produktion,REST_TILGANG Øvrige brancher,01000 Landbrug og gartneri- (Anvendelse),1970,0.16041576707544555
Dansk produktion,REST_TILGANG Øvrige brancher,01000 Landbrug og gartneri- (Anvendelse),1971,0.16869576516491694
Dansk produktion,REST_TILGANG Øvrige brancher,01000 Landbrug og gartneri- (Anvendelse),1972,0.18865991112448804
Dansk produktion,REST_TILGANG Øvrige brancher,01000 Landbrug og gartneri- (Anvendelse),1973,0.22977843075549784
Dansk produktion,REST_TILGANG Øvrige brancher,01000 Landbrug og gartneri- (Anvendelse),1974,0.2637110382435828
Dansk produktion,REST_TILGANG Øvrige brancher,01000 Landbrug og gartneri- (Anvendelse),1975,0.3030336270751614
Dansk produktion,REST_TILGANG Øvrige brancher,01000 Landbrug og gartneri- (Anvendelse),1976,0.3160312084162592
Dansk produktion,REST_TILGANG Øvrige brancher,01000 Landbrug og gartneri- (Anvendelse),1977,0.3336387189877453
Dansk produktion,REST_TILGANG Øvrige brancher,01000 Landbrug og gartneri- (Anvendelse),1978,0.3571611259573902
Dansk produktion,REST_TILGANG Øvrige brancher,01000 Landbrug og gartneri- (Anvendelse),1979,0.3920124303335823
Dansk produktion,REST_TILGANG Øvrige brancher,01000 Landbrug og gartneri- (Anvendelse),1980,0.433175138829572
Dansk produktion,REST_TILGANG Øvrige brancher,01000 Landbrug og gartneri- (Anvendelse),1981,0.4928380627546684
Dansk produktion,REST_TILGANG Øvrige brancher,01000 Landbrug og gartneri- (Anvendelse),1982,0.5458464612614763
Dansk produktion,REST_TILGANG Øvrige brancher,01000 Landbrug og gartneri- (Anvendelse),1983,0.5911827758419477
Dansk produktion,REST_TILGANG Øvrige brancher,01000 Landbrug og gartneri- (Anvendelse),1984,0.6031964119608827
Dansk produktion,REST_TILGANG Øvrige brancher,01000 Landbrug og gartneri- (Anvendelse),1985,0.6088347638151813
Dansk produktion,REST_TILGANG Øvrige brancher,01000 Landbrug og gartneri- (Anvendelse),1986,0.6044607852513993
Dansk produktion,REST_TILGANG Øvrige brancher,01000 Landbrug og gartneri- (Anvendelse),1987,0.5696725498729239
Dansk produktion,REST_TILGANG Øvrige brancher,01000 Landbrug og gartneri- (Anvendelse),1988,0.5841963330356078
Dansk produktion,REST_TILGANG Øvrige brancher,01000 Landbrug og gartneri- (Anvendelse),1989,0.6215239435225313
Dansk produktion,REST_TILGANG Øvrige brancher,01000 Landbrug og gartneri- (Anvendelse),1990,0.622847095347947
Dansk produktion,REST_TILGANG Øvrige brancher,01000 Landbrug og gartneri- (Anvendelse),1991,0.6305656344066223
Dansk produktion,REST_TILGANG Øvrige brancher,01000 Landbrug og gartneri- (Anvendelse),1992,0.6450895072441024
Dansk produktion,REST_TILGANG Øvrige brancher,01000 Landbrug og gartneri- (Anvendelse),1993,0.6358418163794926
Dansk produktion,REST_TILGANG Øvrige brancher,01000 Landbrug og gartneri- (Anvendelse),1994,0.6545664355907569
Dansk produktion,REST_TILGANG Øvrige brancher,01000 Landbrug og gartneri- (Anvendelse),1995,0.6663226864151512
Dansk produktion,REST_TILGANG Øvrige brancher,01000 Landbrug og gartneri- (Anvendelse),1996,0.6697996187076577
Dansk produktion,REST_TILGANG Øvrige brancher,01000 Landbrug og gartneri- (Anvendelse),1997,0.6828121332614813
Dansk produktion,REST_TILGANG Øvrige brancher,01000 Landbrug og gartneri- (Anvendelse),1998,0.6736393903215151
Dansk produktion,REST_TILGANG Øvrige brancher,01000 Landbrug og gartneri- (Anvendelse),1999,0.6740079439907883
Dansk produktion,REST_TILGANG Øvrige brancher,01000 Landbrug og gartneri- (Anvendelse),2000,0.7002638987949866
Dansk produktion,REST_TILGANG Øvrige brancher,01000 Landbrug og gartneri- (Anvendelse),2001,0.7377155158985553
Dansk produktion,REST_TILGANG Øvrige brancher,01000 Landbrug og gartneri- (Anvendelse),2002,0.7498256280914034
Dansk produktion,REST_TILGANG Øvrige brancher,01000 Landbrug og gartneri- (Anvendelse),2003,0.7561612344009174
Dansk produktion,REST_TILGANG Øvrige brancher,01000 Landbrug og gartneri- (Anvendelse),2004,0.7604731058914012
Dansk produktion,REST_TILGANG Øvrige brancher,01000 Landbrug og gartneri- (Anvendelse),2005,0.791040335411658
Dansk produktion,REST_TILGANG Øvrige brancher,01000 Landbrug og gartneri- (Anvendelse),2006,0.7998957424991061
Dansk produktion,REST_TILGANG Øvrige brancher,01000 Landbrug og gartneri- (Anvendelse),2007,0.8345312133215973
Dansk produktion,REST_TILGANG Øvrige brancher,01000 Landbrug og gartneri- (Anvendelse),2008,0.9006604941902017
Dansk produktion,REST_TILGANG Øvrige brancher,01000 Landbrug og gartneri- (Anvendelse),2009,0.9126578525391839
Dansk produktion,REST_TILGANG Øvrige brancher,01000 Landbrug og gartneri- (Anvendelse),2010,0.9410398399791393
Dansk produktion,REST_TILGANG Øvrige brancher,01000 Landbrug og gartneri- (Anvendelse),2011,0.9737357893207418
Dansk produktion,REST_TILGANG Øvrige brancher,01000 Landbrug og gartneri- (Anvendelse),2012,0.9764989524223058
Dansk produktion,REST_TILGANG Øvrige brancher,01000 Landbrug og gartneri- (Anvendelse),2013,0.9695878688702938
Dansk produktion,REST_TILGANG Øvrige brancher,01000 Landbrug og gartneri- (Anvendelse),2014,0.9964269599678736
Dansk produktion,REST_TILGANG Øvrige brancher,01000 Landbrug og gartneri- (Anvendelse),2015,1.0105868347312885
Dansk produktion,REST_TILGANG Øvrige brancher,01000 Landbrug og gartneri- (Anvendelse),2016,0.9808443210245796
Dansk produktion,REST_TILGANG Øvrige brancher,01000 Landbrug og gartneri- (Anvendelse),2017,0.9935849862670962
Dansk produktion,REST_TILGANG Øvrige brancher,01000 Landbrug og gartneri- (Anvendelse),2018,1.0033906335782714
Dansk produktion,REST_TILGANG Øvrige brancher,01000 Landbrug og gartneri- (Anvendelse),2019,1.0198258566695373
Dansk produktion,REST_TILGANG Øvrige brancher,01000 Landbrug og gartneri- (Anvendelse),2020,1.0
Dansk produktion,REST_TILGANG Øvrige brancher,01000 Landbrug og gartneri- (Anvendelse),2021,1.0499510518681947
Dansk produktion,REST_TILGANG Øvrige brancher,01000 Landbrug og gartneri- (Anvendelse),2022,1.2698908053204818
Dansk produktion,REST_TILGANG Øvrige brancher,"10120 Føde-, drikke- og tobaksvareindustri- (Anvendelse)",1967,0.13916557248445516
Dansk produktion,REST_TILGANG Øvrige brancher,"10120 Føde-, drikke- og tobaksvareindustri- (Anvendelse)",1968,0.14428907089834292
Dansk produktion,REST_TILGANG Øvrige brancher,"10120 Føde-, drikke- og tobaksvareindustri- (Anvendelse)",1969,0.15414169707635259
Dansk produktion,REST_TILGANG Øvrige brancher,"10120 Føde-, drikke- og tobaksvareindustri- (Anvendelse)",1970,0.16753324648662354
Dansk produktion,REST_TILGANG Øvrige brancher,"10120 Føde-, drikke- og tobaksvareindustri- (Anvendelse)",1971,0.17445413745386867
Dansk produktion,REST_TILGANG Øvrige brancher,"10120 Føde-, drikke- og tobaksvareindustri- (Anvendelse)",1972,0.18760617485673844
Dansk produktion,REST_TILGANG Øvrige brancher,"10120 Føde-, drikke- og tobaksvareindustri- (Anvendelse)",1973,0.2275652639312865
Dansk produktion,REST_TILGANG Øvrige brancher,"10120 Føde-, drikke- og tobaksvareindustri- (Anvendelse)",1974,0.2724546541396184
Dansk produktion,REST_TILGANG Øvrige brancher,"10120 Føde-, drikke- og tobaksvareindustri- (Anvendelse)",1975,0.2668944644823463
Dansk produktion,REST_TILGANG Øvrige brancher,"10120 Føde-, drikke- og tobaksvareindustri- (Anvendelse)",1976,0.29524291706378036
Dansk produktion,REST_TILGANG Øvrige brancher,"10120 Føde-, drikke- og tobaksvareindustri- (Anvendelse)",1977,0.3313476408453994
Dansk produktion,REST_TILGANG Øvrige brancher,"10120 Føde-, drikke- og tobaksvareindustri- (Anvendelse)",1978,0.3392115630470207
Dansk produktion,REST_TILGANG Øvrige brancher,"10120 Føde-, drikke- og tobaksvareindustri- (Anvendelse)",1979,0.35615998022297224
Dansk produktion,REST_TILGANG Øvrige brancher,"10120 Føde-, drikke- og tobaksvareindustri- (Anvendelse)",1980,0.4133326851433744
Dansk produktion,REST_TILGANG Øvrige brancher,"10120 Føde-, drikke- og tobaksvareindustri- (Anvendelse)",1981,0.4739222787257992
Dansk produktion,REST_TILGANG Øvrige brancher,"10120 Føde-, drikke- og tobaksvareindustri- (Anvendelse)",1982,0.5078860663685147
Dansk produktion,REST_TILGANG Øvrige brancher,"10120 Føde-, drikke- og tobaksvareindustri- (Anvendelse)",1983,0.550920974826987
Dansk produktion,REST_TILGANG Øvrige brancher,"10120 Føde-, drikke- og tobaksvareindustri- (Anvendelse)",1984,0.5736060014693822
Dansk produktion,REST_TILGANG Øvrige brancher,"10120 Føde-, drikke- og tobaksvareindustri- (Anvendelse)",1985,0.5836365653080984
Dansk produktion,REST_TILGANG Øvrige brancher,"10120 Føde-, drikke- og tobaksvareindustri- (Anvendelse)",1986,0.5693115920452212
Dansk produktion,REST_TILGANG Øvrige brancher,"10120 Føde-, drikke- og tobaksvareindustri- (Anvendelse)",1987,0.5678304927183867
Dansk produktion,REST_TILGANG Øvrige brancher,"10120 Føde-, drikke- og tobaksvareindustri- (Anvendelse)",1988,0.5787563036019154
Dansk produktion,REST_TILGANG Øvrige brancher,"10120 Føde-, drikke- og tobaksvareindustri- (Anvendelse)",1989,0.6209437316800408
Dansk produktion,REST_TILGANG Øvrige brancher,"10120 Føde-, drikke- og tobaksvareindustri- (Anvendelse)",1990,0.6399361678647083
Dansk produktion,REST_TILGANG Øvrige brancher,"10120 Føde-, drikke- og tobaksvareindustri- (Anvendelse)",1991,0.6523471052885721
Dansk produktion,REST_TILGANG Øvrige brancher,"10120 Føde-, drikke- og tobaksvareindustri- (Anvendelse)",1992,0.6490076223804901
Dansk produktion,REST_TILGANG Øvrige brancher,"10120 Føde-, drikke- og tobaksvareindustri- (Anvendelse)",1993,0.6453993248694194
Dansk produktion,REST_TILGANG Øvrige brancher,"10120 Føde-, drikke- og tobaksvareindustri- (Anvendelse)",1994,0.667381841962657
Dansk produktion,REST_TILGANG Øvrige brancher,"10120 Føde-, drikke- og tobaksvareindustri- (Anvendelse)",1995,0.6843605634828422
Dansk produktion,REST_TILGANG Øvrige brancher,"10120 Føde-, drikke- og tobaksvareindustri- (Anvendelse)",1996,0.6974310810978527
Dansk produktion,REST_TILGANG Øvrige brancher,"10120 Føde-, drikke- og tobaksvareindustri- (Anvendelse)",1997,0.7118891145351863
Dansk produktion,REST_TILGANG Øvrige brancher,"10120 Føde-, drikke- og tobaksvareindustri- (Anvendelse)",1998,0.7251236368482974
Dansk produktion,REST_TILGANG Øvrige brancher,"10120 Føde-, drikke- og tobaksvareindustri- (Anvendelse)",1999,0.7172306056349385
Dansk produktion,REST_TILGANG Øvrige brancher,"10120 Føde-, drikke- og tobaksvareindustri- (Anvendelse)",2000,0.7299386098043182
Dansk produktion,REST_TILGANG Øvrige brancher,"10120 Føde-, drikke- og tobaksvareindustri- (Anvendelse)",2001,0.7644874903973071
Dansk produktion,REST_TILGANG Øvrige brancher,"10120 Føde-, drikke- og tobaksvareindustri- (Anvendelse)",2002,0.7732139242310289
Dansk produktion,REST_TILGANG Øvrige brancher,"10120 Føde-, drikke- og tobaksvareindustri- (Anvendelse)",2003,0.7860972979566997
Dansk produktion,REST_TILGANG Øvrige brancher,"10120 Føde-, drikke- og tobaksvareindustri- (Anvendelse)",2004,0.7874041812554059
Dansk produktion,REST_TILGANG Øvrige brancher,"10120 Føde-, drikke- og tobaksvareindustri- (Anvendelse)",2005,0.8099325535426496
Dansk produktion,REST_TILGANG Øvrige brancher,"10120 Føde-, drikke- og tobaksvareindustri- (Anvendelse)",2006,0.8266882788727793
Dansk produktion,REST_TILGANG Øvrige brancher,"10120 Føde-, drikke- og tobaksvareindustri- (Anvendelse)",2007,0.8587997336180784
Dansk produktion,REST_TILGANG Øvrige brancher,"10120 Føde-, drikke- og tobaksvareindustri- (Anvendelse)",2008,0.9003297680503811
Dansk produktion,REST_TILGANG Øvrige brancher,"10120 Føde-, drikke- og tobaksvareindustri- (Anvendelse)",2009,0.8984160295333484
Dansk produktion,REST_TILGANG Øvrige brancher,"10120 Føde-, drikke- og tobaksvareindustri- (Anvendelse)",2010,0.9297495800228203
Dansk produktion,REST_TILGANG Øvrige brancher,"10120 Føde-, drikke- og tobaksvareindustri- (Anvendelse)",2011,0.9685045517011077
Dansk produktion,REST_TILGANG Øvrige brancher,"10120 Føde-, drikke- og tobaksvareindustri- (Anvendelse)",2012,0.9954202798083267
Dansk produktion,REST_TILGANG Øvrige brancher,"10120 Føde-, drikke- og tobaksvareindustri- (Anvendelse)",2013,0.9955576939272015
Dansk produktion,REST_TILGANG Øvrige brancher,"10120 Føde-, drikke- og tobaksvareindustri- (Anvendelse)",2014,0.9876747117188212
Dansk produktion,REST_TILGANG Øvrige brancher,"10120 Føde-, drikke- og tobaksvareindustri- (Anvendelse)",2015,0.9748582538402721
Dansk produktion,REST_TILGANG Øvrige brancher,"10120 Føde-, drikke- og tobaksvareindustri- (Anvendelse)",2016,0.9591406689964437
Dansk produktion,REST_TILGANG Øvrige brancher,"10120 Føde-, drikke- og tobaksvareindustri- (Anvendelse)",2017,0.9689323952348187
Dansk produktion,REST_TILGANG Øvrige brancher,"10120 Føde-, drikke- og tobaksvareindustri- (Anvendelse)",2018,0.9744445459599514
Dansk produktion,REST_TILGANG Øvrige brancher,"10120 Føde-, drikke- og tobaksvareindustri- (Anvendelse)",2019,0.9923173078379234
Dansk produktion,REST_TILGANG Øvrige brancher,"10120 Føde-, drikke- og tobaksvareindustri- (Anvendelse)",2020,1.0
Dansk produktion,REST_TILGANG Øvrige brancher,"10120 Føde-, drikke- og tobaksvareindustri- (Anvendelse)",2021,1.0602486946129448
Dansk produktion,REST_TILGANG Øvrige brancher,"10120 Føde-, drikke- og tobaksvareindustri- (Anvendelse)",2022,1.2474353752313185
Dansk produktion,REST_TILGANG Øvrige brancher,"Anvendelse, i alt-(Anvendelse)",1967,0.11367524320269363
Dansk produktion,REST_TILGANG Øvrige brancher,"Anvendelse, i alt-(Anvendelse)",1968,0.1197020330495659
Dansk produktion,REST_TILGANG Øvrige brancher,"Anvendelse, i alt-(Anvendelse)",1969,0.12712091576105564
Dansk produktion,REST_TILGANG Øvrige brancher,"Anvendelse, i alt-(Anvendelse)",1970,0.13794340083518447
Dansk produktion,REST_TILGANG Øvrige brancher,"Anvendelse, i alt-(Anvendelse)",1971,0.14817805901995407
Dansk produktion,REST_TILGANG Øvrige brancher,"Anvendelse, i alt-(Anvendelse)",1972,0.15925596498877137
Dansk produktion,REST_TILGANG Øvrige brancher,"Anvendelse, i alt-(Anvendelse)",1973,0.17599833656564576
Dansk produktion,REST_TILGANG Øvrige brancher,"Anvendelse, i alt-(Anvendelse)",1974,0.21077905276845288
Dansk produktion,REST_TILGANG Øvrige brancher,"Anvendelse, i alt-(Anvendelse)",1975,0.2357893324603005
Dansk produktion,REST_TILGANG Øvrige brancher,"Anvendelse, i alt-(Anvendelse)",1976,0.25474409520866254
Dansk produktion,REST_TILGANG Øvrige brancher,"Anvendelse, i alt-(Anvendelse)",1977,0.2753793075551598
Dansk produktion,REST_TILGANG Øvrige brancher,"Anvendelse, i alt-(Anvendelse)",1978,0.2951329535485673
Dansk produktion,REST_TILGANG Øvrige brancher,"Anvendelse, i alt-(Anvendelse)",1979,0.3184311553395956
Dansk produktion,REST_TILGANG Øvrige brancher,"Anvendelse, i alt-(Anvendelse)",1980,0.3532929481496323
Dansk produktion,REST_TILGANG Øvrige brancher,"Anvendelse, i alt-(Anvendelse)",1981,0.3966256215921297
Dansk produktion,REST_TILGANG Øvrige brancher,"Anvendelse, i alt-(Anvendelse)",1982,0.43949181737761384
Dansk produktion,REST_TILGANG Øvrige brancher,"Anvendelse, i alt-(Anvendelse)",1983,0.4718815267218839
Dansk produktion,REST_TILGANG Øvrige brancher,"Anvendelse, i alt-(Anvendelse)",1984,0.49739374106103273
Dansk produktion,REST_TILGANG Øvrige brancher,"Anvendelse, i alt-(Anvendelse)",1985,0.519822956234498
Dansk produktion,REST_TILGANG Øvrige brancher,"Anvendelse, i alt-(Anvendelse)",1986,0.5167207302339891
Dansk produktion,REST_TILGANG Øvrige brancher,"Anvendelse, i alt-(Anvendelse)",1987,0.5328589759428815
Dansk produktion,REST_TILGANG Øvrige brancher,"Anvendelse, i alt-(Anvendelse)",1988,0.548848244866727
Dansk produktion,REST_TILGANG Øvrige brancher,"Anvendelse, i alt-(Anvendelse)",1989,0.5818756640542537
Dansk produktion,REST_TILGANG Øvrige brancher,"Anvendelse, i alt-(Anvendelse)",1990,0.5985547243939237
Dansk produktion,REST_TILGANG Øvrige brancher,"Anvendelse, i alt-(Anvendelse)",1991,0.6156421283098432
Dansk produktion,REST_TILGANG Øvrige brancher,"Anvendelse, i alt-(Anvendelse)",1992,0.624242565537826
Dansk produktion,REST_TILGANG Øvrige brancher,"Anvendelse, i alt-(Anvendelse)",1993,0.6287708203990263
Dansk produktion,REST_TILGANG Øvrige brancher,"Anvendelse, i alt-(Anvendelse)",1994,0.640203259133712
Dansk produktion,REST_TILGANG Øvrige brancher,"Anvendelse, i alt-(Anvendelse)",1995,0.6507645228641847
Dansk produktion,REST_TILGANG Øvrige brancher,"Anvendelse, i alt-(Anvendelse)",1996,0.660434608759197
Dansk produktion,REST_TILGANG Øvrige brancher,"Anvendelse, i alt-(Anvendelse)",1997,0.6761765832780293
Dansk produktion,REST_TILGANG Øvrige brancher,"Anvendelse, i alt-(Anvendelse)",1998,0.6832887741565403
Dansk produktion,REST_TILGANG Øvrige brancher,"Anvendelse, i alt-(Anvendelse)",1999,0.6927544219788386
Dansk produktion,REST_TILGANG Øvrige brancher,"Anvendelse, i alt-(Anvendelse)",2000,0.7208939786682395
Dansk produktion,REST_TILGANG Øvrige brancher,"Anvendelse, i alt-(Anvendelse)",2001,0.7383961413244986
Dansk produktion,REST_TILGANG Øvrige brancher,"Anvendelse, i alt-(Anvendelse)",2002,0.7485157445064708
Dansk produktion,REST_TILGANG Øvrige brancher,"Anvendelse, i alt-(Anvendelse)",2003,0.7564784089848686
Dansk produktion,REST_TILGANG Øvrige brancher,"Anvendelse, i alt-(Anvendelse)",2004,0.7718492469629588
Dansk produktion,REST_TILGANG Øvrige brancher,"Anvendelse, i alt-(Anvendelse)",2005,0.7958936348967173
Dansk produktion,REST_TILGANG Øvrige brancher,"Anvendelse, i alt-(Anvendelse)",2006,0.8182564074654928
Dansk produktion,REST_TILGANG Øvrige brancher,"Anvendelse, i alt-(Anvendelse)",2007,0.8408502250276604
Dansk produktion,REST_TILGANG Øvrige brancher,"Anvendelse, i alt-(Anvendelse)",2008,0.8782255503486226
Dansk produktion,REST_TILGANG Øvrige brancher,"Anvendelse, i alt-(Anvendelse)",2009,0.8666299713760237
Dansk produktion,REST_TILGANG Øvrige brancher,"Anvendelse, i alt-(Anvendelse)",2010,0.8984180568580943
Dansk produktion,REST_TILGANG Øvrige brancher,"Anvendelse, i alt-(Anvendelse)",2011,0.9118211445314645
Dansk produktion,REST_TILGANG Øvrige brancher,"Anvendelse, i alt-(Anvendelse)",2012,0.9327420838923709
Dansk produktion,REST_TILGANG Øvrige brancher,"Anvendelse, i alt-(Anvendelse)",2013,0.940635566259245
Dansk produktion,REST_TILGANG Øvrige brancher,"Anvendelse, i alt-(Anvendelse)",2014,0.9445256246337033
Dansk produktion,REST_TILGANG Øvrige brancher,"Anvendelse, i alt-(Anvendelse)",2015,0.9466760094647854
Dansk produktion,REST_TILGANG Øvrige brancher,"Anvendelse, i alt-(Anvendelse)",2016,0.9377484892464784
Dansk produktion,REST_TILGANG Øvrige brancher,"Anvendelse, i alt-(Anvendelse)",2017,0.9569345575652062
Dansk produktion,REST_TILGANG Øvrige brancher,"Anvendelse, i alt-(Anvendelse)",2018,0.9734433248808998
Dansk produktion,REST_TILGANG Øvrige brancher,"Anvendelse, i alt-(Anvendelse)",2019,0.986326413592357
Dansk produktion,REST_TILGANG Øvrige brancher,"Anvendelse, i alt-(Anvendelse)",2020,1.0
Dansk produktion,REST_TILGANG Øvrige brancher,"Anvendelse, i alt-(Anvendelse)",2021,1.0496921197876623
Dansk produktion,REST_TILGANG Øvrige brancher,"Anvendelse, i alt-(Anvendelse)",2022,1.1875979377423982
Dansk produktion,REST_TILGANG Øvrige brancher,Eksport - (Anvendelse),1967,0.16085339005394358
Dansk produktion,REST_TILGANG Øvrige brancher,Eksport - (Anvendelse),1968,0.16476148417088934
Dansk produktion,REST_TILGANG Øvrige brancher,Eksport - (Anvendelse),1969,0.173463576398129
Dansk produktion,REST_TILGANG Øvrige brancher,Eksport - (Anvendelse),1970,0.1875693033934673
Dansk produktion,REST_TILGANG Øvrige brancher,Eksport - (Anvendelse),1971,0.1937402234886237
Dansk produktion,REST_TILGANG Øvrige brancher,Eksport - (Anvendelse),1972,0.2053072675792758
Dansk produktion,REST_TILGANG Øvrige brancher,Eksport - (Anvendelse),1973,0.21793428930662062
Dansk produktion,REST_TILGANG Øvrige brancher,Eksport - (Anvendelse),1974,0.2689930735173387
Dansk produktion,REST_TILGANG Øvrige brancher,Eksport - (Anvendelse),1975,0.2889177120221141
Dansk produktion,REST_TILGANG Øvrige brancher,Eksport - (Anvendelse),1976,0.307214179388694
Dansk produktion,REST_TILGANG Øvrige brancher,Eksport - (Anvendelse),1977,0.33115633476957435
Dansk produktion,REST_TILGANG Øvrige brancher,Eksport - (Anvendelse),1978,0.3498202458414273
Dansk produktion,REST_TILGANG Øvrige brancher,Eksport - (Anvendelse),1979,0.37672561554699496
Dansk produktion,REST_TILGANG Øvrige brancher,Eksport - (Anvendelse),1980,0.42975104117382923
Dansk produktion,REST_TILGANG Øvrige brancher,Eksport - (Anvendelse),1981,0.48095645829238504
Dansk produktion,REST_TILGANG Øvrige brancher,Eksport - (Anvendelse),1982,0.5271127719655916
Dansk produktion,REST_TILGANG Øvrige brancher,Eksport - (Anvendelse),1983,0.5600804570024435
Dansk produktion,REST_TILGANG Øvrige brancher,Eksport - (Anvendelse),1984,0.608590614842158
Dansk produktion,REST_TILGANG Øvrige brancher,Eksport - (Anvendelse),1985,0.6315119842391721
Dansk produktion,REST_TILGANG Øvrige brancher,Eksport - (Anvendelse),1986,0.5919461775789512
Dansk produktion,REST_TILGANG Øvrige brancher,Eksport - (Anvendelse),1987,0.5812279436067264
Dansk produktion,REST_TILGANG Øvrige brancher,Eksport - (Anvendelse),1988,0.5899686827136124
Dansk produktion,REST_TILGANG Øvrige brancher,Eksport - (Anvendelse),1989,0.633397243401085
Dansk produktion,REST_TILGANG Øvrige brancher,Eksport - (Anvendelse),1990,0.643216546614778
Dansk produktion,REST_TILGANG Øvrige brancher,Eksport - (Anvendelse),1991,0.6557918205481905
Dansk produktion,REST_TILGANG Øvrige brancher,Eksport - (Anvendelse),1992,0.6622700073287501
Dansk produktion,REST_TILGANG Øvrige brancher,Eksport - (Anvendelse),1993,0.6620932790660997
Dansk produktion,REST_TILGANG Øvrige brancher,Eksport - (Anvendelse),1994,0.6575317896796204
Dansk produktion,REST_TILGANG Øvrige brancher,Eksport - (Anvendelse),1995,0.660434852878807
Dansk produktion,REST_TILGANG Øvrige brancher,Eksport - (Anvendelse),1996,0.6712293181540339
Dansk produktion,REST_TILGANG Øvrige brancher,Eksport - (Anvendelse),1997,0.6923214856436185
Dansk produktion,REST_TILGANG Øvrige brancher,Eksport - (Anvendelse),1998,0.685858700697949
Dansk produktion,REST_TILGANG Øvrige brancher,Eksport - (Anvendelse),1999,0.6870002391836799
Dansk produktion,REST_TILGANG Øvrige brancher,Eksport - (Anvendelse),2000,0.751056088798472
Dansk produktion,REST_TILGANG Øvrige brancher,Eksport - (Anvendelse),2001,0.7590939072481432
Dansk produktion,REST_TILGANG Øvrige brancher,Eksport - (Anvendelse),2002,0.7503278034220736
Dansk produktion,REST_TILGANG Øvrige brancher,Eksport - (Anvendelse),2003,0.7428292786585491
Dansk produktion,REST_TILGANG Øvrige brancher,Eksport - (Anvendelse),2004,0.7691210600685138
Dansk produktion,REST_TILGANG Øvrige brancher,Eksport - (Anvendelse),2005,0.8184909580548997
Dansk produktion,REST_TILGANG Øvrige brancher,Eksport - (Anvendelse),2006,0.845069591438318
Dansk produktion,REST_TILGANG Øvrige brancher,Eksport - (Anvendelse),2007,0.8542432456882846
Dansk produktion,REST_TILGANG Øvrige brancher,Eksport - (Anvendelse),2008,0.8977324737097083
Dansk produktion,REST_TILGANG Øvrige brancher,Eksport - (Anvendelse),2009,0.8147554201542668
Dansk produktion,REST_TILGANG Øvrige brancher,Eksport - (Anvendelse),2010,0.90508321008312
Dansk produktion,REST_TILGANG Øvrige brancher,Eksport - (Anvendelse),2011,0.9061261617123053
Dansk produktion,REST_TILGANG Øvrige brancher,Eksport - (Anvendelse),2012,0.9317046898871593
Dansk produktion,REST_TILGANG Øvrige brancher,Eksport - (Anvendelse),2013,0.9466495326057202
Dansk produktion,REST_TILGANG Øvrige brancher,Eksport - (Anvendelse),2014,0.9436249761801305
Dansk produktion,REST_TILGANG Øvrige brancher,Eksport - (Anvendelse),2015,0.9570799632136864
Dansk produktion,REST_TILGANG Øvrige brancher,Eksport - (Anvendelse),2016,0.9114435387953437
Dansk produktion,REST_TILGANG Øvrige brancher,Eksport - (Anvendelse),2017,0.9393864787286367
Dansk produktion,REST_TILGANG Øvrige brancher,Eksport - (Anvendelse),2018,0.9655798545901915
Dansk produktion,REST_TILGANG Øvrige brancher,Eksport - (Anvendelse),2019,0.9834320034111088
Dansk produktion,REST_TILGANG Øvrige brancher,Eksport - (Anvendelse),2020,1.0
Dansk produktion,REST_TILGANG Øvrige brancher,Eksport - (Anvendelse),2021,1.1204264895960165
Dansk produktion,REST_TILGANG Øvrige brancher,Eksport - (Anvendelse),2022,1.432819674268774
Dansk produktion,REST_TILGANG Øvrige brancher,Faste bruttoinvesteringer + Lagerforøgelse + Værdigenstande (Anvendelse),1967,0.12679883976626866
Dansk produktion,REST_TILGANG Øvrige brancher,Faste bruttoinvesteringer + Lagerforøgelse + Værdigenstande (Anvendelse),1968,0.13096418238494664
Dansk produktion,REST_TILGANG Øvrige brancher,Faste bruttoinvesteringer + Lagerforøgelse + Værdigenstande (Anvendelse),1969,0.13914861982341747
Dansk produktion,REST_TILGANG Øvrige brancher,Faste bruttoinvesteringer + Lagerforøgelse + Værdigenstande (Anvendelse),1970,0.14964534065609048
Dansk produktion,REST_TILGANG Øvrige brancher,Faste bruttoinvesteringer + Lagerforøgelse + Værdigenstande (Anvendelse),1971,0.15938008259928504
Dansk produktion,REST_TILGANG Øvrige brancher,Faste bruttoinvesteringer + Lagerforøgelse + Værdigenstande (Anvendelse),1972,0.17196952132263452
Dansk produktion,REST_TILGANG Øvrige brancher,Faste bruttoinvesteringer + Lagerforøgelse + Værdigenstande (Anvendelse),1973,0.19000459188780597
Dansk produktion,REST_TILGANG Øvrige brancher,Faste bruttoinvesteringer + Lagerforøgelse + Værdigenstande (Anvendelse),1974,0.22633080154927596
Dansk produktion,REST_TILGANG Øvrige brancher,Faste bruttoinvesteringer + Lagerforøgelse + Værdigenstande (Anvendelse),1975,0.2530638368333173
Dansk produktion,REST_TILGANG Øvrige brancher,Faste bruttoinvesteringer + Lagerforøgelse + Værdigenstande (Anvendelse),1976,0.272881600236997
Dansk produktion,REST_TILGANG Øvrige brancher,Faste bruttoinvesteringer + Lagerforøgelse + Værdigenstande (Anvendelse),1977,0.2929134867923446
Dansk produktion,REST_TILGANG Øvrige brancher,Faste bruttoinvesteringer + Lagerforøgelse + Værdigenstande (Anvendelse),1978,0.3116079685611306
Dansk produktion,REST_TILGANG Øvrige brancher,Faste bruttoinvesteringer + Lagerforøgelse + Værdigenstande (Anvendelse),1979,0.33210904537862423
Dansk produktion,REST_TILGANG Øvrige brancher,Faste bruttoinvesteringer + Lagerforøgelse + Værdigenstande (Anvendelse),1980,0.36507176426043875
Dansk produktion,REST_TILGANG Øvrige brancher,Faste bruttoinvesteringer + Lagerforøgelse + Værdigenstande (Anvendelse),1981,0.4031179505789269
Dansk produktion,REST_TILGANG Øvrige brancher,Faste bruttoinvesteringer + Lagerforøgelse + Værdigenstande (Anvendelse),1982,0.4444223913041888
Dansk produktion,REST_TILGANG Øvrige brancher,Faste bruttoinvesteringer + Lagerforøgelse + Værdigenstande (Anvendelse),1983,0.4737117245854482
Dansk produktion,REST_TILGANG Øvrige brancher,Faste bruttoinvesteringer + Lagerforøgelse + Værdigenstande (Anvendelse),1984,0.49467633828398394
Dansk produktion,REST_TILGANG Øvrige brancher,Faste bruttoinvesteringer + Lagerforøgelse + Værdigenstande (Anvendelse),1985,0.5211550094219046
Dansk produktion,REST_TILGANG Øvrige brancher,Faste bruttoinvesteringer + Lagerforøgelse + Værdigenstande (Anvendelse),1986,0.5308278104683112
Dansk produktion,REST_TILGANG Øvrige brancher,Faste bruttoinvesteringer + Lagerforøgelse + Værdigenstande (Anvendelse),1987,0.5471489706717959
Dansk produktion,REST_TILGANG Øvrige brancher,Faste bruttoinvesteringer + Lagerforøgelse + Værdigenstande (Anvendelse),1988,0.5581338646199456
Dansk produktion,REST_TILGANG Øvrige brancher,Faste bruttoinvesteringer + Lagerforøgelse + Værdigenstande (Anvendelse),1989,0.5850342720473667
Dansk produktion,REST_TILGANG Øvrige brancher,Faste bruttoinvesteringer + Lagerforøgelse + Værdigenstande (Anvendelse),1990,0.6026719700738875
Dansk produktion,REST_TILGANG Øvrige brancher,Faste bruttoinvesteringer + Lagerforøgelse + Værdigenstande (Anvendelse),1991,0.6197093745172403
Dansk produktion,REST_TILGANG Øvrige brancher,Faste bruttoinvesteringer + Lagerforøgelse + Værdigenstande (Anvendelse),1992,0.6155122416465593
Dansk produktion,REST_TILGANG Øvrige brancher,Faste bruttoinvesteringer + Lagerforøgelse + Værdigenstande (Anvendelse),1993,0.616310703837626
Dansk produktion,REST_TILGANG Øvrige brancher,Faste bruttoinvesteringer + Lagerforøgelse + Værdigenstande (Anvendelse),1994,0.6296119702869526
Dansk produktion,REST_TILGANG Øvrige brancher,Faste bruttoinvesteringer + Lagerforøgelse + Værdigenstande (Anvendelse),1995,0.6390963144720659
Dansk produktion,REST_TILGANG Øvrige brancher,Faste bruttoinvesteringer + Lagerforøgelse + Værdigenstande (Anvendelse),1996,0.6484925063308979
Dansk produktion,REST_TILGANG Øvrige brancher,Faste bruttoinvesteringer + Lagerforøgelse + Værdigenstande (Anvendelse),1997,0.660502872215326
Dansk produktion,REST_TILGANG Øvrige brancher,Faste bruttoinvesteringer + Lagerforøgelse + Værdigenstande (Anvendelse),1998,0.6669996782472603
Dansk produktion,REST_TILGANG Øvrige brancher,Faste bruttoinvesteringer + Lagerforøgelse + Værdigenstande (Anvendelse),1999,0.6800375531306451
Dansk produktion,REST_TILGANG Øvrige brancher,Faste bruttoinvesteringer + Lagerforøgelse + Værdigenstande (Anvendelse),2000,0.6950299720477506
Dansk produktion,REST_TILGANG Øvrige brancher,Faste bruttoinvesteringer + Lagerforøgelse + Værdigenstande (Anvendelse),2001,0.7162346686832298
Dansk produktion,REST_TILGANG Øvrige brancher,Faste bruttoinvesteringer + Lagerforøgelse + Værdigenstande (Anvendelse),2002,0.7328328157518276
Dansk produktion,REST_TILGANG Øvrige brancher,Faste bruttoinvesteringer + Lagerforøgelse + Værdigenstande (Anvendelse),2003,0.7426966548676299
Dansk produktion,REST_TILGANG Øvrige brancher,Faste bruttoinvesteringer + Lagerforøgelse + Værdigenstande (Anvendelse),2004,0.7601011744813319
Dansk produktion,REST_TILGANG Øvrige brancher,Faste bruttoinvesteringer + Lagerforøgelse + Værdigenstande (Anvendelse),2005,0.779116308131402
Dansk produktion,REST_TILGANG Øvrige brancher,Faste bruttoinvesteringer + Lagerforøgelse + Værdigenstande (Anvendelse),2006,0.8086518298344626
Dansk produktion,REST_TILGANG Øvrige brancher,Faste bruttoinvesteringer + Lagerforøgelse + Værdigenstande (Anvendelse),2007,0.8511037925084993
Dansk produktion,REST_TILGANG Øvrige brancher,Faste bruttoinvesteringer + Lagerforøgelse + Værdigenstande (Anvendelse),2008,0.891790215230634
Dansk produktion,REST_TILGANG Øvrige brancher,Faste bruttoinvesteringer + Lagerforøgelse + Værdigenstande (Anvendelse),2009,0.8668305501267733
Dansk produktion,REST_TILGANG Øvrige brancher,Faste bruttoinvesteringer + Lagerforøgelse + Værdigenstande (Anvendelse),2010,0.8738349553259248
Dansk produktion,REST_TILGANG Øvrige brancher,Faste bruttoinvesteringer + Lagerforøgelse + Værdigenstande (Anvendelse),2011,0.9035641810872437
Dansk produktion,REST_TILGANG Øvrige brancher,Faste bruttoinvesteringer + Lagerforøgelse + Værdigenstande (Anvendelse),2012,0.9224757666801089
Dansk produktion,REST_TILGANG Øvrige brancher,Faste bruttoinvesteringer + Lagerforøgelse + Værdigenstande (Anvendelse),2013,0.9231833417542672
Dansk produktion,REST_TILGANG Øvrige brancher,Faste bruttoinvesteringer + Lagerforøgelse + Værdigenstande (Anvendelse),2014,0.9284595262974522
Dansk produktion,REST_TILGANG Øvrige brancher,Faste bruttoinvesteringer + Lagerforøgelse + Værdigenstande (Anvendelse),2015,0.9286800746696326
Dansk produktion,REST_TILGANG Øvrige brancher,Faste bruttoinvesteringer + Lagerforøgelse + Værdigenstande (Anvendelse),2016,0.946940195287026
Dansk produktion,REST_TILGANG Øvrige brancher,Faste bruttoinvesteringer + Lagerforøgelse + Værdigenstande (Anvendelse),2017,0.9623838288697432
Dansk produktion,REST_TILGANG Øvrige brancher,Faste bruttoinvesteringer + Lagerforøgelse + Værdigenstande (Anvendelse),2018,0.9770077405997435
Dansk produktion,REST_TILGANG Øvrige brancher,Faste bruttoinvesteringer + Lagerforøgelse + Værdigenstande (Anvendelse),2019,0.9911386188595236
Dansk produktion,REST_TILGANG Øvrige brancher,Faste bruttoinvesteringer + Lagerforøgelse + Værdigenstande (Anvendelse),2020,1.0
Dansk produktion,REST_TILGANG Øvrige brancher,Faste bruttoinvesteringer + Lagerforøgelse + Værdigenstande (Anvendelse),2021,1.0205352368657135
Dansk produktion,REST_TILGANG Øvrige brancher,Faste bruttoinvesteringer + Lagerforøgelse + Værdigenstande (Anvendelse),2022,1.1047605739553328
Dansk produktion,REST_TILGANG Øvrige brancher,Husholdningernes forbrugsudgifter + NPISH (Anvendelse),1967,0.1076818509906206
Dansk produktion,REST_TILGANG Øvrige brancher,Husholdningernes forbrugsudgifter + NPISH (Anvendelse),1968,0.1133769047160202
Dansk produktion,REST_TILGANG Øvrige brancher,Husholdningernes forbrugsudgifter + NPISH (Anvendelse),1969,0.11923925533531558
Dansk produktion,REST_TILGANG Øvrige brancher,Husholdningernes forbrugsudgifter + NPISH (Anvendelse),1970,0.12984394646955474
Dansk produktion,REST_TILGANG Øvrige brancher,Husholdningernes forbrugsudgifter + NPISH (Anvendelse),1971,0.1394808386376882
Dansk produktion,REST_TILGANG Øvrige brancher,Husholdningernes forbrugsudgifter + NPISH (Anvendelse),1972,0.1518818486108865
Dansk produktion,REST_TILGANG Øvrige brancher,Husholdningernes forbrugsudgifter + NPISH (Anvendelse),1973,0.16719489560885098
Dansk produktion,REST_TILGANG Øvrige brancher,Husholdningernes forbrugsudgifter + NPISH (Anvendelse),1974,0.19376071727849006
Dansk produktion,REST_TILGANG Øvrige brancher,Husholdningernes forbrugsudgifter + NPISH (Anvendelse),1975,0.21770928915183918
Dansk produktion,REST_TILGANG Øvrige brancher,Husholdningernes forbrugsudgifter + NPISH (Anvendelse),1976,0.23789609904704373
Dansk produktion,REST_TILGANG Øvrige brancher,Husholdningernes forbrugsudgifter + NPISH (Anvendelse),1977,0.25891434202989644
Dansk produktion,REST_TILGANG Øvrige brancher,Husholdningernes forbrugsudgifter + NPISH (Anvendelse),1978,0.27971851453005975
Dansk produktion,REST_TILGANG Øvrige brancher,Husholdningernes forbrugsudgifter + NPISH (Anvendelse),1979,0.3037040080876267
Dansk produktion,REST_TILGANG Øvrige brancher,Husholdningernes forbrugsudgifter + NPISH (Anvendelse),1980,0.3308332764689289
Dansk produktion,REST_TILGANG Øvrige brancher,Husholdningernes forbrugsudgifter + NPISH (Anvendelse),1981,0.3703902233126621
Dansk produktion,REST_TILGANG Øvrige brancher,Husholdningernes forbrugsudgifter + NPISH (Anvendelse),1982,0.41167259552880453
Dansk produktion,REST_TILGANG Øvrige brancher,Husholdningernes forbrugsudgifter + NPISH (Anvendelse),1983,0.44078538910832527
Dansk produktion,REST_TILGANG Øvrige brancher,Husholdningernes forbrugsudgifter + NPISH (Anvendelse),1984,0.4664130930354606
Dansk produktion,REST_TILGANG Øvrige brancher,Husholdningernes forbrugsudgifter + NPISH (Anvendelse),1985,0.48824441565235127
Dansk produktion,REST_TILGANG Øvrige brancher,Husholdningernes forbrugsudgifter + NPISH (Anvendelse),1986,0.495809108205442
Dansk produktion,REST_TILGANG Øvrige brancher,Husholdningernes forbrugsudgifter + NPISH (Anvendelse),1987,0.5238694903584787
Dansk produktion,REST_TILGANG Øvrige brancher,Husholdningernes forbrugsudgifter + NPISH (Anvendelse),1988,0.5414598782266463
Dansk produktion,REST_TILGANG Øvrige brancher,Husholdningernes forbrugsudgifter + NPISH (Anvendelse),1989,0.5721321537407317
Dansk produktion,REST_TILGANG Øvrige brancher,Husholdningernes forbrugsudgifter + NPISH (Anvendelse),1990,0.5860300607358154
Dansk produktion,REST_TILGANG Øvrige brancher,Husholdningernes forbrugsudgifter + NPISH (Anvendelse),1991,0.6048083460788686
Dansk produktion,REST_TILGANG Øvrige brancher,Husholdningernes forbrugsudgifter + NPISH (Anvendelse),1992,0.6159904622076378
Dansk produktion,REST_TILGANG Øvrige brancher,Husholdningernes forbrugsudgifter + NPISH (Anvendelse),1993,0.6264876751905329
Dansk produktion,REST_TILGANG Øvrige brancher,Husholdningernes forbrugsudgifter + NPISH (Anvendelse),1994,0.6450515283212606
Dansk produktion,REST_TILGANG Øvrige brancher,Husholdningernes forbrugsudgifter + NPISH (Anvendelse),1995,0.6596537758389027
Dansk produktion,REST_TILGANG Øvrige brancher,Husholdningernes forbrugsudgifter + NPISH (Anvendelse),1996,0.6678234754262752
Dansk produktion,REST_TILGANG Øvrige brancher,Husholdningernes forbrugsudgifter + NPISH (Anvendelse),1997,0.6799028637868838
Dansk produktion,REST_TILGANG Øvrige brancher,Husholdningernes forbrugsudgifter + NPISH (Anvendelse),1998,0.6917944272191568
Dansk produktion,REST_TILGANG Øvrige brancher,Husholdningernes forbrugsudgifter + NPISH (Anvendelse),1999,0.7042140698599563
Dansk produktion,REST_TILGANG Øvrige brancher,Husholdningernes forbrugsudgifter + NPISH (Anvendelse),2000,0.7242311394166391
Dansk produktion,REST_TILGANG Øvrige brancher,Husholdningernes forbrugsudgifter + NPISH (Anvendelse),2001,0.7404845675906877
Dansk produktion,REST_TILGANG Øvrige brancher,Husholdningernes forbrugsudgifter + NPISH (Anvendelse),2002,0.7562956076141175
Dansk produktion,REST_TILGANG Øvrige brancher,Husholdningernes forbrugsudgifter + NPISH (Anvendelse),2003,0.7698623170569678
Dansk produktion,REST_TILGANG Øvrige brancher,Husholdningernes forbrugsudgifter + NPISH (Anvendelse),2004,0.7827850919916906
Dansk produktion,REST_TILGANG Øvrige brancher,Husholdningernes forbrugsudgifter + NPISH (Anvendelse),2005,0.7956355844550964
Dansk produktion,REST_TILGANG Øvrige brancher,Husholdningernes forbrugsudgifter + NPISH (Anvendelse),2006,0.8183368524415265
Dansk produktion,REST_TILGANG Øvrige brancher,Husholdningernes forbrugsudgifter + NPISH (Anvendelse),2007,0.839639343555523
Dansk produktion,REST_TILGANG Øvrige brancher,Husholdningernes forbrugsudgifter + NPISH (Anvendelse),2008,0.8642055210795667
Dansk produktion,REST_TILGANG Øvrige brancher,Husholdningernes forbrugsudgifter + NPISH (Anvendelse),2009,0.8811198116625211
Dansk produktion,REST_TILGANG Øvrige brancher,Husholdningernes forbrugsudgifter + NPISH (Anvendelse),2010,0.8930808806380386
Dansk produktion,REST_TILGANG Øvrige brancher,Husholdningernes forbrugsudgifter + NPISH (Anvendelse),2011,0.9112453565818389
Dansk produktion,REST_TILGANG Øvrige brancher,Husholdningernes forbrugsudgifter + NPISH (Anvendelse),2012,0.9317926783993816
Dansk produktion,REST_TILGANG Øvrige brancher,Husholdningernes forbrugsudgifter + NPISH (Anvendelse),2013,0.9453827366526356
Dansk produktion,REST_TILGANG Øvrige brancher,Husholdningernes forbrugsudgifter + NPISH (Anvendelse),2014,0.9598415155819014
Dansk produktion,REST_TILGANG Øvrige brancher,Husholdningernes forbrugsudgifter + NPISH (Anvendelse),2015,0.9621961776114343
Dansk produktion,REST_TILGANG Øvrige brancher,Husholdningernes forbrugsudgifter + NPISH (Anvendelse),2016,0.9661071831344505
Dansk produktion,REST_TILGANG Øvrige brancher,Husholdningernes forbrugsudgifter + NPISH (Anvendelse),2017,0.9792027592446323
Dansk produktion,REST_TILGANG Øvrige brancher,Husholdningernes forbrugsudgifter + NPISH (Anvendelse),2018,0.9844931812194553
Dansk produktion,REST_TILGANG Øvrige brancher,Husholdningernes forbrugsudgifter + NPISH (Anvendelse),2019,0.9935830637058035
Dansk produktion,REST_TILGANG Øvrige brancher,Husholdningernes forbrugsudgifter + NPISH (Anvendelse),2020,1.0
Dansk produktion,REST_TILGANG Øvrige brancher,Husholdningernes forbrugsudgifter + NPISH (Anvendelse),2021,1.0179284647980984
Dansk produktion,REST_TILGANG Øvrige brancher,Husholdningernes forbrugsudgifter + NPISH (Anvendelse),2022,1.0854349107131358
Dansk produktion,REST_TILGANG Øvrige brancher,"Offentligt forbrug, i alt-(Anvendelse)",1967,0.08149277361354146
Dansk produktion,REST_TILGANG Øvrige brancher,"Offentligt forbrug, i alt-(Anvendelse)",1968,0.08986797313009885
Dansk produktion,REST_TILGANG Øvrige brancher,"Offentligt forbrug, i alt-(Anvendelse)",1969,0.09725895640387702
Dansk produktion,REST_TILGANG Øvrige brancher,"Offentligt forbrug, i alt-(Anvendelse)",1970,0.10764537828944681
Dansk produktion,REST_TILGANG Øvrige brancher,"Offentligt forbrug, i alt-(Anvendelse)",1971,0.11981525186347718
Dansk produktion,REST_TILGANG Øvrige brancher,"Offentligt forbrug, i alt-(Anvendelse)",1972,0.1311510654213716
Dansk produktion,REST_TILGANG Øvrige brancher,"Offentligt forbrug, i alt-(Anvendelse)",1973,0.14520723564192772
Dansk produktion,REST_TILGANG Øvrige brancher,"Offentligt forbrug, i alt-(Anvendelse)",1974,0.17234022805038435
Dansk produktion,REST_TILGANG Øvrige brancher,"Offentligt forbrug, i alt-(Anvendelse)",1975,0.2020707481254095
Dansk produktion,REST_TILGANG Øvrige brancher,"Offentligt forbrug, i alt-(Anvendelse)",1976,0.21983374237391481
Dansk produktion,REST_TILGANG Øvrige brancher,"Offentligt forbrug, i alt-(Anvendelse)",1977,0.23707247852766347
Dansk produktion,REST_TILGANG Øvrige brancher,"Offentligt forbrug, i alt-(Anvendelse)",1978,0.25490584237267055
Dansk produktion,REST_TILGANG Øvrige brancher,"Offentligt forbrug, i alt-(Anvendelse)",1979,0.27422115664504304
Dansk produktion,REST_TILGANG Øvrige brancher,"Offentligt forbrug, i alt-(Anvendelse)",1980,0.3032425630711232
Dansk produktion,REST_TILGANG Øvrige brancher,"Offentligt forbrug, i alt-(Anvendelse)",1981,0.33737157974255955
Dansk produktion,REST_TILGANG Øvrige brancher,"Offentligt forbrug, i alt-(Anvendelse)",1982,0.3788307230828626
Dansk produktion,REST_TILGANG Øvrige brancher,"Offentligt forbrug, i alt-(Anvendelse)",1983,0.40697656842530805
Dansk produktion,REST_TILGANG Øvrige brancher,"Offentligt forbrug, i alt-(Anvendelse)",1984,0.42539813374838376
Dansk produktion,REST_TILGANG Øvrige brancher,"Offentligt forbrug, i alt-(Anvendelse)",1985,0.4416332459577541
Dansk produktion,REST_TILGANG Øvrige brancher,"Offentligt forbrug, i alt-(Anvendelse)",1986,0.45014163992528616
Dansk produktion,REST_TILGANG Øvrige brancher,"Offentligt forbrug, i alt-(Anvendelse)",1987,0.48537585951912743
Dansk produktion,REST_TILGANG Øvrige brancher,"Offentligt forbrug, i alt-(Anvendelse)",1988,0.5132671612514365
Dansk produktion,REST_TILGANG Øvrige brancher,"Offentligt forbrug, i alt-(Anvendelse)",1989,0.5396007717939854
Dansk produktion,REST_TILGANG Øvrige brancher,"Offentligt forbrug, i alt-(Anvendelse)",1990,0.5612404841373629
Dansk produktion,REST_TILGANG Øvrige brancher,"Offentligt forbrug, i alt-(Anvendelse)",1991,0.5828586623504953
Dansk produktion,REST_TILGANG Øvrige brancher,"Offentligt forbrug, i alt-(Anvendelse)",1992,0.5980918246359543
Dansk produktion,REST_TILGANG Øvrige brancher,"Offentligt forbrug, i alt-(Anvendelse)",1993,0.6044385492986292
Dansk produktion,REST_TILGANG Øvrige brancher,"Offentligt forbrug, i alt-(Anvendelse)",1994,0.6113622958754531
Dansk produktion,REST_TILGANG Øvrige brancher,"Offentligt forbrug, i alt-(Anvendelse)",1995,0.6155283147743092
Dansk produktion,REST_TILGANG Øvrige brancher,"Offentligt forbrug, i alt-(Anvendelse)",1996,0.6285477585646898
Dansk produktion,REST_TILGANG Øvrige brancher,"Offentligt forbrug, i alt-(Anvendelse)",1997,0.6460115710601212
Dansk produktion,REST_TILGANG Øvrige brancher,"Offentligt forbrug, i alt-(Anvendelse)",1998,0.6621814816634607
Dansk produktion,REST_TILGANG Øvrige brancher,"Offentligt forbrug, i alt-(Anvendelse)",1999,0.6781500860455543
Dansk produktion,REST_TILGANG Øvrige brancher,"Offentligt forbrug, i alt-(Anvendelse)",2000,0.6899583029250481
Dansk produktion,REST_TILGANG Øvrige brancher,"Offentligt forbrug, i alt-(Anvendelse)",2001,0.7133179782727943
Dansk produktion,REST_TILGANG Øvrige brancher,"Offentligt forbrug, i alt-(Anvendelse)",2002,0.7345875628038292
Dansk produktion,REST_TILGANG Øvrige brancher,"Offentligt forbrug, i alt-(Anvendelse)",2003,0.7512809789565074
Dansk produktion,REST_TILGANG Øvrige brancher,"Offentligt forbrug, i alt-(Anvendelse)",2004,0.7731362256301458
Dansk produktion,REST_TILGANG Øvrige brancher,"Offentligt forbrug, i alt-(Anvendelse)",2005,0.7908868547566744
Dansk produktion,REST_TILGANG Øvrige brancher,"Offentligt forbrug, i alt-(Anvendelse)",2006,0.807979122866654
Dansk produktion,REST_TILGANG Øvrige brancher,"Offentligt forbrug, i alt-(Anvendelse)",2007,0.8299511011822006
Dansk produktion,REST_TILGANG Øvrige brancher,"Offentligt forbrug, i alt-(Anvendelse)",2008,0.8590439730560855
Dansk produktion,REST_TILGANG Øvrige brancher,"Offentligt forbrug, i alt-(Anvendelse)",2009,0.8896040580510685
Dansk produktion,REST_TILGANG Øvrige brancher,"Offentligt forbrug, i alt-(Anvendelse)",2010,0.9017468644001697
Dansk produktion,REST_TILGANG Øvrige brancher,"Offentligt forbrug, i alt-(Anvendelse)",2011,0.8978594905534862
Dansk produktion,REST_TILGANG Øvrige brancher,"Offentligt forbrug, i alt-(Anvendelse)",2012,0.9113083024840781
Dansk produktion,REST_TILGANG Øvrige brancher,"Offentligt forbrug, i alt-(Anvendelse)",2013,0.9121840237209689
Dansk produktion,REST_TILGANG Øvrige brancher,"Offentligt forbrug, i alt-(Anvendelse)",2014,0.9109248152870849
Dansk produktion,REST_TILGANG Øvrige brancher,"Offentligt forbrug, i alt-(Anvendelse)",2015,0.9060878458272541
Dansk produktion,REST_TILGANG Øvrige brancher,"Offentligt forbrug, i alt-(Anvendelse)",2016,0.915876396050146
Dansk produktion,REST_TILGANG Øvrige brancher,"Offentligt forbrug, i alt-(Anvendelse)",2017,0.9268888558111826
Dansk produktion,REST_TILGANG Øvrige brancher,"Offentligt forbrug, i alt-(Anvendelse)",2018,0.9433073616907552
Dansk produktion,REST_TILGANG Øvrige brancher,"Offentligt forbrug, i alt-(Anvendelse)",2019,0.9519327190044942
Dansk produktion,REST_TILGANG Øvrige brancher,"Offentligt forbrug, i alt-(Anvendelse)",2020,1.0
Dansk produktion,REST_TILGANG Øvrige brancher,"Offentligt forbrug, i alt-(Anvendelse)",2021,1.0154013331004983
Dansk produktion,REST_TILGANG Øvrige brancher,"Offentligt forbrug, i alt-(Anvendelse)",2022,1.0587778350099446
Dansk produktion,REST_TILGANG Øvrige brancher,Privat,1967,0.11456862624633446
Dansk produktion,REST_TILGANG Øvrige brancher,Privat,1968,0.12047586924411234
Dansk produktion,REST_TILGANG Øvrige brancher,Privat,1969,0.12838536095291297
Dansk produktion,REST_TILGANG Øvrige brancher,Privat,1970,0.13859883616257668
Dansk produktion,REST_TILGANG Øvrige brancher,Privat,1971,0.14903307743265523
Dansk produktion,REST_TILGANG Øvrige brancher,Privat,1972,0.15750237479377324
Dansk produktion,REST_TILGANG Øvrige brancher,Privat,1973,0.1778931505934357
Dansk produktion,REST_TILGANG Øvrige brancher,Privat,1974,0.21788164972233956
Dansk produktion,REST_TILGANG Øvrige brancher,Privat,1975,0.240430253395049
Dansk produktion,REST_TILGANG Øvrige brancher,Privat,1976,0.2584205393626118
Dansk produktion,REST_TILGANG Øvrige brancher,Privat,1977,0.2796140910650212
Dansk produktion,REST_TILGANG Øvrige brancher,Privat,1978,0.29980496729675665
Dansk produktion,REST_TILGANG Øvrige brancher,Privat,1979,0.3246992817850065
Dansk produktion,REST_TILGANG Øvrige brancher,Privat,1980,0.36259961432117344
Dansk produktion,REST_TILGANG Øvrige brancher,Privat,1981,0.41265310412345857
Dansk produktion,REST_TILGANG Øvrige brancher,Privat,1982,0.45457540458153717
Dansk produktion,REST_TILGANG Øvrige brancher,Privat,1983,0.492831655700565
Dansk produktion,REST_TILGANG Øvrige brancher,Privat,1984,0.5135606292235416
Dansk produktion,REST_TILGANG Øvrige brancher,Privat,1985,0.5386928900850492
Dansk produktion,REST_TILGANG Øvrige brancher,Privat,1986,0.5309696853006368
Dansk produktion,REST_TILGANG Øvrige brancher,Privat,1987,0.5379324611417682
Dansk produktion,REST_TILGANG Øvrige brancher,Privat,1988,0.5499610799651182
Dansk produktion,REST_TILGANG Øvrige brancher,Privat,1989,0.5856471504985236
Dansk produktion,REST_TILGANG Øvrige brancher,Privat,1990,0.6043169934645124
Dansk produktion,REST_TILGANG Øvrige brancher,Privat,1991,0.6193929836063675
Dansk produktion,REST_TILGANG Øvrige brancher,Privat,1992,0.6277281479930347
Dansk produktion,REST_TILGANG Øvrige brancher,Privat,1993,0.6301312468552432
Dansk produktion,REST_TILGANG Øvrige brancher,Privat,1994,0.647015995105841
Dansk produktion,REST_TILGANG Øvrige brancher,Privat,1995,0.6633352221765821
Dansk produktion,REST_TILGANG Øvrige brancher,Privat,1996,0.671618647837775
Dansk produktion,REST_TILGANG Øvrige brancher,Privat,1997,0.6870489194646642
Dansk produktion,REST_TILGANG Øvrige brancher,Privat,1998,0.6935805160858382
Dansk produktion,REST_TILGANG Øvrige brancher,Privat,1999,0.7009281373220635
Dansk produktion,REST_TILGANG Øvrige brancher,Privat,2000,0.7247968533807866
Dansk produktion,REST_TILGANG Øvrige brancher,Privat,2001,0.7449410106079696
Dansk produktion,REST_TILGANG Øvrige brancher,Privat,2002,0.7545960995384695
Dansk produktion,REST_TILGANG Øvrige brancher,Privat,2003,0.7643850828870938
Dansk produktion,REST_TILGANG Øvrige brancher,Privat,2004,0.7698267787342316
Dansk produktion,REST_TILGANG Øvrige brancher,Privat,2005,0.7901138372465502
Dansk produktion,REST_TILGANG Øvrige brancher,Privat,2006,0.8104369889083478
Dansk produktion,REST_TILGANG Øvrige brancher,Privat,2007,0.8384392707846421
Dansk produktion,REST_TILGANG Øvrige brancher,Privat,2008,0.8835947517769721
Dansk produktion,REST_TILGANG Øvrige brancher,Privat,2009,0.8819228975383985
Dansk produktion,REST_TILGANG Øvrige brancher,Privat,2010,0.9035924151797607
Dansk produktion,REST_TILGANG Øvrige brancher,Privat,2011,0.928958589630071
Dansk produktion,REST_TILGANG Øvrige brancher,Privat,2012,0.951815003210412
Dansk produktion,REST_TILGANG Øvrige brancher,Privat,2013,0.9554109748772989
Dansk produktion,REST_TILGANG Øvrige brancher,Privat,2014,0.9589767674126807
Dansk produktion,REST_TILGANG Øvrige brancher,Privat,2015,0.9558898313063241
Dansk produktion,REST_TILGANG Øvrige brancher,Privat,2016,0.9485698278932844
Dansk produktion,REST_TILGANG Øvrige brancher,Privat,2017,0.9703385218834671
Dansk produktion,REST_TILGANG Øvrige brancher,Privat,2018,0.9876759710212547
Dansk produktion,REST_TILGANG Øvrige brancher,Privat,2019,1.0004644328910746
Dansk produktion,REST_TILGANG Øvrige brancher,Privat,2020,1.0
Dansk produktion,REST_TILGANG Øvrige brancher,Privat,2021,1.0415865131330866
Dansk produktion,REST_TILGANG Øvrige brancher,Privat,2022,1.1484211227363417
Dansk produktion,REST_TILGANG Øvrige brancher,REST_ANVENDELSE Øvrige brancher,1967,0.11210197919848262
Dansk produktion,REST_TILGANG Øvrige brancher,REST_ANVENDELSE Øvrige brancher,1968,0.11805502010267645
Dansk produktion,REST_TILGANG Øvrige brancher,REST_ANVENDELSE Øvrige brancher,1969,0.12589221774437917
Dansk produktion,REST_TILGANG Øvrige brancher,REST_ANVENDELSE Øvrige brancher,1970,0.13593386953503106
Dansk produktion,REST_TILGANG Øvrige brancher,REST_ANVENDELSE Øvrige brancher,1971,0.14675006818611824
Dansk produktion,REST_TILGANG Øvrige brancher,REST_ANVENDELSE Øvrige brancher,1972,0.1545492513659017
Dansk produktion,REST_TILGANG Øvrige brancher,REST_ANVENDELSE Øvrige brancher,1973,0.17241643341107113
Dansk produktion,REST_TILGANG Øvrige brancher,REST_ANVENDELSE Øvrige brancher,1974,0.21172004908037628
Dansk produktion,REST_TILGANG Øvrige brancher,REST_ANVENDELSE Øvrige brancher,1975,0.23548070370784444
Dansk produktion,REST_TILGANG Øvrige brancher,REST_ANVENDELSE Øvrige brancher,1976,0.25308048947195355
Dansk produktion,REST_TILGANG Øvrige brancher,REST_ANVENDELSE Øvrige brancher,1977,0.27333012557816283
Dansk produktion,REST_TILGANG Øvrige brancher,REST_ANVENDELSE Øvrige brancher,1978,0.2938646479963855
Dansk produktion,REST_TILGANG Øvrige brancher,REST_ANVENDELSE Øvrige brancher,1979,0.31803353500012044
Dansk produktion,REST_TILGANG Øvrige brancher,REST_ANVENDELSE Øvrige brancher,1980,0.3546752542759338
Dansk produktion,REST_TILGANG Øvrige brancher,REST_ANVENDELSE Øvrige brancher,1981,0.4035984235100233
Dansk produktion,REST_TILGANG Øvrige brancher,REST_ANVENDELSE Øvrige brancher,1982,0.4465305184207013
Dansk produktion,REST_TILGANG Øvrige brancher,REST_ANVENDELSE Øvrige brancher,1983,0.4840229293038806
Dansk produktion,REST_TILGANG Øvrige brancher,REST_ANVENDELSE Øvrige brancher,1984,0.505599808707777
Dansk produktion,REST_TILGANG Øvrige brancher,REST_ANVENDELSE Øvrige brancher,1985,0.5319667811039609
Dansk produktion,REST_TILGANG Øvrige brancher,REST_ANVENDELSE Øvrige brancher,1986,0.524518883236459
Dansk produktion,REST_TILGANG Øvrige brancher,REST_ANVENDELSE Øvrige brancher,1987,0.5341772649642244
Dansk produktion,REST_TILGANG Øvrige brancher,REST_ANVENDELSE Øvrige brancher,1988,0.5471619262353027
Dansk produktion,REST_TILGANG Øvrige brancher,REST_ANVENDELSE Øvrige brancher,1989,0.5822717211965853
Dansk produktion,REST_TILGANG Øvrige brancher,REST_ANVENDELSE Øvrige brancher,1990,0.6021084527409724
Dansk produktion,REST_TILGANG Øvrige brancher,REST_ANVENDELSE Øvrige brancher,1991,0.6182110118726962
Dansk produktion,REST_TILGANG Øvrige brancher,REST_ANVENDELSE Øvrige brancher,1992,0.6265111173998791
Dansk produktion,REST_TILGANG Øvrige brancher,REST_ANVENDELSE Øvrige brancher,1993,0.6297983591310328
Dansk produktion,REST_TILGANG Øvrige brancher,REST_ANVENDELSE Øvrige brancher,1994,0.6460016773439068
Dansk produktion,REST_TILGANG Øvrige brancher,REST_ANVENDELSE Øvrige brancher,1995,0.6615712739622389
Dansk produktion,REST_TILGANG Øvrige brancher,REST_ANVENDELSE Øvrige brancher,1996,0.6699870215208951
Dansk produktion,REST_TILGANG Øvrige brancher,REST_ANVENDELSE Øvrige brancher,1997,0.6859713687631991
Dansk produktion,REST_TILGANG Øvrige brancher,REST_ANVENDELSE Øvrige brancher,1998,0.6929276859602158
Dansk produktion,REST_TILGANG Øvrige brancher,REST_ANVENDELSE Øvrige brancher,1999,0.701641501835788
Dansk produktion,REST_TILGANG Øvrige brancher,REST_ANVENDELSE Øvrige brancher,2000,0.7251166684193795
Dansk produktion,REST_TILGANG Øvrige brancher,REST_ANVENDELSE Øvrige brancher,2001,0.7443715700569669
Dansk produktion,REST_TILGANG Øvrige brancher,REST_ANVENDELSE Øvrige brancher,2002,0.7554873310454516
Dansk produktion,REST_TILGANG Øvrige brancher,REST_ANVENDELSE Øvrige brancher,2003,0.7646882044980716
Dansk produktion,REST_TILGANG Øvrige brancher,REST_ANVENDELSE Øvrige brancher,2004,0.771128676290278
Dansk produktion,REST_TILGANG Øvrige brancher,REST_ANVENDELSE Øvrige brancher,2005,0.7903981350718466
Dansk produktion,REST_TILGANG Øvrige brancher,REST_ANVENDELSE Øvrige brancher,2006,0.810268591122792
Dansk produktion,REST_TILGANG Øvrige brancher,REST_ANVENDELSE Øvrige brancher,2007,0.8364223089219754
Dansk produktion,REST_TILGANG Øvrige brancher,REST_ANVENDELSE Øvrige brancher,2008,0.8797622691837721
Dansk produktion,REST_TILGANG Øvrige brancher,REST_ANVENDELSE Øvrige brancher,2009,0.8801295485794493
Dansk produktion,REST_TILGANG Øvrige brancher,REST_ANVENDELSE Øvrige brancher,2010,0.9002062995871235
Dansk produktion,REST_TILGANG Øvrige brancher,REST_ANVENDELSE Øvrige brancher,2011,0.92349780232156
Dansk produktion,REST_TILGANG Øvrige brancher,REST_ANVENDELSE Øvrige brancher,2012,0.9458373764962535
Dansk produktion,REST_TILGANG Øvrige brancher,REST_ANVENDELSE Øvrige brancher,2013,0.9506352501641585
Dansk produktion,REST_TILGANG Øvrige brancher,REST_ANVENDELSE Øvrige brancher,2014,0.9550731955534207
Dansk produktion,REST_TILGANG Øvrige brancher,REST_ANVENDELSE Øvrige brancher,2015,0.9526149133088921
Dansk produktion,REST_TILGANG Øvrige brancher,REST_ANVENDELSE Øvrige brancher,2016,0.9472516173625352
Dansk produktion,REST_TILGANG Øvrige brancher,REST_ANVENDELSE Øvrige brancher,2017,0.9690591414929399
Dansk produktion,REST_TILGANG Øvrige brancher,REST_ANVENDELSE Øvrige brancher,2018,0.9861493292312304
Dansk produktion,REST_TILGANG Øvrige brancher,REST_ANVENDELSE Øvrige brancher,2019,0.9988772274235059
Dansk produktion,REST_TILGANG Øvrige brancher,REST_ANVENDELSE Øvrige brancher,2020,1.0
Dansk produktion,REST_TILGANG Øvrige brancher,REST_ANVENDELSE Øvrige brancher,2021,1.0383834784187993
Dansk produktion,REST_TILGANG Øvrige brancher,REST_ANVENDELSE Øvrige brancher,2022,1.134752283968753
Import eksklusiv told,01000 Landbrug og gartneri-(Tilgang),01000 Landbrug og gartneri- (Anvendelse),1967,0.32963152492386844
Import eksklusiv told,01000 Landbrug og gartneri-(Tilgang),01000 Landbrug og gartneri- (Anvendelse),1968,0.306443795668954
Import eksklusiv told,01000 Landbrug og gartneri-(Tilgang),01000 Landbrug og gartneri- (Anvendelse),1969,0.3144721675921457
Import eksklusiv told,01000 Landbrug og gartneri-(Tilgang),01000 Landbrug og gartneri- (Anvendelse),1970,0.31705814994653037
Import eksklusiv told,01000 Landbrug og gartneri-(Tilgang),01000 Landbrug og gartneri- (Anvendelse),1971,0.32167032086251124
Import eksklusiv told,01000 Landbrug og gartneri-(Tilgang),01000 Landbrug og gartneri- (Anvendelse),1972,0.2990870505768579
Import eksklusiv told,01000 Landbrug og gartneri-(Tilgang),01000 Landbrug og gartneri- (Anvendelse),1973,0.4224181813450307
Import eksklusiv told,01000 Landbrug og gartneri-(Tilgang),01000 Landbrug og gartneri- (Anvendelse),1974,0.5026649198423382
Import eksklusiv told,01000 Landbrug og gartneri-(Tilgang),01000 Landbrug og gartneri- (Anvendelse),1975,0.5293913624592709
Import eksklusiv told,01000 Landbrug og gartneri-(Tilgang),01000 Landbrug og gartneri- (Anvendelse),1976,0.5725667163302339
Import eksklusiv told,01000 Landbrug og gartneri-(Tilgang),01000 Landbrug og gartneri- (Anvendelse),1977,0.6445633136365043
Import eksklusiv told,01000 Landbrug og gartneri-(Tilgang),01000 Landbrug og gartneri- (Anvendelse),1978,0.6885130021135923
Import eksklusiv told,01000 Landbrug og gartneri-(Tilgang),01000 Landbrug og gartneri- (Anvendelse),1979,0.7189443690599308
Import eksklusiv told,01000 Landbrug og gartneri-(Tilgang),01000 Landbrug og gartneri- (Anvendelse),1980,0.8143412847452963
Import eksklusiv told,01000 Landbrug og gartneri-(Tilgang),01000 Landbrug og gartneri- (Anvendelse),1981,0.8613734308173645
Import eksklusiv told,01000 Landbrug og gartneri-(Tilgang),01000 Landbrug og gartneri- (Anvendelse),1982,0.9675490576056062
Import eksklusiv told,01000 Landbrug og gartneri-(Tilgang),01000 Landbrug og gartneri- (Anvendelse),1983,0.9667691723059515
Import eksklusiv told,01000 Landbrug og gartneri-(Tilgang),01000 Landbrug og gartneri- (Anvendelse),1984,1.0221160787729346
Import eksklusiv told,01000 Landbrug og gartneri-(Tilgang),01000 Landbrug og gartneri- (Anvendelse),1985,0.9421577019487902
Import eksklusiv told,01000 Landbrug og gartneri-(Tilgang),01000 Landbrug og gartneri- (Anvendelse),1986,0.9184421137089144
Import eksklusiv told,01000 Landbrug og gartneri-(Tilgang),01000 Landbrug og gartneri- (Anvendelse),1987,0.9185291131776477
Import eksklusiv told,01000 Landbrug og gartneri-(Tilgang),01000 Landbrug og gartneri- (Anvendelse),1988,1.165970982999061
Import eksklusiv told,01000 Landbrug og gartneri-(Tilgang),01000 Landbrug og gartneri- (Anvendelse),1989,1.030102419629492
Import eksklusiv told,01000 Landbrug og gartneri-(Tilgang),01000 Landbrug og gartneri- (Anvendelse),1990,1.1144081108875965
Import eksklusiv told,01000 Landbrug og gartneri-(Tilgang),01000 Landbrug og gartneri- (Anvendelse),1991,0.9636629588216518
Import eksklusiv told,01000 Landbrug og gartneri-(Tilgang),01000 Landbrug og gartneri- (Anvendelse),1992,1.2058094525645802
Import eksklusiv told,01000 Landbrug og gartneri-(Tilgang),01000 Landbrug og gartneri- (Anvendelse),1993,1.1377169824881512
Import eksklusiv told,01000 Landbrug og gartneri-(Tilgang),01000 Landbrug og gartneri- (Anvendelse),1994,1.0301457617064043
Import eksklusiv told,01000 Landbrug og gartneri-(Tilgang),01000 Landbrug og gartneri- (Anvendelse),1995,1.0179436770611459
Import eksklusiv told,01000 Landbrug og gartneri-(Tilgang),01000 Landbrug og gartneri- (Anvendelse),1996,1.0375808672377926
Import eksklusiv told,01000 Landbrug og gartneri-(Tilgang),01000 Landbrug og gartneri- (Anvendelse),1997,1.0236256138050646
Import eksklusiv told,01000 Landbrug og gartneri-(Tilgang),01000 Landbrug og gartneri- (Anvendelse),1998,0.9532688091362209
Import eksklusiv told,01000 Landbrug og gartneri-(Tilgang),01000 Landbrug og gartneri- (Anvendelse),1999,0.9581897457597607
Import eksklusiv told,01000 Landbrug og gartneri-(Tilgang),01000 Landbrug og gartneri- (Anvendelse),2000,1.0059399213795113
Import eksklusiv told,01000 Landbrug og gartneri-(Tilgang),01000 Landbrug og gartneri- (Anvendelse),2001,1.0098081164347503
Import eksklusiv told,01000 Landbrug og gartneri-(Tilgang),01000 Landbrug og gartneri- (Anvendelse),2002,0.9295963328981122
Import eksklusiv told,01000 Landbrug og gartneri-(Tilgang),01000 Landbrug og gartneri- (Anvendelse),2003,0.9537396844963726
Import eksklusiv told,01000 Landbrug og gartneri-(Tilgang),01000 Landbrug og gartneri- (Anvendelse),2004,0.9950967944406963
Import eksklusiv told,01000 Landbrug og gartneri-(Tilgang),01000 Landbrug og gartneri- (Anvendelse),2005,0.8857285545736787
Import eksklusiv told,01000 Landbrug og gartneri-(Tilgang),01000 Landbrug og gartneri- (Anvendelse),2006,0.758928296643953
Import eksklusiv told,01000 Landbrug og gartneri-(Tilgang),01000 Landbrug og gartneri- (Anvendelse),2007,1.2419150952492013
Import eksklusiv told,01000 Landbrug og gartneri-(Tilgang),01000 Landbrug og gartneri- (Anvendelse),2008,1.4871583986512853
Import eksklusiv told,01000 Landbrug og gartneri-(Tilgang),01000 Landbrug og gartneri- (Anvendelse),2009,0.9725061647928301
Import eksklusiv told,01000 Landbrug og gartneri-(Tilgang),01000 Landbrug og gartneri- (Anvendelse),2010,0.9185327603359913
Import eksklusiv told,01000 Landbrug og gartneri-(Tilgang),01000 Landbrug og gartneri- (Anvendelse),2011,0.9904076768836928
Import eksklusiv told,01000 Landbrug og gartneri-(Tilgang),01000 Landbrug og gartneri- (Anvendelse),2012,1.0255727358208153
Import eksklusiv told,01000 Landbrug og gartneri-(Tilgang),01000 Landbrug og gartneri- (Anvendelse),2013,1.0309039622073617
Import eksklusiv told,01000 Landbrug og gartneri-(Tilgang),01000 Landbrug og gartneri- (Anvendelse),2014,1.0019049587308566
Import eksklusiv told,01000 Landbrug og gartneri-(Tilgang),01000 Landbrug og gartneri- (Anvendelse),2015,1.0135458559977562
Import eksklusiv told,01000 Landbrug og gartneri-(Tilgang),01000 Landbrug og gartneri- (Anvendelse),2016,0.9825148562589808
Import eksklusiv told,01000 Landbrug og gartneri-(Tilgang),01000 Landbrug og gartneri- (Anvendelse),2017,0.9877367790740489
Import eksklusiv told,01000 Landbrug og gartneri-(Tilgang),01000 Landbrug og gartneri- (Anvendelse),2018,0.9886895133781656
Import eksklusiv told,01000 Landbrug og gartneri-(Tilgang),01000 Landbrug og gartneri- (Anvendelse),2019,0.982454006101327
Import eksklusiv told,01000 Landbrug og gartneri-(Tilgang),01000 Landbrug og gartneri- (Anvendelse),2020,1.0
Import eksklusiv told,01000 Landbrug og gartneri-(Tilgang),01000 Landbrug og gartneri- (Anvendelse),2021,1.0826743901678808
Import eksklusiv told,01000 Landbrug og gartneri-(Tilgang),01000 Landbrug og gartneri- (Anvendelse),2022,1.2994625434787805
Import eksklusiv told,01000 Landbrug og gartneri-(Tilgang),"10120 Føde-, drikke- og tobaksvareindustri- (Anvendelse)",1967,0.4230814256070702
Import eksklusiv told,01000 Landbrug og gartneri-(Tilgang),"10120 Føde-, drikke- og tobaksvareindustri- (Anvendelse)",1968,0.42431215041216386
Import eksklusiv told,01000 Landbrug og gartneri-(Tilgang),"10120 Føde-, drikke- og tobaksvareindustri- (Anvendelse)",1969,0.4328284928892821
Import eksklusiv told,01000 Landbrug og gartneri-(Tilgang),"10120 Føde-, drikke- og tobaksvareindustri- (Anvendelse)",1970,0.4394273053165684
Import eksklusiv told,01000 Landbrug og gartneri-(Tilgang),"10120 Føde-, drikke- og tobaksvareindustri- (Anvendelse)",1971,0.42163087265190813
Import eksklusiv told,01000 Landbrug og gartneri-(Tilgang),"10120 Føde-, drikke- og tobaksvareindustri- (Anvendelse)",1972,0.4752417607063987
Import eksklusiv told,01000 Landbrug og gartneri-(Tilgang),"10120 Føde-, drikke- og tobaksvareindustri- (Anvendelse)",1973,0.4983414085871676
Import eksklusiv told,01000 Landbrug og gartneri-(Tilgang),"10120 Føde-, drikke- og tobaksvareindustri- (Anvendelse)",1974,0.6720391538556203
Import eksklusiv told,01000 Landbrug og gartneri-(Tilgang),"10120 Føde-, drikke- og tobaksvareindustri- (Anvendelse)",1975,0.6461165069873881
Import eksklusiv told,01000 Landbrug og gartneri-(Tilgang),"10120 Føde-, drikke- og tobaksvareindustri- (Anvendelse)",1976,0.6731498514797346
Import eksklusiv told,01000 Landbrug og gartneri-(Tilgang),"10120 Føde-, drikke- og tobaksvareindustri- (Anvendelse)",1977,0.8357472718919802
Import eksklusiv told,01000 Landbrug og gartneri-(Tilgang),"10120 Føde-, drikke- og tobaksvareindustri- (Anvendelse)",1978,0.720216871147646
Import eksklusiv told,01000 Landbrug og gartneri-(Tilgang),"10120 Føde-, drikke- og tobaksvareindustri- (Anvendelse)",1979,0.7747879866925489
Import eksklusiv told,01000 Landbrug og gartneri-(Tilgang),"10120 Føde-, drikke- og tobaksvareindustri- (Anvendelse)",1980,0.8088303028001838
Import eksklusiv told,01000 Landbrug og gartneri-(Tilgang),"10120 Føde-, drikke- og tobaksvareindustri- (Anvendelse)",1981,0.933338240205857
Import eksklusiv told,01000 Landbrug og gartneri-(Tilgang),"10120 Føde-, drikke- og tobaksvareindustri- (Anvendelse)",1982,1.078541646546701
Import eksklusiv told,01000 Landbrug og gartneri-(Tilgang),"10120 Føde-, drikke- og tobaksvareindustri- (Anvendelse)",1983,1.18866235261768
Import eksklusiv told,01000 Landbrug og gartneri-(Tilgang),"10120 Føde-, drikke- og tobaksvareindustri- (Anvendelse)",1984,1.4503278402530304
Import eksklusiv told,01000 Landbrug og gartneri-(Tilgang),"10120 Føde-, drikke- og tobaksvareindustri- (Anvendelse)",1985,1.31272043613029
Import eksklusiv told,01000 Landbrug og gartneri-(Tilgang),"10120 Føde-, drikke- og tobaksvareindustri- (Anvendelse)",1986,1.142637273887491
Import eksklusiv told,01000 Landbrug og gartneri-(Tilgang),"10120 Føde-, drikke- og tobaksvareindustri- (Anvendelse)",1987,1.0554512046138347
Import eksklusiv told,01000 Landbrug og gartneri-(Tilgang),"10120 Føde-, drikke- og tobaksvareindustri- (Anvendelse)",1988,1.0341125062466685
Import eksklusiv told,01000 Landbrug og gartneri-(Tilgang),"10120 Føde-, drikke- og tobaksvareindustri- (Anvendelse)",1989,1.0815039723960134
Import eksklusiv told,01000 Landbrug og gartneri-(Tilgang),"10120 Føde-, drikke- og tobaksvareindustri- (Anvendelse)",1990,0.941083184141022
Import eksklusiv told,01000 Landbrug og gartneri-(Tilgang),"10120 Føde-, drikke- og tobaksvareindustri- (Anvendelse)",1991,0.9374991331455005
Import eksklusiv told,01000 Landbrug og gartneri-(Tilgang),"10120 Føde-, drikke- og tobaksvareindustri- (Anvendelse)",1992,0.9135280796436619
Import eksklusiv told,01000 Landbrug og gartneri-(Tilgang),"10120 Føde-, drikke- og tobaksvareindustri- (Anvendelse)",1993,0.9212738463668371
Import eksklusiv told,01000 Landbrug og gartneri-(Tilgang),"10120 Føde-, drikke- og tobaksvareindustri- (Anvendelse)",1994,0.901749877912506
Import eksklusiv told,01000 Landbrug og gartneri-(Tilgang),"10120 Føde-, drikke- og tobaksvareindustri- (Anvendelse)",1995,0.8364312761871363
Import eksklusiv told,01000 Landbrug og gartneri-(Tilgang),"10120 Føde-, drikke- og tobaksvareindustri- (Anvendelse)",1996,0.8351548473534931
Import eksklusiv told,01000 Landbrug og gartneri-(Tilgang),"10120 Føde-, drikke- og tobaksvareindustri- (Anvendelse)",1997,0.9391821206491584
Import eksklusiv told,01000 Landbrug og gartneri-(Tilgang),"10120 Føde-, drikke- og tobaksvareindustri- (Anvendelse)",1998,0.9397280162897081
Import eksklusiv told,01000 Landbrug og gartneri-(Tilgang),"10120 Føde-, drikke- og tobaksvareindustri- (Anvendelse)",1999,0.8313545531126303
Import eksklusiv told,01000 Landbrug og gartneri-(Tilgang),"10120 Føde-, drikke- og tobaksvareindustri- (Anvendelse)",2000,0.8637005062502998
Import eksklusiv told,01000 Landbrug og gartneri-(Tilgang),"10120 Føde-, drikke- og tobaksvareindustri- (Anvendelse)",2001,0.891131350486127
Import eksklusiv told,01000 Landbrug og gartneri-(Tilgang),"10120 Føde-, drikke- og tobaksvareindustri- (Anvendelse)",2002,0.8545121200520189
Import eksklusiv told,01000 Landbrug og gartneri-(Tilgang),"10120 Føde-, drikke- og tobaksvareindustri- (Anvendelse)",2003,0.8444136105590857
Import eksklusiv told,01000 Landbrug og gartneri-(Tilgang),"10120 Føde-, drikke- og tobaksvareindustri- (Anvendelse)",2004,0.8289001160167687
Import eksklusiv told,01000 Landbrug og gartneri-(Tilgang),"10120 Føde-, drikke- og tobaksvareindustri- (Anvendelse)",2005,0.7855269786444368
Import eksklusiv told,01000 Landbrug og gartneri-(Tilgang),"10120 Føde-, drikke- og tobaksvareindustri- (Anvendelse)",2006,0.7354127070690859
Import eksklusiv told,01000 Landbrug og gartneri-(Tilgang),"10120 Føde-, drikke- og tobaksvareindustri- (Anvendelse)",2007,0.9262949516469218
Import eksklusiv told,01000 Landbrug og gartneri-(Tilgang),"10120 Føde-, drikke- og tobaksvareindustri- (Anvendelse)",2008,1.1173769022961342
Import eksklusiv told,01000 Landbrug og gartneri-(Tilgang),"10120 Føde-, drikke- og tobaksvareindustri- (Anvendelse)",2009,0.9792880271315595
Import eksklusiv told,01000 Landbrug og gartneri-(Tilgang),"10120 Føde-, drikke- og tobaksvareindustri- (Anvendelse)",2010,0.9809493452470747
Import eksklusiv told,01000 Landbrug og gartneri-(Tilgang),"10120 Føde-, drikke- og tobaksvareindustri- (Anvendelse)",2011,1.0721631042202189
Import eksklusiv told,01000 Landbrug og gartneri-(Tilgang),"10120 Føde-, drikke- og tobaksvareindustri- (Anvendelse)",2012,1.0812695336006009
Import eksklusiv told,01000 Landbrug og gartneri-(Tilgang),"10120 Føde-, drikke- og tobaksvareindustri- (Anvendelse)",2013,1.1029356066861382
Import eksklusiv told,01000 Landbrug og gartneri-(Tilgang),"10120 Føde-, drikke- og tobaksvareindustri- (Anvendelse)",2014,1.0535647473303054
Import eksklusiv told,01000 Landbrug og gartneri-(Tilgang),"10120 Føde-, drikke- og tobaksvareindustri- (Anvendelse)",2015,1.0214132864011833
Import eksklusiv told,01000 Landbrug og gartneri-(Tilgang),"10120 Føde-, drikke- og tobaksvareindustri- (Anvendelse)",2016,0.9876836998673776
Import eksklusiv told,01000 Landbrug og gartneri-(Tilgang),"10120 Føde-, drikke- og tobaksvareindustri- (Anvendelse)",2017,0.9848213234495887
Import eksklusiv told,01000 Landbrug og gartneri-(Tilgang),"10120 Føde-, drikke- og tobaksvareindustri- (Anvendelse)",2018,0.9852340404894919
Import eksklusiv told,01000 Landbrug og gartneri-(Tilgang),"10120 Føde-, drikke- og tobaksvareindustri- (Anvendelse)",2019,1.0153910941263933
Import eksklusiv told,01000 Landbrug og gartneri-(Tilgang),"10120 Føde-, drikke- og tobaksvareindustri- (Anvendelse)",2020,1.0
Import eksklusiv told,01000 Landbrug og gartneri-(Tilgang),"10120 Føde-, drikke- og tobaksvareindustri- (Anvendelse)",2021,1.089070507039082
Import eksklusiv told,01000 Landbrug og gartneri-(Tilgang),"10120 Føde-, drikke- og tobaksvareindustri- (Anvendelse)",2022,1.3950182517423555
Import eksklusiv told,01000 Landbrug og gartneri-(Tilgang),"Anvendelse, i alt-(Anvendelse)",1967,0.34085736517482695
Import eksklusiv told,01000 Landbrug og gartneri-(Tilgang),"Anvendelse, i alt-(Anvendelse)",1968,0.3500580015585083
Import eksklusiv told,01000 Landbrug og gartneri-(Tilgang),"Anvendelse, i alt-(Anvendelse)",1969,0.3608729130905764
Import eksklusiv told,01000 Landbrug og gartneri-(Tilgang),"Anvendelse, i alt-(Anvendelse)",1970,0.38096980084808413
Import eksklusiv told,01000 Landbrug og gartneri-(Tilgang),"Anvendelse, i alt-(Anvendelse)",1971,0.37935108003179707
Import eksklusiv told,01000 Landbrug og gartneri-(Tilgang),"Anvendelse, i alt-(Anvendelse)",1972,0.4187902164883756
Import eksklusiv told,01000 Landbrug og gartneri-(Tilgang),"Anvendelse, i alt-(Anvendelse)",1973,0.4429067210140608
Import eksklusiv told,01000 Landbrug og gartneri-(Tilgang),"Anvendelse, i alt-(Anvendelse)",1974,0.5185165464119807
Import eksklusiv told,01000 Landbrug og gartneri-(Tilgang),"Anvendelse, i alt-(Anvendelse)",1975,0.5288328029842407
Import eksklusiv told,01000 Landbrug og gartneri-(Tilgang),"Anvendelse, i alt-(Anvendelse)",1976,0.6709348554648674
Import eksklusiv told,01000 Landbrug og gartneri-(Tilgang),"Anvendelse, i alt-(Anvendelse)",1977,0.8459760794530248
Import eksklusiv told,01000 Landbrug og gartneri-(Tilgang),"Anvendelse, i alt-(Anvendelse)",1978,0.771553234178654
Import eksklusiv told,01000 Landbrug og gartneri-(Tilgang),"Anvendelse, i alt-(Anvendelse)",1979,0.8297493895767568
Import eksklusiv told,01000 Landbrug og gartneri-(Tilgang),"Anvendelse, i alt-(Anvendelse)",1980,0.9255872241005749
Import eksklusiv told,01000 Landbrug og gartneri-(Tilgang),"Anvendelse, i alt-(Anvendelse)",1981,0.9726332343272559
Import eksklusiv told,01000 Landbrug og gartneri-(Tilgang),"Anvendelse, i alt-(Anvendelse)",1982,1.0966113573515048
Import eksklusiv told,01000 Landbrug og gartneri-(Tilgang),"Anvendelse, i alt-(Anvendelse)",1983,1.1000118686321758
Import eksklusiv told,01000 Landbrug og gartneri-(Tilgang),"Anvendelse, i alt-(Anvendelse)",1984,1.2970309009839869
Import eksklusiv told,01000 Landbrug og gartneri-(Tilgang),"Anvendelse, i alt-(Anvendelse)",1985,1.292299140993374
Import eksklusiv told,01000 Landbrug og gartneri-(Tilgang),"Anvendelse, i alt-(Anvendelse)",1986,1.2590713863813647
Import eksklusiv told,01000 Landbrug og gartneri-(Tilgang),"Anvendelse, i alt-(Anvendelse)",1987,1.0928940589808622
Import eksklusiv told,01000 Landbrug og gartneri-(Tilgang),"Anvendelse, i alt-(Anvendelse)",1988,1.0797432754161438
Import eksklusiv told,01000 Landbrug og gartneri-(Tilgang),"Anvendelse, i alt-(Anvendelse)",1989,1.0824035879425478
Import eksklusiv told,01000 Landbrug og gartneri-(Tilgang),"Anvendelse, i alt-(Anvendelse)",1990,0.9796827699496793
Import eksklusiv told,01000 Landbrug og gartneri-(Tilgang),"Anvendelse, i alt-(Anvendelse)",1991,1.0153872102728365
Import eksklusiv told,01000 Landbrug og gartneri-(Tilgang),"Anvendelse, i alt-(Anvendelse)",1992,0.945880408761575
Import eksklusiv told,01000 Landbrug og gartneri-(Tilgang),"Anvendelse, i alt-(Anvendelse)",1993,0.9415949224788038
Import eksklusiv told,01000 Landbrug og gartneri-(Tilgang),"Anvendelse, i alt-(Anvendelse)",1994,1.0229888390859951
Import eksklusiv told,01000 Landbrug og gartneri-(Tilgang),"Anvendelse, i alt-(Anvendelse)",1995,1.043603391702102
Import eksklusiv told,01000 Landbrug og gartneri-(Tilgang),"Anvendelse, i alt-(Anvendelse)",1996,1.0242997488570735
Import eksklusiv told,01000 Landbrug og gartneri-(Tilgang),"Anvendelse, i alt-(Anvendelse)",1997,1.1068649709347553
Import eksklusiv told,01000 Landbrug og gartneri-(Tilgang),"Anvendelse, i alt-(Anvendelse)",1998,1.0620259697226893
Import eksklusiv told,01000 Landbrug og gartneri-(Tilgang),"Anvendelse, i alt-(Anvendelse)",1999,0.9622745699739791
Import eksklusiv told,01000 Landbrug og gartneri-(Tilgang),"Anvendelse, i alt-(Anvendelse)",2000,1.0069856499860452
Import eksklusiv told,01000 Landbrug og gartneri-(Tilgang),"Anvendelse, i alt-(Anvendelse)",2001,1.0383091547560088
Import eksklusiv told,01000 Landbrug og gartneri-(Tilgang),"Anvendelse, i alt-(Anvendelse)",2002,1.0138308110193583
Import eksklusiv told,01000 Landbrug og gartneri-(Tilgang),"Anvendelse, i alt-(Anvendelse)",2003,1.0017648117736528
Import eksklusiv told,01000 Landbrug og gartneri-(Tilgang),"Anvendelse, i alt-(Anvendelse)",2004,0.9735496802564291
Import eksklusiv told,01000 Landbrug og gartneri-(Tilgang),"Anvendelse, i alt-(Anvendelse)",2005,0.9772727990174015
Import eksklusiv told,01000 Landbrug og gartneri-(Tilgang),"Anvendelse, i alt-(Anvendelse)",2006,0.9553498775687144
Import eksklusiv told,01000 Landbrug og gartneri-(Tilgang),"Anvendelse, i alt-(Anvendelse)",2007,1.0450103053247237
Import eksklusiv told,01000 Landbrug og gartneri-(Tilgang),"Anvendelse, i alt-(Anvendelse)",2008,1.160750783144165
Import eksklusiv told,01000 Landbrug og gartneri-(Tilgang),"Anvendelse, i alt-(Anvendelse)",2009,1.0688426715569321
Import eksklusiv told,01000 Landbrug og gartneri-(Tilgang),"Anvendelse, i alt-(Anvendelse)",2010,1.1250306241528956
Import eksklusiv told,01000 Landbrug og gartneri-(Tilgang),"Anvendelse, i alt-(Anvendelse)",2011,1.2305714800977265
Import eksklusiv told,01000 Landbrug og gartneri-(Tilgang),"Anvendelse, i alt-(Anvendelse)",2012,1.263053449309756
Import eksklusiv told,01000 Landbrug og gartneri-(Tilgang),"Anvendelse, i alt-(Anvendelse)",2013,1.2657390668508588
Import eksklusiv told,01000 Landbrug og gartneri-(Tilgang),"Anvendelse, i alt-(Anvendelse)",2014,1.1226442759232356
Import eksklusiv told,01000 Landbrug og gartneri-(Tilgang),"Anvendelse, i alt-(Anvendelse)",2015,1.1473410603004828
Import eksklusiv told,01000 Landbrug og gartneri-(Tilgang),"Anvendelse, i alt-(Anvendelse)",2016,1.0253399201299198
Import eksklusiv told,01000 Landbrug og gartneri-(Tilgang),"Anvendelse, i alt-(Anvendelse)",2017,1.0352277802897265
Import eksklusiv told,01000 Landbrug og gartneri-(Tilgang),"Anvendelse, i alt-(Anvendelse)",2018,0.9680472068390151
Import eksklusiv told,01000 Landbrug og gartneri-(Tilgang),"Anvendelse, i alt-(Anvendelse)",2019,0.9846064093966681
Import eksklusiv told,01000 Landbrug og gartneri-(Tilgang),"Anvendelse, i alt-(Anvendelse)",2020,1.0
Import eksklusiv told,01000 Landbrug og gartneri-(Tilgang),"Anvendelse, i alt-(Anvendelse)",2021,1.0718610907762949
Import eksklusiv told,01000 Landbrug og gartneri-(Tilgang),"Anvendelse, i alt-(Anvendelse)",2022,1.2190117329188295
Import eksklusiv told,01000 Landbrug og gartneri-(Tilgang),Eksport - (Anvendelse),1967,0.18261784976580583
Import eksklusiv told,01000 Landbrug og gartneri-(Tilgang),Eksport - (Anvendelse),1968,0.2395563854546597
Import eksklusiv told,01000 Landbrug og gartneri-(Tilgang),Eksport - (Anvendelse),1969,0.24764703871180246
Import eksklusiv told,01000 Landbrug og gartneri-(Tilgang),Eksport - (Anvendelse),1970,0.19861092385867396
Import eksklusiv told,01000 Landbrug og gartneri-(Tilgang),Eksport - (Anvendelse),1971,0.25016216296109933
Import eksklusiv told,01000 Landbrug og gartneri-(Tilgang),Eksport - (Anvendelse),1972,0.3129556482544188
Import eksklusiv told,01000 Landbrug og gartneri-(Tilgang),Eksport - (Anvendelse),1973,0.28783259097864505
Import eksklusiv told,01000 Landbrug og gartneri-(Tilgang),Eksport - (Anvendelse),1974,0.2744545007078227
Import eksklusiv told,01000 Landbrug og gartneri-(Tilgang),Eksport - (Anvendelse),1975,0.37258302823189077
Import eksklusiv told,01000 Landbrug og gartneri-(Tilgang),Eksport - (Anvendelse),1976,0.45797720501619904
Import eksklusiv told,01000 Landbrug og gartneri-(Tilgang),Eksport - (Anvendelse),1977,0.5205751751606751
Import eksklusiv told,01000 Landbrug og gartneri-(Tilgang),Eksport - (Anvendelse),1978,0.5260788171980326
Import eksklusiv told,01000 Landbrug og gartneri-(Tilgang),Eksport - (Anvendelse),1979,0.6217567936730218
Import eksklusiv told,01000 Landbrug og gartneri-(Tilgang),Eksport - (Anvendelse),1980,0.7559992822847371
Import eksklusiv told,01000 Landbrug og gartneri-(Tilgang),Eksport - (Anvendelse),1981,0.8062703479790196
Import eksklusiv told,01000 Landbrug og gartneri-(Tilgang),Eksport - (Anvendelse),1982,0.86098873671449
Import eksklusiv told,01000 Landbrug og gartneri-(Tilgang),Eksport - (Anvendelse),1983,0.7512329455969847
Import eksklusiv told,01000 Landbrug og gartneri-(Tilgang),Eksport - (Anvendelse),1984,0.8914058699881418
Import eksklusiv told,01000 Landbrug og gartneri-(Tilgang),Eksport - (Anvendelse),1985,0.9982487337156016
Import eksklusiv told,01000 Landbrug og gartneri-(Tilgang),Eksport - (Anvendelse),1986,0.9399865675382337
Import eksklusiv told,01000 Landbrug og gartneri-(Tilgang),Eksport - (Anvendelse),1987,0.85606761560402
Import eksklusiv told,01000 Landbrug og gartneri-(Tilgang),Eksport - (Anvendelse),1988,0.8665081940393387
Import eksklusiv told,01000 Landbrug og gartneri-(Tilgang),Eksport - (Anvendelse),1989,0.7927169734977086
Import eksklusiv told,01000 Landbrug og gartneri-(Tilgang),Eksport - (Anvendelse),1990,0.8368793682604493
Import eksklusiv told,01000 Landbrug og gartneri-(Tilgang),Eksport - (Anvendelse),1991,1.0542676484784275
Import eksklusiv told,01000 Landbrug og gartneri-(Tilgang),Eksport - (Anvendelse),1992,0.9211735531367232
Import eksklusiv told,01000 Landbrug og gartneri-(Tilgang),Eksport - (Anvendelse),1993,0.9294769089629973
Import eksklusiv told,01000 Landbrug og gartneri-(Tilgang),Eksport - (Anvendelse),1994,1.1711407070752706
Import eksklusiv told,01000 Landbrug og gartneri-(Tilgang),Eksport - (Anvendelse),1995,1.291617230880427
Import eksklusiv told,01000 Landbrug og gartneri-(Tilgang),Eksport - (Anvendelse),1996,1.2667808969721548
Import eksklusiv told,01000 Landbrug og gartneri-(Tilgang),Eksport - (Anvendelse),1997,1.466351987075313
Import eksklusiv told,01000 Landbrug og gartneri-(Tilgang),Eksport - (Anvendelse),1998,1.3409346023880264
Import eksklusiv told,01000 Landbrug og gartneri-(Tilgang),Eksport - (Anvendelse),1999,1.102833707669164
Import eksklusiv told,01000 Landbrug og gartneri-(Tilgang),Eksport - (Anvendelse),2000,1.2717095893922157
Import eksklusiv told,01000 Landbrug og gartneri-(Tilgang),Eksport - (Anvendelse),2001,1.3346811965652399
Import eksklusiv told,01000 Landbrug og gartneri-(Tilgang),Eksport - (Anvendelse),2002,1.3275771273636496
Import eksklusiv told,01000 Landbrug og gartneri-(Tilgang),Eksport - (Anvendelse),2003,1.3495200605330586
Import eksklusiv told,01000 Landbrug og gartneri-(Tilgang),Eksport - (Anvendelse),2004,1.25058734707459
Import eksklusiv told,01000 Landbrug og gartneri-(Tilgang),Eksport - (Anvendelse),2005,1.2838776899344222
Import eksklusiv told,01000 Landbrug og gartneri-(Tilgang),Eksport - (Anvendelse),2006,1.484641015540839
Import eksklusiv told,01000 Landbrug og gartneri-(Tilgang),Eksport - (Anvendelse),2007,1.4279412492603656
Import eksklusiv told,01000 Landbrug og gartneri-(Tilgang),Eksport - (Anvendelse),2008,1.4171014532596324
Import eksklusiv told,01000 Landbrug og gartneri-(Tilgang),Eksport - (Anvendelse),2009,1.3811278968496834
Import eksklusiv told,01000 Landbrug og gartneri-(Tilgang),Eksport - (Anvendelse),2010,1.6126210153635836
Import eksklusiv told,01000 Landbrug og gartneri-(Tilgang),Eksport - (Anvendelse),2011,1.8596098558893028
Import eksklusiv told,01000 Landbrug og gartneri-(Tilgang),Eksport - (Anvendelse),2012,2.024895916004265
Import eksklusiv told,01000 Landbrug og gartneri-(Tilgang),Eksport - (Anvendelse),2013,2.0184387525102108
Import eksklusiv told,01000 Landbrug og gartneri-(Tilgang),Eksport - (Anvendelse),2014,1.5513401447120274
Import eksklusiv told,01000 Landbrug og gartneri-(Tilgang),Eksport - (Anvendelse),2015,1.7007319773128475
Import eksklusiv told,01000 Landbrug og gartneri-(Tilgang),Eksport - (Anvendelse),2016,1.2386894129415866
Import eksklusiv told,01000 Landbrug og gartneri-(Tilgang),Eksport - (Anvendelse),2017,1.3075519877038568
Import eksklusiv told,01000 Landbrug og gartneri-(Tilgang),Eksport - (Anvendelse),2018,0.9954659543776269
Import eksklusiv told,01000 Landbrug og gartneri-(Tilgang),Eksport - (Anvendelse),2019,1.010632603441813
Import eksklusiv told,01000 Landbrug og gartneri-(Tilgang),Eksport - (Anvendelse),2020,1.0
Import eksklusiv told,01000 Landbrug og gartneri-(Tilgang),Eksport - (Anvendelse),2021,1.192858767006875
Import eksklusiv told,01000 Landbrug og gartneri-(Tilgang),Eksport - (Anvendelse),2022,1.317094187893913
Import eksklusiv told,01000 Landbrug og gartneri-(Tilgang),Faste bruttoinvesteringer + Lagerforøgelse + Værdigenstande (Anvendelse),1967,0.16164798257220206
Import eksklusiv told,01000 Landbrug og gartneri-(Tilgang),Faste bruttoinvesteringer + Lagerforøgelse + Værdigenstande (Anvendelse),1968,0.18170046978782137
Import eksklusiv told,01000 Landbrug og gartneri-(Tilgang),Faste bruttoinvesteringer + Lagerforøgelse + Værdigenstande (Anvendelse),1969,0.18969170064142254
Import eksklusiv told,01000 Landbrug og gartneri-(Tilgang),Faste bruttoinvesteringer + Lagerforøgelse + Værdigenstande (Anvendelse),1970,0.10735530356991786
Import eksklusiv told,01000 Landbrug og gartneri-(Tilgang),Faste bruttoinvesteringer + Lagerforøgelse + Værdigenstande (Anvendelse),1971,0.18183494970326583
Import eksklusiv told,01000 Landbrug og gartneri-(Tilgang),Faste bruttoinvesteringer + Lagerforøgelse + Værdigenstande (Anvendelse),1972,0.23847974323476862
Import eksklusiv told,01000 Landbrug og gartneri-(Tilgang),Faste bruttoinvesteringer + Lagerforøgelse + Værdigenstande (Anvendelse),1973,0.1695469458986762
Import eksklusiv told,01000 Landbrug og gartneri-(Tilgang),Faste bruttoinvesteringer + Lagerforøgelse + Værdigenstande (Anvendelse),1974,0.15493725852589293
Import eksklusiv told,01000 Landbrug og gartneri-(Tilgang),Faste bruttoinvesteringer + Lagerforøgelse + Værdigenstande (Anvendelse),1975,0.2569317966265661
Import eksklusiv told,01000 Landbrug og gartneri-(Tilgang),Faste bruttoinvesteringer + Lagerforøgelse + Værdigenstande (Anvendelse),1976,0.18422188924173413
Import eksklusiv told,01000 Landbrug og gartneri-(Tilgang),Faste bruttoinvesteringer + Lagerforøgelse + Værdigenstande (Anvendelse),1977,0.28550872856793513
Import eksklusiv told,01000 Landbrug og gartneri-(Tilgang),Faste bruttoinvesteringer + Lagerforøgelse + Værdigenstande (Anvendelse),1978,0.38325154554419294
Import eksklusiv told,01000 Landbrug og gartneri-(Tilgang),Faste bruttoinvesteringer + Lagerforøgelse + Værdigenstande (Anvendelse),1979,0.4044214265599402
Import eksklusiv told,01000 Landbrug og gartneri-(Tilgang),Faste bruttoinvesteringer + Lagerforøgelse + Værdigenstande (Anvendelse),1980,0.36921332348638947
Import eksklusiv told,01000 Landbrug og gartneri-(Tilgang),Faste bruttoinvesteringer + Lagerforøgelse + Værdigenstande (Anvendelse),1981,0.3298303344539212
Import eksklusiv told,01000 Landbrug og gartneri-(Tilgang),Faste bruttoinvesteringer + Lagerforøgelse + Værdigenstande (Anvendelse),1982,0.32524200081301
Import eksklusiv told,01000 Landbrug og gartneri-(Tilgang),Faste bruttoinvesteringer + Lagerforøgelse + Værdigenstande (Anvendelse),1983,0.2820956548159358
Import eksklusiv told,01000 Landbrug og gartneri-(Tilgang),Faste bruttoinvesteringer + Lagerforøgelse + Værdigenstande (Anvendelse),1984,0.4011988017838185
Import eksklusiv told,01000 Landbrug og gartneri-(Tilgang),Faste bruttoinvesteringer + Lagerforøgelse + Værdigenstande (Anvendelse),1985,0.538547527904624
Import eksklusiv told,01000 Landbrug og gartneri-(Tilgang),Faste bruttoinvesteringer + Lagerforøgelse + Værdigenstande (Anvendelse),1986,0.5942313330548765
Import eksklusiv told,01000 Landbrug og gartneri-(Tilgang),Faste bruttoinvesteringer + Lagerforøgelse + Værdigenstande (Anvendelse),1987,0.46604839693276634
Import eksklusiv told,01000 Landbrug og gartneri-(Tilgang),Faste bruttoinvesteringer + Lagerforøgelse + Værdigenstande (Anvendelse),1988,0.3648634219205777
Import eksklusiv told,01000 Landbrug og gartneri-(Tilgang),Faste bruttoinvesteringer + Lagerforøgelse + Værdigenstande (Anvendelse),1989,0.39586367437646813
Import eksklusiv told,01000 Landbrug og gartneri-(Tilgang),Faste bruttoinvesteringer + Lagerforøgelse + Værdigenstande (Anvendelse),1990,0.29491462771708027
Import eksklusiv told,01000 Landbrug og gartneri-(Tilgang),Faste bruttoinvesteringer + Lagerforøgelse + Værdigenstande (Anvendelse),1991,0.29203859536196086
Import eksklusiv told,01000 Landbrug og gartneri-(Tilgang),Faste bruttoinvesteringer + Lagerforøgelse + Værdigenstande (Anvendelse),1992,0.4258010471823659
Import eksklusiv told,01000 Landbrug og gartneri-(Tilgang),Faste bruttoinvesteringer + Lagerforøgelse + Værdigenstande (Anvendelse),1993,0.39509874318197885
Import eksklusiv told,01000 Landbrug og gartneri-(Tilgang),Faste bruttoinvesteringer + Lagerforøgelse + Værdigenstande (Anvendelse),1994,0.475891987208917
Import eksklusiv told,01000 Landbrug og gartneri-(Tilgang),Faste bruttoinvesteringer + Lagerforøgelse + Værdigenstande (Anvendelse),1995,0.7429408156959452
Import eksklusiv told,01000 Landbrug og gartneri-(Tilgang),Faste bruttoinvesteringer + Lagerforøgelse + Værdigenstande (Anvendelse),1996,1.6329436014967158
Import eksklusiv told,01000 Landbrug og gartneri-(Tilgang),Faste bruttoinvesteringer + Lagerforøgelse + Værdigenstande (Anvendelse),1997,1.971561756732656
Import eksklusiv told,01000 Landbrug og gartneri-(Tilgang),Faste bruttoinvesteringer + Lagerforøgelse + Værdigenstande (Anvendelse),1998,1.9013592167639335
Import eksklusiv told,01000 Landbrug og gartneri-(Tilgang),Faste bruttoinvesteringer + Lagerforøgelse + Værdigenstande (Anvendelse),1999,1.7416543050064675
Import eksklusiv told,01000 Landbrug og gartneri-(Tilgang),Faste bruttoinvesteringer + Lagerforøgelse + Værdigenstande (Anvendelse),2000,2.1126978944682815
Import eksklusiv told,01000 Landbrug og gartneri-(Tilgang),Faste bruttoinvesteringer + Lagerforøgelse + Værdigenstande (Anvendelse),2001,1.7492438868642624
Import eksklusiv told,01000 Landbrug og gartneri-(Tilgang),Faste bruttoinvesteringer + Lagerforøgelse + Værdigenstande (Anvendelse),2002,0.33165051817066704
Import eksklusiv told,01000 Landbrug og gartneri-(Tilgang),Faste bruttoinvesteringer + Lagerforøgelse + Værdigenstande (Anvendelse),2003,0.3567513477894761
Import eksklusiv told,01000 Landbrug og gartneri-(Tilgang),Faste bruttoinvesteringer + Lagerforøgelse + Værdigenstande (Anvendelse),2004,0.5060147047737035
Import eksklusiv told,01000 Landbrug og gartneri-(Tilgang),Faste bruttoinvesteringer + Lagerforøgelse + Værdigenstande (Anvendelse),2005,0.6448003045013002
Import eksklusiv told,01000 Landbrug og gartneri-(Tilgang),Faste bruttoinvesteringer + Lagerforøgelse + Værdigenstande (Anvendelse),2006,0.34119090861758355
Import eksklusiv told,01000 Landbrug og gartneri-(Tilgang),Faste bruttoinvesteringer + Lagerforøgelse + Værdigenstande (Anvendelse),2007,0.34062180357114574
Import eksklusiv told,01000 Landbrug og gartneri-(Tilgang),Faste bruttoinvesteringer + Lagerforøgelse + Værdigenstande (Anvendelse),2008,0.4532328464157371
Import eksklusiv told,01000 Landbrug og gartneri-(Tilgang),Faste bruttoinvesteringer + Lagerforøgelse + Værdigenstande (Anvendelse),2009,0.5592968040241457
Import eksklusiv told,01000 Landbrug og gartneri-(Tilgang),Faste bruttoinvesteringer + Lagerforøgelse + Værdigenstande (Anvendelse),2010,0.8751081583164264
Import eksklusiv told,01000 Landbrug og gartneri-(Tilgang),Faste bruttoinvesteringer + Lagerforøgelse + Værdigenstande (Anvendelse),2011,0.9726039141938708
Import eksklusiv told,01000 Landbrug og gartneri-(Tilgang),Faste bruttoinvesteringer + Lagerforøgelse + Værdigenstande (Anvendelse),2012,1.143108662095936
Import eksklusiv told,01000 Landbrug og gartneri-(Tilgang),Faste bruttoinvesteringer + Lagerforøgelse + Værdigenstande (Anvendelse),2013,1.1309824289683807
Import eksklusiv told,01000 Landbrug og gartneri-(Tilgang),Faste bruttoinvesteringer + Lagerforøgelse + Værdigenstande (Anvendelse),2014,1.1318537808183493
Import eksklusiv told,01000 Landbrug og gartneri-(Tilgang),Faste bruttoinvesteringer + Lagerforøgelse + Værdigenstande (Anvendelse),2015,1.2535504524023497
Import eksklusiv told,01000 Landbrug og gartneri-(Tilgang),Faste bruttoinvesteringer + Lagerforøgelse + Værdigenstande (Anvendelse),2016,0.763491391898248
Import eksklusiv told,01000 Landbrug og gartneri-(Tilgang),Faste bruttoinvesteringer + Lagerforøgelse + Værdigenstande (Anvendelse),2017,0.8324673851495283
Import eksklusiv told,01000 Landbrug og gartneri-(Tilgang),Faste bruttoinvesteringer + Lagerforøgelse + Værdigenstande (Anvendelse),2018,1.0514945496938304
Import eksklusiv told,01000 Landbrug og gartneri-(Tilgang),Faste bruttoinvesteringer + Lagerforøgelse + Værdigenstande (Anvendelse),2019,1.0512758145938506
Import eksklusiv told,01000 Landbrug og gartneri-(Tilgang),Faste bruttoinvesteringer + Lagerforøgelse + Værdigenstande (Anvendelse),2020,1.0
Import eksklusiv told,01000 Landbrug og gartneri-(Tilgang),Faste bruttoinvesteringer + Lagerforøgelse + Værdigenstande (Anvendelse),2021,1.3677945134126226
Import eksklusiv told,01000 Landbrug og gartneri-(Tilgang),Faste bruttoinvesteringer + Lagerforøgelse + Værdigenstande (Anvendelse),2022,1.426758320062912
Import eksklusiv told,01000 Landbrug og gartneri-(Tilgang),Husholdningernes forbrugsudgifter + NPISH (Anvendelse),1967,0.3932731892867364
Import eksklusiv told,01000 Landbrug og gartneri-(Tilgang),Husholdningernes forbrugsudgifter + NPISH (Anvendelse),1968,0.3967315229145388
Import eksklusiv told,01000 Landbrug og gartneri-(Tilgang),Husholdningernes forbrugsudgifter + NPISH (Anvendelse),1969,0.4115771034983276
Import eksklusiv told,01000 Landbrug og gartneri-(Tilgang),Husholdningernes forbrugsudgifter + NPISH (Anvendelse),1970,0.4913343087805494
Import eksklusiv told,01000 Landbrug og gartneri-(Tilgang),Husholdningernes forbrugsudgifter + NPISH (Anvendelse),1971,0.4582820933939673
Import eksklusiv told,01000 Landbrug og gartneri-(Tilgang),Husholdningernes forbrugsudgifter + NPISH (Anvendelse),1972,0.4703164130117828
Import eksklusiv told,01000 Landbrug og gartneri-(Tilgang),Husholdningernes forbrugsudgifter + NPISH (Anvendelse),1973,0.46779883649171
Import eksklusiv told,01000 Landbrug og gartneri-(Tilgang),Husholdningernes forbrugsudgifter + NPISH (Anvendelse),1974,0.5083481366912792
Import eksklusiv told,01000 Landbrug og gartneri-(Tilgang),Husholdningernes forbrugsudgifter + NPISH (Anvendelse),1975,0.48282571666286583
Import eksklusiv told,01000 Landbrug og gartneri-(Tilgang),Husholdningernes forbrugsudgifter + NPISH (Anvendelse),1976,0.7246478820614725
Import eksklusiv told,01000 Landbrug og gartneri-(Tilgang),Husholdningernes forbrugsudgifter + NPISH (Anvendelse),1977,1.0363474092575902
Import eksklusiv told,01000 Landbrug og gartneri-(Tilgang),Husholdningernes forbrugsudgifter + NPISH (Anvendelse),1978,0.8550305500274451
Import eksklusiv told,01000 Landbrug og gartneri-(Tilgang),Husholdningernes forbrugsudgifter + NPISH (Anvendelse),1979,0.8613645742748797
Import eksklusiv told,01000 Landbrug og gartneri-(Tilgang),Husholdningernes forbrugsudgifter + NPISH (Anvendelse),1980,0.9486540714175147
Import eksklusiv told,01000 Landbrug og gartneri-(Tilgang),Husholdningernes forbrugsudgifter + NPISH (Anvendelse),1981,0.9082769105267398
Import eksklusiv told,01000 Landbrug og gartneri-(Tilgang),Husholdningernes forbrugsudgifter + NPISH (Anvendelse),1982,1.0666798249298133
Import eksklusiv told,01000 Landbrug og gartneri-(Tilgang),Husholdningernes forbrugsudgifter + NPISH (Anvendelse),1983,1.1462484221909859
Import eksklusiv told,01000 Landbrug og gartneri-(Tilgang),Husholdningernes forbrugsudgifter + NPISH (Anvendelse),1984,1.338273569594837
Import eksklusiv told,01000 Landbrug og gartneri-(Tilgang),Husholdningernes forbrugsudgifter + NPISH (Anvendelse),1985,1.3130810320878883
Import eksklusiv told,01000 Landbrug og gartneri-(Tilgang),Husholdningernes forbrugsudgifter + NPISH (Anvendelse),1986,1.4160869325436864
Import eksklusiv told,01000 Landbrug og gartneri-(Tilgang),Husholdningernes forbrugsudgifter + NPISH (Anvendelse),1987,1.1062978114417454
Import eksklusiv told,01000 Landbrug og gartneri-(Tilgang),Husholdningernes forbrugsudgifter + NPISH (Anvendelse),1988,1.0742224083370873
Import eksklusiv told,01000 Landbrug og gartneri-(Tilgang),Husholdningernes forbrugsudgifter + NPISH (Anvendelse),1989,1.0938924161842036
Import eksklusiv told,01000 Landbrug og gartneri-(Tilgang),Husholdningernes forbrugsudgifter + NPISH (Anvendelse),1990,1.0455501399415683
Import eksklusiv told,01000 Landbrug og gartneri-(Tilgang),Husholdningernes forbrugsudgifter + NPISH (Anvendelse),1991,1.0693858714002173
Import eksklusiv told,01000 Landbrug og gartneri-(Tilgang),Husholdningernes forbrugsudgifter + NPISH (Anvendelse),1992,0.9753428245162381
Import eksklusiv told,01000 Landbrug og gartneri-(Tilgang),Husholdningernes forbrugsudgifter + NPISH (Anvendelse),1993,0.9405152412994362
Import eksklusiv told,01000 Landbrug og gartneri-(Tilgang),Husholdningernes forbrugsudgifter + NPISH (Anvendelse),1994,1.0117325477075616
Import eksklusiv told,01000 Landbrug og gartneri-(Tilgang),Husholdningernes forbrugsudgifter + NPISH (Anvendelse),1995,1.0082901639284607
Import eksklusiv told,01000 Landbrug og gartneri-(Tilgang),Husholdningernes forbrugsudgifter + NPISH (Anvendelse),1996,1.0058540710471022
Import eksklusiv told,01000 Landbrug og gartneri-(Tilgang),Husholdningernes forbrugsudgifter + NPISH (Anvendelse),1997,1.0145003423987307
Import eksklusiv told,01000 Landbrug og gartneri-(Tilgang),Husholdningernes forbrugsudgifter + NPISH (Anvendelse),1998,1.0065650338854424
Import eksklusiv told,01000 Landbrug og gartneri-(Tilgang),Husholdningernes forbrugsudgifter + NPISH (Anvendelse),1999,0.9463847924787955
Import eksklusiv told,01000 Landbrug og gartneri-(Tilgang),Husholdningernes forbrugsudgifter + NPISH (Anvendelse),2000,0.9680234813724754
Import eksklusiv told,01000 Landbrug og gartneri-(Tilgang),Husholdningernes forbrugsudgifter + NPISH (Anvendelse),2001,1.0168737959259306
Import eksklusiv told,01000 Landbrug og gartneri-(Tilgang),Husholdningernes forbrugsudgifter + NPISH (Anvendelse),2002,1.0229301264094373
Import eksklusiv told,01000 Landbrug og gartneri-(Tilgang),Husholdningernes forbrugsudgifter + NPISH (Anvendelse),2003,0.9905620229103791
Import eksklusiv told,01000 Landbrug og gartneri-(Tilgang),Husholdningernes forbrugsudgifter + NPISH (Anvendelse),2004,0.954866642242881
Import eksklusiv told,01000 Landbrug og gartneri-(Tilgang),Husholdningernes forbrugsudgifter + NPISH (Anvendelse),2005,0.906030286248204
Import eksklusiv told,01000 Landbrug og gartneri-(Tilgang),Husholdningernes forbrugsudgifter + NPISH (Anvendelse),2006,0.8845305317304328
Import eksklusiv told,01000 Landbrug og gartneri-(Tilgang),Husholdningernes forbrugsudgifter + NPISH (Anvendelse),2007,0.8756116592526431
Import eksklusiv told,01000 Landbrug og gartneri-(Tilgang),Husholdningernes forbrugsudgifter + NPISH (Anvendelse),2008,0.9235777989342854
Import eksklusiv told,01000 Landbrug og gartneri-(Tilgang),Husholdningernes forbrugsudgifter + NPISH (Anvendelse),2009,0.9107099722104912
Import eksklusiv told,01000 Landbrug og gartneri-(Tilgang),Husholdningernes forbrugsudgifter + NPISH (Anvendelse),2010,0.9414290805127953
Import eksklusiv told,01000 Landbrug og gartneri-(Tilgang),Husholdningernes forbrugsudgifter + NPISH (Anvendelse),2011,0.9933384498191058
Import eksklusiv told,01000 Landbrug og gartneri-(Tilgang),Husholdningernes forbrugsudgifter + NPISH (Anvendelse),2012,0.9926063600777195
Import eksklusiv told,01000 Landbrug og gartneri-(Tilgang),Husholdningernes forbrugsudgifter + NPISH (Anvendelse),2013,0.9887931871424281
Import eksklusiv told,01000 Landbrug og gartneri-(Tilgang),Husholdningernes forbrugsudgifter + NPISH (Anvendelse),2014,0.9571673315010579
Import eksklusiv told,01000 Landbrug og gartneri-(Tilgang),Husholdningernes forbrugsudgifter + NPISH (Anvendelse),2015,0.9502377429283654
Import eksklusiv told,01000 Landbrug og gartneri-(Tilgang),Husholdningernes forbrugsudgifter + NPISH (Anvendelse),2016,0.9485268639605969
Import eksklusiv told,01000 Landbrug og gartneri-(Tilgang),Husholdningernes forbrugsudgifter + NPISH (Anvendelse),2017,0.9328951643414418
Import eksklusiv told,01000 Landbrug og gartneri-(Tilgang),Husholdningernes forbrugsudgifter + NPISH (Anvendelse),2018,0.9433235967634809
Import eksklusiv told,01000 Landbrug og gartneri-(Tilgang),Husholdningernes forbrugsudgifter + NPISH (Anvendelse),2019,0.9608535157107227
Import eksklusiv told,01000 Landbrug og gartneri-(Tilgang),Husholdningernes forbrugsudgifter + NPISH (Anvendelse),2020,1.0
Import eksklusiv told,01000 Landbrug og gartneri-(Tilgang),Husholdningernes forbrugsudgifter + NPISH (Anvendelse),2021,1.038874347650932
Import eksklusiv told,01000 Landbrug og gartneri-(Tilgang),Husholdningernes forbrugsudgifter + NPISH (Anvendelse),2022,1.1416153777724252
Import eksklusiv told,01000 Landbrug og gartneri-(Tilgang),"Offentligt forbrug, i alt-(Anvendelse)",1967,11.307034612408444
Import eksklusiv told,01000 Landbrug og gartneri-(Tilgang),"Offentligt forbrug, i alt-(Anvendelse)",1968,7.538023074938963
Import eksklusiv told,01000 Landbrug og gartneri-(Tilgang),"Offentligt forbrug, i alt-(Anvendelse)",1969,5.276616152457274
Import eksklusiv told,01000 Landbrug og gartneri-(Tilgang),"Offentligt forbrug, i alt-(Anvendelse)",1970,3.588098983670947
Import eksklusiv told,01000 Landbrug og gartneri-(Tilgang),"Offentligt forbrug, i alt-(Anvendelse)",1971,2.760076141285344
Import eksklusiv told,01000 Landbrug og gartneri-(Tilgang),"Offentligt forbrug, i alt-(Anvendelse)",1972,3.526763958309051
Import eksklusiv told,01000 Landbrug og gartneri-(Tilgang),"Offentligt forbrug, i alt-(Anvendelse)",1973,1.7288058619162017
Import eksklusiv told,01000 Landbrug og gartneri-(Tilgang),"Offentligt forbrug, i alt-(Anvendelse)",1974,1.6327610918097462
Import eksklusiv told,01000 Landbrug og gartneri-(Tilgang),"Offentligt forbrug, i alt-(Anvendelse)",1975,1.4694849826287715
Import eksklusiv told,01000 Landbrug og gartneri-(Tilgang),"Offentligt forbrug, i alt-(Anvendelse)",1976,1.4327478580630522
Import eksklusiv told,01000 Landbrug og gartneri-(Tilgang),"Offentligt forbrug, i alt-(Anvendelse)",1977,1.4028989443534052
Import eksklusiv told,01000 Landbrug og gartneri-(Tilgang),"Offentligt forbrug, i alt-(Anvendelse)",1978,1.1579483350218582
Import eksklusiv told,01000 Landbrug og gartneri-(Tilgang),"Offentligt forbrug, i alt-(Anvendelse)",1979,1.0715342801694807
Import eksklusiv told,01000 Landbrug og gartneri-(Tilgang),"Offentligt forbrug, i alt-(Anvendelse)",1980,1.207602125270367
Import eksklusiv told,01000 Landbrug og gartneri-(Tilgang),"Offentligt forbrug, i alt-(Anvendelse)",1981,1.1770299195673197
Import eksklusiv told,01000 Landbrug og gartneri-(Tilgang),"Offentligt forbrug, i alt-(Anvendelse)",1982,1.1643736838730474
Import eksklusiv told,01000 Landbrug og gartneri-(Tilgang),"Offentligt forbrug, i alt-(Anvendelse)",1983,1.1078506895102782
Import eksklusiv told,01000 Landbrug og gartneri-(Tilgang),"Offentligt forbrug, i alt-(Anvendelse)",1984,1.066435710463165
Import eksklusiv told,01000 Landbrug og gartneri-(Tilgang),"Offentligt forbrug, i alt-(Anvendelse)",1985,0.9093637841158771
Import eksklusiv told,01000 Landbrug og gartneri-(Tilgang),"Offentligt forbrug, i alt-(Anvendelse)",1986,0.826694349196252
Import eksklusiv told,01000 Landbrug og gartneri-(Tilgang),"Offentligt forbrug, i alt-(Anvendelse)",1987,0.7387481418349486
Import eksklusiv told,01000 Landbrug og gartneri-(Tilgang),"Offentligt forbrug, i alt-(Anvendelse)",1988,0.6371702723326432
Import eksklusiv told,01000 Landbrug og gartneri-(Tilgang),"Offentligt forbrug, i alt-(Anvendelse)",1989,0.5668332942180009
Import eksklusiv told,01000 Landbrug og gartneri-(Tilgang),"Offentligt forbrug, i alt-(Anvendelse)",1990,0.6702700267395338
Import eksklusiv told,01000 Landbrug og gartneri-(Tilgang),"Offentligt forbrug, i alt-(Anvendelse)",1991,0.6759988303868802
Import eksklusiv told,01000 Landbrug og gartneri-(Tilgang),"Offentligt forbrug, i alt-(Anvendelse)",1992,0.7160250769229456
Import eksklusiv told,01000 Landbrug og gartneri-(Tilgang),"Offentligt forbrug, i alt-(Anvendelse)",1993,0.7041899516845498
Import eksklusiv told,01000 Landbrug og gartneri-(Tilgang),"Offentligt forbrug, i alt-(Anvendelse)",1994,0.6944546067303855
Import eksklusiv told,01000 Landbrug og gartneri-(Tilgang),"Offentligt forbrug, i alt-(Anvendelse)",1995,0.6744990145829607
Import eksklusiv told,01000 Landbrug og gartneri-(Tilgang),"Offentligt forbrug, i alt-(Anvendelse)",1996,0.6790564403571699
Import eksklusiv told,01000 Landbrug og gartneri-(Tilgang),"Offentligt forbrug, i alt-(Anvendelse)",1997,0.6865185990424135
Import eksklusiv told,01000 Landbrug og gartneri-(Tilgang),"Offentligt forbrug, i alt-(Anvendelse)",1998,0.7121349646783245
Import eksklusiv told,01000 Landbrug og gartneri-(Tilgang),"Offentligt forbrug, i alt-(Anvendelse)",1999,0.7368809673119342
Import eksklusiv told,01000 Landbrug og gartneri-(Tilgang),"Offentligt forbrug, i alt-(Anvendelse)",2000,0.7196238018011161
Import eksklusiv told,01000 Landbrug og gartneri-(Tilgang),"Offentligt forbrug, i alt-(Anvendelse)",2001,0.7298003000084047
Import eksklusiv told,01000 Landbrug og gartneri-(Tilgang),"Offentligt forbrug, i alt-(Anvendelse)",2002,0.737247241845225
Import eksklusiv told,01000 Landbrug og gartneri-(Tilgang),"Offentligt forbrug, i alt-(Anvendelse)",2003,0.7479725337885775
Import eksklusiv told,01000 Landbrug og gartneri-(Tilgang),"Offentligt forbrug, i alt-(Anvendelse)",2004,0.7821934993867478
Import eksklusiv told,01000 Landbrug og gartneri-(Tilgang),"Offentligt forbrug, i alt-(Anvendelse)",2005,0.7733584824509036
Import eksklusiv told,01000 Landbrug og gartneri-(Tilgang),"Offentligt forbrug, i alt-(Anvendelse)",2006,0.813514189981974
Import eksklusiv told,01000 Landbrug og gartneri-(Tilgang),"Offentligt forbrug, i alt-(Anvendelse)",2007,0.9014616699800252
Import eksklusiv told,01000 Landbrug og gartneri-(Tilgang),"Offentligt forbrug, i alt-(Anvendelse)",2008,0.9798496412826362
Import eksklusiv told,01000 Landbrug og gartneri-(Tilgang),"Offentligt forbrug, i alt-(Anvendelse)",2009,1.0363794282797114
Import eksklusiv told,01000 Landbrug og gartneri-(Tilgang),"Offentligt forbrug, i alt-(Anvendelse)",2010,1.0363794282797114
Import eksklusiv told,01000 Landbrug og gartneri-(Tilgang),"Offentligt forbrug, i alt-(Anvendelse)",2011,1.0709254092223686
Import eksklusiv told,01000 Landbrug og gartneri-(Tilgang),"Offentligt forbrug, i alt-(Anvendelse)",2012,1.1060377177214626
Import eksklusiv told,01000 Landbrug og gartneri-(Tilgang),"Offentligt forbrug, i alt-(Anvendelse)",2013,1.1785647811786077
Import eksklusiv told,01000 Landbrug og gartneri-(Tilgang),"Offentligt forbrug, i alt-(Anvendelse)",2014,1.2148283129071804
Import eksklusiv told,01000 Landbrug og gartneri-(Tilgang),"Offentligt forbrug, i alt-(Anvendelse)",2015,1.1540868972618215
Import eksklusiv told,01000 Landbrug og gartneri-(Tilgang),"Offentligt forbrug, i alt-(Anvendelse)",2016,1.0977899754441716
Import eksklusiv told,01000 Landbrug og gartneri-(Tilgang),"Offentligt forbrug, i alt-(Anvendelse)",2017,1.0099667774086378
Import eksklusiv told,01000 Landbrug og gartneri-(Tilgang),"Offentligt forbrug, i alt-(Anvendelse)",2018,0.9468438538205979
Import eksklusiv told,01000 Landbrug og gartneri-(Tilgang),"Offentligt forbrug, i alt-(Anvendelse)",2019,0.8837209302325582
Import eksklusiv told,01000 Landbrug og gartneri-(Tilgang),"Offentligt forbrug, i alt-(Anvendelse)",2020,1.0
Import eksklusiv told,01000 Landbrug og gartneri-(Tilgang),"Offentligt forbrug, i alt-(Anvendelse)",2021,0.9615384615384617
Import eksklusiv told,01000 Landbrug og gartneri-(Tilgang),"Offentligt forbrug, i alt-(Anvendelse)",2022,1.098901098901099
Import eksklusiv told,01000 Landbrug og gartneri-(Tilgang),Privat,1967,0.34852002082231703
Import eksklusiv told,01000 Landbrug og gartneri-(Tilgang),Privat,1968,0.345145290546594
Import eksklusiv told,01000 Landbrug og gartneri-(Tilgang),Privat,1969,0.3540892983453184
Import eksklusiv told,01000 Landbrug og gartneri-(Tilgang),Privat,1970,0.36036256811806205
Import eksklusiv told,01000 Landbrug og gartneri-(Tilgang),Privat,1971,0.35033897679404835
Import eksklusiv told,01000 Landbrug og gartneri-(Tilgang),Privat,1972,0.37694302503006405
Import eksklusiv told,01000 Landbrug og gartneri-(Tilgang),Privat,1973,0.42456667013936833
Import eksklusiv told,01000 Landbrug og gartneri-(Tilgang),Privat,1974,0.5396029724078307
Import eksklusiv told,01000 Landbrug og gartneri-(Tilgang),Privat,1975,0.5226093337839058
Import eksklusiv told,01000 Landbrug og gartneri-(Tilgang),Privat,1976,0.5788648828755316
Import eksklusiv told,01000 Landbrug og gartneri-(Tilgang),Privat,1977,0.7079180455578359
Import eksklusiv told,01000 Landbrug og gartneri-(Tilgang),Privat,1978,0.6356050976574078
Import eksklusiv told,01000 Landbrug og gartneri-(Tilgang),Privat,1979,0.6782343879000573
Import eksklusiv told,01000 Landbrug og gartneri-(Tilgang),Privat,1980,0.7251690108878669
Import eksklusiv told,01000 Landbrug og gartneri-(Tilgang),Privat,1981,0.800732702386909
Import eksklusiv told,01000 Landbrug og gartneri-(Tilgang),Privat,1982,0.9120268281613493
Import eksklusiv told,01000 Landbrug og gartneri-(Tilgang),Privat,1983,0.9663457390025104
Import eksklusiv told,01000 Landbrug og gartneri-(Tilgang),Privat,1984,1.1262174953686936
Import eksklusiv told,01000 Landbrug og gartneri-(Tilgang),Privat,1985,1.056748887461703
Import eksklusiv told,01000 Landbrug og gartneri-(Tilgang),Privat,1986,0.947006201883652
Import eksklusiv told,01000 Landbrug og gartneri-(Tilgang),Privat,1987,0.8704293857656938
Import eksklusiv told,01000 Landbrug og gartneri-(Tilgang),Privat,1988,0.9091763287830511
Import eksklusiv told,01000 Landbrug og gartneri-(Tilgang),Privat,1989,0.9164679719584898
Import eksklusiv told,01000 Landbrug og gartneri-(Tilgang),Privat,1990,0.7987759424695854
Import eksklusiv told,01000 Landbrug og gartneri-(Tilgang),Privat,1991,0.776376897504846
Import eksklusiv told,01000 Landbrug og gartneri-(Tilgang),Privat,1992,0.8407920401612281
Import eksklusiv told,01000 Landbrug og gartneri-(Tilgang),Privat,1993,0.8495368841565077
Import eksklusiv told,01000 Landbrug og gartneri-(Tilgang),Privat,1994,0.8982303511275542
Import eksklusiv told,01000 Landbrug og gartneri-(Tilgang),Privat,1995,0.9066833184344746
Import eksklusiv told,01000 Landbrug og gartneri-(Tilgang),Privat,1996,0.8863325445230854
Import eksklusiv told,01000 Landbrug og gartneri-(Tilgang),Privat,1997,0.980178634070981
Import eksklusiv told,01000 Landbrug og gartneri-(Tilgang),Privat,1998,0.9326480240896461
Import eksklusiv told,01000 Landbrug og gartneri-(Tilgang),Privat,1999,0.8422090196229475
Import eksklusiv told,01000 Landbrug og gartneri-(Tilgang),Privat,2000,0.8716959422634358
Import eksklusiv told,01000 Landbrug og gartneri-(Tilgang),Privat,2001,0.8879886329672178
Import eksklusiv told,01000 Landbrug og gartneri-(Tilgang),Privat,2002,0.8492149747475831
Import eksklusiv told,01000 Landbrug og gartneri-(Tilgang),Privat,2003,0.8442878268367923
Import eksklusiv told,01000 Landbrug og gartneri-(Tilgang),Privat,2004,0.8331183116437736
Import eksklusiv told,01000 Landbrug og gartneri-(Tilgang),Privat,2005,0.8098784158423823
Import eksklusiv told,01000 Landbrug og gartneri-(Tilgang),Privat,2006,0.7673128309203747
Import eksklusiv told,01000 Landbrug og gartneri-(Tilgang),Privat,2007,0.9515393049342986
Import eksklusiv told,01000 Landbrug og gartneri-(Tilgang),Privat,2008,1.1218974381870221
Import eksklusiv told,01000 Landbrug og gartneri-(Tilgang),Privat,2009,0.947078104239604
Import eksklusiv told,01000 Landbrug og gartneri-(Tilgang),Privat,2010,0.9507616995156388
Import eksklusiv told,01000 Landbrug og gartneri-(Tilgang),Privat,2011,1.0387805626607487
Import eksklusiv told,01000 Landbrug og gartneri-(Tilgang),Privat,2012,1.047683968131432
Import eksklusiv told,01000 Landbrug og gartneri-(Tilgang),Privat,2013,1.0538270452447889
Import eksklusiv told,01000 Landbrug og gartneri-(Tilgang),Privat,2014,1.0173658899077576
Import eksklusiv told,01000 Landbrug og gartneri-(Tilgang),Privat,2015,1.001250650478492
Import eksklusiv told,01000 Landbrug og gartneri-(Tilgang),Privat,2016,0.9747086725030726
Import eksklusiv told,01000 Landbrug og gartneri-(Tilgang),Privat,2017,0.9759077919968269
Import eksklusiv told,01000 Landbrug og gartneri-(Tilgang),Privat,2018,0.9794330960763064
Import eksklusiv told,01000 Landbrug og gartneri-(Tilgang),Privat,2019,0.9954113128936013
Import eksklusiv told,01000 Landbrug og gartneri-(Tilgang),Privat,2020,1.0
Import eksklusiv told,01000 Landbrug og gartneri-(Tilgang),Privat,2021,1.075969639126699
Import eksklusiv told,01000 Landbrug og gartneri-(Tilgang),Privat,2022,1.2961584661942878
Import eksklusiv told,01000 Landbrug og gartneri-(Tilgang),REST_ANVENDELSE Øvrige brancher,1967,0.2865336374674921
Import eksklusiv told,01000 Landbrug og gartneri-(Tilgang),REST_ANVENDELSE Øvrige brancher,1968,0.2924204468467358
Import eksklusiv told,01000 Landbrug og gartneri-(Tilgang),REST_ANVENDELSE Øvrige brancher,1969,0.3030769038490037
Import eksklusiv told,01000 Landbrug og gartneri-(Tilgang),REST_ANVENDELSE Øvrige brancher,1970,0.3168684462078121
Import eksklusiv told,01000 Landbrug og gartneri-(Tilgang),REST_ANVENDELSE Øvrige brancher,1971,0.30064277776553366
Import eksklusiv told,01000 Landbrug og gartneri-(Tilgang),REST_ANVENDELSE Øvrige brancher,1972,0.3275800103353593
Import eksklusiv told,01000 Landbrug og gartneri-(Tilgang),REST_ANVENDELSE Øvrige brancher,1973,0.362040677018963
Import eksklusiv told,01000 Landbrug og gartneri-(Tilgang),REST_ANVENDELSE Øvrige brancher,1974,0.42389297717630103
Import eksklusiv told,01000 Landbrug og gartneri-(Tilgang),REST_ANVENDELSE Øvrige brancher,1975,0.3921241212389337
Import eksklusiv told,01000 Landbrug og gartneri-(Tilgang),REST_ANVENDELSE Øvrige brancher,1976,0.5125628879207119
Import eksklusiv told,01000 Landbrug og gartneri-(Tilgang),REST_ANVENDELSE Øvrige brancher,1977,0.6546415725397206
Import eksklusiv told,01000 Landbrug og gartneri-(Tilgang),REST_ANVENDELSE Øvrige brancher,1978,0.5834017356337906
Import eksklusiv told,01000 Landbrug og gartneri-(Tilgang),REST_ANVENDELSE Øvrige brancher,1979,0.6156017888091456
Import eksklusiv told,01000 Landbrug og gartneri-(Tilgang),REST_ANVENDELSE Øvrige brancher,1980,0.6609563260758642
Import eksklusiv told,01000 Landbrug og gartneri-(Tilgang),REST_ANVENDELSE Øvrige brancher,1981,0.6968029662032714
Import eksklusiv told,01000 Landbrug og gartneri-(Tilgang),REST_ANVENDELSE Øvrige brancher,1982,0.7883726501131668
Import eksklusiv told,01000 Landbrug og gartneri-(Tilgang),REST_ANVENDELSE Øvrige brancher,1983,0.8389077709330269
Import eksklusiv told,01000 Landbrug og gartneri-(Tilgang),REST_ANVENDELSE Øvrige brancher,1984,0.979810613654586
Import eksklusiv told,01000 Landbrug og gartneri-(Tilgang),REST_ANVENDELSE Øvrige brancher,1985,0.982298512630565
Import eksklusiv told,01000 Landbrug og gartneri-(Tilgang),REST_ANVENDELSE Øvrige brancher,1986,0.8811773433382948
Import eksklusiv told,01000 Landbrug og gartneri-(Tilgang),REST_ANVENDELSE Øvrige brancher,1987,0.7456565951667138
Import eksklusiv told,01000 Landbrug og gartneri-(Tilgang),REST_ANVENDELSE Øvrige brancher,1988,0.7516278205768725
Import eksklusiv told,01000 Landbrug og gartneri-(Tilgang),REST_ANVENDELSE Øvrige brancher,1989,0.76119003297994
Import eksklusiv told,01000 Landbrug og gartneri-(Tilgang),REST_ANVENDELSE Øvrige brancher,1990,0.6107063563379169
Import eksklusiv told,01000 Landbrug og gartneri-(Tilgang),REST_ANVENDELSE Øvrige brancher,1991,0.6029471606216361
Import eksklusiv told,01000 Landbrug og gartneri-(Tilgang),REST_ANVENDELSE Øvrige brancher,1992,0.5630310589465135
Import eksklusiv told,01000 Landbrug og gartneri-(Tilgang),REST_ANVENDELSE Øvrige brancher,1993,0.6034797457028244
Import eksklusiv told,01000 Landbrug og gartneri-(Tilgang),REST_ANVENDELSE Øvrige brancher,1994,0.7590820114828248
Import eksklusiv told,01000 Landbrug og gartneri-(Tilgang),REST_ANVENDELSE Øvrige brancher,1995,0.8878375971165345
Import eksklusiv told,01000 Landbrug og gartneri-(Tilgang),REST_ANVENDELSE Øvrige brancher,1996,0.8273073898851221
Import eksklusiv told,01000 Landbrug og gartneri-(Tilgang),REST_ANVENDELSE Øvrige brancher,1997,0.9460208858029796
Import eksklusiv told,01000 Landbrug og gartneri-(Tilgang),REST_ANVENDELSE Øvrige brancher,1998,0.8398876710652966
Import eksklusiv told,01000 Landbrug og gartneri-(Tilgang),REST_ANVENDELSE Øvrige brancher,1999,0.7332532024325766
Import eksklusiv told,01000 Landbrug og gartneri-(Tilgang),REST_ANVENDELSE Øvrige brancher,2000,0.7485680500369689
Import eksklusiv told,01000 Landbrug og gartneri-(Tilgang),REST_ANVENDELSE Øvrige brancher,2001,0.7501514227738544
Import eksklusiv told,01000 Landbrug og gartneri-(Tilgang),REST_ANVENDELSE Øvrige brancher,2002,0.7384635038360975
Import eksklusiv told,01000 Landbrug og gartneri-(Tilgang),REST_ANVENDELSE Øvrige brancher,2003,0.7264291214606052
Import eksklusiv told,01000 Landbrug og gartneri-(Tilgang),REST_ANVENDELSE Øvrige brancher,2004,0.7063488537654071
Import eksklusiv told,01000 Landbrug og gartneri-(Tilgang),REST_ANVENDELSE Øvrige brancher,2005,0.7704243820003659
Import eksklusiv told,01000 Landbrug og gartneri-(Tilgang),REST_ANVENDELSE Øvrige brancher,2006,0.8130496545941241
Import eksklusiv told,01000 Landbrug og gartneri-(Tilgang),REST_ANVENDELSE Øvrige brancher,2007,0.8672587033245786
Import eksklusiv told,01000 Landbrug og gartneri-(Tilgang),REST_ANVENDELSE Øvrige brancher,2008,0.9227985980530077
Import eksklusiv told,01000 Landbrug og gartneri-(Tilgang),REST_ANVENDELSE Øvrige brancher,2009,0.8756858096275796
Import eksklusiv told,01000 Landbrug og gartneri-(Tilgang),REST_ANVENDELSE Øvrige brancher,2010,0.9296874032767923
Import eksklusiv told,01000 Landbrug og gartneri-(Tilgang),REST_ANVENDELSE Øvrige brancher,2011,1.0401007092725
Import eksklusiv told,01000 Landbrug og gartneri-(Tilgang),REST_ANVENDELSE Øvrige brancher,2012,1.0170743085236402
Import eksklusiv told,01000 Landbrug og gartneri-(Tilgang),REST_ANVENDELSE Øvrige brancher,2013,0.985734553208748
Import eksklusiv told,01000 Landbrug og gartneri-(Tilgang),REST_ANVENDELSE Øvrige brancher,2014,0.9725816589122336
Import eksklusiv told,01000 Landbrug og gartneri-(Tilgang),REST_ANVENDELSE Øvrige brancher,2015,0.9653286325335763
Import eksklusiv told,01000 Landbrug og gartneri-(Tilgang),REST_ANVENDELSE Øvrige brancher,2016,0.9535461474962048
Import eksklusiv told,01000 Landbrug og gartneri-(Tilgang),REST_ANVENDELSE Øvrige brancher,2017,0.9505215814158237
Import eksklusiv told,01000 Landbrug og gartneri-(Tilgang),REST_ANVENDELSE Øvrige brancher,2018,0.9574764225280598
Import eksklusiv told,01000 Landbrug og gartneri-(Tilgang),REST_ANVENDELSE Øvrige brancher,2019,0.9620836087255348
Import eksklusiv told,01000 Landbrug og gartneri-(Tilgang),REST_ANVENDELSE Øvrige brancher,2020,1.0
Import eksklusiv told,01000 Landbrug og gartneri-(Tilgang),REST_ANVENDELSE Øvrige brancher,2021,1.0565292347692083
Import eksklusiv told,01000 Landbrug og gartneri-(Tilgang),REST_ANVENDELSE Øvrige brancher,2022,1.1665385904198615
Import eksklusiv told,"10120 Føde-, drikke- og tobaksvareindustri-(Tilgang)",01000 Landbrug og gartneri- (Anvendelse),1967,0.30440731048043485
Import eksklusiv told,"10120 Føde-, drikke- og tobaksvareindustri-(Tilgang)",01000 Landbrug og gartneri- (Anvendelse),1968,0.3113211815571499
Import eksklusiv told,"10120 Føde-, drikke- og tobaksvareindustri-(Tilgang)",01000 Landbrug og gartneri- (Anvendelse),1969,0.3101256102057283
Import eksklusiv told,"10120 Føde-, drikke- og tobaksvareindustri-(Tilgang)",01000 Landbrug og gartneri- (Anvendelse),1970,0.32971544852763035
Import eksklusiv told,"10120 Føde-, drikke- og tobaksvareindustri-(Tilgang)",01000 Landbrug og gartneri- (Anvendelse),1971,0.33983017836483276
Import eksklusiv told,"10120 Føde-, drikke- og tobaksvareindustri-(Tilgang)",01000 Landbrug og gartneri- (Anvendelse),1972,0.34476542796281506
Import eksklusiv told,"10120 Føde-, drikke- og tobaksvareindustri-(Tilgang)",01000 Landbrug og gartneri- (Anvendelse),1973,0.5464922814502244
Import eksklusiv told,"10120 Føde-, drikke- og tobaksvareindustri-(Tilgang)",01000 Landbrug og gartneri- (Anvendelse),1974,0.5198069911973823
Import eksklusiv told,"10120 Føde-, drikke- og tobaksvareindustri-(Tilgang)",01000 Landbrug og gartneri- (Anvendelse),1975,0.4385526926351211
Import eksklusiv told,"10120 Føde-, drikke- og tobaksvareindustri-(Tilgang)",01000 Landbrug og gartneri- (Anvendelse),1976,0.5162038493331566
Import eksklusiv told,"10120 Føde-, drikke- og tobaksvareindustri-(Tilgang)",01000 Landbrug og gartneri- (Anvendelse),1977,0.604336611061702
Import eksklusiv told,"10120 Føde-, drikke- og tobaksvareindustri-(Tilgang)",01000 Landbrug og gartneri- (Anvendelse),1978,0.5166990846297131
Import eksklusiv told,"10120 Føde-, drikke- og tobaksvareindustri-(Tilgang)",01000 Landbrug og gartneri- (Anvendelse),1979,0.555286744710093
Import eksklusiv told,"10120 Føde-, drikke- og tobaksvareindustri-(Tilgang)",01000 Landbrug og gartneri- (Anvendelse),1980,0.6494828861665937
Import eksklusiv told,"10120 Føde-, drikke- og tobaksvareindustri-(Tilgang)",01000 Landbrug og gartneri- (Anvendelse),1981,0.8202726751804255
Import eksklusiv told,"10120 Føde-, drikke- og tobaksvareindustri-(Tilgang)",01000 Landbrug og gartneri- (Anvendelse),1982,0.8480986772921502
Import eksklusiv told,"10120 Føde-, drikke- og tobaksvareindustri-(Tilgang)",01000 Landbrug og gartneri- (Anvendelse),1983,0.9050246689511032
Import eksklusiv told,"10120 Føde-, drikke- og tobaksvareindustri-(Tilgang)",01000 Landbrug og gartneri- (Anvendelse),1984,0.9829160144355601
Import eksklusiv told,"10120 Føde-, drikke- og tobaksvareindustri-(Tilgang)",01000 Landbrug og gartneri- (Anvendelse),1985,0.7788964826082229
Import eksklusiv told,"10120 Føde-, drikke- og tobaksvareindustri-(Tilgang)",01000 Landbrug og gartneri- (Anvendelse),1986,0.6753132521239187
Import eksklusiv told,"10120 Føde-, drikke- og tobaksvareindustri-(Tilgang)",01000 Landbrug og gartneri- (Anvendelse),1987,0.6097039539408675
Import eksklusiv told,"10120 Føde-, drikke- og tobaksvareindustri-(Tilgang)",01000 Landbrug og gartneri- (Anvendelse),1988,0.7327649136009341
Import eksklusiv told,"10120 Føde-, drikke- og tobaksvareindustri-(Tilgang)",01000 Landbrug og gartneri- (Anvendelse),1989,0.8002594521732629
Import eksklusiv told,"10120 Føde-, drikke- og tobaksvareindustri-(Tilgang)",01000 Landbrug og gartneri- (Anvendelse),1990,0.6481594578407479
Import eksklusiv told,"10120 Føde-, drikke- og tobaksvareindustri-(Tilgang)",01000 Landbrug og gartneri- (Anvendelse),1991,0.6538969602595688
Import eksklusiv told,"10120 Føde-, drikke- og tobaksvareindustri-(Tilgang)",01000 Landbrug og gartneri- (Anvendelse),1992,0.664354448034543
Import eksklusiv told,"10120 Føde-, drikke- og tobaksvareindustri-(Tilgang)",01000 Landbrug og gartneri- (Anvendelse),1993,0.6792220367969664
Import eksklusiv told,"10120 Føde-, drikke- og tobaksvareindustri-(Tilgang)",01000 Landbrug og gartneri- (Anvendelse),1994,0.6424005974111535
Import eksklusiv told,"10120 Føde-, drikke- og tobaksvareindustri-(Tilgang)",01000 Landbrug og gartneri- (Anvendelse),1995,0.5968114939307428
Import eksklusiv told,"10120 Føde-, drikke- og tobaksvareindustri-(Tilgang)",01000 Landbrug og gartneri- (Anvendelse),1996,0.7239784522007984
Import eksklusiv told,"10120 Føde-, drikke- og tobaksvareindustri-(Tilgang)",01000 Landbrug og gartneri- (Anvendelse),1997,0.7930522173873666
Import eksklusiv told,"10120 Føde-, drikke- og tobaksvareindustri-(Tilgang)",01000 Landbrug og gartneri- (Anvendelse),1998,0.6101163937420083
Import eksklusiv told,"10120 Føde-, drikke- og tobaksvareindustri-(Tilgang)",01000 Landbrug og gartneri- (Anvendelse),1999,0.536996184227693
Import eksklusiv told,"10120 Føde-, drikke- og tobaksvareindustri-(Tilgang)",01000 Landbrug og gartneri- (Anvendelse),2000,0.6614041874804071
Import eksklusiv told,"10120 Føde-, drikke- og tobaksvareindustri-(Tilgang)",01000 Landbrug og gartneri- (Anvendelse),2001,0.7026108842026904
Import eksklusiv told,"10120 Føde-, drikke- og tobaksvareindustri-(Tilgang)",01000 Landbrug og gartneri- (Anvendelse),2002,0.6700019640690498
Import eksklusiv told,"10120 Føde-, drikke- og tobaksvareindustri-(Tilgang)",01000 Landbrug og gartneri- (Anvendelse),2003,0.6704445509366007
Import eksklusiv told,"10120 Føde-, drikke- og tobaksvareindustri-(Tilgang)",01000 Landbrug og gartneri- (Anvendelse),2004,0.6811989789621333
Import eksklusiv told,"10120 Føde-, drikke- og tobaksvareindustri-(Tilgang)",01000 Landbrug og gartneri- (Anvendelse),2005,0.6757220911194293
Import eksklusiv told,"10120 Føde-, drikke- og tobaksvareindustri-(Tilgang)",01000 Landbrug og gartneri- (Anvendelse),2006,0.7051234289581831
Import eksklusiv told,"10120 Føde-, drikke- og tobaksvareindustri-(Tilgang)",01000 Landbrug og gartneri- (Anvendelse),2007,0.8077776633883745
Import eksklusiv told,"10120 Føde-, drikke- og tobaksvareindustri-(Tilgang)",01000 Landbrug og gartneri- (Anvendelse),2008,0.9214864064742007
Import eksklusiv told,"10120 Føde-, drikke- og tobaksvareindustri-(Tilgang)",01000 Landbrug og gartneri- (Anvendelse),2009,0.8278137683395531
Import eksklusiv told,"10120 Føde-, drikke- og tobaksvareindustri-(Tilgang)",01000 Landbrug og gartneri- (Anvendelse),2010,0.8681989733924363
Import eksklusiv told,"10120 Føde-, drikke- og tobaksvareindustri-(Tilgang)",01000 Landbrug og gartneri- (Anvendelse),2011,0.9013825856883501
Import eksklusiv told,"10120 Føde-, drikke- og tobaksvareindustri-(Tilgang)",01000 Landbrug og gartneri- (Anvendelse),2012,1.0425387555675314
Import eksklusiv told,"10120 Føde-, drikke- og tobaksvareindustri-(Tilgang)",01000 Landbrug og gartneri- (Anvendelse),2013,1.11501227018944
Import eksklusiv told,"10120 Føde-, drikke- og tobaksvareindustri-(Tilgang)",01000 Landbrug og gartneri- (Anvendelse),2014,1.0307390763959825
Import eksklusiv told,"10120 Føde-, drikke- og tobaksvareindustri-(Tilgang)",01000 Landbrug og gartneri- (Anvendelse),2015,0.9632771615296218
Import eksklusiv told,"10120 Føde-, drikke- og tobaksvareindustri-(Tilgang)",01000 Landbrug og gartneri- (Anvendelse),2016,0.9279727505022065
Import eksklusiv told,"10120 Føde-, drikke- og tobaksvareindustri-(Tilgang)",01000 Landbrug og gartneri- (Anvendelse),2017,0.8974071793710215
Import eksklusiv told,"10120 Føde-, drikke- og tobaksvareindustri-(Tilgang)",01000 Landbrug og gartneri- (Anvendelse),2018,0.9542647408167515
Import eksklusiv told,"10120 Føde-, drikke- og tobaksvareindustri-(Tilgang)",01000 Landbrug og gartneri- (Anvendelse),2019,0.9270029447624679
Import eksklusiv told,"10120 Føde-, drikke- og tobaksvareindustri-(Tilgang)",01000 Landbrug og gartneri- (Anvendelse),2020,1.0
Import eksklusiv told,"10120 Føde-, drikke- og tobaksvareindustri-(Tilgang)",01000 Landbrug og gartneri- (Anvendelse),2021,1.1305114836878378
Import eksklusiv told,"10120 Føde-, drikke- og tobaksvareindustri-(Tilgang)",01000 Landbrug og gartneri- (Anvendelse),2022,1.4071020955117743
Import eksklusiv told,"10120 Føde-, drikke- og tobaksvareindustri-(Tilgang)","10120 Føde-, drikke- og tobaksvareindustri- (Anvendelse)",1967,0.2582656206080461
Import eksklusiv told,"10120 Føde-, drikke- og tobaksvareindustri-(Tilgang)","10120 Føde-, drikke- og tobaksvareindustri- (Anvendelse)",1968,0.2679792789122435
Import eksklusiv told,"10120 Føde-, drikke- og tobaksvareindustri-(Tilgang)","10120 Føde-, drikke- og tobaksvareindustri- (Anvendelse)",1969,0.27452028786791854
Import eksklusiv told,"10120 Føde-, drikke- og tobaksvareindustri-(Tilgang)","10120 Føde-, drikke- og tobaksvareindustri- (Anvendelse)",1970,0.2920002078455117
Import eksklusiv told,"10120 Føde-, drikke- og tobaksvareindustri-(Tilgang)","10120 Føde-, drikke- og tobaksvareindustri- (Anvendelse)",1971,0.29771476677499514
Import eksklusiv told,"10120 Føde-, drikke- og tobaksvareindustri-(Tilgang)","10120 Føde-, drikke- og tobaksvareindustri- (Anvendelse)",1972,0.3124147536456624
Import eksklusiv told,"10120 Føde-, drikke- og tobaksvareindustri-(Tilgang)","10120 Føde-, drikke- og tobaksvareindustri- (Anvendelse)",1973,0.35768504133679324
Import eksklusiv told,"10120 Føde-, drikke- og tobaksvareindustri-(Tilgang)","10120 Føde-, drikke- og tobaksvareindustri- (Anvendelse)",1974,0.42793733026742964
Import eksklusiv told,"10120 Føde-, drikke- og tobaksvareindustri-(Tilgang)","10120 Føde-, drikke- og tobaksvareindustri- (Anvendelse)",1975,0.41437833137664853
Import eksklusiv told,"10120 Føde-, drikke- og tobaksvareindustri-(Tilgang)","10120 Føde-, drikke- og tobaksvareindustri- (Anvendelse)",1976,0.4439085170865618
Import eksklusiv told,"10120 Føde-, drikke- og tobaksvareindustri-(Tilgang)","10120 Føde-, drikke- og tobaksvareindustri- (Anvendelse)",1977,0.4974668570770176
Import eksklusiv told,"10120 Føde-, drikke- og tobaksvareindustri-(Tilgang)","10120 Føde-, drikke- og tobaksvareindustri- (Anvendelse)",1978,0.5259375575417091
Import eksklusiv told,"10120 Føde-, drikke- og tobaksvareindustri-(Tilgang)","10120 Føde-, drikke- og tobaksvareindustri- (Anvendelse)",1979,0.5721032338090645
Import eksklusiv told,"10120 Føde-, drikke- og tobaksvareindustri-(Tilgang)","10120 Føde-, drikke- og tobaksvareindustri- (Anvendelse)",1980,0.5993420397942425
Import eksklusiv told,"10120 Føde-, drikke- og tobaksvareindustri-(Tilgang)","10120 Føde-, drikke- og tobaksvareindustri- (Anvendelse)",1981,0.6688095227431745
Import eksklusiv told,"10120 Føde-, drikke- og tobaksvareindustri-(Tilgang)","10120 Føde-, drikke- og tobaksvareindustri- (Anvendelse)",1982,0.720334091328028
Import eksklusiv told,"10120 Føde-, drikke- og tobaksvareindustri-(Tilgang)","10120 Føde-, drikke- og tobaksvareindustri- (Anvendelse)",1983,0.759845741700704
Import eksklusiv told,"10120 Føde-, drikke- og tobaksvareindustri-(Tilgang)","10120 Føde-, drikke- og tobaksvareindustri- (Anvendelse)",1984,0.8680683076243392
Import eksklusiv told,"10120 Føde-, drikke- og tobaksvareindustri-(Tilgang)","10120 Føde-, drikke- og tobaksvareindustri- (Anvendelse)",1985,0.8406278149609788
Import eksklusiv told,"10120 Føde-, drikke- og tobaksvareindustri-(Tilgang)","10120 Føde-, drikke- og tobaksvareindustri- (Anvendelse)",1986,0.7605458327918172
Import eksklusiv told,"10120 Føde-, drikke- og tobaksvareindustri-(Tilgang)","10120 Føde-, drikke- og tobaksvareindustri- (Anvendelse)",1987,0.7545884422884919
Import eksklusiv told,"10120 Føde-, drikke- og tobaksvareindustri-(Tilgang)","10120 Føde-, drikke- og tobaksvareindustri- (Anvendelse)",1988,0.7216712020390463
Import eksklusiv told,"10120 Føde-, drikke- og tobaksvareindustri-(Tilgang)","10120 Føde-, drikke- og tobaksvareindustri- (Anvendelse)",1989,0.7534005398675956
Import eksklusiv told,"10120 Føde-, drikke- og tobaksvareindustri-(Tilgang)","10120 Føde-, drikke- og tobaksvareindustri- (Anvendelse)",1990,0.7388031747596732
Import eksklusiv told,"10120 Føde-, drikke- og tobaksvareindustri-(Tilgang)","10120 Føde-, drikke- og tobaksvareindustri- (Anvendelse)",1991,0.7343280959133368
Import eksklusiv told,"10120 Føde-, drikke- og tobaksvareindustri-(Tilgang)","10120 Føde-, drikke- og tobaksvareindustri- (Anvendelse)",1992,0.7378186867564562
Import eksklusiv told,"10120 Føde-, drikke- og tobaksvareindustri-(Tilgang)","10120 Føde-, drikke- og tobaksvareindustri- (Anvendelse)",1993,0.7282904007859826
Import eksklusiv told,"10120 Føde-, drikke- og tobaksvareindustri-(Tilgang)","10120 Føde-, drikke- og tobaksvareindustri- (Anvendelse)",1994,0.7366285020145262
Import eksklusiv told,"10120 Føde-, drikke- og tobaksvareindustri-(Tilgang)","10120 Føde-, drikke- og tobaksvareindustri- (Anvendelse)",1995,0.733925399950069
Import eksklusiv told,"10120 Føde-, drikke- og tobaksvareindustri-(Tilgang)","10120 Føde-, drikke- og tobaksvareindustri- (Anvendelse)",1996,0.7154797415687842
Import eksklusiv told,"10120 Føde-, drikke- og tobaksvareindustri-(Tilgang)","10120 Føde-, drikke- og tobaksvareindustri- (Anvendelse)",1997,0.7397181594871511
Import eksklusiv told,"10120 Føde-, drikke- og tobaksvareindustri-(Tilgang)","10120 Føde-, drikke- og tobaksvareindustri- (Anvendelse)",1998,0.7424963322904258
Import eksklusiv told,"10120 Føde-, drikke- og tobaksvareindustri-(Tilgang)","10120 Føde-, drikke- og tobaksvareindustri- (Anvendelse)",1999,0.6923671367663823
Import eksklusiv told,"10120 Føde-, drikke- og tobaksvareindustri-(Tilgang)","10120 Føde-, drikke- og tobaksvareindustri- (Anvendelse)",2000,0.7015854226073084
Import eksklusiv told,"10120 Føde-, drikke- og tobaksvareindustri-(Tilgang)","10120 Føde-, drikke- og tobaksvareindustri- (Anvendelse)",2001,0.7209664720090934
Import eksklusiv told,"10120 Føde-, drikke- og tobaksvareindustri-(Tilgang)","10120 Føde-, drikke- og tobaksvareindustri- (Anvendelse)",2002,0.7222797400092613
Import eksklusiv told,"10120 Føde-, drikke- og tobaksvareindustri-(Tilgang)","10120 Føde-, drikke- og tobaksvareindustri- (Anvendelse)",2003,0.7158306118981368
Import eksklusiv told,"10120 Føde-, drikke- og tobaksvareindustri-(Tilgang)","10120 Føde-, drikke- og tobaksvareindustri- (Anvendelse)",2004,0.7269371144967652
Import eksklusiv told,"10120 Føde-, drikke- og tobaksvareindustri-(Tilgang)","10120 Føde-, drikke- og tobaksvareindustri- (Anvendelse)",2005,0.7515279462364826
Import eksklusiv told,"10120 Føde-, drikke- og tobaksvareindustri-(Tilgang)","10120 Føde-, drikke- og tobaksvareindustri- (Anvendelse)",2006,0.7696043456850106
Import eksklusiv told,"10120 Føde-, drikke- og tobaksvareindustri-(Tilgang)","10120 Føde-, drikke- og tobaksvareindustri- (Anvendelse)",2007,0.8297154012151491
Import eksklusiv told,"10120 Føde-, drikke- og tobaksvareindustri-(Tilgang)","10120 Føde-, drikke- og tobaksvareindustri- (Anvendelse)",2008,0.8715653058951065
Import eksklusiv told,"10120 Føde-, drikke- og tobaksvareindustri-(Tilgang)","10120 Føde-, drikke- og tobaksvareindustri- (Anvendelse)",2009,0.807971891515142
Import eksklusiv told,"10120 Føde-, drikke- og tobaksvareindustri-(Tilgang)","10120 Føde-, drikke- og tobaksvareindustri- (Anvendelse)",2010,0.8766691008892216
Import eksklusiv told,"10120 Føde-, drikke- og tobaksvareindustri-(Tilgang)","10120 Føde-, drikke- og tobaksvareindustri- (Anvendelse)",2011,0.9649143888691449
Import eksklusiv told,"10120 Føde-, drikke- og tobaksvareindustri-(Tilgang)","10120 Føde-, drikke- og tobaksvareindustri- (Anvendelse)",2012,1.0074369466355266
Import eksklusiv told,"10120 Føde-, drikke- og tobaksvareindustri-(Tilgang)","10120 Føde-, drikke- og tobaksvareindustri- (Anvendelse)",2013,1.0003018773389123
Import eksklusiv told,"10120 Føde-, drikke- og tobaksvareindustri-(Tilgang)","10120 Føde-, drikke- og tobaksvareindustri- (Anvendelse)",2014,0.9673872607914547
Import eksklusiv told,"10120 Føde-, drikke- og tobaksvareindustri-(Tilgang)","10120 Føde-, drikke- og tobaksvareindustri- (Anvendelse)",2015,0.9604186608405898
Import eksklusiv told,"10120 Føde-, drikke- og tobaksvareindustri-(Tilgang)","10120 Føde-, drikke- og tobaksvareindustri- (Anvendelse)",2016,0.9651046876830562
Import eksklusiv told,"10120 Føde-, drikke- og tobaksvareindustri-(Tilgang)","10120 Føde-, drikke- og tobaksvareindustri- (Anvendelse)",2017,0.9804071954311633
Import eksklusiv told,"10120 Føde-, drikke- og tobaksvareindustri-(Tilgang)","10120 Føde-, drikke- og tobaksvareindustri- (Anvendelse)",2018,0.9625670226666212
Import eksklusiv told,"10120 Føde-, drikke- og tobaksvareindustri-(Tilgang)","10120 Føde-, drikke- og tobaksvareindustri- (Anvendelse)",2019,0.9713247699035907
Import eksklusiv told,"10120 Føde-, drikke- og tobaksvareindustri-(Tilgang)","10120 Føde-, drikke- og tobaksvareindustri- (Anvendelse)",2020,1.0
Import eksklusiv told,"10120 Føde-, drikke- og tobaksvareindustri-(Tilgang)","10120 Føde-, drikke- og tobaksvareindustri- (Anvendelse)",2021,1.0818184678833431
Import eksklusiv told,"10120 Føde-, drikke- og tobaksvareindustri-(Tilgang)","10120 Føde-, drikke- og tobaksvareindustri- (Anvendelse)",2022,1.3089871128802926
Import eksklusiv told,"10120 Føde-, drikke- og tobaksvareindustri-(Tilgang)","Anvendelse, i alt-(Anvendelse)",1967,0.2892373951034878
Import eksklusiv told,"10120 Føde-, drikke- og tobaksvareindustri-(Tilgang)","Anvendelse, i alt-(Anvendelse)",1968,0.2925078068841015
Import eksklusiv told,"10120 Føde-, drikke- og tobaksvareindustri-(Tilgang)","Anvendelse, i alt-(Anvendelse)",1969,0.295840653960439
Import eksklusiv told,"10120 Føde-, drikke- og tobaksvareindustri-(Tilgang)","Anvendelse, i alt-(Anvendelse)",1970,0.30889671641344474
Import eksklusiv told,"10120 Føde-, drikke- og tobaksvareindustri-(Tilgang)","Anvendelse, i alt-(Anvendelse)",1971,0.31694889377261404
Import eksklusiv told,"10120 Føde-, drikke- og tobaksvareindustri-(Tilgang)","Anvendelse, i alt-(Anvendelse)",1972,0.3242945141459259
Import eksklusiv told,"10120 Føde-, drikke- og tobaksvareindustri-(Tilgang)","Anvendelse, i alt-(Anvendelse)",1973,0.3903625198160072
Import eksklusiv told,"10120 Føde-, drikke- og tobaksvareindustri-(Tilgang)","Anvendelse, i alt-(Anvendelse)",1974,0.42799507678857385
Import eksklusiv told,"10120 Føde-, drikke- og tobaksvareindustri-(Tilgang)","Anvendelse, i alt-(Anvendelse)",1975,0.4171549956244452
Import eksklusiv told,"10120 Føde-, drikke- og tobaksvareindustri-(Tilgang)","Anvendelse, i alt-(Anvendelse)",1976,0.4573394839041969
Import eksklusiv told,"10120 Føde-, drikke- og tobaksvareindustri-(Tilgang)","Anvendelse, i alt-(Anvendelse)",1977,0.5090558570664201
Import eksklusiv told,"10120 Føde-, drikke- og tobaksvareindustri-(Tilgang)","Anvendelse, i alt-(Anvendelse)",1978,0.5066722546232367
Import eksklusiv told,"10120 Føde-, drikke- og tobaksvareindustri-(Tilgang)","Anvendelse, i alt-(Anvendelse)",1979,0.5463293206112154
Import eksklusiv told,"10120 Føde-, drikke- og tobaksvareindustri-(Tilgang)","Anvendelse, i alt-(Anvendelse)",1980,0.6004767881472507
Import eksklusiv told,"10120 Føde-, drikke- og tobaksvareindustri-(Tilgang)","Anvendelse, i alt-(Anvendelse)",1981,0.6962348969290608
Import eksklusiv told,"10120 Føde-, drikke- og tobaksvareindustri-(Tilgang)","Anvendelse, i alt-(Anvendelse)",1982,0.7434513215170561
Import eksklusiv told,"10120 Føde-, drikke- og tobaksvareindustri-(Tilgang)","Anvendelse, i alt-(Anvendelse)",1983,0.7909425158846753
Import eksklusiv told,"10120 Føde-, drikke- og tobaksvareindustri-(Tilgang)","Anvendelse, i alt-(Anvendelse)",1984,0.8541782146144816
Import eksklusiv told,"10120 Føde-, drikke- og tobaksvareindustri-(Tilgang)","Anvendelse, i alt-(Anvendelse)",1985,0.8013302589256062
Import eksklusiv told,"10120 Føde-, drikke- og tobaksvareindustri-(Tilgang)","Anvendelse, i alt-(Anvendelse)",1986,0.7676307525658779
Import eksklusiv told,"10120 Føde-, drikke- og tobaksvareindustri-(Tilgang)","Anvendelse, i alt-(Anvendelse)",1987,0.7502752920215674
Import eksklusiv told,"10120 Føde-, drikke- og tobaksvareindustri-(Tilgang)","Anvendelse, i alt-(Anvendelse)",1988,0.7743673823362021
Import eksklusiv told,"10120 Føde-, drikke- og tobaksvareindustri-(Tilgang)","Anvendelse, i alt-(Anvendelse)",1989,0.8050148808196057
Import eksklusiv told,"10120 Føde-, drikke- og tobaksvareindustri-(Tilgang)","Anvendelse, i alt-(Anvendelse)",1990,0.7643809911462519
Import eksklusiv told,"10120 Føde-, drikke- og tobaksvareindustri-(Tilgang)","Anvendelse, i alt-(Anvendelse)",1991,0.7687987180907339
Import eksklusiv told,"10120 Føde-, drikke- og tobaksvareindustri-(Tilgang)","Anvendelse, i alt-(Anvendelse)",1992,0.7784851304232753
Import eksklusiv told,"10120 Føde-, drikke- og tobaksvareindustri-(Tilgang)","Anvendelse, i alt-(Anvendelse)",1993,0.7607863419539395
Import eksklusiv told,"10120 Føde-, drikke- og tobaksvareindustri-(Tilgang)","Anvendelse, i alt-(Anvendelse)",1994,0.768337708050248
Import eksklusiv told,"10120 Føde-, drikke- og tobaksvareindustri-(Tilgang)","Anvendelse, i alt-(Anvendelse)",1995,0.7611566974144124
Import eksklusiv told,"10120 Føde-, drikke- og tobaksvareindustri-(Tilgang)","Anvendelse, i alt-(Anvendelse)",1996,0.7748418544354257
Import eksklusiv told,"10120 Føde-, drikke- og tobaksvareindustri-(Tilgang)","Anvendelse, i alt-(Anvendelse)",1997,0.7973164608721179
Import eksklusiv told,"10120 Føde-, drikke- og tobaksvareindustri-(Tilgang)","Anvendelse, i alt-(Anvendelse)",1998,0.7806824811565782
Import eksklusiv told,"10120 Føde-, drikke- og tobaksvareindustri-(Tilgang)","Anvendelse, i alt-(Anvendelse)",1999,0.7572587135848093
Import eksklusiv told,"10120 Føde-, drikke- og tobaksvareindustri-(Tilgang)","Anvendelse, i alt-(Anvendelse)",2000,0.7817047541775194
Import eksklusiv told,"10120 Føde-, drikke- og tobaksvareindustri-(Tilgang)","Anvendelse, i alt-(Anvendelse)",2001,0.7955528576733844
Import eksklusiv told,"10120 Føde-, drikke- og tobaksvareindustri-(Tilgang)","Anvendelse, i alt-(Anvendelse)",2002,0.7930792005460824
Import eksklusiv told,"10120 Føde-, drikke- og tobaksvareindustri-(Tilgang)","Anvendelse, i alt-(Anvendelse)",2003,0.7836159564375079
Import eksklusiv told,"10120 Føde-, drikke- og tobaksvareindustri-(Tilgang)","Anvendelse, i alt-(Anvendelse)",2004,0.7830709019559061
Import eksklusiv told,"10120 Føde-, drikke- og tobaksvareindustri-(Tilgang)","Anvendelse, i alt-(Anvendelse)",2005,0.788481007599275
Import eksklusiv told,"10120 Føde-, drikke- og tobaksvareindustri-(Tilgang)","Anvendelse, i alt-(Anvendelse)",2006,0.8036579178874709
Import eksklusiv told,"10120 Føde-, drikke- og tobaksvareindustri-(Tilgang)","Anvendelse, i alt-(Anvendelse)",2007,0.841195453968292
Import eksklusiv told,"10120 Føde-, drikke- og tobaksvareindustri-(Tilgang)","Anvendelse, i alt-(Anvendelse)",2008,0.8878783887027353
Import eksklusiv told,"10120 Føde-, drikke- og tobaksvareindustri-(Tilgang)","Anvendelse, i alt-(Anvendelse)",2009,0.8529382949487533
Import eksklusiv told,"10120 Føde-, drikke- og tobaksvareindustri-(Tilgang)","Anvendelse, i alt-(Anvendelse)",2010,0.8866864092746471
Import eksklusiv told,"10120 Føde-, drikke- og tobaksvareindustri-(Tilgang)","Anvendelse, i alt-(Anvendelse)",2011,0.9433849408566978
Import eksklusiv told,"10120 Føde-, drikke- og tobaksvareindustri-(Tilgang)","Anvendelse, i alt-(Anvendelse)",2012,0.9823445879700206
Import eksklusiv told,"10120 Føde-, drikke- og tobaksvareindustri-(Tilgang)","Anvendelse, i alt-(Anvendelse)",2013,0.982880122691103
Import eksklusiv told,"10120 Føde-, drikke- og tobaksvareindustri-(Tilgang)","Anvendelse, i alt-(Anvendelse)",2014,0.9626724787569321
Import eksklusiv told,"10120 Føde-, drikke- og tobaksvareindustri-(Tilgang)","Anvendelse, i alt-(Anvendelse)",2015,0.9630575970524521
Import eksklusiv told,"10120 Føde-, drikke- og tobaksvareindustri-(Tilgang)","Anvendelse, i alt-(Anvendelse)",2016,0.9630065610416919
Import eksklusiv told,"10120 Føde-, drikke- og tobaksvareindustri-(Tilgang)","Anvendelse, i alt-(Anvendelse)",2017,0.9707071116703436
Import eksklusiv told,"10120 Føde-, drikke- og tobaksvareindustri-(Tilgang)","Anvendelse, i alt-(Anvendelse)",2018,0.9721149467150129
Import eksklusiv told,"10120 Føde-, drikke- og tobaksvareindustri-(Tilgang)","Anvendelse, i alt-(Anvendelse)",2019,0.9861874813764541
Import eksklusiv told,"10120 Føde-, drikke- og tobaksvareindustri-(Tilgang)","Anvendelse, i alt-(Anvendelse)",2020,1.0
Import eksklusiv told,"10120 Føde-, drikke- og tobaksvareindustri-(Tilgang)","Anvendelse, i alt-(Anvendelse)",2021,1.0271258351215242
Import eksklusiv told,"10120 Føde-, drikke- og tobaksvareindustri-(Tilgang)","Anvendelse, i alt-(Anvendelse)",2022,1.178660238421955
Import eksklusiv told,"10120 Føde-, drikke- og tobaksvareindustri-(Tilgang)",Eksport - (Anvendelse),1967,0.30503318903174764
Import eksklusiv told,"10120 Føde-, drikke- og tobaksvareindustri-(Tilgang)",Eksport - (Anvendelse),1968,0.2793239229419235
Import eksklusiv told,"10120 Føde-, drikke- og tobaksvareindustri-(Tilgang)",Eksport - (Anvendelse),1969,0.2926554394313325
Import eksklusiv told,"10120 Føde-, drikke- og tobaksvareindustri-(Tilgang)",Eksport - (Anvendelse),1970,0.29676677782584643
Import eksklusiv told,"10120 Føde-, drikke- og tobaksvareindustri-(Tilgang)",Eksport - (Anvendelse),1971,0.32218027671859334
Import eksklusiv told,"10120 Føde-, drikke- og tobaksvareindustri-(Tilgang)",Eksport - (Anvendelse),1972,0.3426467888518404
Import eksklusiv told,"10120 Føde-, drikke- og tobaksvareindustri-(Tilgang)",Eksport - (Anvendelse),1973,0.4061232592690785
Import eksklusiv told,"10120 Føde-, drikke- og tobaksvareindustri-(Tilgang)",Eksport - (Anvendelse),1974,0.46014259202400015
Import eksklusiv told,"10120 Føde-, drikke- og tobaksvareindustri-(Tilgang)",Eksport - (Anvendelse),1975,0.41547184197390197
Import eksklusiv told,"10120 Føde-, drikke- og tobaksvareindustri-(Tilgang)",Eksport - (Anvendelse),1976,0.4603981588472572
Import eksklusiv told,"10120 Føde-, drikke- og tobaksvareindustri-(Tilgang)",Eksport - (Anvendelse),1977,0.49124518547297313
Import eksklusiv told,"10120 Føde-, drikke- og tobaksvareindustri-(Tilgang)",Eksport - (Anvendelse),1978,0.5216117140460145
Import eksklusiv told,"10120 Føde-, drikke- og tobaksvareindustri-(Tilgang)",Eksport - (Anvendelse),1979,0.5408990260340646
Import eksklusiv told,"10120 Føde-, drikke- og tobaksvareindustri-(Tilgang)",Eksport - (Anvendelse),1980,0.5957762580328351
Import eksklusiv told,"10120 Føde-, drikke- og tobaksvareindustri-(Tilgang)",Eksport - (Anvendelse),1981,0.6727941153677296
Import eksklusiv told,"10120 Føde-, drikke- og tobaksvareindustri-(Tilgang)",Eksport - (Anvendelse),1982,0.7254960172750907
Import eksklusiv told,"10120 Føde-, drikke- og tobaksvareindustri-(Tilgang)",Eksport - (Anvendelse),1983,0.7774826102170675
Import eksklusiv told,"10120 Føde-, drikke- og tobaksvareindustri-(Tilgang)",Eksport - (Anvendelse),1984,0.8253736810145318
Import eksklusiv told,"10120 Føde-, drikke- og tobaksvareindustri-(Tilgang)",Eksport - (Anvendelse),1985,0.82712442211677
Import eksklusiv told,"10120 Føde-, drikke- og tobaksvareindustri-(Tilgang)",Eksport - (Anvendelse),1986,0.8728944129202468
Import eksklusiv told,"10120 Føde-, drikke- og tobaksvareindustri-(Tilgang)",Eksport - (Anvendelse),1987,0.8969798239986473
Import eksklusiv told,"10120 Føde-, drikke- og tobaksvareindustri-(Tilgang)",Eksport - (Anvendelse),1988,0.8914034254656387
Import eksklusiv told,"10120 Føde-, drikke- og tobaksvareindustri-(Tilgang)",Eksport - (Anvendelse),1989,0.8767282761104254
Import eksklusiv told,"10120 Føde-, drikke- og tobaksvareindustri-(Tilgang)",Eksport - (Anvendelse),1990,0.8459467199248275
Import eksklusiv told,"10120 Føde-, drikke- og tobaksvareindustri-(Tilgang)",Eksport - (Anvendelse),1991,0.8499144137657655
Import eksklusiv told,"10120 Føde-, drikke- og tobaksvareindustri-(Tilgang)",Eksport - (Anvendelse),1992,0.8525399917215535
Import eksklusiv told,"10120 Føde-, drikke- og tobaksvareindustri-(Tilgang)",Eksport - (Anvendelse),1993,0.7833412752126088
Import eksklusiv told,"10120 Føde-, drikke- og tobaksvareindustri-(Tilgang)",Eksport - (Anvendelse),1994,0.810718190429
Import eksklusiv told,"10120 Føde-, drikke- og tobaksvareindustri-(Tilgang)",Eksport - (Anvendelse),1995,0.8269268063381434
Import eksklusiv told,"10120 Føde-, drikke- og tobaksvareindustri-(Tilgang)",Eksport - (Anvendelse),1996,0.818414709019183
Import eksklusiv told,"10120 Føde-, drikke- og tobaksvareindustri-(Tilgang)",Eksport - (Anvendelse),1997,0.835959327695976
Import eksklusiv told,"10120 Føde-, drikke- og tobaksvareindustri-(Tilgang)",Eksport - (Anvendelse),1998,0.8747757092407672
Import eksklusiv told,"10120 Føde-, drikke- og tobaksvareindustri-(Tilgang)",Eksport - (Anvendelse),1999,0.8642139967395549
Import eksklusiv told,"10120 Føde-, drikke- og tobaksvareindustri-(Tilgang)",Eksport - (Anvendelse),2000,0.8708854653677981
Import eksklusiv told,"10120 Føde-, drikke- og tobaksvareindustri-(Tilgang)",Eksport - (Anvendelse),2001,0.8489605373737681
Import eksklusiv told,"10120 Føde-, drikke- og tobaksvareindustri-(Tilgang)",Eksport - (Anvendelse),2002,0.8418172532239228
Import eksklusiv told,"10120 Føde-, drikke- og tobaksvareindustri-(Tilgang)",Eksport - (Anvendelse),2003,0.793468312224863
Import eksklusiv told,"10120 Føde-, drikke- og tobaksvareindustri-(Tilgang)",Eksport - (Anvendelse),2004,0.7594807277311749
Import eksklusiv told,"10120 Føde-, drikke- og tobaksvareindustri-(Tilgang)",Eksport - (Anvendelse),2005,0.7834920632453891
Import eksklusiv told,"10120 Føde-, drikke- og tobaksvareindustri-(Tilgang)",Eksport - (Anvendelse),2006,0.8156493140404368
Import eksklusiv told,"10120 Føde-, drikke- og tobaksvareindustri-(Tilgang)",Eksport - (Anvendelse),2007,0.8505129850293428
Import eksklusiv told,"10120 Føde-, drikke- og tobaksvareindustri-(Tilgang)",Eksport - (Anvendelse),2008,0.844664427988867
Import eksklusiv told,"10120 Føde-, drikke- og tobaksvareindustri-(Tilgang)",Eksport - (Anvendelse),2009,0.845251286214454
Import eksklusiv told,"10120 Føde-, drikke- og tobaksvareindustri-(Tilgang)",Eksport - (Anvendelse),2010,0.872979874034334
Import eksklusiv told,"10120 Føde-, drikke- og tobaksvareindustri-(Tilgang)",Eksport - (Anvendelse),2011,0.9271292330601898
Import eksklusiv told,"10120 Føde-, drikke- og tobaksvareindustri-(Tilgang)",Eksport - (Anvendelse),2012,0.9607032362191557
Import eksklusiv told,"10120 Føde-, drikke- og tobaksvareindustri-(Tilgang)",Eksport - (Anvendelse),2013,0.9459654777110328
Import eksklusiv told,"10120 Føde-, drikke- og tobaksvareindustri-(Tilgang)",Eksport - (Anvendelse),2014,0.9416851181821545
Import eksklusiv told,"10120 Føde-, drikke- og tobaksvareindustri-(Tilgang)",Eksport - (Anvendelse),2015,0.9753612667204694
Import eksklusiv told,"10120 Føde-, drikke- og tobaksvareindustri-(Tilgang)",Eksport - (Anvendelse),2016,0.9749301614744977
Import eksklusiv told,"10120 Føde-, drikke- og tobaksvareindustri-(Tilgang)",Eksport - (Anvendelse),2017,0.9715861595842605
Import eksklusiv told,"10120 Føde-, drikke- og tobaksvareindustri-(Tilgang)",Eksport - (Anvendelse),2018,0.9792000977594648
Import eksklusiv told,"10120 Føde-, drikke- og tobaksvareindustri-(Tilgang)",Eksport - (Anvendelse),2019,1.0076680964941593
Import eksklusiv told,"10120 Føde-, drikke- og tobaksvareindustri-(Tilgang)",Eksport - (Anvendelse),2020,1.0
Import eksklusiv told,"10120 Føde-, drikke- og tobaksvareindustri-(Tilgang)",Eksport - (Anvendelse),2021,0.9967357673415657
Import eksklusiv told,"10120 Føde-, drikke- og tobaksvareindustri-(Tilgang)",Eksport - (Anvendelse),2022,1.1609475131250466
Import eksklusiv told,"10120 Føde-, drikke- og tobaksvareindustri-(Tilgang)",Faste bruttoinvesteringer + Lagerforøgelse + Værdigenstande (Anvendelse),1967,0.3787835983136981
Import eksklusiv told,"10120 Føde-, drikke- og tobaksvareindustri-(Tilgang)",Faste bruttoinvesteringer + Lagerforøgelse + Værdigenstande (Anvendelse),1968,0.4283157272582648
Import eksklusiv told,"10120 Føde-, drikke- og tobaksvareindustri-(Tilgang)",Faste bruttoinvesteringer + Lagerforøgelse + Værdigenstande (Anvendelse),1969,0.27733134481283145
Import eksklusiv told,"10120 Føde-, drikke- og tobaksvareindustri-(Tilgang)",Faste bruttoinvesteringer + Lagerforøgelse + Værdigenstande (Anvendelse),1970,0.33156129434521087
Import eksklusiv told,"10120 Føde-, drikke- og tobaksvareindustri-(Tilgang)",Faste bruttoinvesteringer + Lagerforøgelse + Værdigenstande (Anvendelse),1971,0.7798216120979384
Import eksklusiv told,"10120 Føde-, drikke- og tobaksvareindustri-(Tilgang)",Faste bruttoinvesteringer + Lagerforøgelse + Værdigenstande (Anvendelse),1972,0.9333392050618974
Import eksklusiv told,"10120 Føde-, drikke- og tobaksvareindustri-(Tilgang)",Faste bruttoinvesteringer + Lagerforøgelse + Værdigenstande (Anvendelse),1973,0.9562475590046985
Import eksklusiv told,"10120 Føde-, drikke- og tobaksvareindustri-(Tilgang)",Faste bruttoinvesteringer + Lagerforøgelse + Værdigenstande (Anvendelse),1974,0.9047674833264209
Import eksklusiv told,"10120 Føde-, drikke- og tobaksvareindustri-(Tilgang)",Faste bruttoinvesteringer + Lagerforøgelse + Værdigenstande (Anvendelse),1975,0.47831372069355443
Import eksklusiv told,"10120 Føde-, drikke- og tobaksvareindustri-(Tilgang)",Faste bruttoinvesteringer + Lagerforøgelse + Værdigenstande (Anvendelse),1976,0.11622270420685271
Import eksklusiv told,"10120 Føde-, drikke- og tobaksvareindustri-(Tilgang)",Faste bruttoinvesteringer + Lagerforøgelse + Værdigenstande (Anvendelse),1977,0.13003813355950622
Import eksklusiv told,"10120 Føde-, drikke- og tobaksvareindustri-(Tilgang)",Faste bruttoinvesteringer + Lagerforøgelse + Værdigenstande (Anvendelse),1978,0.1303649909641874
Import eksklusiv told,"10120 Føde-, drikke- og tobaksvareindustri-(Tilgang)",Faste bruttoinvesteringer + Lagerforøgelse + Værdigenstande (Anvendelse),1979,0.14744417534975537
Import eksklusiv told,"10120 Føde-, drikke- og tobaksvareindustri-(Tilgang)",Faste bruttoinvesteringer + Lagerforøgelse + Værdigenstande (Anvendelse),1980,0.21093652706292743
Import eksklusiv told,"10120 Føde-, drikke- og tobaksvareindustri-(Tilgang)",Faste bruttoinvesteringer + Lagerforøgelse + Værdigenstande (Anvendelse),1981,0.2657319673312262
Import eksklusiv told,"10120 Føde-, drikke- og tobaksvareindustri-(Tilgang)",Faste bruttoinvesteringer + Lagerforøgelse + Værdigenstande (Anvendelse),1982,0.21510688006694234
Import eksklusiv told,"10120 Føde-, drikke- og tobaksvareindustri-(Tilgang)",Faste bruttoinvesteringer + Lagerforøgelse + Værdigenstande (Anvendelse),1983,0.225573100887996
Import eksklusiv told,"10120 Føde-, drikke- og tobaksvareindustri-(Tilgang)",Faste bruttoinvesteringer + Lagerforøgelse + Værdigenstande (Anvendelse),1984,0.2377286785588685
Import eksklusiv told,"10120 Føde-, drikke- og tobaksvareindustri-(Tilgang)",Faste bruttoinvesteringer + Lagerforøgelse + Værdigenstande (Anvendelse),1985,0.27299821515949596
Import eksklusiv told,"10120 Føde-, drikke- og tobaksvareindustri-(Tilgang)",Faste bruttoinvesteringer + Lagerforøgelse + Værdigenstande (Anvendelse),1986,0.2759296793740917
Import eksklusiv told,"10120 Føde-, drikke- og tobaksvareindustri-(Tilgang)",Faste bruttoinvesteringer + Lagerforøgelse + Værdigenstande (Anvendelse),1987,0.05933682243275603
Import eksklusiv told,"10120 Føde-, drikke- og tobaksvareindustri-(Tilgang)",Faste bruttoinvesteringer + Lagerforøgelse + Værdigenstande (Anvendelse),1988,0.05864586986871878
Import eksklusiv told,"10120 Føde-, drikke- og tobaksvareindustri-(Tilgang)",Faste bruttoinvesteringer + Lagerforøgelse + Værdigenstande (Anvendelse),1989,0.06599187712368083
Import eksklusiv told,"10120 Føde-, drikke- og tobaksvareindustri-(Tilgang)",Faste bruttoinvesteringer + Lagerforøgelse + Værdigenstande (Anvendelse),1990,0.05955240632376942
Import eksklusiv told,"10120 Føde-, drikke- og tobaksvareindustri-(Tilgang)",Faste bruttoinvesteringer + Lagerforøgelse + Værdigenstande (Anvendelse),1991,0.06734984289202953
Import eksklusiv told,"10120 Føde-, drikke- og tobaksvareindustri-(Tilgang)",Faste bruttoinvesteringer + Lagerforøgelse + Værdigenstande (Anvendelse),1992,0.5998775171457559
Import eksklusiv told,"10120 Føde-, drikke- og tobaksvareindustri-(Tilgang)",Faste bruttoinvesteringer + Lagerforøgelse + Værdigenstande (Anvendelse),1993,0.6439527725696308
Import eksklusiv told,"10120 Føde-, drikke- og tobaksvareindustri-(Tilgang)",Faste bruttoinvesteringer + Lagerforøgelse + Værdigenstande (Anvendelse),1994,0.6295722273985728
Import eksklusiv told,"10120 Føde-, drikke- og tobaksvareindustri-(Tilgang)",Faste bruttoinvesteringer + Lagerforøgelse + Værdigenstande (Anvendelse),1995,0.5782661913686337
Import eksklusiv told,"10120 Føde-, drikke- og tobaksvareindustri-(Tilgang)",Faste bruttoinvesteringer + Lagerforøgelse + Værdigenstande (Anvendelse),1996,0.6141986524522672
Import eksklusiv told,"10120 Føde-, drikke- og tobaksvareindustri-(Tilgang)",Faste bruttoinvesteringer + Lagerforøgelse + Værdigenstande (Anvendelse),1997,1.6126606182417964
Import eksklusiv told,"10120 Føde-, drikke- og tobaksvareindustri-(Tilgang)",Faste bruttoinvesteringer + Lagerforøgelse + Værdigenstande (Anvendelse),1998,1.2391541809142457
Import eksklusiv told,"10120 Føde-, drikke- og tobaksvareindustri-(Tilgang)",Faste bruttoinvesteringer + Lagerforøgelse + Værdigenstande (Anvendelse),1999,-0.3227160684927101
Import eksklusiv told,"10120 Føde-, drikke- og tobaksvareindustri-(Tilgang)",Faste bruttoinvesteringer + Lagerforøgelse + Værdigenstande (Anvendelse),2000,-0.4248463722762977
Import eksklusiv told,"10120 Føde-, drikke- og tobaksvareindustri-(Tilgang)",Faste bruttoinvesteringer + Lagerforøgelse + Værdigenstande (Anvendelse),2001,-0.41180776832051974
Import eksklusiv told,"10120 Føde-, drikke- og tobaksvareindustri-(Tilgang)",Faste bruttoinvesteringer + Lagerforøgelse + Værdigenstande (Anvendelse),2002,-0.4090801847530369
Import eksklusiv told,"10120 Føde-, drikke- og tobaksvareindustri-(Tilgang)",Faste bruttoinvesteringer + Lagerforøgelse + Værdigenstande (Anvendelse),2003,-0.4152140346004727
Import eksklusiv told,"10120 Føde-, drikke- og tobaksvareindustri-(Tilgang)",Faste bruttoinvesteringer + Lagerforøgelse + Værdigenstande (Anvendelse),2004,-0.5355728618014032
Import eksklusiv told,"10120 Føde-, drikke- og tobaksvareindustri-(Tilgang)",Faste bruttoinvesteringer + Lagerforøgelse + Værdigenstande (Anvendelse),2005,-0.6943772725786154
Import eksklusiv told,"10120 Føde-, drikke- og tobaksvareindustri-(Tilgang)",Faste bruttoinvesteringer + Lagerforøgelse + Værdigenstande (Anvendelse),2006,-0.7626158737701985
Import eksklusiv told,"10120 Føde-, drikke- og tobaksvareindustri-(Tilgang)",Faste bruttoinvesteringer + Lagerforøgelse + Værdigenstande (Anvendelse),2007,-1.0735741648279469
Import eksklusiv told,"10120 Føde-, drikke- og tobaksvareindustri-(Tilgang)",Faste bruttoinvesteringer + Lagerforøgelse + Værdigenstande (Anvendelse),2008,-1.1704606876352868
Import eksklusiv told,"10120 Føde-, drikke- og tobaksvareindustri-(Tilgang)",Faste bruttoinvesteringer + Lagerforøgelse + Værdigenstande (Anvendelse),2009,-1.4197543099704681
Import eksklusiv told,"10120 Føde-, drikke- og tobaksvareindustri-(Tilgang)",Faste bruttoinvesteringer + Lagerforøgelse + Værdigenstande (Anvendelse),2010,-1.5498971856539678
Import eksklusiv told,"10120 Føde-, drikke- og tobaksvareindustri-(Tilgang)",Faste bruttoinvesteringer + Lagerforøgelse + Værdigenstande (Anvendelse),2011,-1.4288213939350147
Import eksklusiv told,"10120 Føde-, drikke- og tobaksvareindustri-(Tilgang)",Faste bruttoinvesteringer + Lagerforøgelse + Værdigenstande (Anvendelse),2012,1.3284620775588825
Import eksklusiv told,"10120 Føde-, drikke- og tobaksvareindustri-(Tilgang)",Faste bruttoinvesteringer + Lagerforøgelse + Værdigenstande (Anvendelse),2013,1.3653330332172564
Import eksklusiv told,"10120 Føde-, drikke- og tobaksvareindustri-(Tilgang)",Faste bruttoinvesteringer + Lagerforøgelse + Værdigenstande (Anvendelse),2014,1.3730106505421318
Import eksklusiv told,"10120 Føde-, drikke- og tobaksvareindustri-(Tilgang)",Faste bruttoinvesteringer + Lagerforøgelse + Værdigenstande (Anvendelse),2015,1.3362642491835595
Import eksklusiv told,"10120 Føde-, drikke- og tobaksvareindustri-(Tilgang)",Faste bruttoinvesteringer + Lagerforøgelse + Værdigenstande (Anvendelse),2016,1.3038683585825082
Import eksklusiv told,"10120 Føde-, drikke- og tobaksvareindustri-(Tilgang)",Faste bruttoinvesteringer + Lagerforøgelse + Værdigenstande (Anvendelse),2017,1.3271388138806586
Import eksklusiv told,"10120 Føde-, drikke- og tobaksvareindustri-(Tilgang)",Faste bruttoinvesteringer + Lagerforøgelse + Værdigenstande (Anvendelse),2018,1.3080917112176107
Import eksklusiv told,"10120 Føde-, drikke- og tobaksvareindustri-(Tilgang)",Faste bruttoinvesteringer + Lagerforøgelse + Værdigenstande (Anvendelse),2019,1.135175194166123
Import eksklusiv told,"10120 Føde-, drikke- og tobaksvareindustri-(Tilgang)",Faste bruttoinvesteringer + Lagerforøgelse + Værdigenstande (Anvendelse),2020,1.0
Import eksklusiv told,"10120 Føde-, drikke- og tobaksvareindustri-(Tilgang)",Faste bruttoinvesteringer + Lagerforøgelse + Værdigenstande (Anvendelse),2021,1.2062682829847586
Import eksklusiv told,"10120 Føde-, drikke- og tobaksvareindustri-(Tilgang)",Faste bruttoinvesteringer + Lagerforøgelse + Værdigenstande (Anvendelse),2022,1.4031182239586506
Import eksklusiv told,"10120 Føde-, drikke- og tobaksvareindustri-(Tilgang)",Husholdningernes forbrugsudgifter + NPISH (Anvendelse),1967,0.2932360729697353
Import eksklusiv told,"10120 Føde-, drikke- og tobaksvareindustri-(Tilgang)",Husholdningernes forbrugsudgifter + NPISH (Anvendelse),1968,0.2940333961495794
Import eksklusiv told,"10120 Føde-, drikke- og tobaksvareindustri-(Tilgang)",Husholdningernes forbrugsudgifter + NPISH (Anvendelse),1969,0.29564866714339605
Import eksklusiv told,"10120 Føde-, drikke- og tobaksvareindustri-(Tilgang)",Husholdningernes forbrugsudgifter + NPISH (Anvendelse),1970,0.30289458193925123
Import eksklusiv told,"10120 Føde-, drikke- og tobaksvareindustri-(Tilgang)",Husholdningernes forbrugsudgifter + NPISH (Anvendelse),1971,0.3093867959399905
Import eksklusiv told,"10120 Føde-, drikke- og tobaksvareindustri-(Tilgang)",Husholdningernes forbrugsudgifter + NPISH (Anvendelse),1972,0.30784015136523185
Import eksklusiv told,"10120 Føde-, drikke- og tobaksvareindustri-(Tilgang)",Husholdningernes forbrugsudgifter + NPISH (Anvendelse),1973,0.3374214046743155
Import eksklusiv told,"10120 Føde-, drikke- og tobaksvareindustri-(Tilgang)",Husholdningernes forbrugsudgifter + NPISH (Anvendelse),1974,0.39066560975154124
Import eksklusiv told,"10120 Føde-, drikke- og tobaksvareindustri-(Tilgang)",Husholdningernes forbrugsudgifter + NPISH (Anvendelse),1975,0.4106802997958799
Import eksklusiv told,"10120 Føde-, drikke- og tobaksvareindustri-(Tilgang)",Husholdningernes forbrugsudgifter + NPISH (Anvendelse),1976,0.43695583440799934
Import eksklusiv told,"10120 Føde-, drikke- og tobaksvareindustri-(Tilgang)",Husholdningernes forbrugsudgifter + NPISH (Anvendelse),1977,0.47424632772348824
Import eksklusiv told,"10120 Føde-, drikke- og tobaksvareindustri-(Tilgang)",Husholdningernes forbrugsudgifter + NPISH (Anvendelse),1978,0.5089301487747663
Import eksklusiv told,"10120 Føde-, drikke- og tobaksvareindustri-(Tilgang)",Husholdningernes forbrugsudgifter + NPISH (Anvendelse),1979,0.5463448916405961
Import eksklusiv told,"10120 Føde-, drikke- og tobaksvareindustri-(Tilgang)",Husholdningernes forbrugsudgifter + NPISH (Anvendelse),1980,0.5749912732792751
Import eksklusiv told,"10120 Føde-, drikke- og tobaksvareindustri-(Tilgang)",Husholdningernes forbrugsudgifter + NPISH (Anvendelse),1981,0.6302431061153179
Import eksklusiv told,"10120 Føde-, drikke- og tobaksvareindustri-(Tilgang)",Husholdningernes forbrugsudgifter + NPISH (Anvendelse),1982,0.6813913399802619
Import eksklusiv told,"10120 Føde-, drikke- og tobaksvareindustri-(Tilgang)",Husholdningernes forbrugsudgifter + NPISH (Anvendelse),1983,0.7198772299853053
Import eksklusiv told,"10120 Føde-, drikke- og tobaksvareindustri-(Tilgang)",Husholdningernes forbrugsudgifter + NPISH (Anvendelse),1984,0.7533880419637703
Import eksklusiv told,"10120 Føde-, drikke- og tobaksvareindustri-(Tilgang)",Husholdningernes forbrugsudgifter + NPISH (Anvendelse),1985,0.760272607051719
Import eksklusiv told,"10120 Føde-, drikke- og tobaksvareindustri-(Tilgang)",Husholdningernes forbrugsudgifter + NPISH (Anvendelse),1986,0.7746176391865647
Import eksklusiv told,"10120 Føde-, drikke- og tobaksvareindustri-(Tilgang)",Husholdningernes forbrugsudgifter + NPISH (Anvendelse),1987,0.7738308320280296
Import eksklusiv told,"10120 Føde-, drikke- og tobaksvareindustri-(Tilgang)",Husholdningernes forbrugsudgifter + NPISH (Anvendelse),1988,0.7844209760581453
Import eksklusiv told,"10120 Føde-, drikke- og tobaksvareindustri-(Tilgang)",Husholdningernes forbrugsudgifter + NPISH (Anvendelse),1989,0.8015466352999744
Import eksklusiv told,"10120 Føde-, drikke- og tobaksvareindustri-(Tilgang)",Husholdningernes forbrugsudgifter + NPISH (Anvendelse),1990,0.8199064409267227
Import eksklusiv told,"10120 Føde-, drikke- og tobaksvareindustri-(Tilgang)",Husholdningernes forbrugsudgifter + NPISH (Anvendelse),1991,0.8281533663394023
Import eksklusiv told,"10120 Føde-, drikke- og tobaksvareindustri-(Tilgang)",Husholdningernes forbrugsudgifter + NPISH (Anvendelse),1992,0.8520748952494195
Import eksklusiv told,"10120 Føde-, drikke- og tobaksvareindustri-(Tilgang)",Husholdningernes forbrugsudgifter + NPISH (Anvendelse),1993,0.8258738146900974
Import eksklusiv told,"10120 Føde-, drikke- og tobaksvareindustri-(Tilgang)",Husholdningernes forbrugsudgifter + NPISH (Anvendelse),1994,0.8498785524929339
Import eksklusiv told,"10120 Føde-, drikke- og tobaksvareindustri-(Tilgang)",Husholdningernes forbrugsudgifter + NPISH (Anvendelse),1995,0.8434094889007839
Import eksklusiv told,"10120 Føde-, drikke- og tobaksvareindustri-(Tilgang)",Husholdningernes forbrugsudgifter + NPISH (Anvendelse),1996,0.84944638625321
Import eksklusiv told,"10120 Føde-, drikke- og tobaksvareindustri-(Tilgang)",Husholdningernes forbrugsudgifter + NPISH (Anvendelse),1997,0.8575660226459851
Import eksklusiv told,"10120 Føde-, drikke- og tobaksvareindustri-(Tilgang)",Husholdningernes forbrugsudgifter + NPISH (Anvendelse),1998,0.8537163886715224
Import eksklusiv told,"10120 Føde-, drikke- og tobaksvareindustri-(Tilgang)",Husholdningernes forbrugsudgifter + NPISH (Anvendelse),1999,0.8618502135730388
Import eksklusiv told,"10120 Føde-, drikke- og tobaksvareindustri-(Tilgang)",Husholdningernes forbrugsudgifter + NPISH (Anvendelse),2000,0.8774284390280693
Import eksklusiv told,"10120 Føde-, drikke- og tobaksvareindustri-(Tilgang)",Husholdningernes forbrugsudgifter + NPISH (Anvendelse),2001,0.8945017663971648
Import eksklusiv told,"10120 Føde-, drikke- og tobaksvareindustri-(Tilgang)",Husholdningernes forbrugsudgifter + NPISH (Anvendelse),2002,0.8954988126965611
Import eksklusiv told,"10120 Føde-, drikke- og tobaksvareindustri-(Tilgang)",Husholdningernes forbrugsudgifter + NPISH (Anvendelse),2003,0.8974616817561388
Import eksklusiv told,"10120 Føde-, drikke- og tobaksvareindustri-(Tilgang)",Husholdningernes forbrugsudgifter + NPISH (Anvendelse),2004,0.8952057591056074
Import eksklusiv told,"10120 Føde-, drikke- og tobaksvareindustri-(Tilgang)",Husholdningernes forbrugsudgifter + NPISH (Anvendelse),2005,0.8606959427633296
Import eksklusiv told,"10120 Føde-, drikke- og tobaksvareindustri-(Tilgang)",Husholdningernes forbrugsudgifter + NPISH (Anvendelse),2006,0.8435564717820772
Import eksklusiv told,"10120 Føde-, drikke- og tobaksvareindustri-(Tilgang)",Husholdningernes forbrugsudgifter + NPISH (Anvendelse),2007,0.8317242981799441
Import eksklusiv told,"10120 Føde-, drikke- og tobaksvareindustri-(Tilgang)",Husholdningernes forbrugsudgifter + NPISH (Anvendelse),2008,0.8992024440829378
Import eksklusiv told,"10120 Føde-, drikke- og tobaksvareindustri-(Tilgang)",Husholdningernes forbrugsudgifter + NPISH (Anvendelse),2009,0.8885649473865325
Import eksklusiv told,"10120 Føde-, drikke- og tobaksvareindustri-(Tilgang)",Husholdningernes forbrugsudgifter + NPISH (Anvendelse),2010,0.9038637707461082
Import eksklusiv told,"10120 Føde-, drikke- og tobaksvareindustri-(Tilgang)",Husholdningernes forbrugsudgifter + NPISH (Anvendelse),2011,0.953531622119029
Import eksklusiv told,"10120 Føde-, drikke- og tobaksvareindustri-(Tilgang)",Husholdningernes forbrugsudgifter + NPISH (Anvendelse),2012,0.9680992517017527
Import eksklusiv told,"10120 Føde-, drikke- og tobaksvareindustri-(Tilgang)",Husholdningernes forbrugsudgifter + NPISH (Anvendelse),2013,0.967674851271062
Import eksklusiv told,"10120 Føde-, drikke- og tobaksvareindustri-(Tilgang)",Husholdningernes forbrugsudgifter + NPISH (Anvendelse),2014,0.9583286569449552
Import eksklusiv told,"10120 Føde-, drikke- og tobaksvareindustri-(Tilgang)",Husholdningernes forbrugsudgifter + NPISH (Anvendelse),2015,0.9593574595728189
Import eksklusiv told,"10120 Føde-, drikke- og tobaksvareindustri-(Tilgang)",Husholdningernes forbrugsudgifter + NPISH (Anvendelse),2016,0.9603258070098903
Import eksklusiv told,"10120 Føde-, drikke- og tobaksvareindustri-(Tilgang)",Husholdningernes forbrugsudgifter + NPISH (Anvendelse),2017,0.974368196679204
Import eksklusiv told,"10120 Føde-, drikke- og tobaksvareindustri-(Tilgang)",Husholdningernes forbrugsudgifter + NPISH (Anvendelse),2018,0.9757840098515853
Import eksklusiv told,"10120 Føde-, drikke- og tobaksvareindustri-(Tilgang)",Husholdningernes forbrugsudgifter + NPISH (Anvendelse),2019,0.9900338174542005
Import eksklusiv told,"10120 Føde-, drikke- og tobaksvareindustri-(Tilgang)",Husholdningernes forbrugsudgifter + NPISH (Anvendelse),2020,1.0
Import eksklusiv told,"10120 Føde-, drikke- og tobaksvareindustri-(Tilgang)",Husholdningernes forbrugsudgifter + NPISH (Anvendelse),2021,1.003282193043567
Import eksklusiv told,"10120 Føde-, drikke- og tobaksvareindustri-(Tilgang)",Husholdningernes forbrugsudgifter + NPISH (Anvendelse),2022,1.0969396331299273
Import eksklusiv told,"10120 Føde-, drikke- og tobaksvareindustri-(Tilgang)","Offentligt forbrug, i alt-(Anvendelse)",1967,11.44962468796238
Import eksklusiv told,"10120 Føde-, drikke- og tobaksvareindustri-(Tilgang)","Offentligt forbrug, i alt-(Anvendelse)",1968,7.386854637395084
Import eksklusiv told,"10120 Føde-, drikke- og tobaksvareindustri-(Tilgang)","Offentligt forbrug, i alt-(Anvendelse)",1969,4.9719213905543835
Import eksklusiv told,"10120 Føde-, drikke- og tobaksvareindustri-(Tilgang)","Offentligt forbrug, i alt-(Anvendelse)",1970,3.341783229716881
Import eksklusiv told,"10120 Føde-, drikke- og tobaksvareindustri-(Tilgang)","Offentligt forbrug, i alt-(Anvendelse)",1971,2.656991584283094
Import eksklusiv told,"10120 Føde-, drikke- og tobaksvareindustri-(Tilgang)","Offentligt forbrug, i alt-(Anvendelse)",1972,3.542655445710792
Import eksklusiv told,"10120 Føde-, drikke- og tobaksvareindustri-(Tilgang)","Offentligt forbrug, i alt-(Anvendelse)",1973,1.7150950967330025
Import eksklusiv told,"10120 Føde-, drikke- og tobaksvareindustri-(Tilgang)","Offentligt forbrug, i alt-(Anvendelse)",1974,1.6021247610200502
Import eksklusiv told,"10120 Føde-, drikke- og tobaksvareindustri-(Tilgang)","Offentligt forbrug, i alt-(Anvendelse)",1975,1.4679153569555432
Import eksklusiv told,"10120 Føde-, drikke- og tobaksvareindustri-(Tilgang)","Offentligt forbrug, i alt-(Anvendelse)",1976,1.4222806826460443
Import eksklusiv told,"10120 Føde-, drikke- og tobaksvareindustri-(Tilgang)","Offentligt forbrug, i alt-(Anvendelse)",1977,1.34360132573371
Import eksklusiv told,"10120 Føde-, drikke- og tobaksvareindustri-(Tilgang)","Offentligt forbrug, i alt-(Anvendelse)",1978,1.1248755285212457
Import eksklusiv told,"10120 Føde-, drikke- og tobaksvareindustri-(Tilgang)","Offentligt forbrug, i alt-(Anvendelse)",1979,1.0265854337960882
Import eksklusiv told,"10120 Føde-, drikke- og tobaksvareindustri-(Tilgang)","Offentligt forbrug, i alt-(Anvendelse)",1980,1.142207684018856
Import eksklusiv told,"10120 Føde-, drikke- og tobaksvareindustri-(Tilgang)","Offentligt forbrug, i alt-(Anvendelse)",1981,1.1232760649467202
Import eksklusiv told,"10120 Føde-, drikke- og tobaksvareindustri-(Tilgang)","Offentligt forbrug, i alt-(Anvendelse)",1982,1.109709928896639
Import eksklusiv told,"10120 Føde-, drikke- og tobaksvareindustri-(Tilgang)","Offentligt forbrug, i alt-(Anvendelse)",1983,1.0433170271677803
Import eksklusiv told,"10120 Føde-, drikke- og tobaksvareindustri-(Tilgang)","Offentligt forbrug, i alt-(Anvendelse)",1984,1.0036973932247002
Import eksklusiv told,"10120 Føde-, drikke- og tobaksvareindustri-(Tilgang)","Offentligt forbrug, i alt-(Anvendelse)",1985,0.8541739801929384
Import eksklusiv told,"10120 Føde-, drikke- og tobaksvareindustri-(Tilgang)","Offentligt forbrug, i alt-(Anvendelse)",1986,0.7674774530851693
Import eksklusiv told,"10120 Føde-, drikke- og tobaksvareindustri-(Tilgang)","Offentligt forbrug, i alt-(Anvendelse)",1987,0.6924352132279528
Import eksklusiv told,"10120 Føde-, drikke- og tobaksvareindustri-(Tilgang)","Offentligt forbrug, i alt-(Anvendelse)",1988,0.62243493210928
Import eksklusiv told,"10120 Føde-, drikke- og tobaksvareindustri-(Tilgang)","Offentligt forbrug, i alt-(Anvendelse)",1989,0.5600272080455527
Import eksklusiv told,"10120 Føde-, drikke- og tobaksvareindustri-(Tilgang)","Offentligt forbrug, i alt-(Anvendelse)",1990,0.6313476050180689
Import eksklusiv told,"10120 Føde-, drikke- og tobaksvareindustri-(Tilgang)","Offentligt forbrug, i alt-(Anvendelse)",1991,0.6465485906926611
Import eksklusiv told,"10120 Føde-, drikke- og tobaksvareindustri-(Tilgang)","Offentligt forbrug, i alt-(Anvendelse)",1992,0.6809852666283556
Import eksklusiv told,"10120 Føde-, drikke- og tobaksvareindustri-(Tilgang)","Offentligt forbrug, i alt-(Anvendelse)",1993,0.6746881769765742
Import eksklusiv told,"10120 Føde-, drikke- og tobaksvareindustri-(Tilgang)","Offentligt forbrug, i alt-(Anvendelse)",1994,0.7008553284945336
Import eksklusiv told,"10120 Føde-, drikke- og tobaksvareindustri-(Tilgang)","Offentligt forbrug, i alt-(Anvendelse)",1995,0.6869494688021817
Import eksklusiv told,"10120 Føde-, drikke- og tobaksvareindustri-(Tilgang)","Offentligt forbrug, i alt-(Anvendelse)",1996,0.6938342630329385
Import eksklusiv told,"10120 Føde-, drikke- og tobaksvareindustri-(Tilgang)","Offentligt forbrug, i alt-(Anvendelse)",1997,0.6963078254679934
Import eksklusiv told,"10120 Føde-, drikke- og tobaksvareindustri-(Tilgang)","Offentligt forbrug, i alt-(Anvendelse)",1998,0.7123644176188301
Import eksklusiv told,"10120 Føde-, drikke- og tobaksvareindustri-(Tilgang)","Offentligt forbrug, i alt-(Anvendelse)",1999,0.7438419675076811
Import eksklusiv told,"10120 Føde-, drikke- og tobaksvareindustri-(Tilgang)","Offentligt forbrug, i alt-(Anvendelse)",2000,0.7754755870250186
Import eksklusiv told,"10120 Føde-, drikke- og tobaksvareindustri-(Tilgang)","Offentligt forbrug, i alt-(Anvendelse)",2001,0.8016273557067433
Import eksklusiv told,"10120 Føde-, drikke- og tobaksvareindustri-(Tilgang)","Offentligt forbrug, i alt-(Anvendelse)",2002,0.8034245298965932
Import eksklusiv told,"10120 Føde-, drikke- og tobaksvareindustri-(Tilgang)","Offentligt forbrug, i alt-(Anvendelse)",2003,0.8629588655651895
Import eksklusiv told,"10120 Føde-, drikke- og tobaksvareindustri-(Tilgang)","Offentligt forbrug, i alt-(Anvendelse)",2004,0.8532957429225414
Import eksklusiv told,"10120 Føde-, drikke- og tobaksvareindustri-(Tilgang)","Offentligt forbrug, i alt-(Anvendelse)",2005,0.8595652907915731
Import eksklusiv told,"10120 Føde-, drikke- og tobaksvareindustri-(Tilgang)","Offentligt forbrug, i alt-(Anvendelse)",2006,0.9886297577783283
Import eksklusiv told,"10120 Føde-, drikke- og tobaksvareindustri-(Tilgang)","Offentligt forbrug, i alt-(Anvendelse)",2007,1.1163208828522653
Import eksklusiv told,"10120 Føde-, drikke- og tobaksvareindustri-(Tilgang)","Offentligt forbrug, i alt-(Anvendelse)",2008,1.1546324533058887
Import eksklusiv told,"10120 Føde-, drikke- og tobaksvareindustri-(Tilgang)","Offentligt forbrug, i alt-(Anvendelse)",2009,0.9714944398813196
Import eksklusiv told,"10120 Føde-, drikke- og tobaksvareindustri-(Tilgang)","Offentligt forbrug, i alt-(Anvendelse)",2010,0.9359038820518537
Import eksklusiv told,"10120 Føde-, drikke- og tobaksvareindustri-(Tilgang)","Offentligt forbrug, i alt-(Anvendelse)",2011,0.9465970106865824
Import eksklusiv told,"10120 Føde-, drikke- og tobaksvareindustri-(Tilgang)","Offentligt forbrug, i alt-(Anvendelse)",2012,0.939521468339529
Import eksklusiv told,"10120 Føde-, drikke- og tobaksvareindustri-(Tilgang)","Offentligt forbrug, i alt-(Anvendelse)",2013,0.9627207664831093
Import eksklusiv told,"10120 Føde-, drikke- og tobaksvareindustri-(Tilgang)","Offentligt forbrug, i alt-(Anvendelse)",2014,0.9519115999568162
Import eksklusiv told,"10120 Føde-, drikke- og tobaksvareindustri-(Tilgang)","Offentligt forbrug, i alt-(Anvendelse)",2015,0.9122821639710484
Import eksklusiv told,"10120 Føde-, drikke- og tobaksvareindustri-(Tilgang)","Offentligt forbrug, i alt-(Anvendelse)",2016,0.9040789122055828
Import eksklusiv told,"10120 Føde-, drikke- og tobaksvareindustri-(Tilgang)","Offentligt forbrug, i alt-(Anvendelse)",2017,0.9019020676071293
Import eksklusiv told,"10120 Føde-, drikke- og tobaksvareindustri-(Tilgang)","Offentligt forbrug, i alt-(Anvendelse)",2018,0.9010036547244388
Import eksklusiv told,"10120 Føde-, drikke- og tobaksvareindustri-(Tilgang)","Offentligt forbrug, i alt-(Anvendelse)",2019,0.9906840224604391
Import eksklusiv told,"10120 Føde-, drikke- og tobaksvareindustri-(Tilgang)","Offentligt forbrug, i alt-(Anvendelse)",2020,1.0
Import eksklusiv told,"10120 Føde-, drikke- og tobaksvareindustri-(Tilgang)","Offentligt forbrug, i alt-(Anvendelse)",2021,1.0014425166976249
Import eksklusiv told,"10120 Føde-, drikke- og tobaksvareindustri-(Tilgang)","Offentligt forbrug, i alt-(Anvendelse)",2022,1.0026840716634984
Import eksklusiv told,"10120 Føde-, drikke- og tobaksvareindustri-(Tilgang)",Privat,1967,0.27694161419984487
Import eksklusiv told,"10120 Føde-, drikke- og tobaksvareindustri-(Tilgang)",Privat,1968,0.2844858675880686
Import eksklusiv told,"10120 Føde-, drikke- og tobaksvareindustri-(Tilgang)",Privat,1969,0.2867163560836185
Import eksklusiv told,"10120 Føde-, drikke- og tobaksvareindustri-(Tilgang)",Privat,1970,0.304201352776754
Import eksklusiv told,"10120 Føde-, drikke- og tobaksvareindustri-(Tilgang)",Privat,1971,0.3140311498830407
Import eksklusiv told,"10120 Føde-, drikke- og tobaksvareindustri-(Tilgang)",Privat,1972,0.32711914850049617
Import eksklusiv told,"10120 Føde-, drikke- og tobaksvareindustri-(Tilgang)",Privat,1973,0.43321498011045223
Import eksklusiv told,"10120 Føde-, drikke- og tobaksvareindustri-(Tilgang)",Privat,1974,0.45966939795302025
Import eksklusiv told,"10120 Føde-, drikke- og tobaksvareindustri-(Tilgang)",Privat,1975,0.4195480720364687
Import eksklusiv told,"10120 Føde-, drikke- og tobaksvareindustri-(Tilgang)",Privat,1976,0.46903188062446943
Import eksklusiv told,"10120 Føde-, drikke- og tobaksvareindustri-(Tilgang)",Privat,1977,0.5325218704897005
Import eksklusiv told,"10120 Føde-, drikke- og tobaksvareindustri-(Tilgang)",Privat,1978,0.5017299931694216
Import eksklusiv told,"10120 Føde-, drikke- og tobaksvareindustri-(Tilgang)",Privat,1979,0.5433174879528954
Import eksklusiv told,"10120 Føde-, drikke- og tobaksvareindustri-(Tilgang)",Privat,1980,0.6059442475956779
Import eksklusiv told,"10120 Føde-, drikke- og tobaksvareindustri-(Tilgang)",Privat,1981,0.72393328158679
Import eksklusiv told,"10120 Føde-, drikke- og tobaksvareindustri-(Tilgang)",Privat,1982,0.7660938009998367
Import eksklusiv told,"10120 Føde-, drikke- og tobaksvareindustri-(Tilgang)",Privat,1983,0.8176509523364953
Import eksklusiv told,"10120 Føde-, drikke- og tobaksvareindustri-(Tilgang)",Privat,1984,0.9007952272364529
Import eksklusiv told,"10120 Føde-, drikke- og tobaksvareindustri-(Tilgang)",Privat,1985,0.7975687146691381
Import eksklusiv told,"10120 Føde-, drikke- og tobaksvareindustri-(Tilgang)",Privat,1986,0.7198968965873137
Import eksklusiv told,"10120 Føde-, drikke- og tobaksvareindustri-(Tilgang)",Privat,1987,0.6874216875929734
Import eksklusiv told,"10120 Føde-, drikke- og tobaksvareindustri-(Tilgang)",Privat,1988,0.7265649637365501
Import eksklusiv told,"10120 Føde-, drikke- og tobaksvareindustri-(Tilgang)",Privat,1989,0.7687407531260684
Import eksklusiv told,"10120 Føde-, drikke- og tobaksvareindustri-(Tilgang)",Privat,1990,0.7021440033692598
Import eksklusiv told,"10120 Føde-, drikke- og tobaksvareindustri-(Tilgang)",Privat,1991,0.7035533336650688
Import eksklusiv told,"10120 Føde-, drikke- og tobaksvareindustri-(Tilgang)",Privat,1992,0.7114057622290114
Import eksklusiv told,"10120 Føde-, drikke- og tobaksvareindustri-(Tilgang)",Privat,1993,0.7124404218679854
Import eksklusiv told,"10120 Føde-, drikke- og tobaksvareindustri-(Tilgang)",Privat,1994,0.707593646962141
Import eksklusiv told,"10120 Føde-, drikke- og tobaksvareindustri-(Tilgang)",Privat,1995,0.6953965791024626
Import eksklusiv told,"10120 Føde-, drikke- og tobaksvareindustri-(Tilgang)",Privat,1996,0.7184191028020258
Import eksklusiv told,"10120 Føde-, drikke- og tobaksvareindustri-(Tilgang)",Privat,1997,0.74976324820634
Import eksklusiv told,"10120 Føde-, drikke- og tobaksvareindustri-(Tilgang)",Privat,1998,0.7115161295139819
Import eksklusiv told,"10120 Føde-, drikke- og tobaksvareindustri-(Tilgang)",Privat,1999,0.669829000003184
Import eksklusiv told,"10120 Føde-, drikke- og tobaksvareindustri-(Tilgang)",Privat,2000,0.7012620762393739
Import eksklusiv told,"10120 Føde-, drikke- og tobaksvareindustri-(Tilgang)",Privat,2001,0.7250526757621217
Import eksklusiv told,"10120 Føde-, drikke- og tobaksvareindustri-(Tilgang)",Privat,2002,0.7218058987725622
Import eksklusiv told,"10120 Føde-, drikke- og tobaksvareindustri-(Tilgang)",Privat,2003,0.7183061844839032
Import eksklusiv told,"10120 Føde-, drikke- og tobaksvareindustri-(Tilgang)",Privat,2004,0.7280484958464793
Import eksklusiv told,"10120 Føde-, drikke- og tobaksvareindustri-(Tilgang)",Privat,2005,0.748372930992014
Import eksklusiv told,"10120 Føde-, drikke- og tobaksvareindustri-(Tilgang)",Privat,2006,0.7743624349134176
Import eksklusiv told,"10120 Føde-, drikke- og tobaksvareindustri-(Tilgang)",Privat,2007,0.8395011849128501
Import eksklusiv told,"10120 Føde-, drikke- og tobaksvareindustri-(Tilgang)",Privat,2008,0.8910638823142615
Import eksklusiv told,"10120 Føde-, drikke- og tobaksvareindustri-(Tilgang)",Privat,2009,0.8299588543841424
Import eksklusiv told,"10120 Føde-, drikke- og tobaksvareindustri-(Tilgang)",Privat,2010,0.8793566136071689
Import eksklusiv told,"10120 Føde-, drikke- og tobaksvareindustri-(Tilgang)",Privat,2011,0.94633664275196
Import eksklusiv told,"10120 Føde-, drikke- og tobaksvareindustri-(Tilgang)",Privat,2012,1.0018269310817747
Import eksklusiv told,"10120 Føde-, drikke- og tobaksvareindustri-(Tilgang)",Privat,2013,1.0094872535889923
Import eksklusiv told,"10120 Føde-, drikke- og tobaksvareindustri-(Tilgang)",Privat,2014,0.9732433073496657
Import eksklusiv told,"10120 Føde-, drikke- og tobaksvareindustri-(Tilgang)",Privat,2015,0.9592505280148599
Import eksklusiv told,"10120 Føde-, drikke- og tobaksvareindustri-(Tilgang)",Privat,2016,0.9586483197896645
Import eksklusiv told,"10120 Føde-, drikke- og tobaksvareindustri-(Tilgang)",Privat,2017,0.9657543663247556
Import eksklusiv told,"10120 Føde-, drikke- og tobaksvareindustri-(Tilgang)",Privat,2018,0.9648995244001282
Import eksklusiv told,"10120 Føde-, drikke- og tobaksvareindustri-(Tilgang)",Privat,2019,0.971560155410647
Import eksklusiv told,"10120 Føde-, drikke- og tobaksvareindustri-(Tilgang)",Privat,2020,1.0
Import eksklusiv told,"10120 Føde-, drikke- og tobaksvareindustri-(Tilgang)",Privat,2021,1.0707992325663778
Import eksklusiv told,"10120 Føde-, drikke- og tobaksvareindustri-(Tilgang)",Privat,2022,1.273583855915344
Import eksklusiv told,"10120 Føde-, drikke- og tobaksvareindustri-(Tilgang)",REST_ANVENDELSE Øvrige brancher,1967,0.1967143126328488
Import eksklusiv told,"10120 Føde-, drikke- og tobaksvareindustri-(Tilgang)",REST_ANVENDELSE Øvrige brancher,1968,0.20142766762421205
Import eksklusiv told,"10120 Føde-, drikke- og tobaksvareindustri-(Tilgang)",REST_ANVENDELSE Øvrige brancher,1969,0.20472217172881532
Import eksklusiv told,"10120 Føde-, drikke- og tobaksvareindustri-(Tilgang)",REST_ANVENDELSE Øvrige brancher,1970,0.21501636434202948
Import eksklusiv told,"10120 Føde-, drikke- og tobaksvareindustri-(Tilgang)",REST_ANVENDELSE Øvrige brancher,1971,0.2262838997417478
Import eksklusiv told,"10120 Føde-, drikke- og tobaksvareindustri-(Tilgang)",REST_ANVENDELSE Øvrige brancher,1972,0.24643314236807665
Import eksklusiv told,"10120 Føde-, drikke- og tobaksvareindustri-(Tilgang)",REST_ANVENDELSE Øvrige brancher,1973,0.25622727114792776
Import eksklusiv told,"10120 Føde-, drikke- og tobaksvareindustri-(Tilgang)",REST_ANVENDELSE Øvrige brancher,1974,0.2966249834528404
Import eksklusiv told,"10120 Føde-, drikke- og tobaksvareindustri-(Tilgang)",REST_ANVENDELSE Øvrige brancher,1975,0.30658230065200914
Import eksklusiv told,"10120 Føde-, drikke- og tobaksvareindustri-(Tilgang)",REST_ANVENDELSE Øvrige brancher,1976,0.32150097710209996
Import eksklusiv told,"10120 Føde-, drikke- og tobaksvareindustri-(Tilgang)",REST_ANVENDELSE Øvrige brancher,1977,0.33908822067898364
Import eksklusiv told,"10120 Føde-, drikke- og tobaksvareindustri-(Tilgang)",REST_ANVENDELSE Øvrige brancher,1978,0.3651629076922273
Import eksklusiv told,"10120 Føde-, drikke- og tobaksvareindustri-(Tilgang)",REST_ANVENDELSE Øvrige brancher,1979,0.39980129984636564
Import eksklusiv told,"10120 Føde-, drikke- og tobaksvareindustri-(Tilgang)",REST_ANVENDELSE Øvrige brancher,1980,0.43124092204001513
Import eksklusiv told,"10120 Føde-, drikke- og tobaksvareindustri-(Tilgang)",REST_ANVENDELSE Øvrige brancher,1981,0.48774614754013335
Import eksklusiv told,"10120 Føde-, drikke- og tobaksvareindustri-(Tilgang)",REST_ANVENDELSE Øvrige brancher,1982,0.5474859312760998
Import eksklusiv told,"10120 Føde-, drikke- og tobaksvareindustri-(Tilgang)",REST_ANVENDELSE Øvrige brancher,1983,0.5940928357406944
Import eksklusiv told,"10120 Føde-, drikke- og tobaksvareindustri-(Tilgang)",REST_ANVENDELSE Øvrige brancher,1984,0.6399167946041959
Import eksklusiv told,"10120 Føde-, drikke- og tobaksvareindustri-(Tilgang)",REST_ANVENDELSE Øvrige brancher,1985,0.6442538777569241
Import eksklusiv told,"10120 Føde-, drikke- og tobaksvareindustri-(Tilgang)",REST_ANVENDELSE Øvrige brancher,1986,0.6386953397068622
Import eksklusiv told,"10120 Føde-, drikke- og tobaksvareindustri-(Tilgang)",REST_ANVENDELSE Øvrige brancher,1987,0.6372286711270604
Import eksklusiv told,"10120 Føde-, drikke- og tobaksvareindustri-(Tilgang)",REST_ANVENDELSE Øvrige brancher,1988,0.6420971869799352
Import eksklusiv told,"10120 Føde-, drikke- og tobaksvareindustri-(Tilgang)",REST_ANVENDELSE Øvrige brancher,1989,0.6577106632212807
Import eksklusiv told,"10120 Føde-, drikke- og tobaksvareindustri-(Tilgang)",REST_ANVENDELSE Øvrige brancher,1990,0.651056069326545
Import eksklusiv told,"10120 Føde-, drikke- og tobaksvareindustri-(Tilgang)",REST_ANVENDELSE Øvrige brancher,1991,0.6556228953089691
Import eksklusiv told,"10120 Føde-, drikke- og tobaksvareindustri-(Tilgang)",REST_ANVENDELSE Øvrige brancher,1992,0.665569204407723
Import eksklusiv told,"10120 Føde-, drikke- og tobaksvareindustri-(Tilgang)",REST_ANVENDELSE Øvrige brancher,1993,0.6649276691746463
Import eksklusiv told,"10120 Føde-, drikke- og tobaksvareindustri-(Tilgang)",REST_ANVENDELSE Øvrige brancher,1994,0.6754139527960226
Import eksklusiv told,"10120 Føde-, drikke- og tobaksvareindustri-(Tilgang)",REST_ANVENDELSE Øvrige brancher,1995,0.6786907835348521
Import eksklusiv told,"10120 Føde-, drikke- og tobaksvareindustri-(Tilgang)",REST_ANVENDELSE Øvrige brancher,1996,0.6830338986234354
Import eksklusiv told,"10120 Føde-, drikke- og tobaksvareindustri-(Tilgang)",REST_ANVENDELSE Øvrige brancher,1997,0.6961004428133409
Import eksklusiv told,"10120 Føde-, drikke- og tobaksvareindustri-(Tilgang)",REST_ANVENDELSE Øvrige brancher,1998,0.7107760719004357
Import eksklusiv told,"10120 Føde-, drikke- og tobaksvareindustri-(Tilgang)",REST_ANVENDELSE Øvrige brancher,1999,0.7019881998270833
Import eksklusiv told,"10120 Føde-, drikke- og tobaksvareindustri-(Tilgang)",REST_ANVENDELSE Øvrige brancher,2000,0.7066886681244196
Import eksklusiv told,"10120 Føde-, drikke- og tobaksvareindustri-(Tilgang)",REST_ANVENDELSE Øvrige brancher,2001,0.7249457306803585
Import eksklusiv told,"10120 Føde-, drikke- og tobaksvareindustri-(Tilgang)",REST_ANVENDELSE Øvrige brancher,2002,0.7320948255709673
Import eksklusiv told,"10120 Føde-, drikke- og tobaksvareindustri-(Tilgang)",REST_ANVENDELSE Øvrige brancher,2003,0.7314271103543274
Import eksklusiv told,"10120 Føde-, drikke- og tobaksvareindustri-(Tilgang)",REST_ANVENDELSE Øvrige brancher,2004,0.7386403372457199
Import eksklusiv told,"10120 Føde-, drikke- og tobaksvareindustri-(Tilgang)",REST_ANVENDELSE Øvrige brancher,2005,0.7626831091843386
Import eksklusiv told,"10120 Føde-, drikke- og tobaksvareindustri-(Tilgang)",REST_ANVENDELSE Øvrige brancher,2006,0.7987363140362743
Import eksklusiv told,"10120 Føde-, drikke- og tobaksvareindustri-(Tilgang)",REST_ANVENDELSE Øvrige brancher,2007,0.8520087107651221
Import eksklusiv told,"10120 Føde-, drikke- og tobaksvareindustri-(Tilgang)",REST_ANVENDELSE Øvrige brancher,2008,0.8929956038614336
Import eksklusiv told,"10120 Føde-, drikke- og tobaksvareindustri-(Tilgang)",REST_ANVENDELSE Øvrige brancher,2009,0.8602322663412187
Import eksklusiv told,"10120 Føde-, drikke- og tobaksvareindustri-(Tilgang)",REST_ANVENDELSE Øvrige brancher,2010,0.8855795398696752
Import eksklusiv told,"10120 Føde-, drikke- og tobaksvareindustri-(Tilgang)",REST_ANVENDELSE Øvrige brancher,2011,0.9392016887580509
Import eksklusiv told,"10120 Føde-, drikke- og tobaksvareindustri-(Tilgang)",REST_ANVENDELSE Øvrige brancher,2012,0.9574203310116034
Import eksklusiv told,"10120 Føde-, drikke- og tobaksvareindustri-(Tilgang)",REST_ANVENDELSE Øvrige brancher,2013,0.9493743204702837
Import eksklusiv told,"10120 Føde-, drikke- og tobaksvareindustri-(Tilgang)",REST_ANVENDELSE Øvrige brancher,2014,0.9410441532072491
Import eksklusiv told,"10120 Føde-, drikke- og tobaksvareindustri-(Tilgang)",REST_ANVENDELSE Øvrige brancher,2015,0.9515532410523938
Import eksklusiv told,"10120 Føde-, drikke- og tobaksvareindustri-(Tilgang)",REST_ANVENDELSE Øvrige brancher,2016,0.9629475481242633
Import eksklusiv told,"10120 Føde-, drikke- og tobaksvareindustri-(Tilgang)",REST_ANVENDELSE Øvrige brancher,2017,0.9779127703756578
Import eksklusiv told,"10120 Føde-, drikke- og tobaksvareindustri-(Tilgang)",REST_ANVENDELSE Øvrige brancher,2018,0.9717995181917534
Import eksklusiv told,"10120 Føde-, drikke- og tobaksvareindustri-(Tilgang)",REST_ANVENDELSE Øvrige brancher,2019,0.9961064813115181
Import eksklusiv told,"10120 Føde-, drikke- og tobaksvareindustri-(Tilgang)",REST_ANVENDELSE Øvrige brancher,2020,1.0
Import eksklusiv told,"10120 Føde-, drikke- og tobaksvareindustri-(Tilgang)",REST_ANVENDELSE Øvrige brancher,2021,1.0213644594250644
Import eksklusiv told,"10120 Føde-, drikke- og tobaksvareindustri-(Tilgang)",REST_ANVENDELSE Øvrige brancher,2022,1.1528017294783834
Import eksklusiv told,Privat,01000 Landbrug og gartneri- (Anvendelse),1967,0.2097197236483947
Import eksklusiv told,Privat,01000 Landbrug og gartneri- (Anvendelse),1968,0.21168505469073842
Import eksklusiv told,Privat,01000 Landbrug og gartneri- (Anvendelse),1969,0.21170219280847424
Import eksklusiv told,Privat,01000 Landbrug og gartneri- (Anvendelse),1970,0.21611324126485404
Import eksklusiv told,Privat,01000 Landbrug og gartneri- (Anvendelse),1971,0.22436614652347836
Import eksklusiv told,Privat,01000 Landbrug og gartneri- (Anvendelse),1972,0.22235120432774877
Import eksklusiv told,Privat,01000 Landbrug og gartneri- (Anvendelse),1973,0.3036943677616476
Import eksklusiv told,Privat,01000 Landbrug og gartneri- (Anvendelse),1974,0.3730934361502462
Import eksklusiv told,Privat,01000 Landbrug og gartneri- (Anvendelse),1975,0.3660585542876135
Import eksklusiv told,Privat,01000 Landbrug og gartneri- (Anvendelse),1976,0.39467961709885996
Import eksklusiv told,Privat,01000 Landbrug og gartneri- (Anvendelse),1977,0.43431260134173805
Import eksklusiv told,Privat,01000 Landbrug og gartneri- (Anvendelse),1978,0.40264610501327386
Import eksklusiv told,Privat,01000 Landbrug og gartneri- (Anvendelse),1979,0.4380034772951486
Import eksklusiv told,Privat,01000 Landbrug og gartneri- (Anvendelse),1980,0.5271360267914306
Import eksklusiv told,Privat,01000 Landbrug og gartneri- (Anvendelse),1981,0.6343793606287371
Import eksklusiv told,Privat,01000 Landbrug og gartneri- (Anvendelse),1982,0.6845106686520714
Import eksklusiv told,Privat,01000 Landbrug og gartneri- (Anvendelse),1983,0.7053106033401451
Import eksklusiv told,Privat,01000 Landbrug og gartneri- (Anvendelse),1984,0.7803317569431795
Import eksklusiv told,Privat,01000 Landbrug og gartneri- (Anvendelse),1985,0.6941148447046215
Import eksklusiv told,Privat,01000 Landbrug og gartneri- (Anvendelse),1986,0.6115325553280146
Import eksklusiv told,Privat,01000 Landbrug og gartneri- (Anvendelse),1987,0.5576043335946256
Import eksklusiv told,Privat,01000 Landbrug og gartneri- (Anvendelse),1988,0.6338690739175561
Import eksklusiv told,Privat,01000 Landbrug og gartneri- (Anvendelse),1989,0.6697769558257891
Import eksklusiv told,Privat,01000 Landbrug og gartneri- (Anvendelse),1990,0.5967222739530668
Import eksklusiv told,Privat,01000 Landbrug og gartneri- (Anvendelse),1991,0.6013007096309234
Import eksklusiv told,Privat,01000 Landbrug og gartneri- (Anvendelse),1992,0.6321842441487701
Import eksklusiv told,Privat,01000 Landbrug og gartneri- (Anvendelse),1993,0.6321328234679158
Import eksklusiv told,Privat,01000 Landbrug og gartneri- (Anvendelse),1994,0.6071227977581724
Import eksklusiv told,Privat,01000 Landbrug og gartneri- (Anvendelse),1995,0.5880083710106315
Import eksklusiv told,Privat,01000 Landbrug og gartneri- (Anvendelse),1996,0.6535049478196948
Import eksklusiv told,Privat,01000 Landbrug og gartneri- (Anvendelse),1997,0.6906441923175721
Import eksklusiv told,Privat,01000 Landbrug og gartneri- (Anvendelse),1998,0.5833194432056711
Import eksklusiv told,Privat,01000 Landbrug og gartneri- (Anvendelse),1999,0.5533989554112192
Import eksklusiv told,Privat,01000 Landbrug og gartneri- (Anvendelse),2000,0.639455153884667
Import eksklusiv told,Privat,01000 Landbrug og gartneri- (Anvendelse),2001,0.6747308598131434
Import eksklusiv told,Privat,01000 Landbrug og gartneri- (Anvendelse),2002,0.6491589223643603
Import eksklusiv told,Privat,01000 Landbrug og gartneri- (Anvendelse),2003,0.652026399166265
Import eksklusiv told,Privat,01000 Landbrug og gartneri- (Anvendelse),2004,0.6810014816684177
Import eksklusiv told,Privat,01000 Landbrug og gartneri- (Anvendelse),2005,0.7077102035424779
Import eksklusiv told,Privat,01000 Landbrug og gartneri- (Anvendelse),2006,0.7265876624863487
Import eksklusiv told,Privat,01000 Landbrug og gartneri- (Anvendelse),2007,0.8017172461539543
Import eksklusiv told,Privat,01000 Landbrug og gartneri- (Anvendelse),2008,0.9886554696100295
Import eksklusiv told,Privat,01000 Landbrug og gartneri- (Anvendelse),2009,0.8672078229587002
Import eksklusiv told,Privat,01000 Landbrug og gartneri- (Anvendelse),2010,0.9194271712279747
Import eksklusiv told,Privat,01000 Landbrug og gartneri- (Anvendelse),2011,0.9961513946297718
Import eksklusiv told,Privat,01000 Landbrug og gartneri- (Anvendelse),2012,1.077901628598748
Import eksklusiv told,Privat,01000 Landbrug og gartneri- (Anvendelse),2013,1.1122796498114635
Import eksklusiv told,Privat,01000 Landbrug og gartneri- (Anvendelse),2014,1.050454565620788
Import eksklusiv told,Privat,01000 Landbrug og gartneri- (Anvendelse),2015,0.9926604810132313
Import eksklusiv told,Privat,01000 Landbrug og gartneri- (Anvendelse),2016,0.9320588701555137
Import eksklusiv told,Privat,01000 Landbrug og gartneri- (Anvendelse),2017,0.951831429278531
Import eksklusiv told,Privat,01000 Landbrug og gartneri- (Anvendelse),2018,1.0192823270477254
Import eksklusiv told,Privat,01000 Landbrug og gartneri- (Anvendelse),2019,1.0045768311031733
Import eksklusiv told,Privat,01000 Landbrug og gartneri- (Anvendelse),2020,1.0
Import eksklusiv told,Privat,01000 Landbrug og gartneri- (Anvendelse),2021,1.1760326703828625
Import eksklusiv told,Privat,01000 Landbrug og gartneri- (Anvendelse),2022,1.5966329301470803
Import eksklusiv told,Privat,"10120 Føde-, drikke- og tobaksvareindustri- (Anvendelse)",1967,0.2728166820342636
Import eksklusiv told,Privat,"10120 Føde-, drikke- og tobaksvareindustri- (Anvendelse)",1968,0.2773803785517494
Import eksklusiv told,Privat,"10120 Føde-, drikke- og tobaksvareindustri- (Anvendelse)",1969,0.2812319641302937
Import eksklusiv told,Privat,"10120 Føde-, drikke- og tobaksvareindustri- (Anvendelse)",1970,0.29270981730219214
Import eksklusiv told,Privat,"10120 Føde-, drikke- og tobaksvareindustri- (Anvendelse)",1971,0.29499716591080427
Import eksklusiv told,Privat,"10120 Føde-, drikke- og tobaksvareindustri- (Anvendelse)",1972,0.31678484563557585
Import eksklusiv told,Privat,"10120 Føde-, drikke- og tobaksvareindustri- (Anvendelse)",1973,0.3406587932226073
Import eksklusiv told,Privat,"10120 Føde-, drikke- og tobaksvareindustri- (Anvendelse)",1974,0.44525060152916174
Import eksklusiv told,Privat,"10120 Føde-, drikke- og tobaksvareindustri- (Anvendelse)",1975,0.440776840750776
Import eksklusiv told,Privat,"10120 Føde-, drikke- og tobaksvareindustri- (Anvendelse)",1976,0.4640965484048544
Import eksklusiv told,Privat,"10120 Føde-, drikke- og tobaksvareindustri- (Anvendelse)",1977,0.5240620046265877
Import eksklusiv told,Privat,"10120 Føde-, drikke- og tobaksvareindustri- (Anvendelse)",1978,0.513535964611412
Import eksklusiv told,Privat,"10120 Føde-, drikke- og tobaksvareindustri- (Anvendelse)",1979,0.560439505652016
Import eksklusiv told,Privat,"10120 Føde-, drikke- og tobaksvareindustri- (Anvendelse)",1980,0.6131960634374433
Import eksklusiv told,Privat,"10120 Føde-, drikke- og tobaksvareindustri- (Anvendelse)",1981,0.6848914387111379
Import eksklusiv told,Privat,"10120 Føde-, drikke- og tobaksvareindustri- (Anvendelse)",1982,0.7503168615567831
Import eksklusiv told,Privat,"10120 Føde-, drikke- og tobaksvareindustri- (Anvendelse)",1983,0.7929894128587491
Import eksklusiv told,Privat,"10120 Føde-, drikke- og tobaksvareindustri- (Anvendelse)",1984,0.8828984665689341
Import eksklusiv told,Privat,"10120 Føde-, drikke- og tobaksvareindustri- (Anvendelse)",1985,0.8733377314263464
Import eksklusiv told,Privat,"10120 Føde-, drikke- og tobaksvareindustri- (Anvendelse)",1986,0.7892367943966253
Import eksklusiv told,Privat,"10120 Føde-, drikke- og tobaksvareindustri- (Anvendelse)",1987,0.7674136367371274
Import eksklusiv told,Privat,"10120 Føde-, drikke- og tobaksvareindustri- (Anvendelse)",1988,0.7644114719408138
Import eksklusiv told,Privat,"10120 Føde-, drikke- og tobaksvareindustri- (Anvendelse)",1989,0.7913565341703178
Import eksklusiv told,Privat,"10120 Føde-, drikke- og tobaksvareindustri- (Anvendelse)",1990,0.7815314158325072
Import eksklusiv told,Privat,"10120 Føde-, drikke- og tobaksvareindustri- (Anvendelse)",1991,0.7853408627103878
Import eksklusiv told,Privat,"10120 Føde-, drikke- og tobaksvareindustri- (Anvendelse)",1992,0.7697818553269378
Import eksklusiv told,Privat,"10120 Føde-, drikke- og tobaksvareindustri- (Anvendelse)",1993,0.7661913162668155
Import eksklusiv told,Privat,"10120 Føde-, drikke- og tobaksvareindustri- (Anvendelse)",1994,0.766857715439554
Import eksklusiv told,Privat,"10120 Føde-, drikke- og tobaksvareindustri- (Anvendelse)",1995,0.7616068189123583
Import eksklusiv told,Privat,"10120 Føde-, drikke- og tobaksvareindustri- (Anvendelse)",1996,0.7405607697053492
Import eksklusiv told,Privat,"10120 Føde-, drikke- og tobaksvareindustri- (Anvendelse)",1997,0.7689834902643922
Import eksklusiv told,Privat,"10120 Føde-, drikke- og tobaksvareindustri- (Anvendelse)",1998,0.7771843701911683
Import eksklusiv told,Privat,"10120 Føde-, drikke- og tobaksvareindustri- (Anvendelse)",1999,0.7341777015354924
Import eksklusiv told,Privat,"10120 Føde-, drikke- og tobaksvareindustri- (Anvendelse)",2000,0.7527574380122447
Import eksklusiv told,Privat,"10120 Føde-, drikke- og tobaksvareindustri- (Anvendelse)",2001,0.7686480464376693
Import eksklusiv told,Privat,"10120 Føde-, drikke- og tobaksvareindustri- (Anvendelse)",2002,0.7662110965358887
Import eksklusiv told,Privat,"10120 Føde-, drikke- og tobaksvareindustri- (Anvendelse)",2003,0.7550502246430749
Import eksklusiv told,Privat,"10120 Føde-, drikke- og tobaksvareindustri- (Anvendelse)",2004,0.7623094067989442
Import eksklusiv told,Privat,"10120 Føde-, drikke- og tobaksvareindustri- (Anvendelse)",2005,0.7923736347682855
Import eksklusiv told,Privat,"10120 Føde-, drikke- og tobaksvareindustri- (Anvendelse)",2006,0.8079494561010255
Import eksklusiv told,Privat,"10120 Føde-, drikke- og tobaksvareindustri- (Anvendelse)",2007,0.8653402353600705
Import eksklusiv told,Privat,"10120 Føde-, drikke- og tobaksvareindustri- (Anvendelse)",2008,0.9195476195133719
Import eksklusiv told,Privat,"10120 Føde-, drikke- og tobaksvareindustri- (Anvendelse)",2009,0.8636396626311579
Import eksklusiv told,Privat,"10120 Føde-, drikke- og tobaksvareindustri- (Anvendelse)",2010,0.9211275486063957
Import eksklusiv told,Privat,"10120 Føde-, drikke- og tobaksvareindustri- (Anvendelse)",2011,0.9863926842927221
Import eksklusiv told,Privat,"10120 Føde-, drikke- og tobaksvareindustri- (Anvendelse)",2012,1.0120075949763243
Import eksklusiv told,Privat,"10120 Føde-, drikke- og tobaksvareindustri- (Anvendelse)",2013,1.0149682555371355
Import eksklusiv told,Privat,"10120 Føde-, drikke- og tobaksvareindustri- (Anvendelse)",2014,0.987759113529584
Import eksklusiv told,Privat,"10120 Føde-, drikke- og tobaksvareindustri- (Anvendelse)",2015,0.9765783330650584
Import eksklusiv told,Privat,"10120 Føde-, drikke- og tobaksvareindustri- (Anvendelse)",2016,0.9816569994839254
Import eksklusiv told,Privat,"10120 Føde-, drikke- og tobaksvareindustri- (Anvendelse)",2017,0.9940238424504289
Import eksklusiv told,Privat,"10120 Føde-, drikke- og tobaksvareindustri- (Anvendelse)",2018,0.9882926552670904
Import eksklusiv told,Privat,"10120 Føde-, drikke- og tobaksvareindustri- (Anvendelse)",2019,0.9971581146847586
Import eksklusiv told,Privat,"10120 Føde-, drikke- og tobaksvareindustri- (Anvendelse)",2020,1.0
Import eksklusiv told,Privat,"10120 Føde-, drikke- og tobaksvareindustri- (Anvendelse)",2021,1.0809336602797666
Import eksklusiv told,Privat,"10120 Føde-, drikke- og tobaksvareindustri- (Anvendelse)",2022,1.302661500575344
Import eksklusiv told,Privat,"Anvendelse, i alt-(Anvendelse)",1967,0.24676285852980026
Import eksklusiv told,Privat,"Anvendelse, i alt-(Anvendelse)",1968,0.25275384844020976
Import eksklusiv told,Privat,"Anvendelse, i alt-(Anvendelse)",1969,0.25892074744399113
Import eksklusiv told,Privat,"Anvendelse, i alt-(Anvendelse)",1970,0.2728802958620055
Import eksklusiv told,Privat,"Anvendelse, i alt-(Anvendelse)",1971,0.2856524103968166
Import eksklusiv told,Privat,"Anvendelse, i alt-(Anvendelse)",1972,0.3052057105846393
Import eksklusiv told,Privat,"Anvendelse, i alt-(Anvendelse)",1973,0.3250567157120509
Import eksklusiv told,Privat,"Anvendelse, i alt-(Anvendelse)",1974,0.42302982397474576
Import eksklusiv told,Privat,"Anvendelse, i alt-(Anvendelse)",1975,0.443682111566927
Import eksklusiv told,Privat,"Anvendelse, i alt-(Anvendelse)",1976,0.475883674449879
Import eksklusiv told,Privat,"Anvendelse, i alt-(Anvendelse)",1977,0.5086507131302549
Import eksklusiv told,Privat,"Anvendelse, i alt-(Anvendelse)",1978,0.5183496937774507
Import eksklusiv told,Privat,"Anvendelse, i alt-(Anvendelse)",1979,0.574015930692836
Import eksklusiv told,Privat,"Anvendelse, i alt-(Anvendelse)",1980,0.6830774637617321
Import eksklusiv told,Privat,"Anvendelse, i alt-(Anvendelse)",1981,0.7765429162615525
Import eksklusiv told,Privat,"Anvendelse, i alt-(Anvendelse)",1982,0.8621864163254697
Import eksklusiv told,Privat,"Anvendelse, i alt-(Anvendelse)",1983,0.8949688306193633
Import eksklusiv told,Privat,"Anvendelse, i alt-(Anvendelse)",1984,0.9578779243204056
Import eksklusiv told,Privat,"Anvendelse, i alt-(Anvendelse)",1985,0.9722809684438943
Import eksklusiv told,Privat,"Anvendelse, i alt-(Anvendelse)",1986,0.8865560487035238
Import eksklusiv told,Privat,"Anvendelse, i alt-(Anvendelse)",1987,0.8569585207355459
Import eksklusiv told,Privat,"Anvendelse, i alt-(Anvendelse)",1988,0.8617976571945161
Import eksklusiv told,Privat,"Anvendelse, i alt-(Anvendelse)",1989,0.8973434359545405
Import eksklusiv told,Privat,"Anvendelse, i alt-(Anvendelse)",1990,0.8950219868304568
Import eksklusiv told,Privat,"Anvendelse, i alt-(Anvendelse)",1991,0.9057347411334629
Import eksklusiv told,Privat,"Anvendelse, i alt-(Anvendelse)",1992,0.8957333885399089
Import eksklusiv told,Privat,"Anvendelse, i alt-(Anvendelse)",1993,0.8808508249032401
Import eksklusiv told,Privat,"Anvendelse, i alt-(Anvendelse)",1994,0.884035404166323
Import eksklusiv told,Privat,"Anvendelse, i alt-(Anvendelse)",1995,0.8959980705510872
Import eksklusiv told,Privat,"Anvendelse, i alt-(Anvendelse)",1996,0.8897869768983208
Import eksklusiv told,Privat,"Anvendelse, i alt-(Anvendelse)",1997,0.9005294682806928
Import eksklusiv told,Privat,"Anvendelse, i alt-(Anvendelse)",1998,0.8832332800009236
Import eksklusiv told,Privat,"Anvendelse, i alt-(Anvendelse)",1999,0.8716854305903997
Import eksklusiv told,Privat,"Anvendelse, i alt-(Anvendelse)",2000,0.9117087419037953
Import eksklusiv told,Privat,"Anvendelse, i alt-(Anvendelse)",2001,0.9190618213708571
Import eksklusiv told,Privat,"Anvendelse, i alt-(Anvendelse)",2002,0.9080041031520526
Import eksklusiv told,Privat,"Anvendelse, i alt-(Anvendelse)",2003,0.8994460892943663
Import eksklusiv told,Privat,"Anvendelse, i alt-(Anvendelse)",2004,0.9056290726928325
Import eksklusiv told,Privat,"Anvendelse, i alt-(Anvendelse)",2005,0.930101870368727
Import eksklusiv told,Privat,"Anvendelse, i alt-(Anvendelse)",2006,0.9512338410419832
Import eksklusiv told,Privat,"Anvendelse, i alt-(Anvendelse)",2007,0.9723415716340672
Import eksklusiv told,Privat,"Anvendelse, i alt-(Anvendelse)",2008,1.0086532836911912
Import eksklusiv told,Privat,"Anvendelse, i alt-(Anvendelse)",2009,0.9451627762539763
Import eksklusiv told,Privat,"Anvendelse, i alt-(Anvendelse)",2010,0.9863886662255034
Import eksklusiv told,Privat,"Anvendelse, i alt-(Anvendelse)",2011,1.0312712470518013
Import eksklusiv told,Privat,"Anvendelse, i alt-(Anvendelse)",2012,1.0454672198678465
Import eksklusiv told,Privat,"Anvendelse, i alt-(Anvendelse)",2013,1.033669265340049
Import eksklusiv told,Privat,"Anvendelse, i alt-(Anvendelse)",2014,1.0211452042845146
Import eksklusiv told,Privat,"Anvendelse, i alt-(Anvendelse)",2015,1.0090873722232396
Import eksklusiv told,Privat,"Anvendelse, i alt-(Anvendelse)",2016,0.9895491549533992
Import eksklusiv told,Privat,"Anvendelse, i alt-(Anvendelse)",2017,1.0034040622493445
Import eksklusiv told,Privat,"Anvendelse, i alt-(Anvendelse)",2018,1.0172532645602412
Import eksklusiv told,Privat,"Anvendelse, i alt-(Anvendelse)",2019,1.0221925362068025
Import eksklusiv told,Privat,"Anvendelse, i alt-(Anvendelse)",2020,1.0
Import eksklusiv told,Privat,"Anvendelse, i alt-(Anvendelse)",2021,1.0576519835808174
Import eksklusiv told,Privat,"Anvendelse, i alt-(Anvendelse)",2022,1.2184216665283687
Import eksklusiv told,Privat,Eksport - (Anvendelse),1967,0.3742916068975525
Import eksklusiv told,Privat,Eksport - (Anvendelse),1968,0.38745158743186553
Import eksklusiv told,Privat,Eksport - (Anvendelse),1969,0.39847239138211266
Import eksklusiv told,Privat,Eksport - (Anvendelse),1970,0.4022849039348077
Import eksklusiv told,Privat,Eksport - (Anvendelse),1971,0.42806553082859283
Import eksklusiv told,Privat,Eksport - (Anvendelse),1972,0.4810527832407519
Import eksklusiv told,Privat,Eksport - (Anvendelse),1973,0.46277336367447863
Import eksklusiv told,Privat,Eksport - (Anvendelse),1974,0.5303074512443127
Import eksklusiv told,Privat,Eksport - (Anvendelse),1975,0.572267589028242
Import eksklusiv told,Privat,Eksport - (Anvendelse),1976,0.6194972616243652
Import eksklusiv told,Privat,Eksport - (Anvendelse),1977,0.6752766508288313
Import eksklusiv told,Privat,Eksport - (Anvendelse),1978,0.7038267814458185
Import eksklusiv told,Privat,Eksport - (Anvendelse),1979,0.7431278598778283
Import eksklusiv told,Privat,Eksport - (Anvendelse),1980,0.8598271443373837
Import eksklusiv told,Privat,Eksport - (Anvendelse),1981,0.9226243782911393
Import eksklusiv told,Privat,Eksport - (Anvendelse),1982,0.9879023632716724
Import eksklusiv told,Privat,Eksport - (Anvendelse),1983,1.0156972647265636
Import eksklusiv told,Privat,Eksport - (Anvendelse),1984,1.09930283587249
Import eksklusiv told,Privat,Eksport - (Anvendelse),1985,1.0904257773159718
Import eksklusiv told,Privat,Eksport - (Anvendelse),1986,1.02089277354303
Import eksklusiv told,Privat,Eksport - (Anvendelse),1987,1.0078567537284968
Import eksklusiv told,Privat,Eksport - (Anvendelse),1988,1.0112381962253103
Import eksklusiv told,Privat,Eksport - (Anvendelse),1989,1.0059376553174542
Import eksklusiv told,Privat,Eksport - (Anvendelse),1990,1.0106160991161883
Import eksklusiv told,Privat,Eksport - (Anvendelse),1991,1.0414599995666534
Import eksklusiv told,Privat,Eksport - (Anvendelse),1992,1.0363500366662044
Import eksklusiv told,Privat,Eksport - (Anvendelse),1993,1.026867856055212
Import eksklusiv told,Privat,Eksport - (Anvendelse),1994,1.020255884020544
Import eksklusiv told,Privat,Eksport - (Anvendelse),1995,1.0153714016512525
Import eksklusiv told,Privat,Eksport - (Anvendelse),1996,0.9947875082608367
Import eksklusiv told,Privat,Eksport - (Anvendelse),1997,1.0024399292925397
Import eksklusiv told,Privat,Eksport - (Anvendelse),1998,0.9921198882329959
Import eksklusiv told,Privat,Eksport - (Anvendelse),1999,0.9770489405294511
Import eksklusiv told,Privat,Eksport - (Anvendelse),2000,1.0003185936605454
Import eksklusiv told,Privat,Eksport - (Anvendelse),2001,0.9964516479511072
Import eksklusiv told,Privat,Eksport - (Anvendelse),2002,0.9791435843264705
Import eksklusiv told,Privat,Eksport - (Anvendelse),2003,0.9652946308709468
Import eksklusiv told,Privat,Eksport - (Anvendelse),2004,0.9293409178181324
Import eksklusiv told,Privat,Eksport - (Anvendelse),2005,0.9741939606914064
Import eksklusiv told,Privat,Eksport - (Anvendelse),2006,0.9875086551831567
Import eksklusiv told,Privat,Eksport - (Anvendelse),2007,0.9923282470451645
Import eksklusiv told,Privat,Eksport - (Anvendelse),2008,1.0336596259975364
Import eksklusiv told,Privat,Eksport - (Anvendelse),2009,0.9283132328902025
Import eksklusiv told,Privat,Eksport - (Anvendelse),2010,0.996307786378127
Import eksklusiv told,Privat,Eksport - (Anvendelse),2011,1.0409334691994174
Import eksklusiv told,Privat,Eksport - (Anvendelse),2012,1.0695149397052715
Import eksklusiv told,Privat,Eksport - (Anvendelse),2013,1.0547685131390514
Import eksklusiv told,Privat,Eksport - (Anvendelse),2014,1.0380201094427095
Import eksklusiv told,Privat,Eksport - (Anvendelse),2015,1.0463519541171098
Import eksklusiv told,Privat,Eksport - (Anvendelse),2016,1.0094960801171668
Import eksklusiv told,Privat,Eksport - (Anvendelse),2017,1.016699148151267
Import eksklusiv told,Privat,Eksport - (Anvendelse),2018,1.0245166301991306
Import eksklusiv told,Privat,Eksport - (Anvendelse),2019,1.0287907594281198
Import eksklusiv told,Privat,Eksport - (Anvendelse),2020,1.0
Import eksklusiv told,Privat,Eksport - (Anvendelse),2021,1.0496550087144993
Import eksklusiv told,Privat,Eksport - (Anvendelse),2022,1.211187837509485
Import eksklusiv told,Privat,Faste bruttoinvesteringer + Lagerforøgelse + Værdigenstande (Anvendelse),1967,0.5412858078122406
Import eksklusiv told,Privat,Faste bruttoinvesteringer + Lagerforøgelse + Værdigenstande (Anvendelse),1968,0.5534498692852174
Import eksklusiv told,Privat,Faste bruttoinvesteringer + Lagerforøgelse + Værdigenstande (Anvendelse),1969,0.5698485200981109
Import eksklusiv told,Privat,Faste bruttoinvesteringer + Lagerforøgelse + Værdigenstande (Anvendelse),1970,0.595914932468291
Import eksklusiv told,Privat,Faste bruttoinvesteringer + Lagerforøgelse + Værdigenstande (Anvendelse),1971,0.6542112543024177
Import eksklusiv told,Privat,Faste bruttoinvesteringer + Lagerforøgelse + Værdigenstande (Anvendelse),1972,0.7704328612879263
Import eksklusiv told,Privat,Faste bruttoinvesteringer + Lagerforøgelse + Værdigenstande (Anvendelse),1973,0.7542526643237806
Import eksklusiv told,Privat,Faste bruttoinvesteringer + Lagerforøgelse + Værdigenstande (Anvendelse),1974,0.8626128523979293
Import eksklusiv told,Privat,Faste bruttoinvesteringer + Lagerforøgelse + Værdigenstande (Anvendelse),1975,0.9524304695440311
Import eksklusiv told,Privat,Faste bruttoinvesteringer + Lagerforøgelse + Værdigenstande (Anvendelse),1976,1.0290640637508874
Import eksklusiv told,Privat,Faste bruttoinvesteringer + Lagerforøgelse + Værdigenstande (Anvendelse),1977,1.0998231967714718
Import eksklusiv told,Privat,Faste bruttoinvesteringer + Lagerforøgelse + Værdigenstande (Anvendelse),1978,1.1339673221365891
Import eksklusiv told,Privat,Faste bruttoinvesteringer + Lagerforøgelse + Værdigenstande (Anvendelse),1979,1.1242106290090574
Import eksklusiv told,Privat,Faste bruttoinvesteringer + Lagerforøgelse + Værdigenstande (Anvendelse),1980,1.2501797398788035
Import eksklusiv told,Privat,Faste bruttoinvesteringer + Lagerforøgelse + Værdigenstande (Anvendelse),1981,1.3958760297394355
Import eksklusiv told,Privat,Faste bruttoinvesteringer + Lagerforøgelse + Værdigenstande (Anvendelse),1982,1.547187794586066
Import eksklusiv told,Privat,Faste bruttoinvesteringer + Lagerforøgelse + Værdigenstande (Anvendelse),1983,1.6368001110144221
Import eksklusiv told,Privat,Faste bruttoinvesteringer + Lagerforøgelse + Værdigenstande (Anvendelse),1984,1.6892301326747678
Import eksklusiv told,Privat,Faste bruttoinvesteringer + Lagerforøgelse + Værdigenstande (Anvendelse),1985,1.7251498848454365
Import eksklusiv told,Privat,Faste bruttoinvesteringer + Lagerforøgelse + Værdigenstande (Anvendelse),1986,1.601299465939058
Import eksklusiv told,Privat,Faste bruttoinvesteringer + Lagerforøgelse + Værdigenstande (Anvendelse),1987,1.5023525842766725
Import eksklusiv told,Privat,Faste bruttoinvesteringer + Lagerforøgelse + Værdigenstande (Anvendelse),1988,1.4472027941207375
Import eksklusiv told,Privat,Faste bruttoinvesteringer + Lagerforøgelse + Værdigenstande (Anvendelse),1989,1.438134267829577
Import eksklusiv told,Privat,Faste bruttoinvesteringer + Lagerforøgelse + Værdigenstande (Anvendelse),1990,1.4130411835838268
Import eksklusiv told,Privat,Faste bruttoinvesteringer + Lagerforøgelse + Værdigenstande (Anvendelse),1991,1.4237169144388981
Import eksklusiv told,Privat,Faste bruttoinvesteringer + Lagerforøgelse + Værdigenstande (Anvendelse),1992,1.3391275372247635
Import eksklusiv told,Privat,Faste bruttoinvesteringer + Lagerforøgelse + Værdigenstande (Anvendelse),1993,1.2957838330567173
Import eksklusiv told,Privat,Faste bruttoinvesteringer + Lagerforøgelse + Værdigenstande (Anvendelse),1994,1.276580096956454
Import eksklusiv told,Privat,Faste bruttoinvesteringer + Lagerforøgelse + Værdigenstande (Anvendelse),1995,1.2510779879797314
Import eksklusiv told,Privat,Faste bruttoinvesteringer + Lagerforøgelse + Værdigenstande (Anvendelse),1996,1.2159179880501754
Import eksklusiv told,Privat,Faste bruttoinvesteringer + Lagerforøgelse + Værdigenstande (Anvendelse),1997,1.2151893317150277
Import eksklusiv told,Privat,Faste bruttoinvesteringer + Lagerforøgelse + Værdigenstande (Anvendelse),1998,1.1737897168688722
Import eksklusiv told,Privat,Faste bruttoinvesteringer + Lagerforøgelse + Værdigenstande (Anvendelse),1999,1.1427364746409407
Import eksklusiv told,Privat,Faste bruttoinvesteringer + Lagerforøgelse + Værdigenstande (Anvendelse),2000,1.1740451877790428
Import eksklusiv told,Privat,Faste bruttoinvesteringer + Lagerforøgelse + Værdigenstande (Anvendelse),2001,1.1691918791672855
Import eksklusiv told,Privat,Faste bruttoinvesteringer + Lagerforøgelse + Værdigenstande (Anvendelse),2002,1.1535265832483967
Import eksklusiv told,Privat,Faste bruttoinvesteringer + Lagerforøgelse + Værdigenstande (Anvendelse),2003,1.0952053628267833
Import eksklusiv told,Privat,Faste bruttoinvesteringer + Lagerforøgelse + Værdigenstande (Anvendelse),2004,1.097924551041787
Import eksklusiv told,Privat,Faste bruttoinvesteringer + Lagerforøgelse + Værdigenstande (Anvendelse),2005,1.0878235571488932
Import eksklusiv told,Privat,Faste bruttoinvesteringer + Lagerforøgelse + Værdigenstande (Anvendelse),2006,1.0933318860266945
Import eksklusiv told,Privat,Faste bruttoinvesteringer + Lagerforøgelse + Værdigenstande (Anvendelse),2007,1.1265054745365544
Import eksklusiv told,Privat,Faste bruttoinvesteringer + Lagerforøgelse + Værdigenstande (Anvendelse),2008,1.1463418581870857
Import eksklusiv told,Privat,Faste bruttoinvesteringer + Lagerforøgelse + Værdigenstande (Anvendelse),2009,1.0495463498202005
Import eksklusiv told,Privat,Faste bruttoinvesteringer + Lagerforøgelse + Værdigenstande (Anvendelse),2010,1.0455472527954723
Import eksklusiv told,Privat,Faste bruttoinvesteringer + Lagerforøgelse + Værdigenstande (Anvendelse),2011,1.0331774670863816
Import eksklusiv told,Privat,Faste bruttoinvesteringer + Lagerforøgelse + Værdigenstande (Anvendelse),2012,1.0584522990804694
Import eksklusiv told,Privat,Faste bruttoinvesteringer + Lagerforøgelse + Værdigenstande (Anvendelse),2013,1.0296321314812107
Import eksklusiv told,Privat,Faste bruttoinvesteringer + Lagerforøgelse + Værdigenstande (Anvendelse),2014,1.0415019569709776
Import eksklusiv told,Privat,Faste bruttoinvesteringer + Lagerforøgelse + Værdigenstande (Anvendelse),2015,1.0586791610048318
Import eksklusiv told,Privat,Faste bruttoinvesteringer + Lagerforøgelse + Værdigenstande (Anvendelse),2016,1.0485584533721217
Import eksklusiv told,Privat,Faste bruttoinvesteringer + Lagerforøgelse + Værdigenstande (Anvendelse),2017,1.0271460079272725
Import eksklusiv told,Privat,Faste bruttoinvesteringer + Lagerforøgelse + Værdigenstande (Anvendelse),2018,1.0141816567371933
Import eksklusiv told,Privat,Faste bruttoinvesteringer + Lagerforøgelse + Værdigenstande (Anvendelse),2019,1.018468539497974
Import eksklusiv told,Privat,Faste bruttoinvesteringer + Lagerforøgelse + Værdigenstande (Anvendelse),2020,1.0
Import eksklusiv told,Privat,Faste bruttoinvesteringer + Lagerforøgelse + Værdigenstande (Anvendelse),2021,0.988984248074139
Import eksklusiv told,Privat,Faste bruttoinvesteringer + Lagerforøgelse + Værdigenstande (Anvendelse),2022,1.0889618825465641
Import eksklusiv told,Privat,Husholdningernes forbrugsudgifter + NPISH (Anvendelse),1967,0.2681485976440144
Import eksklusiv told,Privat,Husholdningernes forbrugsudgifter + NPISH (Anvendelse),1968,0.27167900472001505
Import eksklusiv told,Privat,Husholdningernes forbrugsudgifter + NPISH (Anvendelse),1969,0.2721104397042776
Import eksklusiv told,Privat,Husholdningernes forbrugsudgifter + NPISH (Anvendelse),1970,0.28482828720702796
Import eksklusiv told,Privat,Husholdningernes forbrugsudgifter + NPISH (Anvendelse),1971,0.29684121636381106
Import eksklusiv told,Privat,Husholdningernes forbrugsudgifter + NPISH (Anvendelse),1972,0.32031335251400356
Import eksklusiv told,Privat,Husholdningernes forbrugsudgifter + NPISH (Anvendelse),1973,0.3404007738167934
Import eksklusiv told,Privat,Husholdningernes forbrugsudgifter + NPISH (Anvendelse),1974,0.40952099022741756
Import eksklusiv told,Privat,Husholdningernes forbrugsudgifter + NPISH (Anvendelse),1975,0.42484745663755175
Import eksklusiv told,Privat,Husholdningernes forbrugsudgifter + NPISH (Anvendelse),1976,0.4636475786159713
Import eksklusiv told,Privat,Husholdningernes forbrugsudgifter + NPISH (Anvendelse),1977,0.5008363644693272
Import eksklusiv told,Privat,Husholdningernes forbrugsudgifter + NPISH (Anvendelse),1978,0.514865756990469
Import eksklusiv told,Privat,Husholdningernes forbrugsudgifter + NPISH (Anvendelse),1979,0.577481200037739
Import eksklusiv told,Privat,Husholdningernes forbrugsudgifter + NPISH (Anvendelse),1980,0.6657849022902489
Import eksklusiv told,Privat,Husholdningernes forbrugsudgifter + NPISH (Anvendelse),1981,0.7208590799891333
Import eksklusiv told,Privat,Husholdningernes forbrugsudgifter + NPISH (Anvendelse),1982,0.7910586147634124
Import eksklusiv told,Privat,Husholdningernes forbrugsudgifter + NPISH (Anvendelse),1983,0.8210823569101381
Import eksklusiv told,Privat,Husholdningernes forbrugsudgifter + NPISH (Anvendelse),1984,0.8741035781467693
Import eksklusiv told,Privat,Husholdningernes forbrugsudgifter + NPISH (Anvendelse),1985,0.8993873915741251
Import eksklusiv told,Privat,Husholdningernes forbrugsudgifter + NPISH (Anvendelse),1986,0.8654915127425852
Import eksklusiv told,Privat,Husholdningernes forbrugsudgifter + NPISH (Anvendelse),1987,0.8515046538749357
Import eksklusiv told,Privat,Husholdningernes forbrugsudgifter + NPISH (Anvendelse),1988,0.8702426702240575
Import eksklusiv told,Privat,Husholdningernes forbrugsudgifter + NPISH (Anvendelse),1989,0.9029326489213302
Import eksklusiv told,Privat,Husholdningernes forbrugsudgifter + NPISH (Anvendelse),1990,0.9113626576094065
Import eksklusiv told,Privat,Husholdningernes forbrugsudgifter + NPISH (Anvendelse),1991,0.9274306888185735
Import eksklusiv told,Privat,Husholdningernes forbrugsudgifter + NPISH (Anvendelse),1992,0.9359258570081415
Import eksklusiv told,Privat,Husholdningernes forbrugsudgifter + NPISH (Anvendelse),1993,0.9261684263058725
Import eksklusiv told,Privat,Husholdningernes forbrugsudgifter + NPISH (Anvendelse),1994,0.9390498586621459
Import eksklusiv told,Privat,Husholdningernes forbrugsudgifter + NPISH (Anvendelse),1995,0.9364004427059054
Import eksklusiv told,Privat,Husholdningernes forbrugsudgifter + NPISH (Anvendelse),1996,0.9409361456460712
Import eksklusiv told,Privat,Husholdningernes forbrugsudgifter + NPISH (Anvendelse),1997,0.9484797109016787
Import eksklusiv told,Privat,Husholdningernes forbrugsudgifter + NPISH (Anvendelse),1998,0.9387019685700916
Import eksklusiv told,Privat,Husholdningernes forbrugsudgifter + NPISH (Anvendelse),1999,0.9412175294308983
Import eksklusiv told,Privat,Husholdningernes forbrugsudgifter + NPISH (Anvendelse),2000,0.9630728233576096
Import eksklusiv told,Privat,Husholdningernes forbrugsudgifter + NPISH (Anvendelse),2001,0.9714190320547862
Import eksklusiv told,Privat,Husholdningernes forbrugsudgifter + NPISH (Anvendelse),2002,0.9736155415713847
Import eksklusiv told,Privat,Husholdningernes forbrugsudgifter + NPISH (Anvendelse),2003,0.973570432148558
Import eksklusiv told,Privat,Husholdningernes forbrugsudgifter + NPISH (Anvendelse),2004,0.9737193325819264
Import eksklusiv told,Privat,Husholdningernes forbrugsudgifter + NPISH (Anvendelse),2005,0.9732896055322035
Import eksklusiv told,Privat,Husholdningernes forbrugsudgifter + NPISH (Anvendelse),2006,0.979919027216799
Import eksklusiv told,Privat,Husholdningernes forbrugsudgifter + NPISH (Anvendelse),2007,0.9681843768482218
Import eksklusiv told,Privat,Husholdningernes forbrugsudgifter + NPISH (Anvendelse),2008,0.9880330879821693
Import eksklusiv told,Privat,Husholdningernes forbrugsudgifter + NPISH (Anvendelse),2009,0.9642142873361851
Import eksklusiv told,Privat,Husholdningernes forbrugsudgifter + NPISH (Anvendelse),2010,0.9968451414044763
Import eksklusiv told,Privat,Husholdningernes forbrugsudgifter + NPISH (Anvendelse),2011,1.0412564886314988
Import eksklusiv told,Privat,Husholdningernes forbrugsudgifter + NPISH (Anvendelse),2012,1.0491248694048672
Import eksklusiv told,Privat,Husholdningernes forbrugsudgifter + NPISH (Anvendelse),2013,1.046563530491095
Import eksklusiv told,Privat,Husholdningernes forbrugsudgifter + NPISH (Anvendelse),2014,1.0239229935049377
Import eksklusiv told,Privat,Husholdningernes forbrugsudgifter + NPISH (Anvendelse),2015,1.0138005965239456
Import eksklusiv told,Privat,Husholdningernes forbrugsudgifter + NPISH (Anvendelse),2016,1.0061884114374553
Import eksklusiv told,Privat,Husholdningernes forbrugsudgifter + NPISH (Anvendelse),2017,1.0076337541909435
Import eksklusiv told,Privat,Husholdningernes forbrugsudgifter + NPISH (Anvendelse),2018,1.0123336728861778
Import eksklusiv told,Privat,Husholdningernes forbrugsudgifter + NPISH (Anvendelse),2019,1.018734079940972
Import eksklusiv told,Privat,Husholdningernes forbrugsudgifter + NPISH (Anvendelse),2020,1.0
Import eksklusiv told,Privat,Husholdningernes forbrugsudgifter + NPISH (Anvendelse),2021,1.0234700804563568
Import eksklusiv told,Privat,Husholdningernes forbrugsudgifter + NPISH (Anvendelse),2022,1.1404468762505318
Import eksklusiv told,Privat,"Offentligt forbrug, i alt-(Anvendelse)",1967,0.4178553870048739
Import eksklusiv told,Privat,"Offentligt forbrug, i alt-(Anvendelse)",1968,0.395362906485157
Import eksklusiv told,Privat,"Offentligt forbrug, i alt-(Anvendelse)",1969,0.42571344686201334
Import eksklusiv told,Privat,"Offentligt forbrug, i alt-(Anvendelse)",1970,0.4259198188785456
Import eksklusiv told,Privat,"Offentligt forbrug, i alt-(Anvendelse)",1971,0.45510947047177386
Import eksklusiv told,Privat,"Offentligt forbrug, i alt-(Anvendelse)",1972,0.46880811620590235
Import eksklusiv told,Privat,"Offentligt forbrug, i alt-(Anvendelse)",1973,0.49103538097076616
Import eksklusiv told,Privat,"Offentligt forbrug, i alt-(Anvendelse)",1974,0.5544115619312842
Import eksklusiv told,Privat,"Offentligt forbrug, i alt-(Anvendelse)",1975,0.608266190625175
Import eksklusiv told,Privat,"Offentligt forbrug, i alt-(Anvendelse)",1976,0.6434613925400503
Import eksklusiv told,Privat,"Offentligt forbrug, i alt-(Anvendelse)",1977,0.6653652829435948
Import eksklusiv told,Privat,"Offentligt forbrug, i alt-(Anvendelse)",1978,0.6882927880246446
Import eksklusiv told,Privat,"Offentligt forbrug, i alt-(Anvendelse)",1979,0.7266412930218416
Import eksklusiv told,Privat,"Offentligt forbrug, i alt-(Anvendelse)",1980,0.7964029790579521
Import eksklusiv told,Privat,"Offentligt forbrug, i alt-(Anvendelse)",1981,0.8831607526151
Import eksklusiv told,Privat,"Offentligt forbrug, i alt-(Anvendelse)",1982,0.9871858397711873
Import eksklusiv told,Privat,"Offentligt forbrug, i alt-(Anvendelse)",1983,1.043881195624514
Import eksklusiv told,Privat,"Offentligt forbrug, i alt-(Anvendelse)",1984,1.1215626922418107
Import eksklusiv told,Privat,"Offentligt forbrug, i alt-(Anvendelse)",1985,1.1790931593833127
Import eksklusiv told,Privat,"Offentligt forbrug, i alt-(Anvendelse)",1986,1.1921914660217072
Import eksklusiv told,Privat,"Offentligt forbrug, i alt-(Anvendelse)",1987,1.21600878962471
Import eksklusiv told,Privat,"Offentligt forbrug, i alt-(Anvendelse)",1988,1.2551743490685505
Import eksklusiv told,Privat,"Offentligt forbrug, i alt-(Anvendelse)",1989,1.2976746224469642
Import eksklusiv told,Privat,"Offentligt forbrug, i alt-(Anvendelse)",1990,1.0392427462882439
Import eksklusiv told,Privat,"Offentligt forbrug, i alt-(Anvendelse)",1991,1.0848614435515735
Import eksklusiv told,Privat,"Offentligt forbrug, i alt-(Anvendelse)",1992,1.110246321188096
Import eksklusiv told,Privat,"Offentligt forbrug, i alt-(Anvendelse)",1993,1.0870605999298577
Import eksklusiv told,Privat,"Offentligt forbrug, i alt-(Anvendelse)",1994,1.073611779358749
Import eksklusiv told,Privat,"Offentligt forbrug, i alt-(Anvendelse)",1995,1.0638358302677555
Import eksklusiv told,Privat,"Offentligt forbrug, i alt-(Anvendelse)",1996,1.0518580939330011
Import eksklusiv told,Privat,"Offentligt forbrug, i alt-(Anvendelse)",1997,1.0655773491182787
Import eksklusiv told,Privat,"Offentligt forbrug, i alt-(Anvendelse)",1998,1.0540403050820786
Import eksklusiv told,Privat,"Offentligt forbrug, i alt-(Anvendelse)",1999,1.0481792815357012
Import eksklusiv told,Privat,"Offentligt forbrug, i alt-(Anvendelse)",2000,1.0587884090942927
Import eksklusiv told,Privat,"Offentligt forbrug, i alt-(Anvendelse)",2001,1.0812799038376497
Import eksklusiv told,Privat,"Offentligt forbrug, i alt-(Anvendelse)",2002,1.0676386000386993
Import eksklusiv told,Privat,"Offentligt forbrug, i alt-(Anvendelse)",2003,1.128125557278313
Import eksklusiv told,Privat,"Offentligt forbrug, i alt-(Anvendelse)",2004,1.0919091433949728
Import eksklusiv told,Privat,"Offentligt forbrug, i alt-(Anvendelse)",2005,1.096169230171181
Import eksklusiv told,Privat,"Offentligt forbrug, i alt-(Anvendelse)",2006,1.1935283408154023
Import eksklusiv told,Privat,"Offentligt forbrug, i alt-(Anvendelse)",2007,1.2654677249613568
Import eksklusiv told,Privat,"Offentligt forbrug, i alt-(Anvendelse)",2008,1.2623440135963386
Import eksklusiv told,Privat,"Offentligt forbrug, i alt-(Anvendelse)",2009,1.0905554638929127
Import eksklusiv told,Privat,"Offentligt forbrug, i alt-(Anvendelse)",2010,1.0974468910621096
Import eksklusiv told,Privat,"Offentligt forbrug, i alt-(Anvendelse)",2011,1.1049391219325022
Import eksklusiv told,Privat,"Offentligt forbrug, i alt-(Anvendelse)",2012,1.0818085639637225
Import eksklusiv told,Privat,"Offentligt forbrug, i alt-(Anvendelse)",2013,1.0959628397345194
Import eksklusiv told,Privat,"Offentligt forbrug, i alt-(Anvendelse)",2014,1.0900303190551064
Import eksklusiv told,Privat,"Offentligt forbrug, i alt-(Anvendelse)",2015,1.0576546758260652
Import eksklusiv told,Privat,"Offentligt forbrug, i alt-(Anvendelse)",2016,1.0216270419208262
Import eksklusiv told,Privat,"Offentligt forbrug, i alt-(Anvendelse)",2017,0.9974514781324004
Import eksklusiv told,Privat,"Offentligt forbrug, i alt-(Anvendelse)",2018,0.9836762874710171
Import eksklusiv told,Privat,"Offentligt forbrug, i alt-(Anvendelse)",2019,1.0025928119757572
Import eksklusiv told,Privat,"Offentligt forbrug, i alt-(Anvendelse)",2020,1.0
Import eksklusiv told,Privat,"Offentligt forbrug, i alt-(Anvendelse)",2021,1.0027716826423372
Import eksklusiv told,Privat,"Offentligt forbrug, i alt-(Anvendelse)",2022,1.0265056842171785
Import eksklusiv told,Privat,Privat,1967,0.18899754866037452
Import eksklusiv told,Privat,Privat,1968,0.19427198725357153
Import eksklusiv told,Privat,Privat,1969,0.20022895761033913
Import eksklusiv told,Privat,Privat,1970,0.21252245362270059
Import eksklusiv told,Privat,Privat,1971,0.22043313567939204
Import eksklusiv told,Privat,Privat,1972,0.23035858559443673
Import eksklusiv told,Privat,Privat,1973,0.2523296973973052
Import eksklusiv told,Privat,Privat,1974,0.3480171662380308
Import eksklusiv told,Privat,Privat,1975,0.3614708600163609
Import eksklusiv told,Privat,Privat,1976,0.38447776460064814
Import eksklusiv told,Privat,Privat,1977,0.4087539802048891
Import eksklusiv told,Privat,Privat,1978,0.412786330647934
Import eksklusiv told,Privat,Privat,1979,0.4694429123320531
Import eksklusiv told,Privat,Privat,1980,0.5704705902207902
Import eksklusiv told,Privat,Privat,1981,0.6650861503830382
Import eksklusiv told,Privat,Privat,1982,0.744072742704454
Import eksklusiv told,Privat,Privat,1983,0.7710088171576367
Import eksklusiv told,Privat,Privat,1984,0.8306579585742034
Import eksklusiv told,Privat,Privat,1985,0.840681150328685
Import eksklusiv told,Privat,Privat,1986,0.745897396613949
Import eksklusiv told,Privat,Privat,1987,0.7187389074252373
Import eksklusiv told,Privat,Privat,1988,0.7269353207324827
Import eksklusiv told,Privat,Privat,1989,0.7746936973190794
Import eksklusiv told,Privat,Privat,1990,0.7721882977393603
Import eksklusiv told,Privat,Privat,1991,0.776739226870172
Import eksklusiv told,Privat,Privat,1992,0.7705509639036752
Import eksklusiv told,Privat,Privat,1993,0.7565013859727435
Import eksklusiv told,Privat,Privat,1994,0.7623959712409837
Import eksklusiv told,Privat,Privat,1995,0.7881755769306018
Import eksklusiv told,Privat,Privat,1996,0.7860142871707027
Import eksklusiv told,Privat,Privat,1997,0.8004710176746203
Import eksklusiv told,Privat,Privat,1998,0.7833544806760736
Import eksklusiv told,Privat,Privat,1999,0.7715160104954157
Import eksklusiv told,Privat,Privat,2000,0.8233553703214166
Import eksklusiv told,Privat,Privat,2001,0.8348298309212807
Import eksklusiv told,Privat,Privat,2002,0.8214115343088259
Import eksklusiv told,Privat,Privat,2003,0.8211235898564172
Import eksklusiv told,Privat,Privat,2004,0.844612323748972
Import eksklusiv told,Privat,Privat,2005,0.8758172624944622
Import eksklusiv told,Privat,Privat,2006,0.9058873091654727
Import eksklusiv told,Privat,Privat,2007,0.9375265103587017
Import eksklusiv told,Privat,Privat,2008,0.9808310275032838
Import eksklusiv told,Privat,Privat,2009,0.9265336909955725
Import eksklusiv told,Privat,Privat,2010,0.9678667195796802
Import eksklusiv told,Privat,Privat,2011,1.024179629615369
Import eksklusiv told,Privat,Privat,2012,1.0335299635925004
Import eksklusiv told,Privat,Privat,2013,1.0222612160760813
Import eksklusiv told,Privat,Privat,2014,1.008554543338406
Import eksklusiv told,Privat,Privat,2015,0.9817104640220866
Import eksklusiv told,Privat,Privat,2016,0.9641031441729896
Import eksklusiv told,Privat,Privat,2017,0.9929195773935772
Import eksklusiv told,Privat,Privat,2018,1.0189115964967825
Import eksklusiv told,Privat,Privat,2019,1.023041553706547
Import eksklusiv told,Privat,Privat,2020,1.0
Import eksklusiv told,Privat,Privat,2021,1.0901671229990906
Import eksklusiv told,Privat,Privat,2022,1.2855405379248726
Import eksklusiv told,Privat,REST_ANVENDELSE Øvrige brancher,1967,0.1790376823039946
Import eksklusiv told,Privat,REST_ANVENDELSE Øvrige brancher,1968,0.184558577303934
Import eksklusiv told,Privat,REST_ANVENDELSE Øvrige brancher,1969,0.19080076097260332
Import eksklusiv told,Privat,REST_ANVENDELSE Øvrige brancher,1970,0.20333437472286425
Import eksklusiv told,Privat,REST_ANVENDELSE Øvrige brancher,1971,0.21153457328828293
Import eksklusiv told,Privat,REST_ANVENDELSE Øvrige brancher,1972,0.22138015485159862
Import eksklusiv told,Privat,REST_ANVENDELSE Øvrige brancher,1973,0.23861094378750264
Import eksklusiv told,Privat,REST_ANVENDELSE Øvrige brancher,1974,0.3326563767509004
Import eksklusiv told,Privat,REST_ANVENDELSE Øvrige brancher,1975,0.34915704499153294
Import eksklusiv told,Privat,REST_ANVENDELSE Øvrige brancher,1976,0.3716094591784953
Import eksklusiv told,Privat,REST_ANVENDELSE Øvrige brancher,1977,0.3921026873663758
Import eksklusiv told,Privat,REST_ANVENDELSE Øvrige brancher,1978,0.40110861970367234
Import eksklusiv told,Privat,REST_ANVENDELSE Øvrige brancher,1979,0.4579631296348625
Import eksklusiv told,Privat,REST_ANVENDELSE Øvrige brancher,1980,0.5624738426566062
Import eksklusiv told,Privat,REST_ANVENDELSE Øvrige brancher,1981,0.6548157021335411
Import eksklusiv told,Privat,REST_ANVENDELSE Øvrige brancher,1982,0.7368816477952616
Import eksklusiv told,Privat,REST_ANVENDELSE Øvrige brancher,1983,0.7626006125838602
Import eksklusiv told,Privat,REST_ANVENDELSE Øvrige brancher,1984,0.8172991602425684
Import eksklusiv told,Privat,REST_ANVENDELSE Øvrige brancher,1985,0.8385806663628391
Import eksklusiv told,Privat,REST_ANVENDELSE Øvrige brancher,1986,0.7442340824813984
Import eksklusiv told,Privat,REST_ANVENDELSE Øvrige brancher,1987,0.7198669094046615
Import eksklusiv told,Privat,REST_ANVENDELSE Øvrige brancher,1988,0.7231788505056752
Import eksklusiv told,Privat,REST_ANVENDELSE Øvrige brancher,1989,0.7725264279134405
Import eksklusiv told,Privat,REST_ANVENDELSE Øvrige brancher,1990,0.7777179234596169
Import eksklusiv told,Privat,REST_ANVENDELSE Øvrige brancher,1991,0.7832941068815832
Import eksklusiv told,Privat,REST_ANVENDELSE Øvrige brancher,1992,0.7751143577177192
Import eksklusiv told,Privat,REST_ANVENDELSE Øvrige brancher,1993,0.7598454613741352
Import eksklusiv told,Privat,REST_ANVENDELSE Øvrige brancher,1994,0.7678927477779304
Import eksklusiv told,Privat,REST_ANVENDELSE Øvrige brancher,1995,0.7986406656660603
Import eksklusiv told,Privat,REST_ANVENDELSE Øvrige brancher,1996,0.7948835201138883
Import eksklusiv told,Privat,REST_ANVENDELSE Øvrige brancher,1997,0.8060036413583166
Import eksklusiv told,Privat,REST_ANVENDELSE Øvrige brancher,1998,0.7921233664815424
Import eksklusiv told,Privat,REST_ANVENDELSE Øvrige brancher,1999,0.7851983007830776
Import eksklusiv told,Privat,REST_ANVENDELSE Øvrige brancher,2000,0.8372986501548393
Import eksklusiv told,Privat,REST_ANVENDELSE Øvrige brancher,2001,0.8476081393774895
Import eksklusiv told,Privat,REST_ANVENDELSE Øvrige brancher,2002,0.8357053830821233
Import eksklusiv told,Privat,REST_ANVENDELSE Øvrige brancher,2003,0.8347272592080459
Import eksklusiv told,Privat,REST_ANVENDELSE Øvrige brancher,2004,0.8585613469268389
Import eksklusiv told,Privat,REST_ANVENDELSE Øvrige brancher,2005,0.889123076537029
Import eksklusiv told,Privat,REST_ANVENDELSE Øvrige brancher,2006,0.9211896429825093
Import eksklusiv told,Privat,REST_ANVENDELSE Øvrige brancher,2007,0.9492971019258573
Import eksklusiv told,Privat,REST_ANVENDELSE Øvrige brancher,2008,0.9852892380905006
Import eksklusiv told,Privat,REST_ANVENDELSE Øvrige brancher,2009,0.9374127896775872
Import eksklusiv told,Privat,REST_ANVENDELSE Øvrige brancher,2010,0.9748882009963967
Import eksklusiv told,Privat,REST_ANVENDELSE Øvrige brancher,2011,1.0268985496064618
Import eksklusiv told,Privat,REST_ANVENDELSE Øvrige brancher,2012,1.0312887660773016
Import eksklusiv told,Privat,REST_ANVENDELSE Øvrige brancher,2013,1.018331935641696
Import eksklusiv told,Privat,REST_ANVENDELSE Øvrige brancher,2014,1.0086290642057958
Import eksklusiv told,Privat,REST_ANVENDELSE Øvrige brancher,2015,0.9825177703146907
Import eksklusiv told,Privat,REST_ANVENDELSE Øvrige brancher,2016,0.9647171621785633
Import eksklusiv told,Privat,REST_ANVENDELSE Øvrige brancher,2017,0.9929603051393084
Import eksklusiv told,Privat,REST_ANVENDELSE Øvrige brancher,2018,1.0184769109988736
Import eksklusiv told,Privat,REST_ANVENDELSE Øvrige brancher,2019,1.0234863880041578
Import eksklusiv told,Privat,REST_ANVENDELSE Øvrige brancher,2020,1.0
Import eksklusiv told,Privat,REST_ANVENDELSE Øvrige brancher,2021,1.0844580419485037
Import eksklusiv told,Privat,REST_ANVENDELSE Øvrige brancher,2022,1.2638785314709478
Import eksklusiv told,REST_TILGANG Øvrige brancher,01000 Landbrug og gartneri- (Anvendelse),1967,0.11876456533071535
Import eksklusiv told,REST_TILGANG Øvrige brancher,01000 Landbrug og gartneri- (Anvendelse),1968,0.12421250490178452
Import eksklusiv told,REST_TILGANG Øvrige brancher,01000 Landbrug og gartneri- (Anvendelse),1969,0.12386323347436223
Import eksklusiv told,REST_TILGANG Øvrige brancher,01000 Landbrug og gartneri- (Anvendelse),1970,0.12071869232150438
Import eksklusiv told,REST_TILGANG Øvrige brancher,01000 Landbrug og gartneri- (Anvendelse),1971,0.12884672900651786
Import eksklusiv told,REST_TILGANG Øvrige brancher,01000 Landbrug og gartneri- (Anvendelse),1972,0.12759479197614257
Import eksklusiv told,REST_TILGANG Øvrige brancher,01000 Landbrug og gartneri- (Anvendelse),1973,0.13781357596131838
Import eksklusiv told,REST_TILGANG Øvrige brancher,01000 Landbrug og gartneri- (Anvendelse),1974,0.2394858062798551
Import eksklusiv told,REST_TILGANG Øvrige brancher,01000 Landbrug og gartneri- (Anvendelse),1975,0.2729799517612207
Import eksklusiv told,REST_TILGANG Øvrige brancher,01000 Landbrug og gartneri- (Anvendelse),1976,0.2601444888772102
Import eksklusiv told,REST_TILGANG Øvrige brancher,01000 Landbrug og gartneri- (Anvendelse),1977,0.2540963531901785
Import eksklusiv told,REST_TILGANG Øvrige brancher,01000 Landbrug og gartneri- (Anvendelse),1978,0.26086198022357854
Import eksklusiv told,REST_TILGANG Øvrige brancher,01000 Landbrug og gartneri- (Anvendelse),1979,0.29300693243323644
Import eksklusiv told,REST_TILGANG Øvrige brancher,01000 Landbrug og gartneri- (Anvendelse),1980,0.3765179337902267
Import eksklusiv told,REST_TILGANG Øvrige brancher,01000 Landbrug og gartneri- (Anvendelse),1981,0.44005337535434635
Import eksklusiv told,REST_TILGANG Øvrige brancher,01000 Landbrug og gartneri- (Anvendelse),1982,0.5092375728357112
Import eksklusiv told,REST_TILGANG Øvrige brancher,01000 Landbrug og gartneri- (Anvendelse),1983,0.5028052510114293
Import eksklusiv told,REST_TILGANG Øvrige brancher,01000 Landbrug og gartneri- (Anvendelse),1984,0.576499803884343
Import eksklusiv told,REST_TILGANG Øvrige brancher,01000 Landbrug og gartneri- (Anvendelse),1985,0.597572584664586
Import eksklusiv told,REST_TILGANG Øvrige brancher,01000 Landbrug og gartneri- (Anvendelse),1986,0.524994516727183
Import eksklusiv told,REST_TILGANG Øvrige brancher,01000 Landbrug og gartneri- (Anvendelse),1987,0.4760297877729998
Import eksklusiv told,REST_TILGANG Øvrige brancher,01000 Landbrug og gartneri- (Anvendelse),1988,0.4856921854229805
Import eksklusiv told,REST_TILGANG Øvrige brancher,01000 Landbrug og gartneri- (Anvendelse),1989,0.49843950651363017
Import eksklusiv told,REST_TILGANG Øvrige brancher,01000 Landbrug og gartneri- (Anvendelse),1990,0.5001064902304013
Import eksklusiv told,REST_TILGANG Øvrige brancher,01000 Landbrug og gartneri- (Anvendelse),1991,0.5132231454152385
Import eksklusiv told,REST_TILGANG Øvrige brancher,01000 Landbrug og gartneri- (Anvendelse),1992,0.5114303745606231
Import eksklusiv told,REST_TILGANG Øvrige brancher,01000 Landbrug og gartneri- (Anvendelse),1993,0.5015611941263145
Import eksklusiv told,REST_TILGANG Øvrige brancher,01000 Landbrug og gartneri- (Anvendelse),1994,0.5048142610709996
Import eksklusiv told,REST_TILGANG Øvrige brancher,01000 Landbrug og gartneri- (Anvendelse),1995,0.521954134450475
Import eksklusiv told,REST_TILGANG Øvrige brancher,01000 Landbrug og gartneri- (Anvendelse),1996,0.5150501521420898
Import eksklusiv told,REST_TILGANG Øvrige brancher,01000 Landbrug og gartneri- (Anvendelse),1997,0.5200380757171322
Import eksklusiv told,REST_TILGANG Øvrige brancher,01000 Landbrug og gartneri- (Anvendelse),1998,0.5007868026433968
Import eksklusiv told,REST_TILGANG Øvrige brancher,01000 Landbrug og gartneri- (Anvendelse),1999,0.5118120832701685
Import eksklusiv told,REST_TILGANG Øvrige brancher,01000 Landbrug og gartneri- (Anvendelse),2000,0.5573903031790943
Import eksklusiv told,REST_TILGANG Øvrige brancher,01000 Landbrug og gartneri- (Anvendelse),2001,0.5941611686608165
Import eksklusiv told,REST_TILGANG Øvrige brancher,01000 Landbrug og gartneri- (Anvendelse),2002,0.590774524199488
Import eksklusiv told,REST_TILGANG Øvrige brancher,01000 Landbrug og gartneri- (Anvendelse),2003,0.5917554264635622
Import eksklusiv told,REST_TILGANG Øvrige brancher,01000 Landbrug og gartneri- (Anvendelse),2004,0.6383439883327721
Import eksklusiv told,REST_TILGANG Øvrige brancher,01000 Landbrug og gartneri- (Anvendelse),2005,0.720809263655504
Import eksklusiv told,REST_TILGANG Øvrige brancher,01000 Landbrug og gartneri- (Anvendelse),2006,0.7555260180870641
Import eksklusiv told,REST_TILGANG Øvrige brancher,01000 Landbrug og gartneri- (Anvendelse),2007,0.7522446841243333
Import eksklusiv told,REST_TILGANG Øvrige brancher,01000 Landbrug og gartneri- (Anvendelse),2008,0.996948832094427
Import eksklusiv told,REST_TILGANG Øvrige brancher,01000 Landbrug og gartneri- (Anvendelse),2009,0.9024685531391733
Import eksklusiv told,REST_TILGANG Øvrige brancher,01000 Landbrug og gartneri- (Anvendelse),2010,0.9903391974611941
Import eksklusiv told,REST_TILGANG Øvrige brancher,01000 Landbrug og gartneri- (Anvendelse),2011,1.1206534488306266
Import eksklusiv told,REST_TILGANG Øvrige brancher,01000 Landbrug og gartneri- (Anvendelse),2012,1.1335742956284327
Import eksklusiv told,REST_TILGANG Øvrige brancher,01000 Landbrug og gartneri- (Anvendelse),2013,1.129523990170133
Import eksklusiv told,REST_TILGANG Øvrige brancher,01000 Landbrug og gartneri- (Anvendelse),2014,1.0918363545959038
Import eksklusiv told,REST_TILGANG Øvrige brancher,01000 Landbrug og gartneri- (Anvendelse),2015,1.0361131787051008
Import eksklusiv told,REST_TILGANG Øvrige brancher,01000 Landbrug og gartneri- (Anvendelse),2016,0.9344883612898949
Import eksklusiv told,REST_TILGANG Øvrige brancher,01000 Landbrug og gartneri- (Anvendelse),2017,1.021852120046221
Import eksklusiv told,REST_TILGANG Øvrige brancher,01000 Landbrug og gartneri- (Anvendelse),2018,1.1271066841846034
Import eksklusiv told,REST_TILGANG Øvrige brancher,01000 Landbrug og gartneri- (Anvendelse),2019,1.1289702901329541
Import eksklusiv told,REST_TILGANG Øvrige brancher,01000 Landbrug og gartneri- (Anvendelse),2020,1.0
Import eksklusiv told,REST_TILGANG Øvrige brancher,01000 Landbrug og gartneri- (Anvendelse),2021,1.2571602523102763
Import eksklusiv told,REST_TILGANG Øvrige brancher,01000 Landbrug og gartneri- (Anvendelse),2022,1.9331496727215285
Import eksklusiv told,REST_TILGANG Øvrige brancher,"10120 Føde-, drikke- og tobaksvareindustri- (Anvendelse)",1967,0.23601669149993054
Import eksklusiv told,REST_TILGANG Øvrige brancher,"10120 Føde-, drikke- og tobaksvareindustri- (Anvendelse)",1968,0.2417128833919532
Import eksklusiv told,REST_TILGANG Øvrige brancher,"10120 Føde-, drikke- og tobaksvareindustri- (Anvendelse)",1969,0.2415558198246624
Import eksklusiv told,REST_TILGANG Øvrige brancher,"10120 Føde-, drikke- og tobaksvareindustri- (Anvendelse)",1970,0.2564308979668193
Import eksklusiv told,REST_TILGANG Øvrige brancher,"10120 Føde-, drikke- og tobaksvareindustri- (Anvendelse)",1971,0.27077750982125715
Import eksklusiv told,REST_TILGANG Øvrige brancher,"10120 Føde-, drikke- og tobaksvareindustri- (Anvendelse)",1972,0.28213125287067603
Import eksklusiv told,REST_TILGANG Øvrige brancher,"10120 Føde-, drikke- og tobaksvareindustri- (Anvendelse)",1973,0.3008391960850718
Import eksklusiv told,REST_TILGANG Øvrige brancher,"10120 Føde-, drikke- og tobaksvareindustri- (Anvendelse)",1974,0.402338770764351
Import eksklusiv told,REST_TILGANG Øvrige brancher,"10120 Føde-, drikke- og tobaksvareindustri- (Anvendelse)",1975,0.4134712075964694
Import eksklusiv told,REST_TILGANG Øvrige brancher,"10120 Føde-, drikke- og tobaksvareindustri- (Anvendelse)",1976,0.4340312074857572
Import eksklusiv told,REST_TILGANG Øvrige brancher,"10120 Føde-, drikke- og tobaksvareindustri- (Anvendelse)",1977,0.4621350427308534
Import eksklusiv told,REST_TILGANG Øvrige brancher,"10120 Føde-, drikke- og tobaksvareindustri- (Anvendelse)",1978,0.48155836705913024
Import eksklusiv told,REST_TILGANG Øvrige brancher,"10120 Føde-, drikke- og tobaksvareindustri- (Anvendelse)",1979,0.5317920082867525
Import eksklusiv told,REST_TILGANG Øvrige brancher,"10120 Føde-, drikke- og tobaksvareindustri- (Anvendelse)",1980,0.6104508853821986
Import eksklusiv told,REST_TILGANG Øvrige brancher,"10120 Føde-, drikke- og tobaksvareindustri- (Anvendelse)",1981,0.6736205216809067
Import eksklusiv told,REST_TILGANG Øvrige brancher,"10120 Føde-, drikke- og tobaksvareindustri- (Anvendelse)",1982,0.7294655788320523
Import eksklusiv told,REST_TILGANG Øvrige brancher,"10120 Føde-, drikke- og tobaksvareindustri- (Anvendelse)",1983,0.7585361334930285
Import eksklusiv told,REST_TILGANG Øvrige brancher,"10120 Føde-, drikke- og tobaksvareindustri- (Anvendelse)",1984,0.8033016621372167
Import eksklusiv told,REST_TILGANG Øvrige brancher,"10120 Føde-, drikke- og tobaksvareindustri- (Anvendelse)",1985,0.8359752156390348
Import eksklusiv told,REST_TILGANG Øvrige brancher,"10120 Føde-, drikke- og tobaksvareindustri- (Anvendelse)",1986,0.7647720442744185
Import eksklusiv told,REST_TILGANG Øvrige brancher,"10120 Føde-, drikke- og tobaksvareindustri- (Anvendelse)",1987,0.7435781974030011
Import eksklusiv told,REST_TILGANG Øvrige brancher,"10120 Føde-, drikke- og tobaksvareindustri- (Anvendelse)",1988,0.766420738826151
Import eksklusiv told,REST_TILGANG Øvrige brancher,"10120 Føde-, drikke- og tobaksvareindustri- (Anvendelse)",1989,0.7866665495175117
Import eksklusiv told,REST_TILGANG Øvrige brancher,"10120 Føde-, drikke- og tobaksvareindustri- (Anvendelse)",1990,0.8046444169857261
Import eksklusiv told,REST_TILGANG Øvrige brancher,"10120 Føde-, drikke- og tobaksvareindustri- (Anvendelse)",1991,0.8172662363780726
Import eksklusiv told,REST_TILGANG Øvrige brancher,"10120 Føde-, drikke- og tobaksvareindustri- (Anvendelse)",1992,0.7827971146864912
Import eksklusiv told,REST_TILGANG Øvrige brancher,"10120 Føde-, drikke- og tobaksvareindustri- (Anvendelse)",1993,0.7828815365263622
Import eksklusiv told,REST_TILGANG Øvrige brancher,"10120 Føde-, drikke- og tobaksvareindustri- (Anvendelse)",1994,0.7800442485712221
Import eksklusiv told,REST_TILGANG Øvrige brancher,"10120 Føde-, drikke- og tobaksvareindustri- (Anvendelse)",1995,0.789091736007902
Import eksklusiv told,REST_TILGANG Øvrige brancher,"10120 Føde-, drikke- og tobaksvareindustri- (Anvendelse)",1996,0.7592713907101245
Import eksklusiv told,REST_TILGANG Øvrige brancher,"10120 Føde-, drikke- og tobaksvareindustri- (Anvendelse)",1997,0.773140065852328
Import eksklusiv told,REST_TILGANG Øvrige brancher,"10120 Føde-, drikke- og tobaksvareindustri- (Anvendelse)",1998,0.7904787864774703
Import eksklusiv told,REST_TILGANG Øvrige brancher,"10120 Føde-, drikke- og tobaksvareindustri- (Anvendelse)",1999,0.7726833687609808
Import eksklusiv told,REST_TILGANG Øvrige brancher,"10120 Føde-, drikke- og tobaksvareindustri- (Anvendelse)",2000,0.7997706676194719
Import eksklusiv told,REST_TILGANG Øvrige brancher,"10120 Føde-, drikke- og tobaksvareindustri- (Anvendelse)",2001,0.8086563005118902
Import eksklusiv told,REST_TILGANG Øvrige brancher,"10120 Føde-, drikke- og tobaksvareindustri- (Anvendelse)",2002,0.8124423602621971
Import eksklusiv told,REST_TILGANG Øvrige brancher,"10120 Føde-, drikke- og tobaksvareindustri- (Anvendelse)",2003,0.7948959931845277
Import eksklusiv told,REST_TILGANG Øvrige brancher,"10120 Føde-, drikke- og tobaksvareindustri- (Anvendelse)",2004,0.8038998191311947
Import eksklusiv told,REST_TILGANG Øvrige brancher,"10120 Føde-, drikke- og tobaksvareindustri- (Anvendelse)",2005,0.8589799051034
Import eksklusiv told,REST_TILGANG Øvrige brancher,"10120 Føde-, drikke- og tobaksvareindustri- (Anvendelse)",2006,0.8900286686613115
Import eksklusiv told,REST_TILGANG Øvrige brancher,"10120 Føde-, drikke- og tobaksvareindustri- (Anvendelse)",2007,0.9076395819436813
Import eksklusiv told,REST_TILGANG Øvrige brancher,"10120 Føde-, drikke- og tobaksvareindustri- (Anvendelse)",2008,0.9351279708142805
Import eksklusiv told,REST_TILGANG Øvrige brancher,"10120 Føde-, drikke- og tobaksvareindustri- (Anvendelse)",2009,0.9067137059825726
Import eksklusiv told,REST_TILGANG Øvrige brancher,"10120 Føde-, drikke- og tobaksvareindustri- (Anvendelse)",2010,0.9615986922360249
Import eksklusiv told,REST_TILGANG Øvrige brancher,"10120 Føde-, drikke- og tobaksvareindustri- (Anvendelse)",2011,0.9936942252211096
Import eksklusiv told,REST_TILGANG Øvrige brancher,"10120 Føde-, drikke- og tobaksvareindustri- (Anvendelse)",2012,1.0013462775658324
Import eksklusiv told,REST_TILGANG Øvrige brancher,"10120 Føde-, drikke- og tobaksvareindustri- (Anvendelse)",2013,1.0145455185085137
Import eksklusiv told,REST_TILGANG Øvrige brancher,"10120 Føde-, drikke- og tobaksvareindustri- (Anvendelse)",2014,1.0002843334304676
Import eksklusiv told,REST_TILGANG Øvrige brancher,"10120 Føde-, drikke- og tobaksvareindustri- (Anvendelse)",2015,0.9869673121262582
Import eksklusiv told,REST_TILGANG Øvrige brancher,"10120 Føde-, drikke- og tobaksvareindustri- (Anvendelse)",2016,0.9986387078098783
Import eksklusiv told,REST_TILGANG Øvrige brancher,"10120 Føde-, drikke- og tobaksvareindustri- (Anvendelse)",2017,1.0102399870711765
Import eksklusiv told,REST_TILGANG Øvrige brancher,"10120 Føde-, drikke- og tobaksvareindustri- (Anvendelse)",2018,1.018637779932168
Import eksklusiv told,REST_TILGANG Øvrige brancher,"10120 Føde-, drikke- og tobaksvareindustri- (Anvendelse)",2019,1.0233971844258083
Import eksklusiv told,REST_TILGANG Øvrige brancher,"10120 Føde-, drikke- og tobaksvareindustri- (Anvendelse)",2020,1.0
Import eksklusiv told,REST_TILGANG Øvrige brancher,"10120 Føde-, drikke- og tobaksvareindustri- (Anvendelse)",2021,1.0790458042895819
Import eksklusiv told,REST_TILGANG Øvrige brancher,"10120 Føde-, drikke- og tobaksvareindustri- (Anvendelse)",2022,1.2856137966195476
Import eksklusiv told,REST_TILGANG Øvrige brancher,"Anvendelse, i alt-(Anvendelse)",1967,0.23989799859252214
Import eksklusiv told,REST_TILGANG Øvrige brancher,"Anvendelse, i alt-(Anvendelse)",1968,0.24593477883425932
Import eksklusiv told,REST_TILGANG Øvrige brancher,"Anvendelse, i alt-(Anvendelse)",1969,0.2520689883421117
Import eksklusiv told,REST_TILGANG Øvrige brancher,"Anvendelse, i alt-(Anvendelse)",1970,0.2658320880704895
Import eksklusiv told,REST_TILGANG Øvrige brancher,"Anvendelse, i alt-(Anvendelse)",1971,0.27997452208022583
Import eksklusiv told,REST_TILGANG Øvrige brancher,"Anvendelse, i alt-(Anvendelse)",1972,0.29952303051697104
Import eksklusiv told,REST_TILGANG Øvrige brancher,"Anvendelse, i alt-(Anvendelse)",1973,0.3157554281555695
Import eksklusiv told,REST_TILGANG Øvrige brancher,"Anvendelse, i alt-(Anvendelse)",1974,0.42006038468500034
Import eksklusiv told,REST_TILGANG Øvrige brancher,"Anvendelse, i alt-(Anvendelse)",1975,0.44397629420319584
Import eksklusiv told,REST_TILGANG Øvrige brancher,"Anvendelse, i alt-(Anvendelse)",1976,0.470603191561515
Import eksklusiv told,REST_TILGANG Øvrige brancher,"Anvendelse, i alt-(Anvendelse)",1977,0.4951974469124762
Import eksklusiv told,REST_TILGANG Øvrige brancher,"Anvendelse, i alt-(Anvendelse)",1978,0.5102889956507081
Import eksklusiv told,REST_TILGANG Øvrige brancher,"Anvendelse, i alt-(Anvendelse)",1979,0.5675911744586682
Import eksklusiv told,REST_TILGANG Øvrige brancher,"Anvendelse, i alt-(Anvendelse)",1980,0.6835025759639041
Import eksklusiv told,REST_TILGANG Øvrige brancher,"Anvendelse, i alt-(Anvendelse)",1981,0.779444235440403
Import eksklusiv told,REST_TILGANG Øvrige brancher,"Anvendelse, i alt-(Anvendelse)",1982,0.8680437555877913
Import eksklusiv told,REST_TILGANG Øvrige brancher,"Anvendelse, i alt-(Anvendelse)",1983,0.9005962871537387
Import eksklusiv told,REST_TILGANG Øvrige brancher,"Anvendelse, i alt-(Anvendelse)",1984,0.9589140662032174
Import eksklusiv told,REST_TILGANG Øvrige brancher,"Anvendelse, i alt-(Anvendelse)",1985,0.9815467735665243
Import eksklusiv told,REST_TILGANG Øvrige brancher,"Anvendelse, i alt-(Anvendelse)",1986,0.8884921774712533
Import eksklusiv told,REST_TILGANG Øvrige brancher,"Anvendelse, i alt-(Anvendelse)",1987,0.8619668046232181
Import eksklusiv told,REST_TILGANG Øvrige brancher,"Anvendelse, i alt-(Anvendelse)",1988,0.8651870368016878
Import eksklusiv told,REST_TILGANG Øvrige brancher,"Anvendelse, i alt-(Anvendelse)",1989,0.9023656307440308
Import eksklusiv told,REST_TILGANG Øvrige brancher,"Anvendelse, i alt-(Anvendelse)",1990,0.9072836384132026
Import eksklusiv told,REST_TILGANG Øvrige brancher,"Anvendelse, i alt-(Anvendelse)",1991,0.9180732365045895
Import eksklusiv told,REST_TILGANG Øvrige brancher,"Anvendelse, i alt-(Anvendelse)",1992,0.9070548134384533
Import eksklusiv told,REST_TILGANG Øvrige brancher,"Anvendelse, i alt-(Anvendelse)",1993,0.8923501616008422
Import eksklusiv told,REST_TILGANG Øvrige brancher,"Anvendelse, i alt-(Anvendelse)",1994,0.8927636303422614
Import eksklusiv told,REST_TILGANG Øvrige brancher,"Anvendelse, i alt-(Anvendelse)",1995,0.90704394833892
Import eksklusiv told,REST_TILGANG Øvrige brancher,"Anvendelse, i alt-(Anvendelse)",1996,0.8984720834321884
Import eksklusiv told,REST_TILGANG Øvrige brancher,"Anvendelse, i alt-(Anvendelse)",1997,0.9058900003597604
Import eksklusiv told,REST_TILGANG Øvrige brancher,"Anvendelse, i alt-(Anvendelse)",1998,0.8892570213569041
Import eksklusiv told,REST_TILGANG Øvrige brancher,"Anvendelse, i alt-(Anvendelse)",1999,0.8814079543259133
Import eksklusiv told,REST_TILGANG Øvrige brancher,"Anvendelse, i alt-(Anvendelse)",2000,0.9231309326901909
Import eksklusiv told,REST_TILGANG Øvrige brancher,"Anvendelse, i alt-(Anvendelse)",2001,0.929080481105049
Import eksklusiv told,REST_TILGANG Øvrige brancher,"Anvendelse, i alt-(Anvendelse)",2002,0.9173121679726962
Import eksklusiv told,REST_TILGANG Øvrige brancher,"Anvendelse, i alt-(Anvendelse)",2003,0.909003533821838
Import eksklusiv told,REST_TILGANG Øvrige brancher,"Anvendelse, i alt-(Anvendelse)",2004,0.9167995819492116
Import eksklusiv told,REST_TILGANG Øvrige brancher,"Anvendelse, i alt-(Anvendelse)",2005,0.9438753474527523
Import eksklusiv told,REST_TILGANG Øvrige brancher,"Anvendelse, i alt-(Anvendelse)",2006,0.9664055874566753
Import eksklusiv told,REST_TILGANG Øvrige brancher,"Anvendelse, i alt-(Anvendelse)",2007,0.9845058181170941
Import eksklusiv told,REST_TILGANG Øvrige brancher,"Anvendelse, i alt-(Anvendelse)",2008,1.018265453797982
Import eksklusiv told,REST_TILGANG Øvrige brancher,"Anvendelse, i alt-(Anvendelse)",2009,0.9524066526532579
Import eksklusiv told,REST_TILGANG Øvrige brancher,"Anvendelse, i alt-(Anvendelse)",2010,0.9941394651373152
Import eksklusiv told,REST_TILGANG Øvrige brancher,"Anvendelse, i alt-(Anvendelse)",2011,1.0366265895106048
Import eksklusiv told,REST_TILGANG Øvrige brancher,"Anvendelse, i alt-(Anvendelse)",2012,1.0478429279904569
Import eksklusiv told,REST_TILGANG Øvrige brancher,"Anvendelse, i alt-(Anvendelse)",2013,1.034549531718516
Import eksklusiv told,REST_TILGANG Øvrige brancher,"Anvendelse, i alt-(Anvendelse)",2014,1.025213452769444
Import eksklusiv told,REST_TILGANG Øvrige brancher,"Anvendelse, i alt-(Anvendelse)",2015,1.0111827150385067
Import eksklusiv told,REST_TILGANG Øvrige brancher,"Anvendelse, i alt-(Anvendelse)",2016,0.9912908849576857
Import eksklusiv told,REST_TILGANG Øvrige brancher,"Anvendelse, i alt-(Anvendelse)",2017,1.005855582704936
Import eksklusiv told,REST_TILGANG Øvrige brancher,"Anvendelse, i alt-(Anvendelse)",2018,1.0224203478536587
Import eksklusiv told,REST_TILGANG Øvrige brancher,"Anvendelse, i alt-(Anvendelse)",2019,1.0262715142983938
Import eksklusiv told,REST_TILGANG Øvrige brancher,"Anvendelse, i alt-(Anvendelse)",2020,1.0
Import eksklusiv told,REST_TILGANG Øvrige brancher,"Anvendelse, i alt-(Anvendelse)",2021,1.0603066174684106
Import eksklusiv told,REST_TILGANG Øvrige brancher,"Anvendelse, i alt-(Anvendelse)",2022,1.2219064736396474
Import eksklusiv told,REST_TILGANG Øvrige brancher,Eksport - (Anvendelse),1967,0.41603993615484464
Import eksklusiv told,REST_TILGANG Øvrige brancher,Eksport - (Anvendelse),1968,0.4116712265323537
Import eksklusiv told,REST_TILGANG Øvrige brancher,Eksport - (Anvendelse),1969,0.4220661133369237
Import eksklusiv told,REST_TILGANG Øvrige brancher,Eksport - (Anvendelse),1970,0.45129724070705046
Import eksklusiv told,REST_TILGANG Øvrige brancher,Eksport - (Anvendelse),1971,0.4657233769038039
Import eksklusiv told,REST_TILGANG Øvrige brancher,Eksport - (Anvendelse),1972,0.512818511403493
Import eksklusiv told,REST_TILGANG Øvrige brancher,Eksport - (Anvendelse),1973,0.48942268054257965
Import eksklusiv told,REST_TILGANG Øvrige brancher,Eksport - (Anvendelse),1974,0.5906100902886477
Import eksklusiv told,REST_TILGANG Øvrige brancher,Eksport - (Anvendelse),1975,0.6200123355981578
Import eksklusiv told,REST_TILGANG Øvrige brancher,Eksport - (Anvendelse),1976,0.6481196599633331
Import eksklusiv told,REST_TILGANG Øvrige brancher,Eksport - (Anvendelse),1977,0.697479610644021
Import eksklusiv told,REST_TILGANG Øvrige brancher,Eksport - (Anvendelse),1978,0.7327513851509725
Import eksklusiv told,REST_TILGANG Øvrige brancher,Eksport - (Anvendelse),1979,0.745656608877414
Import eksklusiv told,REST_TILGANG Øvrige brancher,Eksport - (Anvendelse),1980,0.8542352927341683
Import eksklusiv told,REST_TILGANG Øvrige brancher,Eksport - (Anvendelse),1981,0.9145570532071051
Import eksklusiv told,REST_TILGANG Øvrige brancher,Eksport - (Anvendelse),1982,0.9793401002400512
Import eksklusiv told,REST_TILGANG Øvrige brancher,Eksport - (Anvendelse),1983,1.0459441261419868
Import eksklusiv told,REST_TILGANG Øvrige brancher,Eksport - (Anvendelse),1984,1.1260198217751411
Import eksklusiv told,REST_TILGANG Øvrige brancher,Eksport - (Anvendelse),1985,1.1022070863828846
Import eksklusiv told,REST_TILGANG Øvrige brancher,Eksport - (Anvendelse),1986,1.0170444781787542
Import eksklusiv told,REST_TILGANG Øvrige brancher,Eksport - (Anvendelse),1987,1.010773627385303
Import eksklusiv told,REST_TILGANG Øvrige brancher,Eksport - (Anvendelse),1988,1.0146091102082233
Import eksklusiv told,REST_TILGANG Øvrige brancher,Eksport - (Anvendelse),1989,1.0155496341471215
Import eksklusiv told,REST_TILGANG Øvrige brancher,Eksport - (Anvendelse),1990,1.0227256881536853
Import eksklusiv told,REST_TILGANG Øvrige brancher,Eksport - (Anvendelse),1991,1.04865730630627
Import eksklusiv told,REST_TILGANG Øvrige brancher,Eksport - (Anvendelse),1992,1.0491137695351984
Import eksklusiv told,REST_TILGANG Øvrige brancher,Eksport - (Anvendelse),1993,1.0516944784773183
Import eksklusiv told,REST_TILGANG Øvrige brancher,Eksport - (Anvendelse),1994,1.0321631420391202
Import eksklusiv told,REST_TILGANG Øvrige brancher,Eksport - (Anvendelse),1995,1.0221947771296713
Import eksklusiv told,REST_TILGANG Øvrige brancher,Eksport - (Anvendelse),1996,1.0001115359499484
Import eksklusiv told,REST_TILGANG Øvrige brancher,Eksport - (Anvendelse),1997,1.0022515035055886
Import eksklusiv told,REST_TILGANG Øvrige brancher,Eksport - (Anvendelse),1998,0.987770418853267
Import eksklusiv told,REST_TILGANG Øvrige brancher,Eksport - (Anvendelse),1999,0.97618250009865
Import eksklusiv told,REST_TILGANG Øvrige brancher,Eksport - (Anvendelse),2000,0.9988026731693835
Import eksklusiv told,REST_TILGANG Øvrige brancher,Eksport - (Anvendelse),2001,0.9963592806175569
Import eksklusiv told,REST_TILGANG Øvrige brancher,Eksport - (Anvendelse),2002,0.9780058760855848
Import eksklusiv told,REST_TILGANG Øvrige brancher,Eksport - (Anvendelse),2003,0.9684972909943501
Import eksklusiv told,REST_TILGANG Øvrige brancher,Eksport - (Anvendelse),2004,0.9336147283715315
Import eksklusiv told,REST_TILGANG Øvrige brancher,Eksport - (Anvendelse),2005,0.9801501924537734
Import eksklusiv told,REST_TILGANG Øvrige brancher,Eksport - (Anvendelse),2006,0.9899955207848256
Import eksklusiv told,REST_TILGANG Øvrige brancher,Eksport - (Anvendelse),2007,0.9922916496031853
Import eksklusiv told,REST_TILGANG Øvrige brancher,Eksport - (Anvendelse),2008,1.0382351090436488
Import eksklusiv told,REST_TILGANG Øvrige brancher,Eksport - (Anvendelse),2009,0.9242578878510841
Import eksklusiv told,REST_TILGANG Øvrige brancher,Eksport - (Anvendelse),2010,0.9938174256406068
Import eksklusiv told,REST_TILGANG Øvrige brancher,Eksport - (Anvendelse),2011,1.0353283755548586
Import eksklusiv told,REST_TILGANG Øvrige brancher,Eksport - (Anvendelse),2012,1.062148747709679
Import eksklusiv told,REST_TILGANG Øvrige brancher,Eksport - (Anvendelse),2013,1.0470503976414063
Import eksklusiv told,REST_TILGANG Øvrige brancher,Eksport - (Anvendelse),2014,1.03746512563215
Import eksklusiv told,REST_TILGANG Øvrige brancher,Eksport - (Anvendelse),2015,1.040598409091298
Import eksklusiv told,REST_TILGANG Øvrige brancher,Eksport - (Anvendelse),2016,1.0081777724621561
Import eksklusiv told,REST_TILGANG Øvrige brancher,Eksport - (Anvendelse),2017,1.015070063111646
Import eksklusiv told,REST_TILGANG Øvrige brancher,Eksport - (Anvendelse),2018,1.0288858292202507
Import eksklusiv told,REST_TILGANG Øvrige brancher,Eksport - (Anvendelse),2019,1.0308335768338632
Import eksklusiv told,REST_TILGANG Øvrige brancher,Eksport - (Anvendelse),2020,1.0
Import eksklusiv told,REST_TILGANG Øvrige brancher,Eksport - (Anvendelse),2021,1.0520134555914167
Import eksklusiv told,REST_TILGANG Øvrige brancher,Eksport - (Anvendelse),2022,1.2133735804062786
Import eksklusiv told,REST_TILGANG Øvrige brancher,Faste bruttoinvesteringer + Lagerforøgelse + Værdigenstande (Anvendelse),1967,0.5808701519867664
Import eksklusiv told,REST_TILGANG Øvrige brancher,Faste bruttoinvesteringer + Lagerforøgelse + Værdigenstande (Anvendelse),1968,0.5913511930418314
Import eksklusiv told,REST_TILGANG Øvrige brancher,Faste bruttoinvesteringer + Lagerforøgelse + Værdigenstande (Anvendelse),1969,0.6075973605694727
Import eksklusiv told,REST_TILGANG Øvrige brancher,Faste bruttoinvesteringer + Lagerforøgelse + Værdigenstande (Anvendelse),1970,0.6327681434152693
Import eksklusiv told,REST_TILGANG Øvrige brancher,Faste bruttoinvesteringer + Lagerforøgelse + Værdigenstande (Anvendelse),1971,0.6888198104638092
Import eksklusiv told,REST_TILGANG Øvrige brancher,Faste bruttoinvesteringer + Lagerforøgelse + Værdigenstande (Anvendelse),1972,0.804242390513137
Import eksklusiv told,REST_TILGANG Øvrige brancher,Faste bruttoinvesteringer + Lagerforøgelse + Værdigenstande (Anvendelse),1973,0.7861868565455152
Import eksklusiv told,REST_TILGANG Øvrige brancher,Faste bruttoinvesteringer + Lagerforøgelse + Værdigenstande (Anvendelse),1974,0.9009129593605731
Import eksklusiv told,REST_TILGANG Øvrige brancher,Faste bruttoinvesteringer + Lagerforøgelse + Værdigenstande (Anvendelse),1975,0.9838963200345211
Import eksklusiv told,REST_TILGANG Øvrige brancher,Faste bruttoinvesteringer + Lagerforøgelse + Værdigenstande (Anvendelse),1976,1.0515998745055342
Import eksklusiv told,REST_TILGANG Øvrige brancher,Faste bruttoinvesteringer + Lagerforøgelse + Værdigenstande (Anvendelse),1977,1.1262673185775895
Import eksklusiv told,REST_TILGANG Øvrige brancher,Faste bruttoinvesteringer + Lagerforøgelse + Værdigenstande (Anvendelse),1978,1.1519433764749945
Import eksklusiv told,REST_TILGANG Øvrige brancher,Faste bruttoinvesteringer + Lagerforøgelse + Værdigenstande (Anvendelse),1979,1.1398071156819174
Import eksklusiv told,REST_TILGANG Øvrige brancher,Faste bruttoinvesteringer + Lagerforøgelse + Værdigenstande (Anvendelse),1980,1.2607273883040875
Import eksklusiv told,REST_TILGANG Øvrige brancher,Faste bruttoinvesteringer + Lagerforøgelse + Værdigenstande (Anvendelse),1981,1.4041846789530856
Import eksklusiv told,REST_TILGANG Øvrige brancher,Faste bruttoinvesteringer + Lagerforøgelse + Værdigenstande (Anvendelse),1982,1.5521627569345577
Import eksklusiv told,REST_TILGANG Øvrige brancher,Faste bruttoinvesteringer + Lagerforøgelse + Værdigenstande (Anvendelse),1983,1.63753540255324
Import eksklusiv told,REST_TILGANG Øvrige brancher,Faste bruttoinvesteringer + Lagerforøgelse + Værdigenstande (Anvendelse),1984,1.683243374519645
Import eksklusiv told,REST_TILGANG Øvrige brancher,Faste bruttoinvesteringer + Lagerforøgelse + Værdigenstande (Anvendelse),1985,1.711256313521015
Import eksklusiv told,REST_TILGANG Øvrige brancher,Faste bruttoinvesteringer + Lagerforøgelse + Værdigenstande (Anvendelse),1986,1.5825561874491731
Import eksklusiv told,REST_TILGANG Øvrige brancher,Faste bruttoinvesteringer + Lagerforøgelse + Værdigenstande (Anvendelse),1987,1.4827381043795187
Import eksklusiv told,REST_TILGANG Øvrige brancher,Faste bruttoinvesteringer + Lagerforøgelse + Værdigenstande (Anvendelse),1988,1.4338644943581973
Import eksklusiv told,REST_TILGANG Øvrige brancher,Faste bruttoinvesteringer + Lagerforøgelse + Værdigenstande (Anvendelse),1989,1.418696695986775
Import eksklusiv told,REST_TILGANG Øvrige brancher,Faste bruttoinvesteringer + Lagerforøgelse + Værdigenstande (Anvendelse),1990,1.4065288084639083
Import eksklusiv told,REST_TILGANG Øvrige brancher,Faste bruttoinvesteringer + Lagerforøgelse + Værdigenstande (Anvendelse),1991,1.416047843555821
Import eksklusiv told,REST_TILGANG Øvrige brancher,Faste bruttoinvesteringer + Lagerforøgelse + Værdigenstande (Anvendelse),1992,1.351008801640845
Import eksklusiv told,REST_TILGANG Øvrige brancher,Faste bruttoinvesteringer + Lagerforøgelse + Værdigenstande (Anvendelse),1993,1.309355674334205
Import eksklusiv told,REST_TILGANG Øvrige brancher,Faste bruttoinvesteringer + Lagerforøgelse + Værdigenstande (Anvendelse),1994,1.2904660415287939
Import eksklusiv told,REST_TILGANG Øvrige brancher,Faste bruttoinvesteringer + Lagerforøgelse + Værdigenstande (Anvendelse),1995,1.263432937525658
Import eksklusiv told,REST_TILGANG Øvrige brancher,Faste bruttoinvesteringer + Lagerforøgelse + Værdigenstande (Anvendelse),1996,1.2280999336122218
Import eksklusiv told,REST_TILGANG Øvrige brancher,Faste bruttoinvesteringer + Lagerforøgelse + Værdigenstande (Anvendelse),1997,1.2255835921322895
Import eksklusiv told,REST_TILGANG Øvrige brancher,Faste bruttoinvesteringer + Lagerforøgelse + Værdigenstande (Anvendelse),1998,1.1841488828950981
Import eksklusiv told,REST_TILGANG Øvrige brancher,Faste bruttoinvesteringer + Lagerforøgelse + Værdigenstande (Anvendelse),1999,1.1541851005201995
Import eksklusiv told,REST_TILGANG Øvrige brancher,Faste bruttoinvesteringer + Lagerforøgelse + Værdigenstande (Anvendelse),2000,1.1840520183966534
Import eksklusiv told,REST_TILGANG Øvrige brancher,Faste bruttoinvesteringer + Lagerforøgelse + Værdigenstande (Anvendelse),2001,1.1797406902149576
Import eksklusiv told,REST_TILGANG Øvrige brancher,Faste bruttoinvesteringer + Lagerforøgelse + Værdigenstande (Anvendelse),2002,1.163943287233656
Import eksklusiv told,REST_TILGANG Øvrige brancher,Faste bruttoinvesteringer + Lagerforøgelse + Værdigenstande (Anvendelse),2003,1.1038552736550664
Import eksklusiv told,REST_TILGANG Øvrige brancher,Faste bruttoinvesteringer + Lagerforøgelse + Værdigenstande (Anvendelse),2004,1.1051493397774372
Import eksklusiv told,REST_TILGANG Øvrige brancher,Faste bruttoinvesteringer + Lagerforøgelse + Værdigenstande (Anvendelse),2005,1.0894377680251859
Import eksklusiv told,REST_TILGANG Øvrige brancher,Faste bruttoinvesteringer + Lagerforøgelse + Værdigenstande (Anvendelse),2006,1.0960187372597006
Import eksklusiv told,REST_TILGANG Øvrige brancher,Faste bruttoinvesteringer + Lagerforøgelse + Værdigenstande (Anvendelse),2007,1.1290392083869722
Import eksklusiv told,REST_TILGANG Øvrige brancher,Faste bruttoinvesteringer + Lagerforøgelse + Værdigenstande (Anvendelse),2008,1.1482234514150698
Import eksklusiv told,REST_TILGANG Øvrige brancher,Faste bruttoinvesteringer + Lagerforøgelse + Værdigenstande (Anvendelse),2009,1.04895439377158
Import eksklusiv told,REST_TILGANG Øvrige brancher,Faste bruttoinvesteringer + Lagerforøgelse + Værdigenstande (Anvendelse),2010,1.045383408685062
Import eksklusiv told,REST_TILGANG Øvrige brancher,Faste bruttoinvesteringer + Lagerforøgelse + Værdigenstande (Anvendelse),2011,1.0337859612053977
Import eksklusiv told,REST_TILGANG Øvrige brancher,Faste bruttoinvesteringer + Lagerforøgelse + Værdigenstande (Anvendelse),2012,1.0558923856982554
Import eksklusiv told,REST_TILGANG Øvrige brancher,Faste bruttoinvesteringer + Lagerforøgelse + Værdigenstande (Anvendelse),2013,1.027748598828315
Import eksklusiv told,REST_TILGANG Øvrige brancher,Faste bruttoinvesteringer + Lagerforøgelse + Værdigenstande (Anvendelse),2014,1.0396432712758537
Import eksklusiv told,REST_TILGANG Øvrige brancher,Faste bruttoinvesteringer + Lagerforøgelse + Værdigenstande (Anvendelse),2015,1.05815662841449
Import eksklusiv told,REST_TILGANG Øvrige brancher,Faste bruttoinvesteringer + Lagerforøgelse + Værdigenstande (Anvendelse),2016,1.0479504110970952
Import eksklusiv told,REST_TILGANG Øvrige brancher,Faste bruttoinvesteringer + Lagerforøgelse + Værdigenstande (Anvendelse),2017,1.0265639944314024
Import eksklusiv told,REST_TILGANG Øvrige brancher,Faste bruttoinvesteringer + Lagerforøgelse + Værdigenstande (Anvendelse),2018,1.013420732014966
Import eksklusiv told,REST_TILGANG Øvrige brancher,Faste bruttoinvesteringer + Lagerforøgelse + Værdigenstande (Anvendelse),2019,1.0182205399581112
Import eksklusiv told,REST_TILGANG Øvrige brancher,Faste bruttoinvesteringer + Lagerforøgelse + Værdigenstande (Anvendelse),2020,1.0
Import eksklusiv told,REST_TILGANG Øvrige brancher,Faste bruttoinvesteringer + Lagerforøgelse + Værdigenstande (Anvendelse),2021,0.9929608170434824
Import eksklusiv told,REST_TILGANG Øvrige brancher,Faste bruttoinvesteringer + Lagerforøgelse + Værdigenstande (Anvendelse),2022,1.093115645222374
Import eksklusiv told,REST_TILGANG Øvrige brancher,Husholdningernes forbrugsudgifter + NPISH (Anvendelse),1967,0.25240143575355567
Import eksklusiv told,REST_TILGANG Øvrige brancher,Husholdningernes forbrugsudgifter + NPISH (Anvendelse),1968,0.256524589839956
Import eksklusiv told,REST_TILGANG Øvrige brancher,Husholdningernes forbrugsudgifter + NPISH (Anvendelse),1969,0.2554985297516477
Import eksklusiv told,REST_TILGANG Øvrige brancher,Husholdningernes forbrugsudgifter + NPISH (Anvendelse),1970,0.2633588054800681
Import eksklusiv told,REST_TILGANG Øvrige brancher,Husholdningernes forbrugsudgifter + NPISH (Anvendelse),1971,0.28096790040041364
Import eksklusiv told,REST_TILGANG Øvrige brancher,Husholdningernes forbrugsudgifter + NPISH (Anvendelse),1972,0.3110483864497053
Import eksklusiv told,REST_TILGANG Øvrige brancher,Husholdningernes forbrugsudgifter + NPISH (Anvendelse),1973,0.3303391917517054
Import eksklusiv told,REST_TILGANG Øvrige brancher,Husholdningernes forbrugsudgifter + NPISH (Anvendelse),1974,0.4053092156007044
Import eksklusiv told,REST_TILGANG Øvrige brancher,Husholdningernes forbrugsudgifter + NPISH (Anvendelse),1975,0.4228779838794137
Import eksklusiv told,REST_TILGANG Øvrige brancher,Husholdningernes forbrugsudgifter + NPISH (Anvendelse),1976,0.4501127511843036
Import eksklusiv told,REST_TILGANG Øvrige brancher,Husholdningernes forbrugsudgifter + NPISH (Anvendelse),1977,0.4698595132410235
Import eksklusiv told,REST_TILGANG Øvrige brancher,Husholdningernes forbrugsudgifter + NPISH (Anvendelse),1978,0.4930507425186063
Import eksklusiv told,REST_TILGANG Øvrige brancher,Husholdningernes forbrugsudgifter + NPISH (Anvendelse),1979,0.5638653618541623
Import eksklusiv told,REST_TILGANG Øvrige brancher,Husholdningernes forbrugsudgifter + NPISH (Anvendelse),1980,0.6658485870455813
Import eksklusiv told,REST_TILGANG Øvrige brancher,Husholdningernes forbrugsudgifter + NPISH (Anvendelse),1981,0.7282587135595942
Import eksklusiv told,REST_TILGANG Øvrige brancher,Husholdningernes forbrugsudgifter + NPISH (Anvendelse),1982,0.7964342961061057
Import eksklusiv told,REST_TILGANG Øvrige brancher,Husholdningernes forbrugsudgifter + NPISH (Anvendelse),1983,0.8212416102473225
Import eksklusiv told,REST_TILGANG Øvrige brancher,Husholdningernes forbrugsudgifter + NPISH (Anvendelse),1984,0.8691394587982283
Import eksklusiv told,REST_TILGANG Øvrige brancher,Husholdningernes forbrugsudgifter + NPISH (Anvendelse),1985,0.9015929552285455
Import eksklusiv told,REST_TILGANG Øvrige brancher,Husholdningernes forbrugsudgifter + NPISH (Anvendelse),1986,0.8495884621393385
Import eksklusiv told,REST_TILGANG Øvrige brancher,Husholdningernes forbrugsudgifter + NPISH (Anvendelse),1987,0.8520031155728269
Import eksklusiv told,REST_TILGANG Øvrige brancher,Husholdningernes forbrugsudgifter + NPISH (Anvendelse),1988,0.8774104060573489
Import eksklusiv told,REST_TILGANG Øvrige brancher,Husholdningernes forbrugsudgifter + NPISH (Anvendelse),1989,0.9152803986677243
Import eksklusiv told,REST_TILGANG Øvrige brancher,Husholdningernes forbrugsudgifter + NPISH (Anvendelse),1990,0.9259287956794047
Import eksklusiv told,REST_TILGANG Øvrige brancher,Husholdningernes forbrugsudgifter + NPISH (Anvendelse),1991,0.9434504201871696
Import eksklusiv told,REST_TILGANG Øvrige brancher,Husholdningernes forbrugsudgifter + NPISH (Anvendelse),1992,0.9559931577297167
Import eksklusiv told,REST_TILGANG Øvrige brancher,Husholdningernes forbrugsudgifter + NPISH (Anvendelse),1993,0.9527917948932114
Import eksklusiv told,REST_TILGANG Øvrige brancher,Husholdningernes forbrugsudgifter + NPISH (Anvendelse),1994,0.9595221211191498
Import eksklusiv told,REST_TILGANG Øvrige brancher,Husholdningernes forbrugsudgifter + NPISH (Anvendelse),1995,0.9578740704734992
Import eksklusiv told,REST_TILGANG Øvrige brancher,Husholdningernes forbrugsudgifter + NPISH (Anvendelse),1996,0.9625167637300531
Import eksklusiv told,REST_TILGANG Øvrige brancher,Husholdningernes forbrugsudgifter + NPISH (Anvendelse),1997,0.9698759308706509
Import eksklusiv told,REST_TILGANG Øvrige brancher,Husholdningernes forbrugsudgifter + NPISH (Anvendelse),1998,0.9584990022024852
Import eksklusiv told,REST_TILGANG Øvrige brancher,Husholdningernes forbrugsudgifter + NPISH (Anvendelse),1999,0.9641948763969711
Import eksklusiv told,REST_TILGANG Øvrige brancher,Husholdningernes forbrugsudgifter + NPISH (Anvendelse),2000,0.987765247865045
Import eksklusiv told,REST_TILGANG Øvrige brancher,Husholdningernes forbrugsudgifter + NPISH (Anvendelse),2001,0.9909631093104994
Import eksklusiv told,REST_TILGANG Øvrige brancher,Husholdningernes forbrugsudgifter + NPISH (Anvendelse),2002,0.993351277564017
Import eksklusiv told,REST_TILGANG Øvrige brancher,Husholdningernes forbrugsudgifter + NPISH (Anvendelse),2003,0.9948228234576031
Import eksklusiv told,REST_TILGANG Øvrige brancher,Husholdningernes forbrugsudgifter + NPISH (Anvendelse),2004,0.9981575457145393
Import eksklusiv told,REST_TILGANG Øvrige brancher,Husholdningernes forbrugsudgifter + NPISH (Anvendelse),2005,1.010553330057809
Import eksklusiv told,REST_TILGANG Øvrige brancher,Husholdningernes forbrugsudgifter + NPISH (Anvendelse),2006,1.0260988893132283
Import eksklusiv told,REST_TILGANG Øvrige brancher,Husholdningernes forbrugsudgifter + NPISH (Anvendelse),2007,1.014558700085444
Import eksklusiv told,REST_TILGANG Øvrige brancher,Husholdningernes forbrugsudgifter + NPISH (Anvendelse),2008,1.0180763785913152
Import eksklusiv told,REST_TILGANG Øvrige brancher,Husholdningernes forbrugsudgifter + NPISH (Anvendelse),2009,0.990208249013574
Import eksklusiv told,REST_TILGANG Øvrige brancher,Husholdningernes forbrugsudgifter + NPISH (Anvendelse),2010,1.0285525494524967
Import eksklusiv told,REST_TILGANG Øvrige brancher,Husholdningernes forbrugsudgifter + NPISH (Anvendelse),2011,1.070192826087658
Import eksklusiv told,REST_TILGANG Øvrige brancher,Husholdningernes forbrugsudgifter + NPISH (Anvendelse),2012,1.0764477591979038
Import eksklusiv told,REST_TILGANG Øvrige brancher,Husholdningernes forbrugsudgifter + NPISH (Anvendelse),2013,1.0735741474886693
Import eksklusiv told,REST_TILGANG Øvrige brancher,Husholdningernes forbrugsudgifter + NPISH (Anvendelse),2014,1.0477499983073288
Import eksklusiv told,REST_TILGANG Øvrige brancher,Husholdningernes forbrugsudgifter + NPISH (Anvendelse),2015,1.0338096938328947
Import eksklusiv told,REST_TILGANG Øvrige brancher,Husholdningernes forbrugsudgifter + NPISH (Anvendelse),2016,1.0231038763943403
Import eksklusiv told,REST_TILGANG Øvrige brancher,Husholdningernes forbrugsudgifter + NPISH (Anvendelse),2017,1.0215392554898213
Import eksklusiv told,REST_TILGANG Øvrige brancher,Husholdningernes forbrugsudgifter + NPISH (Anvendelse),2018,1.027019006778312
Import eksklusiv told,REST_TILGANG Øvrige brancher,Husholdningernes forbrugsudgifter + NPISH (Anvendelse),2019,1.0303896970333812
Import eksklusiv told,REST_TILGANG Øvrige brancher,Husholdningernes forbrugsudgifter + NPISH (Anvendelse),2020,1.0
Import eksklusiv told,REST_TILGANG Øvrige brancher,Husholdningernes forbrugsudgifter + NPISH (Anvendelse),2021,1.029072623246264
Import eksklusiv told,REST_TILGANG Øvrige brancher,Husholdningernes forbrugsudgifter + NPISH (Anvendelse),2022,1.154164723550393
Import eksklusiv told,REST_TILGANG Øvrige brancher,"Offentligt forbrug, i alt-(Anvendelse)",1967,0.4128762276152244
Import eksklusiv told,REST_TILGANG Øvrige brancher,"Offentligt forbrug, i alt-(Anvendelse)",1968,0.39092045918749074
Import eksklusiv told,REST_TILGANG Øvrige brancher,"Offentligt forbrug, i alt-(Anvendelse)",1969,0.42113837280699395
Import eksklusiv told,REST_TILGANG Øvrige brancher,"Offentligt forbrug, i alt-(Anvendelse)",1970,0.42165155754011824
Import eksklusiv told,REST_TILGANG Øvrige brancher,"Offentligt forbrug, i alt-(Anvendelse)",1971,0.4507349146961843
Import eksklusiv told,REST_TILGANG Øvrige brancher,"Offentligt forbrug, i alt-(Anvendelse)",1972,0.46433210965348354
Import eksklusiv told,REST_TILGANG Øvrige brancher,"Offentligt forbrug, i alt-(Anvendelse)",1973,0.48699278729677786
Import eksklusiv told,REST_TILGANG Øvrige brancher,"Offentligt forbrug, i alt-(Anvendelse)",1974,0.5500057781083125
Import eksklusiv told,REST_TILGANG Øvrige brancher,"Offentligt forbrug, i alt-(Anvendelse)",1975,0.6036574284434157
Import eksklusiv told,REST_TILGANG Øvrige brancher,"Offentligt forbrug, i alt-(Anvendelse)",1976,0.6386311077842274
Import eksklusiv told,REST_TILGANG Øvrige brancher,"Offentligt forbrug, i alt-(Anvendelse)",1977,0.6605008838792567
Import eksklusiv told,REST_TILGANG Øvrige brancher,"Offentligt forbrug, i alt-(Anvendelse)",1978,0.6834521241703009
Import eksklusiv told,REST_TILGANG Øvrige brancher,"Offentligt forbrug, i alt-(Anvendelse)",1979,0.7216203249582391
Import eksklusiv told,REST_TILGANG Øvrige brancher,"Offentligt forbrug, i alt-(Anvendelse)",1980,0.7907744461662092
Import eksklusiv told,REST_TILGANG Øvrige brancher,"Offentligt forbrug, i alt-(Anvendelse)",1981,0.8769473309110916
Import eksklusiv told,REST_TILGANG Øvrige brancher,"Offentligt forbrug, i alt-(Anvendelse)",1982,0.980235385556287
Import eksklusiv told,REST_TILGANG Øvrige brancher,"Offentligt forbrug, i alt-(Anvendelse)",1983,1.0366963705978154
Import eksklusiv told,REST_TILGANG Øvrige brancher,"Offentligt forbrug, i alt-(Anvendelse)",1984,1.1137883240523556
Import eksklusiv told,REST_TILGANG Øvrige brancher,"Offentligt forbrug, i alt-(Anvendelse)",1985,1.1709809377509206
Import eksklusiv told,REST_TILGANG Øvrige brancher,"Offentligt forbrug, i alt-(Anvendelse)",1986,1.1836275114090424
Import eksklusiv told,REST_TILGANG Øvrige brancher,"Offentligt forbrug, i alt-(Anvendelse)",1987,1.207730633841086
Import eksklusiv told,REST_TILGANG Øvrige brancher,"Offentligt forbrug, i alt-(Anvendelse)",1988,1.2484052497706046
Import eksklusiv told,REST_TILGANG Øvrige brancher,"Offentligt forbrug, i alt-(Anvendelse)",1989,1.2908578306061673
Import eksklusiv told,REST_TILGANG Øvrige brancher,"Offentligt forbrug, i alt-(Anvendelse)",1990,1.0336188912746949
Import eksklusiv told,REST_TILGANG Øvrige brancher,"Offentligt forbrug, i alt-(Anvendelse)",1991,1.0790045648711777
Import eksklusiv told,REST_TILGANG Øvrige brancher,"Offentligt forbrug, i alt-(Anvendelse)",1992,1.10423135784239
Import eksklusiv told,REST_TILGANG Øvrige brancher,"Offentligt forbrug, i alt-(Anvendelse)",1993,1.0811642860079484
Import eksklusiv told,REST_TILGANG Øvrige brancher,"Offentligt forbrug, i alt-(Anvendelse)",1994,1.0677555737555706
Import eksklusiv told,REST_TILGANG Øvrige brancher,"Offentligt forbrug, i alt-(Anvendelse)",1995,1.058039691048858
Import eksklusiv told,REST_TILGANG Øvrige brancher,"Offentligt forbrug, i alt-(Anvendelse)",1996,1.0461141467431505
Import eksklusiv told,REST_TILGANG Øvrige brancher,"Offentligt forbrug, i alt-(Anvendelse)",1997,1.0597648838994431
Import eksklusiv told,REST_TILGANG Øvrige brancher,"Offentligt forbrug, i alt-(Anvendelse)",1998,1.048257232559249
Import eksklusiv told,REST_TILGANG Øvrige brancher,"Offentligt forbrug, i alt-(Anvendelse)",1999,1.042352849952424
Import eksklusiv told,REST_TILGANG Øvrige brancher,"Offentligt forbrug, i alt-(Anvendelse)",2000,1.0527865818822377
Import eksklusiv told,REST_TILGANG Øvrige brancher,"Offentligt forbrug, i alt-(Anvendelse)",2001,1.0751044664564133
Import eksklusiv told,REST_TILGANG Øvrige brancher,"Offentligt forbrug, i alt-(Anvendelse)",2002,1.0614648924507135
Import eksklusiv told,REST_TILGANG Øvrige brancher,"Offentligt forbrug, i alt-(Anvendelse)",2003,1.1215536675714717
Import eksklusiv told,REST_TILGANG Øvrige brancher,"Offentligt forbrug, i alt-(Anvendelse)",2004,1.0853038782180813
Import eksklusiv told,REST_TILGANG Øvrige brancher,"Offentligt forbrug, i alt-(Anvendelse)",2005,1.0897323869209894
Import eksklusiv told,REST_TILGANG Øvrige brancher,"Offentligt forbrug, i alt-(Anvendelse)",2006,1.1853249692566423
Import eksklusiv told,REST_TILGANG Øvrige brancher,"Offentligt forbrug, i alt-(Anvendelse)",2007,1.2552518704052367
Import eksklusiv told,REST_TILGANG Øvrige brancher,"Offentligt forbrug, i alt-(Anvendelse)",2008,1.2515904144478054
Import eksklusiv told,REST_TILGANG Øvrige brancher,"Offentligt forbrug, i alt-(Anvendelse)",2009,1.0843548541390202
Import eksklusiv told,REST_TILGANG Øvrige brancher,"Offentligt forbrug, i alt-(Anvendelse)",2010,1.0923276334074368
Import eksklusiv told,REST_TILGANG Øvrige brancher,"Offentligt forbrug, i alt-(Anvendelse)",2011,1.1001857008642537
Import eksklusiv told,REST_TILGANG Øvrige brancher,"Offentligt forbrug, i alt-(Anvendelse)",2012,1.0773204127389402
Import eksklusiv told,REST_TILGANG Øvrige brancher,"Offentligt forbrug, i alt-(Anvendelse)",2013,1.091556782783464
Import eksklusiv told,REST_TILGANG Øvrige brancher,"Offentligt forbrug, i alt-(Anvendelse)",2014,1.086737788925463
Import eksklusiv told,REST_TILGANG Øvrige brancher,"Offentligt forbrug, i alt-(Anvendelse)",2015,1.0559873320784272
Import eksklusiv told,REST_TILGANG Øvrige brancher,"Offentligt forbrug, i alt-(Anvendelse)",2016,1.020987490726555
Import eksklusiv told,REST_TILGANG Øvrige brancher,"Offentligt forbrug, i alt-(Anvendelse)",2017,0.9973171164612017
Import eksklusiv told,REST_TILGANG Øvrige brancher,"Offentligt forbrug, i alt-(Anvendelse)",2018,0.9837074368288881
Import eksklusiv told,REST_TILGANG Øvrige brancher,"Offentligt forbrug, i alt-(Anvendelse)",2019,1.002331794318055
Import eksklusiv told,REST_TILGANG Øvrige brancher,"Offentligt forbrug, i alt-(Anvendelse)",2020,1.0
Import eksklusiv told,REST_TILGANG Øvrige brancher,"Offentligt forbrug, i alt-(Anvendelse)",2021,1.002687694344016
Import eksklusiv told,REST_TILGANG Øvrige brancher,"Offentligt forbrug, i alt-(Anvendelse)",2022,1.0261032958647613
Import eksklusiv told,REST_TILGANG Øvrige brancher,Privat,1967,0.17797740057591352
Import eksklusiv told,REST_TILGANG Øvrige brancher,Privat,1968,0.18354441059915907
Import eksklusiv told,REST_TILGANG Øvrige brancher,Privat,1969,0.18951016681088778
Import eksklusiv told,REST_TILGANG Øvrige brancher,Privat,1970,0.20182532372225875
Import eksklusiv told,REST_TILGANG Øvrige brancher,Privat,1971,0.21046901457474873
Import eksklusiv told,REST_TILGANG Øvrige brancher,Privat,1972,0.2196242186773198
Import eksklusiv told,REST_TILGANG Øvrige brancher,Privat,1973,0.23695809720193628
Import eksklusiv told,REST_TILGANG Øvrige brancher,Privat,1974,0.33445388318496516
Import eksklusiv told,REST_TILGANG Øvrige brancher,Privat,1975,0.35195126002805033
Import eksklusiv told,REST_TILGANG Øvrige brancher,Privat,1976,0.3720503310770491
Import eksklusiv told,REST_TILGANG Øvrige brancher,Privat,1977,0.39015212269176003
Import eksklusiv told,REST_TILGANG Øvrige brancher,Privat,1978,0.399361130503397
Import eksklusiv told,REST_TILGANG Øvrige brancher,Privat,1979,0.4575976212335578
Import eksklusiv told,REST_TILGANG Øvrige brancher,Privat,1980,0.5633745029539908
Import eksklusiv told,REST_TILGANG Øvrige brancher,Privat,1981,0.6567524665241029
Import eksklusiv told,REST_TILGANG Øvrige brancher,Privat,1982,0.7382827428534544
Import eksklusiv told,REST_TILGANG Øvrige brancher,Privat,1983,0.7621579462610748
Import eksklusiv told,REST_TILGANG Øvrige brancher,Privat,1984,0.8172490088563432
Import eksklusiv told,REST_TILGANG Øvrige brancher,Privat,1985,0.8395313804538982
Import eksklusiv told,REST_TILGANG Øvrige brancher,Privat,1986,0.7435270575220445
Import eksklusiv told,REST_TILGANG Øvrige brancher,Privat,1987,0.7180553700335911
Import eksklusiv told,REST_TILGANG Øvrige brancher,Privat,1988,0.7227513917449169
Import eksklusiv told,REST_TILGANG Øvrige brancher,Privat,1989,0.7718234817467822
Import eksklusiv told,REST_TILGANG Øvrige brancher,Privat,1990,0.777951246371121
Import eksklusiv told,REST_TILGANG Øvrige brancher,Privat,1991,0.7834518435146914
Import eksklusiv told,REST_TILGANG Øvrige brancher,Privat,1992,0.7733626690875641
Import eksklusiv told,REST_TILGANG Øvrige brancher,Privat,1993,0.7566311492244553
Import eksklusiv told,REST_TILGANG Øvrige brancher,Privat,1994,0.762819355814765
Import eksklusiv told,REST_TILGANG Øvrige brancher,Privat,1995,0.7940610347238747
Import eksklusiv told,REST_TILGANG Øvrige brancher,Privat,1996,0.7890161654977262
Import eksklusiv told,REST_TILGANG Øvrige brancher,Privat,1997,0.7996290205372835
Import eksklusiv told,REST_TILGANG Øvrige brancher,Privat,1998,0.7859746963575229
Import eksklusiv told,REST_TILGANG Øvrige brancher,Privat,1999,0.7794671154690284
Import eksklusiv told,REST_TILGANG Øvrige brancher,Privat,2000,0.8340577590249625
Import eksklusiv told,REST_TILGANG Øvrige brancher,Privat,2001,0.8438955829469054
Import eksklusiv told,REST_TILGANG Øvrige brancher,Privat,2002,0.8299870445255932
Import eksklusiv told,REST_TILGANG Øvrige brancher,Privat,2003,0.8302156403905082
Import eksklusiv told,REST_TILGANG Øvrige brancher,Privat,2004,0.8561078948285407
Import eksklusiv told,REST_TILGANG Øvrige brancher,Privat,2005,0.8894237917871911
Import eksklusiv told,REST_TILGANG Øvrige brancher,Privat,2006,0.9212201053951982
Import eksklusiv told,REST_TILGANG Øvrige brancher,Privat,2007,0.946553663234911
Import eksklusiv told,REST_TILGANG Øvrige brancher,Privat,2008,0.9865093808124537
Import eksklusiv told,REST_TILGANG Øvrige brancher,Privat,2009,0.9351718380643969
Import eksklusiv told,REST_TILGANG Øvrige brancher,Privat,2010,0.9761521824100818
Import eksklusiv told,REST_TILGANG Øvrige brancher,Privat,2011,1.0308884066675048
Import eksklusiv told,REST_TILGANG Øvrige brancher,Privat,2012,1.035727550073264
Import eksklusiv told,REST_TILGANG Øvrige brancher,Privat,2013,1.022380939440333
Import eksklusiv told,REST_TILGANG Øvrige brancher,Privat,2014,1.0113483521446651
Import eksklusiv told,REST_TILGANG Øvrige brancher,Privat,2015,0.9830844755958915
Import eksklusiv told,REST_TILGANG Øvrige brancher,Privat,2016,0.9640574975185353
Import eksklusiv told,REST_TILGANG Øvrige brancher,Privat,2017,0.9951670249644982
Import eksklusiv told,REST_TILGANG Øvrige brancher,Privat,2018,1.0238439002852089
Import eksklusiv told,REST_TILGANG Øvrige brancher,Privat,2019,1.0276203883814263
Import eksklusiv told,REST_TILGANG Øvrige brancher,Privat,2020,1.0
Import eksklusiv told,REST_TILGANG Øvrige brancher,Privat,2021,1.0917731675864408
Import eksklusiv told,REST_TILGANG Øvrige brancher,Privat,2022,1.2863460907103628
Import eksklusiv told,REST_TILGANG Øvrige brancher,REST_ANVENDELSE Øvrige brancher,1967,0.1780411786954648
Import eksklusiv told,REST_TILGANG Øvrige brancher,REST_ANVENDELSE Øvrige brancher,1968,0.18359203659554174
Import eksklusiv told,REST_TILGANG Øvrige brancher,REST_ANVENDELSE Øvrige brancher,1969,0.18983529242564548
Import eksklusiv told,REST_TILGANG Øvrige brancher,REST_ANVENDELSE Øvrige brancher,1970,0.2024384021997881
Import eksklusiv told,REST_TILGANG Øvrige brancher,REST_ANVENDELSE Øvrige brancher,1971,0.2109956916461893
Import eksklusiv told,REST_TILGANG Øvrige brancher,REST_ANVENDELSE Øvrige brancher,1972,0.22052477632167608
Import eksklusiv told,REST_TILGANG Øvrige brancher,REST_ANVENDELSE Øvrige brancher,1973,0.23772349775109605
Import eksklusiv told,REST_TILGANG Øvrige brancher,REST_ANVENDELSE Øvrige brancher,1974,0.3334426878220919
Import eksklusiv told,REST_TILGANG Øvrige brancher,REST_ANVENDELSE Øvrige brancher,1975,0.35075533958608657
Import eksklusiv told,REST_TILGANG Øvrige brancher,REST_ANVENDELSE Øvrige brancher,1976,0.37205546318255633
Import eksklusiv told,REST_TILGANG Øvrige brancher,REST_ANVENDELSE Øvrige brancher,1977,0.39086714451242055
Import eksklusiv told,REST_TILGANG Øvrige brancher,REST_ANVENDELSE Øvrige brancher,1978,0.4006723819824997
Import eksklusiv told,REST_TILGANG Øvrige brancher,REST_ANVENDELSE Øvrige brancher,1979,0.458356620576497
Import eksklusiv told,REST_TILGANG Øvrige brancher,REST_ANVENDELSE Øvrige brancher,1980,0.5654366346906078
Import eksklusiv told,REST_TILGANG Øvrige brancher,REST_ANVENDELSE Øvrige brancher,1981,0.6594991277595491
Import eksklusiv told,REST_TILGANG Øvrige brancher,REST_ANVENDELSE Øvrige brancher,1982,0.7421316206761694
Import eksklusiv told,REST_TILGANG Øvrige brancher,REST_ANVENDELSE Øvrige brancher,1983,0.7671107842221124
Import eksklusiv told,REST_TILGANG Øvrige brancher,REST_ANVENDELSE Øvrige brancher,1984,0.8212486019743803
Import eksklusiv told,REST_TILGANG Øvrige brancher,REST_ANVENDELSE Øvrige brancher,1985,0.8431931059356282
Import eksklusiv told,REST_TILGANG Øvrige brancher,REST_ANVENDELSE Øvrige brancher,1986,0.7465311120867487
Import eksklusiv told,REST_TILGANG Øvrige brancher,REST_ANVENDELSE Øvrige brancher,1987,0.7226774420910622
Import eksklusiv told,REST_TILGANG Øvrige brancher,REST_ANVENDELSE Øvrige brancher,1988,0.7259240523639564
Import eksklusiv told,REST_TILGANG Øvrige brancher,REST_ANVENDELSE Øvrige brancher,1989,0.7768774619387087
Import eksklusiv told,REST_TILGANG Øvrige brancher,REST_ANVENDELSE Øvrige brancher,1990,0.7837187783399785
Import eksklusiv told,REST_TILGANG Øvrige brancher,REST_ANVENDELSE Øvrige brancher,1991,0.7894721915536639
Import eksklusiv told,REST_TILGANG Øvrige brancher,REST_ANVENDELSE Øvrige brancher,1992,0.7808202260654791
Import eksklusiv told,REST_TILGANG Øvrige brancher,REST_ANVENDELSE Øvrige brancher,1993,0.7641041412544436
Import eksklusiv told,REST_TILGANG Øvrige brancher,REST_ANVENDELSE Øvrige brancher,1994,0.7701023027912889
Import eksklusiv told,REST_TILGANG Øvrige brancher,REST_ANVENDELSE Øvrige brancher,1995,0.8011211936439728
Import eksklusiv told,REST_TILGANG Øvrige brancher,REST_ANVENDELSE Øvrige brancher,1996,0.7976060405729611
Import eksklusiv told,REST_TILGANG Øvrige brancher,REST_ANVENDELSE Øvrige brancher,1997,0.807876617099216
Import eksklusiv told,REST_TILGANG Øvrige brancher,REST_ANVENDELSE Øvrige brancher,1998,0.7933953782471026
Import eksklusiv told,REST_TILGANG Øvrige brancher,REST_ANVENDELSE Øvrige brancher,1999,0.7874217318269274
Import eksklusiv told,REST_TILGANG Øvrige brancher,REST_ANVENDELSE Øvrige brancher,2000,0.8419002917715879
Import eksklusiv told,REST_TILGANG Øvrige brancher,REST_ANVENDELSE Øvrige brancher,2001,0.851891266681852
Import eksklusiv told,REST_TILGANG Øvrige brancher,REST_ANVENDELSE Øvrige brancher,2002,0.8391353545709683
Import eksklusiv told,REST_TILGANG Øvrige brancher,REST_ANVENDELSE Øvrige brancher,2003,0.8382522665256452
Import eksklusiv told,REST_TILGANG Øvrige brancher,REST_ANVENDELSE Øvrige brancher,2004,0.863130165427517
Import eksklusiv told,REST_TILGANG Øvrige brancher,REST_ANVENDELSE Øvrige brancher,2005,0.8937332689179132
Import eksklusiv told,REST_TILGANG Øvrige brancher,REST_ANVENDELSE Øvrige brancher,2006,0.925556372875159
Import eksklusiv told,REST_TILGANG Øvrige brancher,REST_ANVENDELSE Øvrige brancher,2007,0.9524718157781633
Import eksklusiv told,REST_TILGANG Øvrige brancher,REST_ANVENDELSE Øvrige brancher,2008,0.9881895778840464
Import eksklusiv told,REST_TILGANG Øvrige brancher,REST_ANVENDELSE Øvrige brancher,2009,0.9400320371646921
Import eksklusiv told,REST_TILGANG Øvrige brancher,REST_ANVENDELSE Øvrige brancher,2010,0.9777947976189345
Import eksklusiv told,REST_TILGANG Øvrige brancher,REST_ANVENDELSE Øvrige brancher,2011,1.029465269336266
Import eksklusiv told,REST_TILGANG Øvrige brancher,REST_ANVENDELSE Øvrige brancher,2012,1.0335216236687017
Import eksklusiv told,REST_TILGANG Øvrige brancher,REST_ANVENDELSE Øvrige brancher,2013,1.020539853211405
Import eksklusiv told,REST_TILGANG Øvrige brancher,REST_ANVENDELSE Øvrige brancher,2014,1.0107855590994992
Import eksklusiv told,REST_TILGANG Øvrige brancher,REST_ANVENDELSE Øvrige brancher,2015,0.9833969978470298
Import eksklusiv told,REST_TILGANG Øvrige brancher,REST_ANVENDELSE Øvrige brancher,2016,0.9646799745084914
Import eksklusiv told,REST_TILGANG Øvrige brancher,REST_ANVENDELSE Øvrige brancher,2017,0.9934469612013709
Import eksklusiv told,REST_TILGANG Øvrige brancher,REST_ANVENDELSE Øvrige brancher,2018,1.020033421415796
Import eksklusiv told,REST_TILGANG Øvrige brancher,REST_ANVENDELSE Øvrige brancher,2019,1.024454367579937
Import eksklusiv told,REST_TILGANG Øvrige brancher,REST_ANVENDELSE Øvrige brancher,2020,1.0
Import eksklusiv told,REST_TILGANG Øvrige brancher,REST_ANVENDELSE Øvrige brancher,2021,1.0862168437927315
Import eksklusiv told,REST_TILGANG Øvrige brancher,REST_ANVENDELSE Øvrige brancher,2022,1.2669702369149582
Import inkl. told,01000 Landbrug og gartneri-(Tilgang),01000 Landbrug og gartneri- (Anvendelse),1967,0.33068695195799475
Import inkl. told,01000 Landbrug og gartneri-(Tilgang),01000 Landbrug og gartneri- (Anvendelse),1968,0.30742497932990387
Import inkl. told,01000 Landbrug og gartneri-(Tilgang),01000 Landbrug og gartneri- (Anvendelse),1969,0.31547905680650007
Import inkl. told,01000 Landbrug og gartneri-(Tilgang),01000 Landbrug og gartneri- (Anvendelse),1970,0.3180733190597422
Import inkl. told,01000 Landbrug og gartneri-(Tilgang),01000 Landbrug og gartneri- (Anvendelse),1971,0.32270025740390473
Import inkl. told,01000 Landbrug og gartneri-(Tilgang),01000 Landbrug og gartneri- (Anvendelse),1972,0.30004467912530697
Import inkl. told,01000 Landbrug og gartneri-(Tilgang),01000 Landbrug og gartneri- (Anvendelse),1973,0.42377069630366804
Import inkl. told,01000 Landbrug og gartneri-(Tilgang),01000 Landbrug og gartneri- (Anvendelse),1974,0.5042743719286671
Import inkl. told,01000 Landbrug og gartneri-(Tilgang),01000 Landbrug og gartneri- (Anvendelse),1975,0.5310863883088206
Import inkl. told,01000 Landbrug og gartneri-(Tilgang),01000 Landbrug og gartneri- (Anvendelse),1976,0.5743999827066687
Import inkl. told,01000 Landbrug og gartneri-(Tilgang),01000 Landbrug og gartneri- (Anvendelse),1977,0.6466271015177608
Import inkl. told,01000 Landbrug og gartneri-(Tilgang),01000 Landbrug og gartneri- (Anvendelse),1978,0.6907175098163855
Import inkl. told,01000 Landbrug og gartneri-(Tilgang),01000 Landbrug og gartneri- (Anvendelse),1979,0.7212463130967275
Import inkl. told,01000 Landbrug og gartneri-(Tilgang),01000 Landbrug og gartneri- (Anvendelse),1980,0.8169486743362155
Import inkl. told,01000 Landbrug og gartneri-(Tilgang),01000 Landbrug og gartneri- (Anvendelse),1981,0.8641314097624085
Import inkl. told,01000 Landbrug og gartneri-(Tilgang),01000 Landbrug og gartneri- (Anvendelse),1982,0.9706469938011089
Import inkl. told,01000 Landbrug og gartneri-(Tilgang),01000 Landbrug og gartneri- (Anvendelse),1983,0.9698646114343761
Import inkl. told,01000 Landbrug og gartneri-(Tilgang),01000 Landbrug og gartneri- (Anvendelse),1984,1.0253887297786335
Import inkl. told,01000 Landbrug og gartneri-(Tilgang),01000 Landbrug og gartneri- (Anvendelse),1985,0.9451743391144156
Import inkl. told,01000 Landbrug og gartneri-(Tilgang),01000 Landbrug og gartneri- (Anvendelse),1986,0.9213828173819396
Import inkl. told,01000 Landbrug og gartneri-(Tilgang),01000 Landbrug og gartneri- (Anvendelse),1987,0.921470095408955
Import inkl. told,01000 Landbrug og gartneri-(Tilgang),01000 Landbrug og gartneri- (Anvendelse),1988,1.169704234230867
Import inkl. told,01000 Landbrug og gartneri-(Tilgang),01000 Landbrug og gartneri- (Anvendelse),1989,1.033400641611892
Import inkl. told,01000 Landbrug og gartneri-(Tilgang),01000 Landbrug og gartneri- (Anvendelse),1990,1.1179762661104689
Import inkl. told,01000 Landbrug og gartneri-(Tilgang),01000 Landbrug og gartneri- (Anvendelse),1991,0.9667484523549584
Import inkl. told,01000 Landbrug og gartneri-(Tilgang),01000 Landbrug og gartneri- (Anvendelse),1992,1.2096702601573484
Import inkl. told,01000 Landbrug og gartneri-(Tilgang),01000 Landbrug og gartneri- (Anvendelse),1993,1.1413597689624728
Import inkl. told,01000 Landbrug og gartneri-(Tilgang),01000 Landbrug og gartneri- (Anvendelse),1994,1.0334441224631516
Import inkl. told,01000 Landbrug og gartneri-(Tilgang),01000 Landbrug og gartneri- (Anvendelse),1995,1.0212029687088016
Import inkl. told,01000 Landbrug og gartneri-(Tilgang),01000 Landbrug og gartneri- (Anvendelse),1996,1.0409030340045422
Import inkl. told,01000 Landbrug og gartneri-(Tilgang),01000 Landbrug og gartneri- (Anvendelse),1997,1.0269030980987273
Import inkl. told,01000 Landbrug og gartneri-(Tilgang),01000 Landbrug og gartneri- (Anvendelse),1998,0.9563210222768912
Import inkl. told,01000 Landbrug og gartneri-(Tilgang),01000 Landbrug og gartneri- (Anvendelse),1999,0.9612577149466613
Import inkl. told,01000 Landbrug og gartneri-(Tilgang),01000 Landbrug og gartneri- (Anvendelse),2000,1.0091607789354629
Import inkl. told,01000 Landbrug og gartneri-(Tilgang),01000 Landbrug og gartneri- (Anvendelse),2001,1.0130413593280434
Import inkl. told,01000 Landbrug og gartneri-(Tilgang),01000 Landbrug og gartneri- (Anvendelse),2002,0.9325727505838661
Import inkl. told,01000 Landbrug og gartneri-(Tilgang),01000 Landbrug og gartneri- (Anvendelse),2003,0.9567934053040811
Import inkl. told,01000 Landbrug og gartneri-(Tilgang),01000 Landbrug og gartneri- (Anvendelse),2004,0.9982829340511836
Import inkl. told,01000 Landbrug og gartneri-(Tilgang),01000 Landbrug og gartneri- (Anvendelse),2005,0.8888773842758018
Import inkl. told,01000 Landbrug og gartneri-(Tilgang),01000 Landbrug og gartneri- (Anvendelse),2006,0.7617809217424646
Import inkl. told,01000 Landbrug og gartneri-(Tilgang),01000 Landbrug og gartneri- (Anvendelse),2007,1.2438420109341994
Import inkl. told,01000 Landbrug og gartneri-(Tilgang),01000 Landbrug og gartneri- (Anvendelse),2008,1.4854763566352707
Import inkl. told,01000 Landbrug og gartneri-(Tilgang),01000 Landbrug og gartneri- (Anvendelse),2009,0.9717003144783058
Import inkl. told,01000 Landbrug og gartneri-(Tilgang),01000 Landbrug og gartneri- (Anvendelse),2010,0.9162669646841589
Import inkl. told,01000 Landbrug og gartneri-(Tilgang),01000 Landbrug og gartneri- (Anvendelse),2011,0.9879687125235185
Import inkl. told,01000 Landbrug og gartneri-(Tilgang),01000 Landbrug og gartneri- (Anvendelse),2012,1.0228947463281444
Import inkl. told,01000 Landbrug og gartneri-(Tilgang),01000 Landbrug og gartneri- (Anvendelse),2013,1.0281404739645448
Import inkl. told,01000 Landbrug og gartneri-(Tilgang),01000 Landbrug og gartneri- (Anvendelse),2014,1.000898109726912
Import inkl. told,01000 Landbrug og gartneri-(Tilgang),01000 Landbrug og gartneri- (Anvendelse),2015,1.0131602036997367
Import inkl. told,01000 Landbrug og gartneri-(Tilgang),01000 Landbrug og gartneri- (Anvendelse),2016,0.9824841283474653
Import inkl. told,01000 Landbrug og gartneri-(Tilgang),01000 Landbrug og gartneri- (Anvendelse),2017,0.9880829598959876
Import inkl. told,01000 Landbrug og gartneri-(Tilgang),01000 Landbrug og gartneri- (Anvendelse),2018,0.9887226540482313
Import inkl. told,01000 Landbrug og gartneri-(Tilgang),01000 Landbrug og gartneri- (Anvendelse),2019,0.9817372117721515
Import inkl. told,01000 Landbrug og gartneri-(Tilgang),01000 Landbrug og gartneri- (Anvendelse),2020,1.0
Import inkl. told,01000 Landbrug og gartneri-(Tilgang),01000 Landbrug og gartneri- (Anvendelse),2021,1.082993876220252
Import inkl. told,01000 Landbrug og gartneri-(Tilgang),01000 Landbrug og gartneri- (Anvendelse),2022,1.2980174558824162
Import inkl. told,01000 Landbrug og gartneri-(Tilgang),"10120 Føde-, drikke- og tobaksvareindustri- (Anvendelse)",1967,0.42345719668120635
Import inkl. told,01000 Landbrug og gartneri-(Tilgang),"10120 Føde-, drikke- og tobaksvareindustri- (Anvendelse)",1968,0.42468901458742425
Import inkl. told,01000 Landbrug og gartneri-(Tilgang),"10120 Føde-, drikke- og tobaksvareindustri- (Anvendelse)",1969,0.43321292108169535
Import inkl. told,01000 Landbrug og gartneri-(Tilgang),"10120 Føde-, drikke- og tobaksvareindustri- (Anvendelse)",1970,0.4398175944205786
Import inkl. told,01000 Landbrug og gartneri-(Tilgang),"10120 Føde-, drikke- og tobaksvareindustri- (Anvendelse)",1971,0.42200535537867406
Import inkl. told,01000 Landbrug og gartneri-(Tilgang),"10120 Føde-, drikke- og tobaksvareindustri- (Anvendelse)",1972,0.4756638593760312
Import inkl. told,01000 Landbrug og gartneri-(Tilgang),"10120 Føde-, drikke- og tobaksvareindustri- (Anvendelse)",1973,0.49878402382635606
Import inkl. told,01000 Landbrug og gartneri-(Tilgang),"10120 Føde-, drikke- og tobaksvareindustri- (Anvendelse)",1974,0.6726360433889849
Import inkl. told,01000 Landbrug og gartneri-(Tilgang),"10120 Føde-, drikke- og tobaksvareindustri- (Anvendelse)",1975,0.6466903726292071
Import inkl. told,01000 Landbrug og gartneri-(Tilgang),"10120 Føde-, drikke- og tobaksvareindustri- (Anvendelse)",1976,0.6737477275088751
Import inkl. told,01000 Landbrug og gartneri-(Tilgang),"10120 Føde-, drikke- og tobaksvareindustri- (Anvendelse)",1977,0.8364895631651422
Import inkl. told,01000 Landbrug og gartneri-(Tilgang),"10120 Føde-, drikke- og tobaksvareindustri- (Anvendelse)",1978,0.720856551008074
Import inkl. told,01000 Landbrug og gartneri-(Tilgang),"10120 Føde-, drikke- og tobaksvareindustri- (Anvendelse)",1979,0.7754761353475492
Import inkl. told,01000 Landbrug og gartneri-(Tilgang),"10120 Føde-, drikke- og tobaksvareindustri- (Anvendelse)",1980,0.8095486870479461
Import inkl. told,01000 Landbrug og gartneri-(Tilgang),"10120 Føde-, drikke- og tobaksvareindustri- (Anvendelse)",1981,0.9341672095054454
Import inkl. told,01000 Landbrug og gartneri-(Tilgang),"10120 Føde-, drikke- og tobaksvareindustri- (Anvendelse)",1982,1.0794995821318942
Import inkl. told,01000 Landbrug og gartneri-(Tilgang),"10120 Føde-, drikke- og tobaksvareindustri- (Anvendelse)",1983,1.18971809485072
Import inkl. told,01000 Landbrug og gartneri-(Tilgang),"10120 Føde-, drikke- og tobaksvareindustri- (Anvendelse)",1984,1.451615987681387
Import inkl. told,01000 Landbrug og gartneri-(Tilgang),"10120 Føde-, drikke- og tobaksvareindustri- (Anvendelse)",1985,1.3138863638653995
Import inkl. told,01000 Landbrug og gartneri-(Tilgang),"10120 Føde-, drikke- og tobaksvareindustri- (Anvendelse)",1986,1.143652137716931
Import inkl. told,01000 Landbrug og gartneri-(Tilgang),"10120 Føde-, drikke- og tobaksvareindustri- (Anvendelse)",1987,1.0563886318059805
Import inkl. told,01000 Landbrug og gartneri-(Tilgang),"10120 Føde-, drikke- og tobaksvareindustri- (Anvendelse)",1988,1.0350309809036267
Import inkl. told,01000 Landbrug og gartneri-(Tilgang),"10120 Føde-, drikke- og tobaksvareindustri- (Anvendelse)",1989,1.0824645390500718
Import inkl. told,01000 Landbrug og gartneri-(Tilgang),"10120 Føde-, drikke- og tobaksvareindustri- (Anvendelse)",1990,0.9419190323195342
Import inkl. told,01000 Landbrug og gartneri-(Tilgang),"10120 Føde-, drikke- og tobaksvareindustri- (Anvendelse)",1991,0.9383317980533447
Import inkl. told,01000 Landbrug og gartneri-(Tilgang),"10120 Føde-, drikke- og tobaksvareindustri- (Anvendelse)",1992,0.9143394540197611
Import inkl. told,01000 Landbrug og gartneri-(Tilgang),"10120 Føde-, drikke- og tobaksvareindustri- (Anvendelse)",1993,0.9220921003526412
Import inkl. told,01000 Landbrug og gartneri-(Tilgang),"10120 Føde-, drikke- og tobaksvareindustri- (Anvendelse)",1994,0.9025507911639895
Import inkl. told,01000 Landbrug og gartneri-(Tilgang),"10120 Føde-, drikke- og tobaksvareindustri- (Anvendelse)",1995,0.8371741749769918
Import inkl. told,01000 Landbrug og gartneri-(Tilgang),"10120 Føde-, drikke- og tobaksvareindustri- (Anvendelse)",1996,0.83589661244897
Import inkl. told,01000 Landbrug og gartneri-(Tilgang),"10120 Føde-, drikke- og tobaksvareindustri- (Anvendelse)",1997,0.9400162803473282
Import inkl. told,01000 Landbrug og gartneri-(Tilgang),"10120 Føde-, drikke- og tobaksvareindustri- (Anvendelse)",1998,0.940562660839679
Import inkl. told,01000 Landbrug og gartneri-(Tilgang),"10120 Føde-, drikke- og tobaksvareindustri- (Anvendelse)",1999,0.832092942875222
Import inkl. told,01000 Landbrug og gartneri-(Tilgang),"10120 Føde-, drikke- og tobaksvareindustri- (Anvendelse)",2000,0.8644676249355498
Import inkl. told,01000 Landbrug og gartneri-(Tilgang),"10120 Føde-, drikke- og tobaksvareindustri- (Anvendelse)",2001,0.8919228326087181
Import inkl. told,01000 Landbrug og gartneri-(Tilgang),"10120 Føde-, drikke- og tobaksvareindustri- (Anvendelse)",2002,0.8552710778265261
Import inkl. told,01000 Landbrug og gartneri-(Tilgang),"10120 Føde-, drikke- og tobaksvareindustri- (Anvendelse)",2003,0.8451635990725248
Import inkl. told,01000 Landbrug og gartneri-(Tilgang),"10120 Føde-, drikke- og tobaksvareindustri- (Anvendelse)",2004,0.8296363258054638
Import inkl. told,01000 Landbrug og gartneri-(Tilgang),"10120 Føde-, drikke- og tobaksvareindustri- (Anvendelse)",2005,0.7869573730182454
Import inkl. told,01000 Landbrug og gartneri-(Tilgang),"10120 Føde-, drikke- og tobaksvareindustri- (Anvendelse)",2006,0.7370227276294934
Import inkl. told,01000 Landbrug og gartneri-(Tilgang),"10120 Føde-, drikke- og tobaksvareindustri- (Anvendelse)",2007,0.9268425084488255
Import inkl. told,01000 Landbrug og gartneri-(Tilgang),"10120 Føde-, drikke- og tobaksvareindustri- (Anvendelse)",2008,1.116392554245186
Import inkl. told,01000 Landbrug og gartneri-(Tilgang),"10120 Føde-, drikke- og tobaksvareindustri- (Anvendelse)",2009,0.9796188112533393
Import inkl. told,01000 Landbrug og gartneri-(Tilgang),"10120 Føde-, drikke- og tobaksvareindustri- (Anvendelse)",2010,0.9794964162369751
Import inkl. told,01000 Landbrug og gartneri-(Tilgang),"10120 Føde-, drikke- og tobaksvareindustri- (Anvendelse)",2011,1.0694989580601673
Import inkl. told,01000 Landbrug og gartneri-(Tilgang),"10120 Føde-, drikke- og tobaksvareindustri- (Anvendelse)",2012,1.0784842007881936
Import inkl. told,01000 Landbrug og gartneri-(Tilgang),"10120 Føde-, drikke- og tobaksvareindustri- (Anvendelse)",2013,1.1000697344577386
Import inkl. told,01000 Landbrug og gartneri-(Tilgang),"10120 Føde-, drikke- og tobaksvareindustri- (Anvendelse)",2014,1.0522276573360896
Import inkl. told,01000 Landbrug og gartneri-(Tilgang),"10120 Føde-, drikke- og tobaksvareindustri- (Anvendelse)",2015,1.0200386786078777
Import inkl. told,01000 Landbrug og gartneri-(Tilgang),"10120 Føde-, drikke- og tobaksvareindustri- (Anvendelse)",2016,0.9868395632745097
Import inkl. told,01000 Landbrug og gartneri-(Tilgang),"10120 Føde-, drikke- og tobaksvareindustri- (Anvendelse)",2017,0.9844018942076125
Import inkl. told,01000 Landbrug og gartneri-(Tilgang),"10120 Føde-, drikke- og tobaksvareindustri- (Anvendelse)",2018,0.9857821890659575
Import inkl. told,01000 Landbrug og gartneri-(Tilgang),"10120 Føde-, drikke- og tobaksvareindustri- (Anvendelse)",2019,1.014648423625023
Import inkl. told,01000 Landbrug og gartneri-(Tilgang),"10120 Føde-, drikke- og tobaksvareindustri- (Anvendelse)",2020,1.0
Import inkl. told,01000 Landbrug og gartneri-(Tilgang),"10120 Føde-, drikke- og tobaksvareindustri- (Anvendelse)",2021,1.088613831532227
Import inkl. told,01000 Landbrug og gartneri-(Tilgang),"10120 Føde-, drikke- og tobaksvareindustri- (Anvendelse)",2022,1.3915182111870945
Import inkl. told,01000 Landbrug og gartneri-(Tilgang),"Anvendelse, i alt-(Anvendelse)",1967,0.34134216214989105
Import inkl. told,01000 Landbrug og gartneri-(Tilgang),"Anvendelse, i alt-(Anvendelse)",1968,0.3505558844784373
Import inkl. told,01000 Landbrug og gartneri-(Tilgang),"Anvendelse, i alt-(Anvendelse)",1969,0.36138617791781324
Import inkl. told,01000 Landbrug og gartneri-(Tilgang),"Anvendelse, i alt-(Anvendelse)",1970,0.3815116492160875
Import inkl. told,01000 Landbrug og gartneri-(Tilgang),"Anvendelse, i alt-(Anvendelse)",1971,0.3798906261143421
Import inkl. told,01000 Landbrug og gartneri-(Tilgang),"Anvendelse, i alt-(Anvendelse)",1972,0.4193858563391849
Import inkl. told,01000 Landbrug og gartneri-(Tilgang),"Anvendelse, i alt-(Anvendelse)",1973,0.44353666145402465
Import inkl. told,01000 Landbrug og gartneri-(Tilgang),"Anvendelse, i alt-(Anvendelse)",1974,0.5192540257182948
Import inkl. told,01000 Landbrug og gartneri-(Tilgang),"Anvendelse, i alt-(Anvendelse)",1975,0.5295849549674314
Import inkl. told,01000 Landbrug og gartneri-(Tilgang),"Anvendelse, i alt-(Anvendelse)",1976,0.671889117339853
Import inkl. told,01000 Landbrug og gartneri-(Tilgang),"Anvendelse, i alt-(Anvendelse)",1977,0.8471793001728851
Import inkl. told,01000 Landbrug og gartneri-(Tilgang),"Anvendelse, i alt-(Anvendelse)",1978,0.7726506042584785
Import inkl. told,01000 Landbrug og gartneri-(Tilgang),"Anvendelse, i alt-(Anvendelse)",1979,0.830929531287709
Import inkl. told,01000 Landbrug og gartneri-(Tilgang),"Anvendelse, i alt-(Anvendelse)",1980,0.9269036747108522
Import inkl. told,01000 Landbrug og gartneri-(Tilgang),"Anvendelse, i alt-(Anvendelse)",1981,0.9740165978629295
Import inkl. told,01000 Landbrug og gartneri-(Tilgang),"Anvendelse, i alt-(Anvendelse)",1982,1.0981710533510096
Import inkl. told,01000 Landbrug og gartneri-(Tilgang),"Anvendelse, i alt-(Anvendelse)",1983,1.1015764011344262
Import inkl. told,01000 Landbrug og gartneri-(Tilgang),"Anvendelse, i alt-(Anvendelse)",1984,1.2988756510806705
Import inkl. told,01000 Landbrug og gartneri-(Tilgang),"Anvendelse, i alt-(Anvendelse)",1985,1.2941371611696728
Import inkl. told,01000 Landbrug og gartneri-(Tilgang),"Anvendelse, i alt-(Anvendelse)",1986,1.2608621471566066
Import inkl. told,01000 Landbrug og gartneri-(Tilgang),"Anvendelse, i alt-(Anvendelse)",1987,1.094448467915484
Import inkl. told,01000 Landbrug og gartneri-(Tilgang),"Anvendelse, i alt-(Anvendelse)",1988,1.0812789801631983
Import inkl. told,01000 Landbrug og gartneri-(Tilgang),"Anvendelse, i alt-(Anvendelse)",1989,1.083943076417335
Import inkl. told,01000 Landbrug og gartneri-(Tilgang),"Anvendelse, i alt-(Anvendelse)",1990,0.9810761599477225
Import inkl. told,01000 Landbrug og gartneri-(Tilgang),"Anvendelse, i alt-(Anvendelse)",1991,1.0168313822296504
Import inkl. told,01000 Landbrug og gartneri-(Tilgang),"Anvendelse, i alt-(Anvendelse)",1992,0.9472257221031386
Import inkl. told,01000 Landbrug og gartneri-(Tilgang),"Anvendelse, i alt-(Anvendelse)",1993,0.9429341406292441
Import inkl. told,01000 Landbrug og gartneri-(Tilgang),"Anvendelse, i alt-(Anvendelse)",1994,1.0244438227401074
Import inkl. told,01000 Landbrug og gartneri-(Tilgang),"Anvendelse, i alt-(Anvendelse)",1995,1.0450876951649424
Import inkl. told,01000 Landbrug og gartneri-(Tilgang),"Anvendelse, i alt-(Anvendelse)",1996,1.0257565970010178
Import inkl. told,01000 Landbrug og gartneri-(Tilgang),"Anvendelse, i alt-(Anvendelse)",1997,1.108439250514832
Import inkl. told,01000 Landbrug og gartneri-(Tilgang),"Anvendelse, i alt-(Anvendelse)",1998,1.0635364753774426
Import inkl. told,01000 Landbrug og gartneri-(Tilgang),"Anvendelse, i alt-(Anvendelse)",1999,0.963643200516743
Import inkl. told,01000 Landbrug og gartneri-(Tilgang),"Anvendelse, i alt-(Anvendelse)",2000,1.0084178725134816
Import inkl. told,01000 Landbrug og gartneri-(Tilgang),"Anvendelse, i alt-(Anvendelse)",2001,1.0397859282948427
Import inkl. told,01000 Landbrug og gartneri-(Tilgang),"Anvendelse, i alt-(Anvendelse)",2002,1.0152727693298575
Import inkl. told,01000 Landbrug og gartneri-(Tilgang),"Anvendelse, i alt-(Anvendelse)",2003,1.0031896087711423
Import inkl. told,01000 Landbrug og gartneri-(Tilgang),"Anvendelse, i alt-(Anvendelse)",2004,0.9749343472411681
Import inkl. told,01000 Landbrug og gartneri-(Tilgang),"Anvendelse, i alt-(Anvendelse)",2005,0.9789286287249175
Import inkl. told,01000 Landbrug og gartneri-(Tilgang),"Anvendelse, i alt-(Anvendelse)",2006,0.957039843319582
Import inkl. told,01000 Landbrug og gartneri-(Tilgang),"Anvendelse, i alt-(Anvendelse)",2007,1.046342676215635
Import inkl. told,01000 Landbrug og gartneri-(Tilgang),"Anvendelse, i alt-(Anvendelse)",2008,1.1620184781972451
Import inkl. told,01000 Landbrug og gartneri-(Tilgang),"Anvendelse, i alt-(Anvendelse)",2009,1.0706203531763954
Import inkl. told,01000 Landbrug og gartneri-(Tilgang),"Anvendelse, i alt-(Anvendelse)",2010,1.1242938770278508
Import inkl. told,01000 Landbrug og gartneri-(Tilgang),"Anvendelse, i alt-(Anvendelse)",2011,1.2291097550029921
Import inkl. told,01000 Landbrug og gartneri-(Tilgang),"Anvendelse, i alt-(Anvendelse)",2012,1.2612027963260806
Import inkl. told,01000 Landbrug og gartneri-(Tilgang),"Anvendelse, i alt-(Anvendelse)",2013,1.2639070098762555
Import inkl. told,01000 Landbrug og gartneri-(Tilgang),"Anvendelse, i alt-(Anvendelse)",2014,1.1228780473397875
Import inkl. told,01000 Landbrug og gartneri-(Tilgang),"Anvendelse, i alt-(Anvendelse)",2015,1.1480244260134478
Import inkl. told,01000 Landbrug og gartneri-(Tilgang),"Anvendelse, i alt-(Anvendelse)",2016,1.0249890919927327
Import inkl. told,01000 Landbrug og gartneri-(Tilgang),"Anvendelse, i alt-(Anvendelse)",2017,1.0351137348403716
Import inkl. told,01000 Landbrug og gartneri-(Tilgang),"Anvendelse, i alt-(Anvendelse)",2018,0.9682972032562674
Import inkl. told,01000 Landbrug og gartneri-(Tilgang),"Anvendelse, i alt-(Anvendelse)",2019,0.9843826584581578
Import inkl. told,01000 Landbrug og gartneri-(Tilgang),"Anvendelse, i alt-(Anvendelse)",2020,1.0
Import inkl. told,01000 Landbrug og gartneri-(Tilgang),"Anvendelse, i alt-(Anvendelse)",2021,1.071924952789521
Import inkl. told,01000 Landbrug og gartneri-(Tilgang),"Anvendelse, i alt-(Anvendelse)",2022,1.2180847265283161
Import inkl. told,01000 Landbrug og gartneri-(Tilgang),Eksport - (Anvendelse),1967,0.1825375886111789
Import inkl. told,01000 Landbrug og gartneri-(Tilgang),Eksport - (Anvendelse),1968,0.23945109962351285
Import inkl. told,01000 Landbrug og gartneri-(Tilgang),Eksport - (Anvendelse),1969,0.2475381970115391
Import inkl. told,01000 Landbrug og gartneri-(Tilgang),Eksport - (Anvendelse),1970,0.1985236336945916
Import inkl. told,01000 Landbrug og gartneri-(Tilgang),Eksport - (Anvendelse),1971,0.2500522158553318
Import inkl. told,01000 Landbrug og gartneri-(Tilgang),Eksport - (Anvendelse),1972,0.3128181032022339
Import inkl. told,01000 Landbrug og gartneri-(Tilgang),Eksport - (Anvendelse),1973,0.2877060875940041
Import inkl. told,01000 Landbrug og gartneri-(Tilgang),Eksport - (Anvendelse),1974,0.27433387703851747
Import inkl. told,01000 Landbrug og gartneri-(Tilgang),Eksport - (Anvendelse),1975,0.37241927674714453
Import inkl. told,01000 Landbrug og gartneri-(Tilgang),Eksport - (Anvendelse),1976,0.45777592250567456
Import inkl. told,01000 Landbrug og gartneri-(Tilgang),Eksport - (Anvendelse),1977,0.5203463806332939
Import inkl. told,01000 Landbrug og gartneri-(Tilgang),Eksport - (Anvendelse),1978,0.5258476038016024
Import inkl. told,01000 Landbrug og gartneri-(Tilgang),Eksport - (Anvendelse),1979,0.6214835294865176
Import inkl. told,01000 Landbrug og gartneri-(Tilgang),Eksport - (Anvendelse),1980,0.7556670180763303
Import inkl. told,01000 Landbrug og gartneri-(Tilgang),Eksport - (Anvendelse),1981,0.8059159894694143
Import inkl. told,01000 Landbrug og gartneri-(Tilgang),Eksport - (Anvendelse),1982,0.8606103292903625
Import inkl. told,01000 Landbrug og gartneri-(Tilgang),Eksport - (Anvendelse),1983,0.7509027762094642
Import inkl. told,01000 Landbrug og gartneri-(Tilgang),Eksport - (Anvendelse),1984,0.8910140941323954
Import inkl. told,01000 Landbrug og gartneri-(Tilgang),Eksport - (Anvendelse),1985,0.9978100000645608
Import inkl. told,01000 Landbrug og gartneri-(Tilgang),Eksport - (Anvendelse),1986,0.9395734403037314
Import inkl. told,01000 Landbrug og gartneri-(Tilgang),Eksport - (Anvendelse),1987,0.8556913710290494
Import inkl. told,01000 Landbrug og gartneri-(Tilgang),Eksport - (Anvendelse),1988,0.8661273607952906
Import inkl. told,01000 Landbrug og gartneri-(Tilgang),Eksport - (Anvendelse),1989,0.7923685717414347
Import inkl. told,01000 Landbrug og gartneri-(Tilgang),Eksport - (Anvendelse),1990,0.8365115569842445
Import inkl. told,01000 Landbrug og gartneri-(Tilgang),Eksport - (Anvendelse),1991,1.0538042943273336
Import inkl. told,01000 Landbrug og gartneri-(Tilgang),Eksport - (Anvendelse),1992,0.920768694284856
Import inkl. told,01000 Landbrug og gartneri-(Tilgang),Eksport - (Anvendelse),1993,0.9290684007585243
Import inkl. told,01000 Landbrug og gartneri-(Tilgang),Eksport - (Anvendelse),1994,1.1706259868247522
Import inkl. told,01000 Landbrug og gartneri-(Tilgang),Eksport - (Anvendelse),1995,1.291049560795495
Import inkl. told,01000 Landbrug og gartneri-(Tilgang),Eksport - (Anvendelse),1996,1.2662241425388896
Import inkl. told,01000 Landbrug og gartneri-(Tilgang),Eksport - (Anvendelse),1997,1.4657075204816956
Import inkl. told,01000 Landbrug og gartneri-(Tilgang),Eksport - (Anvendelse),1998,1.340345257153675
Import inkl. told,01000 Landbrug og gartneri-(Tilgang),Eksport - (Anvendelse),1999,1.1023490085729222
Import inkl. told,01000 Landbrug og gartneri-(Tilgang),Eksport - (Anvendelse),2000,1.2711506687821779
Import inkl. told,01000 Landbrug og gartneri-(Tilgang),Eksport - (Anvendelse),2001,1.3340945997236238
Import inkl. told,01000 Landbrug og gartneri-(Tilgang),Eksport - (Anvendelse),2002,1.3269936527841641
Import inkl. told,01000 Landbrug og gartneri-(Tilgang),Eksport - (Anvendelse),2003,1.3489269419611905
Import inkl. told,01000 Landbrug og gartneri-(Tilgang),Eksport - (Anvendelse),2004,1.2500377097605657
Import inkl. told,01000 Landbrug og gartneri-(Tilgang),Eksport - (Anvendelse),2005,1.2837058463994806
Import inkl. told,01000 Landbrug og gartneri-(Tilgang),Eksport - (Anvendelse),2006,1.4838870855292512
Import inkl. told,01000 Landbrug og gartneri-(Tilgang),Eksport - (Anvendelse),2007,1.4272686102013992
Import inkl. told,01000 Landbrug og gartneri-(Tilgang),Eksport - (Anvendelse),2008,1.4164571610517787
Import inkl. told,01000 Landbrug og gartneri-(Tilgang),Eksport - (Anvendelse),2009,1.3806668928694752
Import inkl. told,01000 Landbrug og gartneri-(Tilgang),Eksport - (Anvendelse),2010,1.6116840268642527
Import inkl. told,01000 Landbrug og gartneri-(Tilgang),Eksport - (Anvendelse),2011,1.8584854271637243
Import inkl. told,01000 Landbrug og gartneri-(Tilgang),Eksport - (Anvendelse),2012,2.0236575404547397
Import inkl. told,01000 Landbrug og gartneri-(Tilgang),Eksport - (Anvendelse),2013,2.017204449217696
Import inkl. told,01000 Landbrug og gartneri-(Tilgang),Eksport - (Anvendelse),2014,1.551193434073178
Import inkl. told,01000 Landbrug og gartneri-(Tilgang),Eksport - (Anvendelse),2015,1.7007193399090073
Import inkl. told,01000 Landbrug og gartneri-(Tilgang),Eksport - (Anvendelse),2016,1.2385254744613006
Import inkl. told,01000 Landbrug og gartneri-(Tilgang),Eksport - (Anvendelse),2017,1.307305109935145
Import inkl. told,01000 Landbrug og gartneri-(Tilgang),Eksport - (Anvendelse),2018,0.9954543317788296
Import inkl. told,01000 Landbrug og gartneri-(Tilgang),Eksport - (Anvendelse),2019,1.0105157433890584
Import inkl. told,01000 Landbrug og gartneri-(Tilgang),Eksport - (Anvendelse),2020,1.0
Import inkl. told,01000 Landbrug og gartneri-(Tilgang),Eksport - (Anvendelse),2021,1.1929062874672829
Import inkl. told,01000 Landbrug og gartneri-(Tilgang),Eksport - (Anvendelse),2022,1.314973502470603
Import inkl. told,01000 Landbrug og gartneri-(Tilgang),Faste bruttoinvesteringer + Lagerforøgelse + Værdigenstande (Anvendelse),1967,0.16101549895157374
Import inkl. told,01000 Landbrug og gartneri-(Tilgang),Faste bruttoinvesteringer + Lagerforøgelse + Værdigenstande (Anvendelse),1968,0.18098952635894228
Import inkl. told,01000 Landbrug og gartneri-(Tilgang),Faste bruttoinvesteringer + Lagerforøgelse + Værdigenstande (Anvendelse),1969,0.188949489747629
Import inkl. told,01000 Landbrug og gartneri-(Tilgang),Faste bruttoinvesteringer + Lagerforøgelse + Værdigenstande (Anvendelse),1970,0.10693525210985569
Import inkl. told,01000 Landbrug og gartneri-(Tilgang),Faste bruttoinvesteringer + Lagerforøgelse + Værdigenstande (Anvendelse),1971,0.18112348009186052
Import inkl. told,01000 Landbrug og gartneri-(Tilgang),Faste bruttoinvesteringer + Lagerforøgelse + Værdigenstande (Anvendelse),1972,0.23754663829248904
Import inkl. told,01000 Landbrug og gartneri-(Tilgang),Faste bruttoinvesteringer + Lagerforøgelse + Værdigenstande (Anvendelse),1973,0.1688835558303184
Import inkl. told,01000 Landbrug og gartneri-(Tilgang),Faste bruttoinvesteringer + Lagerforøgelse + Værdigenstande (Anvendelse),1974,0.15433103210299948
Import inkl. told,01000 Landbrug og gartneri-(Tilgang),Faste bruttoinvesteringer + Lagerforøgelse + Værdigenstande (Anvendelse),1975,0.2559264939286971
Import inkl. told,01000 Landbrug og gartneri-(Tilgang),Faste bruttoinvesteringer + Lagerforøgelse + Værdigenstande (Anvendelse),1976,0.18350108019944025
Import inkl. told,01000 Landbrug og gartneri-(Tilgang),Faste bruttoinvesteringer + Lagerforøgelse + Værdigenstande (Anvendelse),1977,0.2843916122792429
Import inkl. told,01000 Landbrug og gartneri-(Tilgang),Faste bruttoinvesteringer + Lagerforøgelse + Værdigenstande (Anvendelse),1978,0.38175198878338445
Import inkl. told,01000 Landbrug og gartneri-(Tilgang),Faste bruttoinvesteringer + Lagerforøgelse + Værdigenstande (Anvendelse),1979,0.402839037939556
Import inkl. told,01000 Landbrug og gartneri-(Tilgang),Faste bruttoinvesteringer + Lagerforøgelse + Værdigenstande (Anvendelse),1980,0.3677686943861247
Import inkl. told,01000 Landbrug og gartneri-(Tilgang),Faste bruttoinvesteringer + Lagerforøgelse + Værdigenstande (Anvendelse),1981,0.32853980004199124
Import inkl. told,01000 Landbrug og gartneri-(Tilgang),Faste bruttoinvesteringer + Lagerforøgelse + Værdigenstande (Anvendelse),1982,0.32396941927514433
Import inkl. told,01000 Landbrug og gartneri-(Tilgang),Faste bruttoinvesteringer + Lagerforøgelse + Værdigenstande (Anvendelse),1983,0.2809918929360632
Import inkl. told,01000 Landbrug og gartneri-(Tilgang),Faste bruttoinvesteringer + Lagerforøgelse + Værdigenstande (Anvendelse),1984,0.3996290223983527
Import inkl. told,01000 Landbrug og gartneri-(Tilgang),Faste bruttoinvesteringer + Lagerforøgelse + Værdigenstande (Anvendelse),1985,0.5364403411342762
Import inkl. told,01000 Landbrug og gartneri-(Tilgang),Faste bruttoinvesteringer + Lagerforøgelse + Værdigenstande (Anvendelse),1986,0.5919062710340531
Import inkl. told,01000 Landbrug og gartneri-(Tilgang),Faste bruttoinvesteringer + Lagerforøgelse + Værdigenstande (Anvendelse),1987,0.4642248791084817
Import inkl. told,01000 Landbrug og gartneri-(Tilgang),Faste bruttoinvesteringer + Lagerforøgelse + Værdigenstande (Anvendelse),1988,0.36343581277594705
Import inkl. told,01000 Landbrug og gartneri-(Tilgang),Faste bruttoinvesteringer + Lagerforøgelse + Værdigenstande (Anvendelse),1989,0.3943147698614797
Import inkl. told,01000 Landbrug og gartneri-(Tilgang),Faste bruttoinvesteringer + Lagerforøgelse + Værdigenstande (Anvendelse),1990,0.2937607087596851
Import inkl. told,01000 Landbrug og gartneri-(Tilgang),Faste bruttoinvesteringer + Lagerforøgelse + Værdigenstande (Anvendelse),1991,0.29089592951968696
Import inkl. told,01000 Landbrug og gartneri-(Tilgang),Faste bruttoinvesteringer + Lagerforøgelse + Værdigenstande (Anvendelse),1992,0.42413500604962895
Import inkl. told,01000 Landbrug og gartneri-(Tilgang),Faste bruttoinvesteringer + Lagerforøgelse + Værdigenstande (Anvendelse),1993,0.39355283163011756
Import inkl. told,01000 Landbrug og gartneri-(Tilgang),Faste bruttoinvesteringer + Lagerforøgelse + Værdigenstande (Anvendelse),1994,0.4740299541522195
Import inkl. told,01000 Landbrug og gartneri-(Tilgang),Faste bruttoinvesteringer + Lagerforøgelse + Værdigenstande (Anvendelse),1995,0.7400338948080581
Import inkl. told,01000 Landbrug og gartneri-(Tilgang),Faste bruttoinvesteringer + Lagerforøgelse + Værdigenstande (Anvendelse),1996,1.6265543471124542
Import inkl. told,01000 Landbrug og gartneri-(Tilgang),Faste bruttoinvesteringer + Lagerforøgelse + Værdigenstande (Anvendelse),1997,1.9638475836365976
Import inkl. told,01000 Landbrug og gartneri-(Tilgang),Faste bruttoinvesteringer + Lagerforøgelse + Værdigenstande (Anvendelse),1998,1.8939197266917531
Import inkl. told,01000 Landbrug og gartneri-(Tilgang),Faste bruttoinvesteringer + Lagerforøgelse + Værdigenstande (Anvendelse),1999,1.7348396958589554
Import inkl. told,01000 Landbrug og gartneri-(Tilgang),Faste bruttoinvesteringer + Lagerforøgelse + Værdigenstande (Anvendelse),2000,2.1044314948985234
Import inkl. told,01000 Landbrug og gartneri-(Tilgang),Faste bruttoinvesteringer + Lagerforøgelse + Værdigenstande (Anvendelse),2001,1.7423995817927054
Import inkl. told,01000 Landbrug og gartneri-(Tilgang),Faste bruttoinvesteringer + Lagerforøgelse + Værdigenstande (Anvendelse),2002,0.33035286188583124
Import inkl. told,01000 Landbrug og gartneri-(Tilgang),Faste bruttoinvesteringer + Lagerforøgelse + Værdigenstande (Anvendelse),2003,0.3553554789359125
Import inkl. told,01000 Landbrug og gartneri-(Tilgang),Faste bruttoinvesteringer + Lagerforøgelse + Værdigenstande (Anvendelse),2004,0.5040348098967383
Import inkl. told,01000 Landbrug og gartneri-(Tilgang),Faste bruttoinvesteringer + Lagerforøgelse + Værdigenstande (Anvendelse),2005,0.6422751909532471
Import inkl. told,01000 Landbrug og gartneri-(Tilgang),Faste bruttoinvesteringer + Lagerforøgelse + Værdigenstande (Anvendelse),2006,0.33988922105276237
Import inkl. told,01000 Landbrug og gartneri-(Tilgang),Faste bruttoinvesteringer + Lagerforøgelse + Værdigenstande (Anvendelse),2007,0.33932228768541745
Import inkl. told,01000 Landbrug og gartneri-(Tilgang),Faste bruttoinvesteringer + Lagerforøgelse + Værdigenstande (Anvendelse),2008,0.452253354748791
Import inkl. told,01000 Landbrug og gartneri-(Tilgang),Faste bruttoinvesteringer + Lagerforøgelse + Værdigenstande (Anvendelse),2009,0.5580880951602063
Import inkl. told,01000 Landbrug og gartneri-(Tilgang),Faste bruttoinvesteringer + Lagerforøgelse + Værdigenstande (Anvendelse),2010,0.8732169424534852
Import inkl. told,01000 Landbrug og gartneri-(Tilgang),Faste bruttoinvesteringer + Lagerforøgelse + Værdigenstande (Anvendelse),2011,0.9705019980668165
Import inkl. told,01000 Landbrug og gartneri-(Tilgang),Faste bruttoinvesteringer + Lagerforøgelse + Værdigenstande (Anvendelse),2012,1.1406337974520104
Import inkl. told,01000 Landbrug og gartneri-(Tilgang),Faste bruttoinvesteringer + Lagerforøgelse + Værdigenstande (Anvendelse),2013,1.1285337809930958
Import inkl. told,01000 Landbrug og gartneri-(Tilgang),Faste bruttoinvesteringer + Lagerforøgelse + Værdigenstande (Anvendelse),2014,1.132460067371296
Import inkl. told,01000 Landbrug og gartneri-(Tilgang),Faste bruttoinvesteringer + Lagerforøgelse + Værdigenstande (Anvendelse),2015,1.2544019764318417
Import inkl. told,01000 Landbrug og gartneri-(Tilgang),Faste bruttoinvesteringer + Lagerforøgelse + Værdigenstande (Anvendelse),2016,0.7605398405498707
Import inkl. told,01000 Landbrug og gartneri-(Tilgang),Faste bruttoinvesteringer + Lagerforøgelse + Værdigenstande (Anvendelse),2017,0.8290541105885965
Import inkl. told,01000 Landbrug og gartneri-(Tilgang),Faste bruttoinvesteringer + Lagerforøgelse + Værdigenstande (Anvendelse),2018,1.049974828728757
Import inkl. told,01000 Landbrug og gartneri-(Tilgang),Faste bruttoinvesteringer + Lagerforøgelse + Værdigenstande (Anvendelse),2019,1.0494904586786689
Import inkl. told,01000 Landbrug og gartneri-(Tilgang),Faste bruttoinvesteringer + Lagerforøgelse + Værdigenstande (Anvendelse),2020,1.0
Import inkl. told,01000 Landbrug og gartneri-(Tilgang),Faste bruttoinvesteringer + Lagerforøgelse + Værdigenstande (Anvendelse),2021,1.3675228926411986
Import inkl. told,01000 Landbrug og gartneri-(Tilgang),Faste bruttoinvesteringer + Lagerforøgelse + Værdigenstande (Anvendelse),2022,1.421802488364721
Import inkl. told,01000 Landbrug og gartneri-(Tilgang),Husholdningernes forbrugsudgifter + NPISH (Anvendelse),1967,0.39344664350063335
Import inkl. told,01000 Landbrug og gartneri-(Tilgang),Husholdningernes forbrugsudgifter + NPISH (Anvendelse),1968,0.3969065024359247
Import inkl. told,01000 Landbrug og gartneri-(Tilgang),Husholdningernes forbrugsudgifter + NPISH (Anvendelse),1969,0.4117586307035632
Import inkl. told,01000 Landbrug og gartneri-(Tilgang),Husholdningernes forbrugsudgifter + NPISH (Anvendelse),1970,0.4915510131189375
Import inkl. told,01000 Landbrug og gartneri-(Tilgang),Husholdningernes forbrugsudgifter + NPISH (Anvendelse),1971,0.458484219962516
Import inkl. told,01000 Landbrug og gartneri-(Tilgang),Husholdningernes forbrugsudgifter + NPISH (Anvendelse),1972,0.47052384734985647
Import inkl. told,01000 Landbrug og gartneri-(Tilgang),Husholdningernes forbrugsudgifter + NPISH (Anvendelse),1973,0.4680051604457857
Import inkl. told,01000 Landbrug og gartneri-(Tilgang),Husholdningernes forbrugsudgifter + NPISH (Anvendelse),1974,0.5085723450249205
Import inkl. told,01000 Landbrug og gartneri-(Tilgang),Husholdningernes forbrugsudgifter + NPISH (Anvendelse),1975,0.48303866826346925
Import inkl. told,01000 Landbrug og gartneri-(Tilgang),Husholdningernes forbrugsudgifter + NPISH (Anvendelse),1976,0.7249674899883771
Import inkl. told,01000 Landbrug og gartneri-(Tilgang),Husholdningernes forbrugsudgifter + NPISH (Anvendelse),1977,1.0368044931120046
Import inkl. told,01000 Landbrug og gartneri-(Tilgang),Husholdningernes forbrugsudgifter + NPISH (Anvendelse),1978,0.8554076635860428
Import inkl. told,01000 Landbrug og gartneri-(Tilgang),Husholdningernes forbrugsudgifter + NPISH (Anvendelse),1979,0.8617444814721656
Import inkl. told,01000 Landbrug og gartneri-(Tilgang),Husholdningernes forbrugsudgifter + NPISH (Anvendelse),1980,0.9490724778858437
Import inkl. told,01000 Landbrug og gartneri-(Tilgang),Husholdningernes forbrugsudgifter + NPISH (Anvendelse),1981,0.9086775085380153
Import inkl. told,01000 Landbrug og gartneri-(Tilgang),Husholdningernes forbrugsudgifter + NPISH (Anvendelse),1982,1.067150286978977
Import inkl. told,01000 Landbrug og gartneri-(Tilgang),Husholdningernes forbrugsudgifter + NPISH (Anvendelse),1983,1.1467539781872196
Import inkl. told,01000 Landbrug og gartneri-(Tilgang),Husholdningernes forbrugsudgifter + NPISH (Anvendelse),1984,1.3388638188066235
Import inkl. told,01000 Landbrug og gartneri-(Tilgang),Husholdningernes forbrugsudgifter + NPISH (Anvendelse),1985,1.3136601700622237
Import inkl. told,01000 Landbrug og gartneri-(Tilgang),Husholdningernes forbrugsudgifter + NPISH (Anvendelse),1986,1.416711501551657
Import inkl. told,01000 Landbrug og gartneri-(Tilgang),Husholdningernes forbrugsudgifter + NPISH (Anvendelse),1987,1.1067857471120301
Import inkl. told,01000 Landbrug og gartneri-(Tilgang),Husholdningernes forbrugsudgifter + NPISH (Anvendelse),1988,1.0746961970632565
Import inkl. told,01000 Landbrug og gartneri-(Tilgang),Husholdningernes forbrugsudgifter + NPISH (Anvendelse),1989,1.0943748804210391
Import inkl. told,01000 Landbrug og gartneri-(Tilgang),Husholdningernes forbrugsudgifter + NPISH (Anvendelse),1990,1.046011282685477
Import inkl. told,01000 Landbrug og gartneri-(Tilgang),Husholdningernes forbrugsudgifter + NPISH (Anvendelse),1991,1.0698575269585653
Import inkl. told,01000 Landbrug og gartneri-(Tilgang),Husholdningernes forbrugsudgifter + NPISH (Anvendelse),1992,0.9757730021319901
Import inkl. told,01000 Landbrug og gartneri-(Tilgang),Husholdningernes forbrugsudgifter + NPISH (Anvendelse),1993,0.94093005811452
Import inkl. told,01000 Landbrug og gartneri-(Tilgang),Husholdningernes forbrugsudgifter + NPISH (Anvendelse),1994,1.0121787751100828
Import inkl. told,01000 Landbrug og gartneri-(Tilgang),Husholdningernes forbrugsudgifter + NPISH (Anvendelse),1995,1.0087348730582173
Import inkl. told,01000 Landbrug og gartneri-(Tilgang),Husholdningernes forbrugsudgifter + NPISH (Anvendelse),1996,1.0062977057314422
Import inkl. told,01000 Landbrug og gartneri-(Tilgang),Husholdningernes forbrugsudgifter + NPISH (Anvendelse),1997,1.0149477905446573
Import inkl. told,01000 Landbrug og gartneri-(Tilgang),Husholdningernes forbrugsudgifter + NPISH (Anvendelse),1998,1.0070089821418835
Import inkl. told,01000 Landbrug og gartneri-(Tilgang),Husholdningernes forbrugsudgifter + NPISH (Anvendelse),1999,0.9468021980754528
Import inkl. told,01000 Landbrug og gartneri-(Tilgang),Husholdningernes forbrugsudgifter + NPISH (Anvendelse),2000,0.9684504307719499
Import inkl. told,01000 Landbrug og gartneri-(Tilgang),Husholdningernes forbrugsudgifter + NPISH (Anvendelse),2001,1.017322290890016
Import inkl. told,01000 Landbrug og gartneri-(Tilgang),Husholdningernes forbrugsudgifter + NPISH (Anvendelse),2002,1.0233812925346182
Import inkl. told,01000 Landbrug og gartneri-(Tilgang),Husholdningernes forbrugsudgifter + NPISH (Anvendelse),2003,0.9909989129951365
Import inkl. told,01000 Landbrug og gartneri-(Tilgang),Husholdningernes forbrugsudgifter + NPISH (Anvendelse),2004,0.9552877887825352
Import inkl. told,01000 Landbrug og gartneri-(Tilgang),Husholdningernes forbrugsudgifter + NPISH (Anvendelse),2005,0.9066548374291822
Import inkl. told,01000 Landbrug og gartneri-(Tilgang),Husholdningernes forbrugsudgifter + NPISH (Anvendelse),2006,0.8852026622355715
Import inkl. told,01000 Landbrug og gartneri-(Tilgang),Husholdningernes forbrugsudgifter + NPISH (Anvendelse),2007,0.8762179562042518
Import inkl. told,01000 Landbrug og gartneri-(Tilgang),Husholdningernes forbrugsudgifter + NPISH (Anvendelse),2008,0.9254530849821204
Import inkl. told,01000 Landbrug og gartneri-(Tilgang),Husholdningernes forbrugsudgifter + NPISH (Anvendelse),2009,0.9127811191080485
Import inkl. told,01000 Landbrug og gartneri-(Tilgang),Husholdningernes forbrugsudgifter + NPISH (Anvendelse),2010,0.9409680743356973
Import inkl. told,01000 Landbrug og gartneri-(Tilgang),Husholdningernes forbrugsudgifter + NPISH (Anvendelse),2011,0.9923156935364362
Import inkl. told,01000 Landbrug og gartneri-(Tilgang),Husholdningernes forbrugsudgifter + NPISH (Anvendelse),2012,0.9911893843151686
Import inkl. told,01000 Landbrug og gartneri-(Tilgang),Husholdningernes forbrugsudgifter + NPISH (Anvendelse),2013,0.9874480336843885
Import inkl. told,01000 Landbrug og gartneri-(Tilgang),Husholdningernes forbrugsudgifter + NPISH (Anvendelse),2014,0.9588314940186132
Import inkl. told,01000 Landbrug og gartneri-(Tilgang),Husholdningernes forbrugsudgifter + NPISH (Anvendelse),2015,0.952898688636977
Import inkl. told,01000 Landbrug og gartneri-(Tilgang),Husholdningernes forbrugsudgifter + NPISH (Anvendelse),2016,0.9482526230849485
Import inkl. told,01000 Landbrug og gartneri-(Tilgang),Husholdningernes forbrugsudgifter + NPISH (Anvendelse),2017,0.9329381309921291
Import inkl. told,01000 Landbrug og gartneri-(Tilgang),Husholdningernes forbrugsudgifter + NPISH (Anvendelse),2018,0.9436514860798964
Import inkl. told,01000 Landbrug og gartneri-(Tilgang),Husholdningernes forbrugsudgifter + NPISH (Anvendelse),2019,0.9607905084865627
Import inkl. told,01000 Landbrug og gartneri-(Tilgang),Husholdningernes forbrugsudgifter + NPISH (Anvendelse),2020,1.0
Import inkl. told,01000 Landbrug og gartneri-(Tilgang),Husholdningernes forbrugsudgifter + NPISH (Anvendelse),2021,1.0389909867281288
Import inkl. told,01000 Landbrug og gartneri-(Tilgang),Husholdningernes forbrugsudgifter + NPISH (Anvendelse),2022,1.1417000087875144
Import inkl. told,01000 Landbrug og gartneri-(Tilgang),"Offentligt forbrug, i alt-(Anvendelse)",1967,11.308613840934331
Import inkl. told,01000 Landbrug og gartneri-(Tilgang),"Offentligt forbrug, i alt-(Anvendelse)",1968,7.5390758939562215
Import inkl. told,01000 Landbrug og gartneri-(Tilgang),"Offentligt forbrug, i alt-(Anvendelse)",1969,5.277353125769355
Import inkl. told,01000 Landbrug og gartneri-(Tilgang),"Offentligt forbrug, i alt-(Anvendelse)",1970,3.5886001255231617
Import inkl. told,01000 Landbrug og gartneri-(Tilgang),"Offentligt forbrug, i alt-(Anvendelse)",1971,2.760461635017817
Import inkl. told,01000 Landbrug og gartneri-(Tilgang),"Offentligt forbrug, i alt-(Anvendelse)",1972,3.5272565336338775
Import inkl. told,01000 Landbrug og gartneri-(Tilgang),"Offentligt forbrug, i alt-(Anvendelse)",1973,1.7290473204087635
Import inkl. told,01000 Landbrug og gartneri-(Tilgang),"Offentligt forbrug, i alt-(Anvendelse)",1974,1.6329891359416102
Import inkl. told,01000 Landbrug og gartneri-(Tilgang),"Offentligt forbrug, i alt-(Anvendelse)",1975,1.469690222347449
Import inkl. told,01000 Landbrug og gartneri-(Tilgang),"Offentligt forbrug, i alt-(Anvendelse)",1976,1.4329479667887628
Import inkl. told,01000 Landbrug og gartneri-(Tilgang),"Offentligt forbrug, i alt-(Anvendelse)",1977,1.40309488414733
Import inkl. told,01000 Landbrug og gartneri-(Tilgang),"Offentligt forbrug, i alt-(Anvendelse)",1978,1.1581100631057326
Import inkl. told,01000 Landbrug og gartneri-(Tilgang),"Offentligt forbrug, i alt-(Anvendelse)",1979,1.0716839389933643
Import inkl. told,01000 Landbrug og gartneri-(Tilgang),"Offentligt forbrug, i alt-(Anvendelse)",1980,1.2077707883893471
Import inkl. told,01000 Landbrug og gartneri-(Tilgang),"Offentligt forbrug, i alt-(Anvendelse)",1981,1.1771943127339206
Import inkl. told,01000 Landbrug og gartneri-(Tilgang),"Offentligt forbrug, i alt-(Anvendelse)",1982,1.1645363093711902
Import inkl. told,01000 Landbrug og gartneri-(Tilgang),"Offentligt forbrug, i alt-(Anvendelse)",1983,1.1080054205667638
Import inkl. told,01000 Landbrug og gartneri-(Tilgang),"Offentligt forbrug, i alt-(Anvendelse)",1984,1.0665846571810904
Import inkl. told,01000 Landbrug og gartneri-(Tilgang),"Offentligt forbrug, i alt-(Anvendelse)",1985,0.9094907929451158
Import inkl. told,01000 Landbrug og gartneri-(Tilgang),"Offentligt forbrug, i alt-(Anvendelse)",1986,0.826809811768287
Import inkl. told,01000 Landbrug og gartneri-(Tilgang),"Offentligt forbrug, i alt-(Anvendelse)",1987,0.7388513211546396
Import inkl. told,01000 Landbrug og gartneri-(Tilgang),"Offentligt forbrug, i alt-(Anvendelse)",1988,0.6372592644958767
Import inkl. told,01000 Landbrug og gartneri-(Tilgang),"Offentligt forbrug, i alt-(Anvendelse)",1989,0.5669124625710072
Import inkl. told,01000 Landbrug og gartneri-(Tilgang),"Offentligt forbrug, i alt-(Anvendelse)",1990,0.6703636418722859
Import inkl. told,01000 Landbrug og gartneri-(Tilgang),"Offentligt forbrug, i alt-(Anvendelse)",1991,0.6760932456489721
Import inkl. told,01000 Landbrug og gartneri-(Tilgang),"Offentligt forbrug, i alt-(Anvendelse)",1992,0.7161250825623982
Import inkl. told,01000 Landbrug og gartneri-(Tilgang),"Offentligt forbrug, i alt-(Anvendelse)",1993,0.7042883043382262
Import inkl. told,01000 Landbrug og gartneri-(Tilgang),"Offentligt forbrug, i alt-(Anvendelse)",1994,0.6945515996699557
Import inkl. told,01000 Landbrug og gartneri-(Tilgang),"Offentligt forbrug, i alt-(Anvendelse)",1995,0.674593220369095
Import inkl. told,01000 Landbrug og gartneri-(Tilgang),"Offentligt forbrug, i alt-(Anvendelse)",1996,0.6791512826688861
Import inkl. told,01000 Landbrug og gartneri-(Tilgang),"Offentligt forbrug, i alt-(Anvendelse)",1997,0.6866144835773355
Import inkl. told,01000 Landbrug og gartneri-(Tilgang),"Offentligt forbrug, i alt-(Anvendelse)",1998,0.7122344269944002
Import inkl. told,01000 Landbrug og gartneri-(Tilgang),"Offentligt forbrug, i alt-(Anvendelse)",1999,0.7369838858474874
Import inkl. told,01000 Landbrug og gartneri-(Tilgang),"Offentligt forbrug, i alt-(Anvendelse)",2000,0.7197243100665158
Import inkl. told,01000 Landbrug og gartneri-(Tilgang),"Offentligt forbrug, i alt-(Anvendelse)",2001,0.72990222960281
Import inkl. told,01000 Landbrug og gartneri-(Tilgang),"Offentligt forbrug, i alt-(Anvendelse)",2002,0.7373502115375326
Import inkl. told,01000 Landbrug og gartneri-(Tilgang),"Offentligt forbrug, i alt-(Anvendelse)",2003,0.7480770014586985
Import inkl. told,01000 Landbrug og gartneri-(Tilgang),"Offentligt forbrug, i alt-(Anvendelse)",2004,0.7823027466234755
Import inkl. told,01000 Landbrug og gartneri-(Tilgang),"Offentligt forbrug, i alt-(Anvendelse)",2005,0.773486412138613
Import inkl. told,01000 Landbrug og gartneri-(Tilgang),"Offentligt forbrug, i alt-(Anvendelse)",2006,0.813514189981974
Import inkl. told,01000 Landbrug og gartneri-(Tilgang),"Offentligt forbrug, i alt-(Anvendelse)",2007,0.9014616699800252
Import inkl. told,01000 Landbrug og gartneri-(Tilgang),"Offentligt forbrug, i alt-(Anvendelse)",2008,0.9798496412826362
Import inkl. told,01000 Landbrug og gartneri-(Tilgang),"Offentligt forbrug, i alt-(Anvendelse)",2009,1.0363794282797114
Import inkl. told,01000 Landbrug og gartneri-(Tilgang),"Offentligt forbrug, i alt-(Anvendelse)",2010,1.0363794282797114
Import inkl. told,01000 Landbrug og gartneri-(Tilgang),"Offentligt forbrug, i alt-(Anvendelse)",2011,1.0709254092223686
Import inkl. told,01000 Landbrug og gartneri-(Tilgang),"Offentligt forbrug, i alt-(Anvendelse)",2012,1.1060377177214626
Import inkl. told,01000 Landbrug og gartneri-(Tilgang),"Offentligt forbrug, i alt-(Anvendelse)",2013,1.1785647811786077
Import inkl. told,01000 Landbrug og gartneri-(Tilgang),"Offentligt forbrug, i alt-(Anvendelse)",2014,1.2148283129071804
Import inkl. told,01000 Landbrug og gartneri-(Tilgang),"Offentligt forbrug, i alt-(Anvendelse)",2015,1.1540868972618215
Import inkl. told,01000 Landbrug og gartneri-(Tilgang),"Offentligt forbrug, i alt-(Anvendelse)",2016,1.0977899754441716
Import inkl. told,01000 Landbrug og gartneri-(Tilgang),"Offentligt forbrug, i alt-(Anvendelse)",2017,1.0099667774086378
Import inkl. told,01000 Landbrug og gartneri-(Tilgang),"Offentligt forbrug, i alt-(Anvendelse)",2018,0.9468438538205979
Import inkl. told,01000 Landbrug og gartneri-(Tilgang),"Offentligt forbrug, i alt-(Anvendelse)",2019,0.8837209302325582
Import inkl. told,01000 Landbrug og gartneri-(Tilgang),"Offentligt forbrug, i alt-(Anvendelse)",2020,1.0
Import inkl. told,01000 Landbrug og gartneri-(Tilgang),"Offentligt forbrug, i alt-(Anvendelse)",2021,0.9615384615384617
Import inkl. told,01000 Landbrug og gartneri-(Tilgang),"Offentligt forbrug, i alt-(Anvendelse)",2022,1.098901098901099
Import inkl. told,01000 Landbrug og gartneri-(Tilgang),Privat,1967,0.348920281717629
Import inkl. told,01000 Landbrug og gartneri-(Tilgang),Privat,1968,0.3455416757031223
Import inkl. told,01000 Landbrug og gartneri-(Tilgang),Privat,1969,0.35449595532657785
Import inkl. told,01000 Landbrug og gartneri-(Tilgang),Privat,1970,0.3607764296913844
Import inkl. told,01000 Landbrug og gartneri-(Tilgang),Privat,1971,0.35074132668540725
Import inkl. told,01000 Landbrug og gartneri-(Tilgang),Privat,1972,0.3773759285755308
Import inkl. told,01000 Landbrug og gartneri-(Tilgang),Privat,1973,0.4250542674805732
Import inkl. told,01000 Landbrug og gartneri-(Tilgang),Privat,1974,0.5402226842061354
Import inkl. told,01000 Landbrug og gartneri-(Tilgang),Privat,1975,0.5232095290878807
Import inkl. told,01000 Landbrug og gartneri-(Tilgang),Privat,1976,0.5795296853615918
Import inkl. told,01000 Landbrug og gartneri-(Tilgang),Privat,1977,0.7087310602881056
Import inkl. told,01000 Landbrug og gartneri-(Tilgang),Privat,1978,0.6363350639441449
Import inkl. told,01000 Landbrug og gartneri-(Tilgang),Privat,1979,0.6790133121715861
Import inkl. told,01000 Landbrug og gartneri-(Tilgang),Privat,1980,0.7260018376415943
Import inkl. told,01000 Landbrug og gartneri-(Tilgang),Privat,1981,0.8016523109293586
Import inkl. told,01000 Landbrug og gartneri-(Tilgang),Privat,1982,0.9130742534252612
Import inkl. told,01000 Landbrug og gartneri-(Tilgang),Privat,1983,0.9674555472992087
Import inkl. told,01000 Landbrug og gartneri-(Tilgang),Privat,1984,1.127510909795643
Import inkl. told,01000 Landbrug og gartneri-(Tilgang),Privat,1985,1.0579625200525005
Import inkl. told,01000 Landbrug og gartneri-(Tilgang),Privat,1986,0.9480937995181798
Import inkl. told,01000 Landbrug og gartneri-(Tilgang),Privat,1987,0.871429038079585
Import inkl. told,01000 Landbrug og gartneri-(Tilgang),Privat,1988,0.9102204803657824
Import inkl. told,01000 Landbrug og gartneri-(Tilgang),Privat,1989,0.9175204976932104
Import inkl. told,01000 Landbrug og gartneri-(Tilgang),Privat,1990,0.7996933037538301
Import inkl. told,01000 Landbrug og gartneri-(Tilgang),Privat,1991,0.7772685344081195
Import inkl. told,01000 Landbrug og gartneri-(Tilgang),Privat,1992,0.841757655203865
Import inkl. told,01000 Landbrug og gartneri-(Tilgang),Privat,1993,0.8505125422924472
Import inkl. told,01000 Landbrug og gartneri-(Tilgang),Privat,1994,0.8992619317055953
Import inkl. told,01000 Landbrug og gartneri-(Tilgang),Privat,1995,0.9077246068974582
Import inkl. told,01000 Landbrug og gartneri-(Tilgang),Privat,1996,0.8873504609600751
Import inkl. told,01000 Landbrug og gartneri-(Tilgang),Privat,1997,0.9813043288781641
Import inkl. told,01000 Landbrug og gartneri-(Tilgang),Privat,1998,0.9337191319481053
Import inkl. told,01000 Landbrug og gartneri-(Tilgang),Privat,1999,0.8431762620081591
Import inkl. told,01000 Landbrug og gartneri-(Tilgang),Privat,2000,0.8726970491653206
Import inkl. told,01000 Landbrug og gartneri-(Tilgang),Privat,2001,0.8890084513536042
Import inkl. told,01000 Landbrug og gartneri-(Tilgang),Privat,2002,0.8501902631838195
Import inkl. told,01000 Landbrug og gartneri-(Tilgang),Privat,2003,0.8452574566465042
Import inkl. told,01000 Landbrug og gartneri-(Tilgang),Privat,2004,0.8340751137251363
Import inkl. told,01000 Landbrug og gartneri-(Tilgang),Privat,2005,0.8112379135664017
Import inkl. told,01000 Landbrug og gartneri-(Tilgang),Privat,2006,0.768768007307287
Import inkl. told,01000 Landbrug og gartneri-(Tilgang),Privat,2007,0.9522257163354755
Import inkl. told,01000 Landbrug og gartneri-(Tilgang),Privat,2008,1.1211807520233248
Import inkl. told,01000 Landbrug og gartneri-(Tilgang),Privat,2009,0.9472821603244977
Import inkl. told,01000 Landbrug og gartneri-(Tilgang),Privat,2010,0.9493894451569
Import inkl. told,01000 Landbrug og gartneri-(Tilgang),Privat,2011,1.036670749578672
Import inkl. told,01000 Landbrug og gartneri-(Tilgang),Privat,2012,1.045435059765845
Import inkl. told,01000 Landbrug og gartneri-(Tilgang),Privat,2013,1.0515330469281525
Import inkl. told,01000 Landbrug og gartneri-(Tilgang),Privat,2014,1.0168973026244004
Import inkl. told,01000 Landbrug og gartneri-(Tilgang),Privat,2015,1.0009624406533584
Import inkl. told,01000 Landbrug og gartneri-(Tilgang),Privat,2016,0.9743688781235457
Import inkl. told,01000 Landbrug og gartneri-(Tilgang),Privat,2017,0.9759685275069284
Import inkl. told,01000 Landbrug og gartneri-(Tilgang),Privat,2018,0.979815610266343
Import inkl. told,01000 Landbrug og gartneri-(Tilgang),Privat,2019,0.9949678697436904
Import inkl. told,01000 Landbrug og gartneri-(Tilgang),Privat,2020,1.0
Import inkl. told,01000 Landbrug og gartneri-(Tilgang),Privat,2021,1.0758456448161877
Import inkl. told,01000 Landbrug og gartneri-(Tilgang),Privat,2022,1.294293749798244
Import inkl. told,01000 Landbrug og gartneri-(Tilgang),REST_ANVENDELSE Øvrige brancher,1967,0.2881564962504631
Import inkl. told,01000 Landbrug og gartneri-(Tilgang),REST_ANVENDELSE Øvrige brancher,1968,0.29407664712632553
Import inkl. told,01000 Landbrug og gartneri-(Tilgang),REST_ANVENDELSE Øvrige brancher,1969,0.3047934597817528
Import inkl. told,01000 Landbrug og gartneri-(Tilgang),REST_ANVENDELSE Øvrige brancher,1970,0.318663114176012
Import inkl. told,01000 Landbrug og gartneri-(Tilgang),REST_ANVENDELSE Øvrige brancher,1971,0.30234554738359964
Import inkl. told,01000 Landbrug og gartneri-(Tilgang),REST_ANVENDELSE Øvrige brancher,1972,0.3294353460704482
Import inkl. told,01000 Landbrug og gartneri-(Tilgang),REST_ANVENDELSE Øvrige brancher,1973,0.36409118982327426
Import inkl. told,01000 Landbrug og gartneri-(Tilgang),REST_ANVENDELSE Øvrige brancher,1974,0.4262938067861521
Import inkl. told,01000 Landbrug og gartneri-(Tilgang),REST_ANVENDELSE Øvrige brancher,1975,0.39434501955925594
Import inkl. told,01000 Landbrug og gartneri-(Tilgang),REST_ANVENDELSE Øvrige brancher,1976,0.5154659229424953
Import inkl. told,01000 Landbrug og gartneri-(Tilgang),REST_ANVENDELSE Øvrige brancher,1977,0.6583493076422512
Import inkl. told,01000 Landbrug og gartneri-(Tilgang),REST_ANVENDELSE Øvrige brancher,1978,0.5867059851419525
Import inkl. told,01000 Landbrug og gartneri-(Tilgang),REST_ANVENDELSE Øvrige brancher,1979,0.6190884118060526
Import inkl. told,01000 Landbrug og gartneri-(Tilgang),REST_ANVENDELSE Øvrige brancher,1980,0.6646998264495476
Import inkl. told,01000 Landbrug og gartneri-(Tilgang),REST_ANVENDELSE Øvrige brancher,1981,0.7007494934721039
Import inkl. told,01000 Landbrug og gartneri-(Tilgang),REST_ANVENDELSE Øvrige brancher,1982,0.7928378064236032
Import inkl. told,01000 Landbrug og gartneri-(Tilgang),REST_ANVENDELSE Øvrige brancher,1983,0.843659146220739
Import inkl. told,01000 Landbrug og gartneri-(Tilgang),REST_ANVENDELSE Øvrige brancher,1984,0.98536002933252
Import inkl. told,01000 Landbrug og gartneri-(Tilgang),REST_ANVENDELSE Øvrige brancher,1985,0.9878620191801327
Import inkl. told,01000 Landbrug og gartneri-(Tilgang),REST_ANVENDELSE Øvrige brancher,1986,0.8861681234911271
Import inkl. told,01000 Landbrug og gartneri-(Tilgang),REST_ANVENDELSE Øvrige brancher,1987,0.74987981784047
Import inkl. told,01000 Landbrug og gartneri-(Tilgang),REST_ANVENDELSE Øvrige brancher,1988,0.7558848628596897
Import inkl. told,01000 Landbrug og gartneri-(Tilgang),REST_ANVENDELSE Øvrige brancher,1989,0.765501233373198
Import inkl. told,01000 Landbrug og gartneri-(Tilgang),REST_ANVENDELSE Øvrige brancher,1990,0.61416525276264
Import inkl. told,01000 Landbrug og gartneri-(Tilgang),REST_ANVENDELSE Øvrige brancher,1991,0.6063621107961799
Import inkl. told,01000 Landbrug og gartneri-(Tilgang),REST_ANVENDELSE Øvrige brancher,1992,0.5662199337577666
Import inkl. told,01000 Landbrug og gartneri-(Tilgang),REST_ANVENDELSE Øvrige brancher,1993,0.606897712313359
Import inkl. told,01000 Landbrug og gartneri-(Tilgang),REST_ANVENDELSE Øvrige brancher,1994,0.7633812725406822
Import inkl. told,01000 Landbrug og gartneri-(Tilgang),REST_ANVENDELSE Øvrige brancher,1995,0.892866099372211
Import inkl. told,01000 Landbrug og gartneri-(Tilgang),REST_ANVENDELSE Øvrige brancher,1996,0.8319930633570342
Import inkl. told,01000 Landbrug og gartneri-(Tilgang),REST_ANVENDELSE Øvrige brancher,1997,0.9513789244506186
Import inkl. told,01000 Landbrug og gartneri-(Tilgang),REST_ANVENDELSE Øvrige brancher,1998,0.8446445962756989
Import inkl. told,01000 Landbrug og gartneri-(Tilgang),REST_ANVENDELSE Øvrige brancher,1999,0.7374061752221827
Import inkl. told,01000 Landbrug og gartneri-(Tilgang),REST_ANVENDELSE Øvrige brancher,2000,0.7528077625028109
Import inkl. told,01000 Landbrug og gartneri-(Tilgang),REST_ANVENDELSE Øvrige brancher,2001,0.7544001030885517
Import inkl. told,01000 Landbrug og gartneri-(Tilgang),REST_ANVENDELSE Øvrige brancher,2002,0.7426459865410815
Import inkl. told,01000 Landbrug og gartneri-(Tilgang),REST_ANVENDELSE Øvrige brancher,2003,0.7305434442688724
Import inkl. told,01000 Landbrug og gartneri-(Tilgang),REST_ANVENDELSE Øvrige brancher,2004,0.7103494466846407
Import inkl. told,01000 Landbrug og gartneri-(Tilgang),REST_ANVENDELSE Øvrige brancher,2005,0.7747996789722474
Import inkl. told,01000 Landbrug og gartneri-(Tilgang),REST_ANVENDELSE Øvrige brancher,2006,0.8174935552301276
Import inkl. told,01000 Landbrug og gartneri-(Tilgang),REST_ANVENDELSE Øvrige brancher,2007,0.8715508431476421
Import inkl. told,01000 Landbrug og gartneri-(Tilgang),REST_ANVENDELSE Øvrige brancher,2008,0.9295100834569302
Import inkl. told,01000 Landbrug og gartneri-(Tilgang),REST_ANVENDELSE Øvrige brancher,2009,0.8819686303458739
Import inkl. told,01000 Landbrug og gartneri-(Tilgang),REST_ANVENDELSE Øvrige brancher,2010,0.9309023075360192
Import inkl. told,01000 Landbrug og gartneri-(Tilgang),REST_ANVENDELSE Øvrige brancher,2011,1.040225241668079
Import inkl. told,01000 Landbrug og gartneri-(Tilgang),REST_ANVENDELSE Øvrige brancher,2012,1.016317817256997
Import inkl. told,01000 Landbrug og gartneri-(Tilgang),REST_ANVENDELSE Øvrige brancher,2013,0.9850857761196531
Import inkl. told,01000 Landbrug og gartneri-(Tilgang),REST_ANVENDELSE Øvrige brancher,2014,0.9734966174390658
Import inkl. told,01000 Landbrug og gartneri-(Tilgang),REST_ANVENDELSE Øvrige brancher,2015,0.9666741980854767
Import inkl. told,01000 Landbrug og gartneri-(Tilgang),REST_ANVENDELSE Øvrige brancher,2016,0.9535613790130466
Import inkl. told,01000 Landbrug og gartneri-(Tilgang),REST_ANVENDELSE Øvrige brancher,2017,0.9508843152486335
Import inkl. told,01000 Landbrug og gartneri-(Tilgang),REST_ANVENDELSE Øvrige brancher,2018,0.9576674731334566
Import inkl. told,01000 Landbrug og gartneri-(Tilgang),REST_ANVENDELSE Øvrige brancher,2019,0.9623454520145516
Import inkl. told,01000 Landbrug og gartneri-(Tilgang),REST_ANVENDELSE Øvrige brancher,2020,1.0
Import inkl. told,01000 Landbrug og gartneri-(Tilgang),REST_ANVENDELSE Øvrige brancher,2021,1.0565412934211156
Import inkl. told,01000 Landbrug og gartneri-(Tilgang),REST_ANVENDELSE Øvrige brancher,2022,1.166302316794176
Import inkl. told,"10120 Føde-, drikke- og tobaksvareindustri-(Tilgang)",01000 Landbrug og gartneri- (Anvendelse),1967,0.3033991922264176
Import inkl. told,"10120 Føde-, drikke- og tobaksvareindustri-(Tilgang)",01000 Landbrug og gartneri- (Anvendelse),1968,0.3102901663509295
Import inkl. told,"10120 Føde-, drikke- og tobaksvareindustri-(Tilgang)",01000 Landbrug og gartneri- (Anvendelse),1969,0.3090985544224976
Import inkl. told,"10120 Føde-, drikke- og tobaksvareindustri-(Tilgang)",01000 Landbrug og gartneri- (Anvendelse),1970,0.32862351626829145
Import inkl. told,"10120 Føde-, drikke- og tobaksvareindustri-(Tilgang)",01000 Landbrug og gartneri- (Anvendelse),1971,0.33870474873722356
Import inkl. told,"10120 Føde-, drikke- og tobaksvareindustri-(Tilgang)",01000 Landbrug og gartneri- (Anvendelse),1972,0.3436236540654181
Import inkl. told,"10120 Føde-, drikke- og tobaksvareindustri-(Tilgang)",01000 Landbrug og gartneri- (Anvendelse),1973,0.5446824404061971
Import inkl. told,"10120 Føde-, drikke- og tobaksvareindustri-(Tilgang)",01000 Landbrug og gartneri- (Anvendelse),1974,0.5180855249304757
Import inkl. told,"10120 Føde-, drikke- og tobaksvareindustri-(Tilgang)",01000 Landbrug og gartneri- (Anvendelse),1975,0.4371003195823975
Import inkl. told,"10120 Føde-, drikke- og tobaksvareindustri-(Tilgang)",01000 Landbrug og gartneri- (Anvendelse),1976,0.5144943157398754
Import inkl. told,"10120 Føde-, drikke- og tobaksvareindustri-(Tilgang)",01000 Landbrug og gartneri- (Anvendelse),1977,0.6023352045638731
Import inkl. told,"10120 Føde-, drikke- og tobaksvareindustri-(Tilgang)",01000 Landbrug og gartneri- (Anvendelse),1978,0.5149879109452604
Import inkl. told,"10120 Føde-, drikke- og tobaksvareindustri-(Tilgang)",01000 Landbrug og gartneri- (Anvendelse),1979,0.5534477786791114
Import inkl. told,"10120 Føde-, drikke- og tobaksvareindustri-(Tilgang)",01000 Landbrug og gartneri- (Anvendelse),1980,0.6473319668861636
Import inkl. told,"10120 Føde-, drikke- og tobaksvareindustri-(Tilgang)",01000 Landbrug og gartneri- (Anvendelse),1981,0.8175561443066574
Import inkl. told,"10120 Føde-, drikke- og tobaksvareindustri-(Tilgang)",01000 Landbrug og gartneri- (Anvendelse),1982,0.8452899938987173
Import inkl. told,"10120 Føde-, drikke- og tobaksvareindustri-(Tilgang)",01000 Landbrug og gartneri- (Anvendelse),1983,0.902027461401569
Import inkl. told,"10120 Føde-, drikke- og tobaksvareindustri-(Tilgang)",01000 Landbrug og gartneri- (Anvendelse),1984,0.9796608509023509
Import inkl. told,"10120 Føde-, drikke- og tobaksvareindustri-(Tilgang)",01000 Landbrug og gartneri- (Anvendelse),1985,0.7763169789791288
Import inkl. told,"10120 Føde-, drikke- og tobaksvareindustri-(Tilgang)",01000 Landbrug og gartneri- (Anvendelse),1986,0.6730767893544428
Import inkl. told,"10120 Føde-, drikke- og tobaksvareindustri-(Tilgang)",01000 Landbrug og gartneri- (Anvendelse),1987,0.6076847721920977
Import inkl. told,"10120 Føde-, drikke- og tobaksvareindustri-(Tilgang)",01000 Landbrug og gartneri- (Anvendelse),1988,0.7303381857929242
Import inkl. told,"10120 Føde-, drikke- og tobaksvareindustri-(Tilgang)",01000 Landbrug og gartneri- (Anvendelse),1989,0.7976091999161395
Import inkl. told,"10120 Føde-, drikke- og tobaksvareindustri-(Tilgang)",01000 Landbrug og gartneri- (Anvendelse),1990,0.6460129214125266
Import inkl. told,"10120 Føde-, drikke- og tobaksvareindustri-(Tilgang)",01000 Landbrug og gartneri- (Anvendelse),1991,0.6517314227077813
Import inkl. told,"10120 Føde-, drikke- og tobaksvareindustri-(Tilgang)",01000 Landbrug og gartneri- (Anvendelse),1992,0.6621542779888759
Import inkl. told,"10120 Føde-, drikke- og tobaksvareindustri-(Tilgang)",01000 Landbrug og gartneri- (Anvendelse),1993,0.6769726291439601
Import inkl. told,"10120 Føde-, drikke- og tobaksvareindustri-(Tilgang)",01000 Landbrug og gartneri- (Anvendelse),1994,0.6402731328387041
Import inkl. told,"10120 Føde-, drikke- og tobaksvareindustri-(Tilgang)",01000 Landbrug og gartneri- (Anvendelse),1995,0.594835008673903
Import inkl. told,"10120 Føde-, drikke- og tobaksvareindustri-(Tilgang)",01000 Landbrug og gartneri- (Anvendelse),1996,0.7215808228796535
Import inkl. told,"10120 Føde-, drikke- og tobaksvareindustri-(Tilgang)",01000 Landbrug og gartneri- (Anvendelse),1997,0.7904258336271501
Import inkl. told,"10120 Føde-, drikke- og tobaksvareindustri-(Tilgang)",01000 Landbrug og gartneri- (Anvendelse),1998,0.6080958460993262
Import inkl. told,"10120 Føde-, drikke- og tobaksvareindustri-(Tilgang)",01000 Landbrug og gartneri- (Anvendelse),1999,0.535217791800773
Import inkl. told,"10120 Føde-, drikke- og tobaksvareindustri-(Tilgang)",01000 Landbrug og gartneri- (Anvendelse),2000,0.6592137879343841
Import inkl. told,"10120 Føde-, drikke- og tobaksvareindustri-(Tilgang)",01000 Landbrug og gartneri- (Anvendelse),2001,0.7002840187383952
Import inkl. told,"10120 Føde-, drikke- og tobaksvareindustri-(Tilgang)",01000 Landbrug og gartneri- (Anvendelse),2002,0.6677830909114395
Import inkl. told,"10120 Føde-, drikke- og tobaksvareindustri-(Tilgang)",01000 Landbrug og gartneri- (Anvendelse),2003,0.6682242120457941
Import inkl. told,"10120 Føde-, drikke- og tobaksvareindustri-(Tilgang)",01000 Landbrug og gartneri- (Anvendelse),2004,0.6789430241881637
Import inkl. told,"10120 Føde-, drikke- og tobaksvareindustri-(Tilgang)",01000 Landbrug og gartneri- (Anvendelse),2005,0.6735508000773238
Import inkl. told,"10120 Føde-, drikke- og tobaksvareindustri-(Tilgang)",01000 Landbrug og gartneri- (Anvendelse),2006,0.7028294241827577
Import inkl. told,"10120 Føde-, drikke- og tobaksvareindustri-(Tilgang)",01000 Landbrug og gartneri- (Anvendelse),2007,0.8050709415082494
Import inkl. told,"10120 Føde-, drikke- og tobaksvareindustri-(Tilgang)",01000 Landbrug og gartneri- (Anvendelse),2008,0.9185538256974468
Import inkl. told,"10120 Føde-, drikke- og tobaksvareindustri-(Tilgang)",01000 Landbrug og gartneri- (Anvendelse),2009,0.8250732078221974
Import inkl. told,"10120 Føde-, drikke- og tobaksvareindustri-(Tilgang)",01000 Landbrug og gartneri- (Anvendelse),2010,0.865102028967459
Import inkl. told,"10120 Føde-, drikke- og tobaksvareindustri-(Tilgang)",01000 Landbrug og gartneri- (Anvendelse),2011,0.898147927609669
Import inkl. told,"10120 Føde-, drikke- og tobaksvareindustri-(Tilgang)",01000 Landbrug og gartneri- (Anvendelse),2012,1.0387670792969061
Import inkl. told,"10120 Føde-, drikke- og tobaksvareindustri-(Tilgang)",01000 Landbrug og gartneri- (Anvendelse),2013,1.1109822421200812
Import inkl. told,"10120 Føde-, drikke- og tobaksvareindustri-(Tilgang)",01000 Landbrug og gartneri- (Anvendelse),2014,1.0279644849650436
Import inkl. told,"10120 Føde-, drikke- og tobaksvareindustri-(Tilgang)",01000 Landbrug og gartneri- (Anvendelse),2015,0.9610936117031775
Import inkl. told,"10120 Føde-, drikke- og tobaksvareindustri-(Tilgang)",01000 Landbrug og gartneri- (Anvendelse),2016,0.926498594763007
Import inkl. told,"10120 Føde-, drikke- og tobaksvareindustri-(Tilgang)",01000 Landbrug og gartneri- (Anvendelse),2017,0.8964905635253637
Import inkl. told,"10120 Føde-, drikke- og tobaksvareindustri-(Tilgang)",01000 Landbrug og gartneri- (Anvendelse),2018,0.9542499087713515
Import inkl. told,"10120 Føde-, drikke- og tobaksvareindustri-(Tilgang)",01000 Landbrug og gartneri- (Anvendelse),2019,0.9268417166422944
Import inkl. told,"10120 Føde-, drikke- og tobaksvareindustri-(Tilgang)",01000 Landbrug og gartneri- (Anvendelse),2020,1.0
Import inkl. told,"10120 Føde-, drikke- og tobaksvareindustri-(Tilgang)",01000 Landbrug og gartneri- (Anvendelse),2021,1.1291836151767394
Import inkl. told,"10120 Føde-, drikke- og tobaksvareindustri-(Tilgang)",01000 Landbrug og gartneri- (Anvendelse),2022,1.4057482015738614
Import inkl. told,"10120 Føde-, drikke- og tobaksvareindustri-(Tilgang)","10120 Føde-, drikke- og tobaksvareindustri- (Anvendelse)",1967,0.2592738106331996
Import inkl. told,"10120 Føde-, drikke- og tobaksvareindustri-(Tilgang)","10120 Føde-, drikke- og tobaksvareindustri- (Anvendelse)",1968,0.2690253880897293
Import inkl. told,"10120 Føde-, drikke- og tobaksvareindustri-(Tilgang)","10120 Føde-, drikke- og tobaksvareindustri- (Anvendelse)",1969,0.2755919311446315
Import inkl. told,"10120 Føde-, drikke- og tobaksvareindustri-(Tilgang)","10120 Føde-, drikke- og tobaksvareindustri- (Anvendelse)",1970,0.29314008738580627
Import inkl. told,"10120 Føde-, drikke- og tobaksvareindustri-(Tilgang)","10120 Føde-, drikke- og tobaksvareindustri- (Anvendelse)",1971,0.29887695420627924
Import inkl. told,"10120 Føde-, drikke- og tobaksvareindustri-(Tilgang)","10120 Føde-, drikke- og tobaksvareindustri- (Anvendelse)",1972,0.31363432533156776
Import inkl. told,"10120 Føde-, drikke- og tobaksvareindustri-(Tilgang)","10120 Føde-, drikke- og tobaksvareindustri- (Anvendelse)",1973,0.3590813343856837
Import inkl. told,"10120 Føde-, drikke- og tobaksvareindustri-(Tilgang)","10120 Føde-, drikke- og tobaksvareindustri- (Anvendelse)",1974,0.42960786677457563
Import inkl. told,"10120 Føde-, drikke- og tobaksvareindustri-(Tilgang)","10120 Føde-, drikke- og tobaksvareindustri- (Anvendelse)",1975,0.4159959376974206
Import inkl. told,"10120 Føde-, drikke- og tobaksvareindustri-(Tilgang)","10120 Føde-, drikke- og tobaksvareindustri- (Anvendelse)",1976,0.445641400224293
Import inkl. told,"10120 Føde-, drikke- og tobaksvareindustri-(Tilgang)","10120 Føde-, drikke- og tobaksvareindustri- (Anvendelse)",1977,0.4994088156000634
Import inkl. told,"10120 Føde-, drikke- og tobaksvareindustri-(Tilgang)","10120 Føde-, drikke- og tobaksvareindustri- (Anvendelse)",1978,0.5279906569752255
Import inkl. told,"10120 Føde-, drikke- og tobaksvareindustri-(Tilgang)","10120 Føde-, drikke- og tobaksvareindustri- (Anvendelse)",1979,0.5743365499288268
Import inkl. told,"10120 Føde-, drikke- og tobaksvareindustri-(Tilgang)","10120 Føde-, drikke- og tobaksvareindustri- (Anvendelse)",1980,0.6016816878850457
Import inkl. told,"10120 Føde-, drikke- og tobaksvareindustri-(Tilgang)","10120 Føde-, drikke- og tobaksvareindustri- (Anvendelse)",1981,0.6714203506496138
Import inkl. told,"10120 Føde-, drikke- og tobaksvareindustri-(Tilgang)","10120 Føde-, drikke- og tobaksvareindustri- (Anvendelse)",1982,0.7231460553979848
Import inkl. told,"10120 Føde-, drikke- og tobaksvareindustri-(Tilgang)","10120 Føde-, drikke- og tobaksvareindustri- (Anvendelse)",1983,0.7628119471741015
Import inkl. told,"10120 Føde-, drikke- og tobaksvareindustri-(Tilgang)","10120 Føde-, drikke- og tobaksvareindustri- (Anvendelse)",1984,0.8714569809089918
Import inkl. told,"10120 Føde-, drikke- og tobaksvareindustri-(Tilgang)","10120 Føde-, drikke- og tobaksvareindustri- (Anvendelse)",1985,0.8439093689514592
Import inkl. told,"10120 Føde-, drikke- og tobaksvareindustri-(Tilgang)","10120 Føde-, drikke- og tobaksvareindustri- (Anvendelse)",1986,0.7635147712068006
Import inkl. told,"10120 Føde-, drikke- og tobaksvareindustri-(Tilgang)","10120 Føde-, drikke- og tobaksvareindustri- (Anvendelse)",1987,0.7575341248722606
Import inkl. told,"10120 Føde-, drikke- og tobaksvareindustri-(Tilgang)","10120 Føde-, drikke- og tobaksvareindustri- (Anvendelse)",1988,0.7244883857804336
Import inkl. told,"10120 Føde-, drikke- og tobaksvareindustri-(Tilgang)","10120 Føde-, drikke- og tobaksvareindustri- (Anvendelse)",1989,0.7563415852434822
Import inkl. told,"10120 Føde-, drikke- og tobaksvareindustri-(Tilgang)","10120 Føde-, drikke- og tobaksvareindustri- (Anvendelse)",1990,0.7416872364849264
Import inkl. told,"10120 Føde-, drikke- og tobaksvareindustri-(Tilgang)","10120 Føde-, drikke- og tobaksvareindustri- (Anvendelse)",1991,0.7371946882989079
Import inkl. told,"10120 Føde-, drikke- og tobaksvareindustri-(Tilgang)","10120 Føde-, drikke- og tobaksvareindustri- (Anvendelse)",1992,0.7406989053415254
Import inkl. told,"10120 Føde-, drikke- og tobaksvareindustri-(Tilgang)","10120 Føde-, drikke- og tobaksvareindustri- (Anvendelse)",1993,0.7311334238556377
Import inkl. told,"10120 Føde-, drikke- og tobaksvareindustri-(Tilgang)","10120 Føde-, drikke- og tobaksvareindustri- (Anvendelse)",1994,0.7395040744822295
Import inkl. told,"10120 Føde-, drikke- og tobaksvareindustri-(Tilgang)","10120 Føde-, drikke- og tobaksvareindustri- (Anvendelse)",1995,0.7367904203337128
Import inkl. told,"10120 Føde-, drikke- og tobaksvareindustri-(Tilgang)","10120 Føde-, drikke- og tobaksvareindustri- (Anvendelse)",1996,0.7182727557413666
Import inkl. told,"10120 Føde-, drikke- og tobaksvareindustri-(Tilgang)","10120 Føde-, drikke- og tobaksvareindustri- (Anvendelse)",1997,0.7426057930330487
Import inkl. told,"10120 Føde-, drikke- og tobaksvareindustri-(Tilgang)","10120 Føde-, drikke- og tobaksvareindustri- (Anvendelse)",1998,0.7453948109735965
Import inkl. told,"10120 Føde-, drikke- og tobaksvareindustri-(Tilgang)","10120 Føde-, drikke- og tobaksvareindustri- (Anvendelse)",1999,0.6950699263958674
Import inkl. told,"10120 Føde-, drikke- og tobaksvareindustri-(Tilgang)","10120 Føde-, drikke- og tobaksvareindustri- (Anvendelse)",2000,0.7043241976064758
Import inkl. told,"10120 Føde-, drikke- og tobaksvareindustri-(Tilgang)","10120 Føde-, drikke- og tobaksvareindustri- (Anvendelse)",2001,0.7237809046998959
Import inkl. told,"10120 Føde-, drikke- og tobaksvareindustri-(Tilgang)","10120 Føde-, drikke- og tobaksvareindustri- (Anvendelse)",2002,0.7250992992968405
Import inkl. told,"10120 Føde-, drikke- og tobaksvareindustri-(Tilgang)","10120 Føde-, drikke- og tobaksvareindustri- (Anvendelse)",2003,0.718624995761216
Import inkl. told,"10120 Føde-, drikke- og tobaksvareindustri-(Tilgang)","10120 Føde-, drikke- og tobaksvareindustri- (Anvendelse)",2004,0.729774854750478
Import inkl. told,"10120 Føde-, drikke- og tobaksvareindustri-(Tilgang)","10120 Føde-, drikke- og tobaksvareindustri- (Anvendelse)",2005,0.7553869924816354
Import inkl. told,"10120 Føde-, drikke- og tobaksvareindustri-(Tilgang)","10120 Føde-, drikke- og tobaksvareindustri- (Anvendelse)",2006,0.7732188842390254
Import inkl. told,"10120 Føde-, drikke- og tobaksvareindustri-(Tilgang)","10120 Føde-, drikke- og tobaksvareindustri- (Anvendelse)",2007,0.8322123791266175
Import inkl. told,"10120 Føde-, drikke- og tobaksvareindustri-(Tilgang)","10120 Føde-, drikke- og tobaksvareindustri- (Anvendelse)",2008,0.8716029715832856
Import inkl. told,"10120 Føde-, drikke- og tobaksvareindustri-(Tilgang)","10120 Føde-, drikke- og tobaksvareindustri- (Anvendelse)",2009,0.8081392886323494
Import inkl. told,"10120 Føde-, drikke- og tobaksvareindustri-(Tilgang)","10120 Føde-, drikke- og tobaksvareindustri- (Anvendelse)",2010,0.8720245030755424
Import inkl. told,"10120 Føde-, drikke- og tobaksvareindustri-(Tilgang)","10120 Føde-, drikke- og tobaksvareindustri- (Anvendelse)",2011,0.9588912255101717
Import inkl. told,"10120 Føde-, drikke- og tobaksvareindustri-(Tilgang)","10120 Føde-, drikke- og tobaksvareindustri- (Anvendelse)",2012,1.0003123777999838
Import inkl. told,"10120 Føde-, drikke- og tobaksvareindustri-(Tilgang)","10120 Føde-, drikke- og tobaksvareindustri- (Anvendelse)",2013,0.9929478999193114
Import inkl. told,"10120 Føde-, drikke- og tobaksvareindustri-(Tilgang)","10120 Føde-, drikke- og tobaksvareindustri- (Anvendelse)",2014,0.9651311053523528
Import inkl. told,"10120 Føde-, drikke- og tobaksvareindustri-(Tilgang)","10120 Føde-, drikke- og tobaksvareindustri- (Anvendelse)",2015,0.9593840735250597
Import inkl. told,"10120 Føde-, drikke- og tobaksvareindustri-(Tilgang)","10120 Føde-, drikke- og tobaksvareindustri- (Anvendelse)",2016,0.9648708614560684
Import inkl. told,"10120 Føde-, drikke- og tobaksvareindustri-(Tilgang)","10120 Føde-, drikke- og tobaksvareindustri- (Anvendelse)",2017,0.9794064930229162
Import inkl. told,"10120 Føde-, drikke- og tobaksvareindustri-(Tilgang)","10120 Føde-, drikke- og tobaksvareindustri- (Anvendelse)",2018,0.9620557273040834
Import inkl. told,"10120 Føde-, drikke- og tobaksvareindustri-(Tilgang)","10120 Føde-, drikke- og tobaksvareindustri- (Anvendelse)",2019,0.9707138097145319
Import inkl. told,"10120 Føde-, drikke- og tobaksvareindustri-(Tilgang)","10120 Føde-, drikke- og tobaksvareindustri- (Anvendelse)",2020,1.0
Import inkl. told,"10120 Føde-, drikke- og tobaksvareindustri-(Tilgang)","10120 Føde-, drikke- og tobaksvareindustri- (Anvendelse)",2021,1.0817279261867534
Import inkl. told,"10120 Føde-, drikke- og tobaksvareindustri-(Tilgang)","10120 Føde-, drikke- og tobaksvareindustri- (Anvendelse)",2022,1.309612164214501
Import inkl. told,"10120 Føde-, drikke- og tobaksvareindustri-(Tilgang)","Anvendelse, i alt-(Anvendelse)",1967,0.2897765524459447
Import inkl. told,"10120 Føde-, drikke- og tobaksvareindustri-(Tilgang)","Anvendelse, i alt-(Anvendelse)",1968,0.2930530604871189
Import inkl. told,"10120 Føde-, drikke- og tobaksvareindustri-(Tilgang)","Anvendelse, i alt-(Anvendelse)",1969,0.2963921202074745
Import inkl. told,"10120 Føde-, drikke- og tobaksvareindustri-(Tilgang)","Anvendelse, i alt-(Anvendelse)",1970,0.3094725200112319
Import inkl. told,"10120 Føde-, drikke- og tobaksvareindustri-(Tilgang)","Anvendelse, i alt-(Anvendelse)",1971,0.31753970715343566
Import inkl. told,"10120 Føde-, drikke- og tobaksvareindustri-(Tilgang)","Anvendelse, i alt-(Anvendelse)",1972,0.3248990202415425
Import inkl. told,"10120 Føde-, drikke- og tobaksvareindustri-(Tilgang)","Anvendelse, i alt-(Anvendelse)",1973,0.3910901809771912
Import inkl. told,"10120 Føde-, drikke- og tobaksvareindustri-(Tilgang)","Anvendelse, i alt-(Anvendelse)",1974,0.428792887486957
Import inkl. told,"10120 Føde-, drikke- og tobaksvareindustri-(Tilgang)","Anvendelse, i alt-(Anvendelse)",1975,0.4179325997055257
Import inkl. told,"10120 Føde-, drikke- og tobaksvareindustri-(Tilgang)","Anvendelse, i alt-(Anvendelse)",1976,0.45819199448863995
Import inkl. told,"10120 Føde-, drikke- og tobaksvareindustri-(Tilgang)","Anvendelse, i alt-(Anvendelse)",1977,0.5100047703387165
Import inkl. told,"10120 Føde-, drikke- og tobaksvareindustri-(Tilgang)","Anvendelse, i alt-(Anvendelse)",1978,0.5076167247053355
Import inkl. told,"10120 Føde-, drikke- og tobaksvareindustri-(Tilgang)","Anvendelse, i alt-(Anvendelse)",1979,0.547347714047174
Import inkl. told,"10120 Føde-, drikke- og tobaksvareindustri-(Tilgang)","Anvendelse, i alt-(Anvendelse)",1980,0.6015961159893121
Import inkl. told,"10120 Føde-, drikke- og tobaksvareindustri-(Tilgang)","Anvendelse, i alt-(Anvendelse)",1981,0.6975327241226014
Import inkl. told,"10120 Føde-, drikke- og tobaksvareindustri-(Tilgang)","Anvendelse, i alt-(Anvendelse)",1982,0.7448371632012266
Import inkl. told,"10120 Føde-, drikke- og tobaksvareindustri-(Tilgang)","Anvendelse, i alt-(Anvendelse)",1983,0.7924168842482409
Import inkl. told,"10120 Føde-, drikke- og tobaksvareindustri-(Tilgang)","Anvendelse, i alt-(Anvendelse)",1984,0.8557704584390102
Import inkl. told,"10120 Føde-, drikke- og tobaksvareindustri-(Tilgang)","Anvendelse, i alt-(Anvendelse)",1985,0.802823990718752
Import inkl. told,"10120 Føde-, drikke- og tobaksvareindustri-(Tilgang)","Anvendelse, i alt-(Anvendelse)",1986,0.7690616662843258
Import inkl. told,"10120 Føde-, drikke- og tobaksvareindustri-(Tilgang)","Anvendelse, i alt-(Anvendelse)",1987,0.7516738540312025
Import inkl. told,"10120 Føde-, drikke- og tobaksvareindustri-(Tilgang)","Anvendelse, i alt-(Anvendelse)",1988,0.7758108535712975
Import inkl. told,"10120 Føde-, drikke- og tobaksvareindustri-(Tilgang)","Anvendelse, i alt-(Anvendelse)",1989,0.8065154809879408
Import inkl. told,"10120 Føde-, drikke- og tobaksvareindustri-(Tilgang)","Anvendelse, i alt-(Anvendelse)",1990,0.7658058470977572
Import inkl. told,"10120 Føde-, drikke- og tobaksvareindustri-(Tilgang)","Anvendelse, i alt-(Anvendelse)",1991,0.7702318089729895
Import inkl. told,"10120 Føde-, drikke- og tobaksvareindustri-(Tilgang)","Anvendelse, i alt-(Anvendelse)",1992,0.7799362774089933
Import inkl. told,"10120 Føde-, drikke- og tobaksvareindustri-(Tilgang)","Anvendelse, i alt-(Anvendelse)",1993,0.7622044972452314
Import inkl. told,"10120 Føde-, drikke- og tobaksvareindustri-(Tilgang)","Anvendelse, i alt-(Anvendelse)",1994,0.7697699395797627
Import inkl. told,"10120 Føde-, drikke- og tobaksvareindustri-(Tilgang)","Anvendelse, i alt-(Anvendelse)",1995,0.7625755430724038
Import inkl. told,"10120 Føde-, drikke- og tobaksvareindustri-(Tilgang)","Anvendelse, i alt-(Anvendelse)",1996,0.7762862101174164
Import inkl. told,"10120 Føde-, drikke- og tobaksvareindustri-(Tilgang)","Anvendelse, i alt-(Anvendelse)",1997,0.798802710684274
Import inkl. told,"10120 Føde-, drikke- og tobaksvareindustri-(Tilgang)","Anvendelse, i alt-(Anvendelse)",1998,0.7821377241471762
Import inkl. told,"10120 Føde-, drikke- og tobaksvareindustri-(Tilgang)","Anvendelse, i alt-(Anvendelse)",1999,0.7586702931470674
Import inkl. told,"10120 Føde-, drikke- og tobaksvareindustri-(Tilgang)","Anvendelse, i alt-(Anvendelse)",2000,0.7831619027516088
Import inkl. told,"10120 Føde-, drikke- og tobaksvareindustri-(Tilgang)","Anvendelse, i alt-(Anvendelse)",2001,0.7970358200143147
Import inkl. told,"10120 Føde-, drikke- og tobaksvareindustri-(Tilgang)","Anvendelse, i alt-(Anvendelse)",2002,0.7945575518290187
Import inkl. told,"10120 Føde-, drikke- og tobaksvareindustri-(Tilgang)","Anvendelse, i alt-(Anvendelse)",2003,0.7850766676170863
Import inkl. told,"10120 Føde-, drikke- og tobaksvareindustri-(Tilgang)","Anvendelse, i alt-(Anvendelse)",2004,0.7845305971184314
Import inkl. told,"10120 Føde-, drikke- og tobaksvareindustri-(Tilgang)","Anvendelse, i alt-(Anvendelse)",2005,0.7908451845134681
Import inkl. told,"10120 Føde-, drikke- og tobaksvareindustri-(Tilgang)","Anvendelse, i alt-(Anvendelse)",2006,0.8058759850304654
Import inkl. told,"10120 Føde-, drikke- og tobaksvareindustri-(Tilgang)","Anvendelse, i alt-(Anvendelse)",2007,0.8427963161379427
Import inkl. told,"10120 Føde-, drikke- og tobaksvareindustri-(Tilgang)","Anvendelse, i alt-(Anvendelse)",2008,0.8879604769930891
Import inkl. told,"10120 Føde-, drikke- og tobaksvareindustri-(Tilgang)","Anvendelse, i alt-(Anvendelse)",2009,0.8528724231749606
Import inkl. told,"10120 Føde-, drikke- og tobaksvareindustri-(Tilgang)","Anvendelse, i alt-(Anvendelse)",2010,0.8835203016074258
Import inkl. told,"10120 Føde-, drikke- og tobaksvareindustri-(Tilgang)","Anvendelse, i alt-(Anvendelse)",2011,0.9393476228526094
Import inkl. told,"10120 Føde-, drikke- og tobaksvareindustri-(Tilgang)","Anvendelse, i alt-(Anvendelse)",2012,0.9777009842491798
Import inkl. told,"10120 Føde-, drikke- og tobaksvareindustri-(Tilgang)","Anvendelse, i alt-(Anvendelse)",2013,0.9779955288886114
Import inkl. told,"10120 Føde-, drikke- og tobaksvareindustri-(Tilgang)","Anvendelse, i alt-(Anvendelse)",2014,0.9616943096053767
Import inkl. told,"10120 Føde-, drikke- og tobaksvareindustri-(Tilgang)","Anvendelse, i alt-(Anvendelse)",2015,0.9629367746279136
Import inkl. told,"10120 Føde-, drikke- og tobaksvareindustri-(Tilgang)","Anvendelse, i alt-(Anvendelse)",2016,0.9635505816071659
Import inkl. told,"10120 Føde-, drikke- og tobaksvareindustri-(Tilgang)","Anvendelse, i alt-(Anvendelse)",2017,0.9706362900074735
Import inkl. told,"10120 Føde-, drikke- og tobaksvareindustri-(Tilgang)","Anvendelse, i alt-(Anvendelse)",2018,0.9721899258698734
Import inkl. told,"10120 Føde-, drikke- og tobaksvareindustri-(Tilgang)","Anvendelse, i alt-(Anvendelse)",2019,0.9859927624747095
Import inkl. told,"10120 Føde-, drikke- og tobaksvareindustri-(Tilgang)","Anvendelse, i alt-(Anvendelse)",2020,1.0
Import inkl. told,"10120 Føde-, drikke- og tobaksvareindustri-(Tilgang)","Anvendelse, i alt-(Anvendelse)",2021,1.0267179644076005
Import inkl. told,"10120 Føde-, drikke- og tobaksvareindustri-(Tilgang)","Anvendelse, i alt-(Anvendelse)",2022,1.17854601183104
Import inkl. told,"10120 Føde-, drikke- og tobaksvareindustri-(Tilgang)",Eksport - (Anvendelse),1967,0.3035378406074001
Import inkl. told,"10120 Føde-, drikke- og tobaksvareindustri-(Tilgang)",Eksport - (Anvendelse),1968,0.27795460772288244
Import inkl. told,"10120 Føde-, drikke- og tobaksvareindustri-(Tilgang)",Eksport - (Anvendelse),1969,0.2912207698085956
Import inkl. told,"10120 Føde-, drikke- og tobaksvareindustri-(Tilgang)",Eksport - (Anvendelse),1970,0.2953119534015625
Import inkl. told,"10120 Føde-, drikke- og tobaksvareindustri-(Tilgang)",Eksport - (Anvendelse),1971,0.3206008690132342
Import inkl. told,"10120 Føde-, drikke- og tobaksvareindustri-(Tilgang)",Eksport - (Anvendelse),1972,0.3409670492227077
Import inkl. told,"10120 Føde-, drikke- og tobaksvareindustri-(Tilgang)",Eksport - (Anvendelse),1973,0.4041323422224232
Import inkl. told,"10120 Føde-, drikke- og tobaksvareindustri-(Tilgang)",Eksport - (Anvendelse),1974,0.45788685879660146
Import inkl. told,"10120 Føde-, drikke- og tobaksvareindustri-(Tilgang)",Eksport - (Anvendelse),1975,0.4134350958538206
Import inkl. told,"10120 Føde-, drikke- og tobaksvareindustri-(Tilgang)",Eksport - (Anvendelse),1976,0.4581411727678404
Import inkl. told,"10120 Føde-, drikke- og tobaksvareindustri-(Tilgang)",Eksport - (Anvendelse),1977,0.4888369796105321
Import inkl. told,"10120 Føde-, drikke- og tobaksvareindustri-(Tilgang)",Eksport - (Anvendelse),1978,0.5190546439212984
Import inkl. told,"10120 Føde-, drikke- og tobaksvareindustri-(Tilgang)",Eksport - (Anvendelse),1979,0.538247404717451
Import inkl. told,"10120 Føde-, drikke- og tobaksvareindustri-(Tilgang)",Eksport - (Anvendelse),1980,0.592855614900391
Import inkl. told,"10120 Føde-, drikke- og tobaksvareindustri-(Tilgang)",Eksport - (Anvendelse),1981,0.6694959115771225
Import inkl. told,"10120 Føde-, drikke- og tobaksvareindustri-(Tilgang)",Eksport - (Anvendelse),1982,0.7219394556768384
Import inkl. told,"10120 Føde-, drikke- og tobaksvareindustri-(Tilgang)",Eksport - (Anvendelse),1983,0.7736711974333106
Import inkl. told,"10120 Føde-, drikke- og tobaksvareindustri-(Tilgang)",Eksport - (Anvendelse),1984,0.821327494311633
Import inkl. told,"10120 Føde-, drikke- og tobaksvareindustri-(Tilgang)",Eksport - (Anvendelse),1985,0.823069652846325
Import inkl. told,"10120 Føde-, drikke- og tobaksvareindustri-(Tilgang)",Eksport - (Anvendelse),1986,0.868615267791399
Import inkl. told,"10120 Føde-, drikke- og tobaksvareindustri-(Tilgang)",Eksport - (Anvendelse),1987,0.8925826062049192
Import inkl. told,"10120 Føde-, drikke- og tobaksvareindustri-(Tilgang)",Eksport - (Anvendelse),1988,0.8870335445619925
Import inkl. told,"10120 Føde-, drikke- og tobaksvareindustri-(Tilgang)",Eksport - (Anvendelse),1989,0.8724303364323719
Import inkl. told,"10120 Føde-, drikke- og tobaksvareindustri-(Tilgang)",Eksport - (Anvendelse),1990,0.8417996790774462
Import inkl. told,"10120 Føde-, drikke- og tobaksvareindustri-(Tilgang)",Eksport - (Anvendelse),1991,0.8457479222981019
Import inkl. told,"10120 Føde-, drikke- og tobaksvareindustri-(Tilgang)",Eksport - (Anvendelse),1992,0.8483606290188886
Import inkl. told,"10120 Føde-, drikke- og tobaksvareindustri-(Tilgang)",Eksport - (Anvendelse),1993,0.7795011417984912
Import inkl. told,"10120 Føde-, drikke- og tobaksvareindustri-(Tilgang)",Eksport - (Anvendelse),1994,0.806743848579524
Import inkl. told,"10120 Føde-, drikke- og tobaksvareindustri-(Tilgang)",Eksport - (Anvendelse),1995,0.822873005829308
Import inkl. told,"10120 Føde-, drikke- og tobaksvareindustri-(Tilgang)",Eksport - (Anvendelse),1996,0.8144026369247349
Import inkl. told,"10120 Føde-, drikke- og tobaksvareindustri-(Tilgang)",Eksport - (Anvendelse),1997,0.8318612475249072
Import inkl. told,"10120 Føde-, drikke- og tobaksvareindustri-(Tilgang)",Eksport - (Anvendelse),1998,0.8704873415302796
Import inkl. told,"10120 Føde-, drikke- og tobaksvareindustri-(Tilgang)",Eksport - (Anvendelse),1999,0.8599774051659436
Import inkl. told,"10120 Føde-, drikke- og tobaksvareindustri-(Tilgang)",Eksport - (Anvendelse),2000,0.866616168598621
Import inkl. told,"10120 Føde-, drikke- og tobaksvareindustri-(Tilgang)",Eksport - (Anvendelse),2001,0.8447987220450004
Import inkl. told,"10120 Føde-, drikke- og tobaksvareindustri-(Tilgang)",Eksport - (Anvendelse),2002,0.8376904560475471
Import inkl. told,"10120 Føde-, drikke- og tobaksvareindustri-(Tilgang)",Eksport - (Anvendelse),2003,0.7895785335610346
Import inkl. told,"10120 Føde-, drikke- og tobaksvareindustri-(Tilgang)",Eksport - (Anvendelse),2004,0.7557575646447574
Import inkl. told,"10120 Føde-, drikke- og tobaksvareindustri-(Tilgang)",Eksport - (Anvendelse),2005,0.7802466279713594
Import inkl. told,"10120 Føde-, drikke- og tobaksvareindustri-(Tilgang)",Eksport - (Anvendelse),2006,0.8119104977030769
Import inkl. told,"10120 Føde-, drikke- og tobaksvareindustri-(Tilgang)",Eksport - (Anvendelse),2007,0.845827126092411
Import inkl. told,"10120 Føde-, drikke- og tobaksvareindustri-(Tilgang)",Eksport - (Anvendelse),2008,0.8400632142189361
Import inkl. told,"10120 Føde-, drikke- og tobaksvareindustri-(Tilgang)",Eksport - (Anvendelse),2009,0.840642297433574
Import inkl. told,"10120 Føde-, drikke- og tobaksvareindustri-(Tilgang)",Eksport - (Anvendelse),2010,0.868152086302895
Import inkl. told,"10120 Føde-, drikke- og tobaksvareindustri-(Tilgang)",Eksport - (Anvendelse),2011,0.9219159988942239
Import inkl. told,"10120 Føde-, drikke- og tobaksvareindustri-(Tilgang)",Eksport - (Anvendelse),2012,0.9552678587893998
Import inkl. told,"10120 Føde-, drikke- og tobaksvareindustri-(Tilgang)",Eksport - (Anvendelse),2013,0.9406212389913718
Import inkl. told,"10120 Føde-, drikke- og tobaksvareindustri-(Tilgang)",Eksport - (Anvendelse),2014,0.9419205945665077
Import inkl. told,"10120 Føde-, drikke- og tobaksvareindustri-(Tilgang)",Eksport - (Anvendelse),2015,0.9766001875345552
Import inkl. told,"10120 Føde-, drikke- og tobaksvareindustri-(Tilgang)",Eksport - (Anvendelse),2016,0.977172231789279
Import inkl. told,"10120 Føde-, drikke- og tobaksvareindustri-(Tilgang)",Eksport - (Anvendelse),2017,0.9728523163303804
Import inkl. told,"10120 Føde-, drikke- og tobaksvareindustri-(Tilgang)",Eksport - (Anvendelse),2018,0.9797740403455423
Import inkl. told,"10120 Føde-, drikke- og tobaksvareindustri-(Tilgang)",Eksport - (Anvendelse),2019,1.0076654449519264
Import inkl. told,"10120 Føde-, drikke- og tobaksvareindustri-(Tilgang)",Eksport - (Anvendelse),2020,1.0
Import inkl. told,"10120 Føde-, drikke- og tobaksvareindustri-(Tilgang)",Eksport - (Anvendelse),2021,0.9959908567922655
Import inkl. told,"10120 Føde-, drikke- og tobaksvareindustri-(Tilgang)",Eksport - (Anvendelse),2022,1.161509353507847
Import inkl. told,"10120 Føde-, drikke- og tobaksvareindustri-(Tilgang)",Faste bruttoinvesteringer + Lagerforøgelse + Værdigenstande (Anvendelse),1967,0.38264072259337945
Import inkl. told,"10120 Føde-, drikke- og tobaksvareindustri-(Tilgang)",Faste bruttoinvesteringer + Lagerforøgelse + Værdigenstande (Anvendelse),1968,0.43267723340143477
Import inkl. told,"10120 Føde-, drikke- og tobaksvareindustri-(Tilgang)",Faste bruttoinvesteringer + Lagerforøgelse + Værdigenstande (Anvendelse),1969,0.28015538858969097
Import inkl. told,"10120 Føde-, drikke- og tobaksvareindustri-(Tilgang)",Faste bruttoinvesteringer + Lagerforøgelse + Værdigenstande (Anvendelse),1970,0.3349375575316711
Import inkl. told,"10120 Føde-, drikke- og tobaksvareindustri-(Tilgang)",Faste bruttoinvesteringer + Lagerforøgelse + Værdigenstande (Anvendelse),1971,0.7877624756602306
Import inkl. told,"10120 Føde-, drikke- og tobaksvareindustri-(Tilgang)",Faste bruttoinvesteringer + Lagerforøgelse + Værdigenstande (Anvendelse),1972,0.9428433264785836
Import inkl. told,"10120 Føde-, drikke- og tobaksvareindustri-(Tilgang)",Faste bruttoinvesteringer + Lagerforøgelse + Værdigenstande (Anvendelse),1973,0.9659849544295352
Import inkl. told,"10120 Føde-, drikke- og tobaksvareindustri-(Tilgang)",Faste bruttoinvesteringer + Lagerforøgelse + Værdigenstande (Anvendelse),1974,0.9139806610958403
Import inkl. told,"10120 Føde-, drikke- og tobaksvareindustri-(Tilgang)",Faste bruttoinvesteringer + Lagerforøgelse + Værdigenstande (Anvendelse),1975,0.4831843525625297
Import inkl. told,"10120 Føde-, drikke- og tobaksvareindustri-(Tilgang)",Faste bruttoinvesteringer + Lagerforøgelse + Værdigenstande (Anvendelse),1976,0.11740619107439974
Import inkl. told,"10120 Føde-, drikke- og tobaksvareindustri-(Tilgang)",Faste bruttoinvesteringer + Lagerforøgelse + Værdigenstande (Anvendelse),1977,0.13136230188271178
Import inkl. told,"10120 Føde-, drikke- og tobaksvareindustri-(Tilgang)",Faste bruttoinvesteringer + Lagerforøgelse + Værdigenstande (Anvendelse),1978,0.13169248765123237
Import inkl. told,"10120 Føde-, drikke- og tobaksvareindustri-(Tilgang)",Faste bruttoinvesteringer + Lagerforøgelse + Værdigenstande (Anvendelse),1979,0.1489455880592047
Import inkl. told,"10120 Føde-, drikke- og tobaksvareindustri-(Tilgang)",Faste bruttoinvesteringer + Lagerforøgelse + Værdigenstande (Anvendelse),1980,0.21308447751175402
Import inkl. told,"10120 Føde-, drikke- og tobaksvareindustri-(Tilgang)",Faste bruttoinvesteringer + Lagerforøgelse + Værdigenstande (Anvendelse),1981,0.2684378955383708
Import inkl. told,"10120 Føde-, drikke- og tobaksvareindustri-(Tilgang)",Faste bruttoinvesteringer + Lagerforøgelse + Værdigenstande (Anvendelse),1982,0.21729729690000057
Import inkl. told,"10120 Føde-, drikke- og tobaksvareindustri-(Tilgang)",Faste bruttoinvesteringer + Lagerforøgelse + Værdigenstande (Anvendelse),1983,0.2278700944435552
Import inkl. told,"10120 Føde-, drikke- og tobaksvareindustri-(Tilgang)",Faste bruttoinvesteringer + Lagerforøgelse + Værdigenstande (Anvendelse),1984,0.24014945142793703
Import inkl. told,"10120 Føde-, drikke- og tobaksvareindustri-(Tilgang)",Faste bruttoinvesteringer + Lagerforøgelse + Værdigenstande (Anvendelse),1985,0.27577813501000986
Import inkl. told,"10120 Føde-, drikke- og tobaksvareindustri-(Tilgang)",Faste bruttoinvesteringer + Lagerforøgelse + Værdigenstande (Anvendelse),1986,0.2787394500994784
Import inkl. told,"10120 Føde-, drikke- og tobaksvareindustri-(Tilgang)",Faste bruttoinvesteringer + Lagerforøgelse + Værdigenstande (Anvendelse),1987,0.059941044736740216
Import inkl. told,"10120 Føde-, drikke- og tobaksvareindustri-(Tilgang)",Faste bruttoinvesteringer + Lagerforøgelse + Værdigenstande (Anvendelse),1988,0.05924305625582927
Import inkl. told,"10120 Føde-, drikke- og tobaksvareindustri-(Tilgang)",Faste bruttoinvesteringer + Lagerforøgelse + Værdigenstande (Anvendelse),1989,0.0666638673382748
Import inkl. told,"10120 Føde-, drikke- og tobaksvareindustri-(Tilgang)",Faste bruttoinvesteringer + Lagerforøgelse + Værdigenstande (Anvendelse),1990,0.060158823901952485
Import inkl. told,"10120 Føde-, drikke- og tobaksvareindustri-(Tilgang)",Faste bruttoinvesteringer + Lagerforøgelse + Værdigenstande (Anvendelse),1991,0.06803566116771007
Import inkl. told,"10120 Føde-, drikke- og tobaksvareindustri-(Tilgang)",Faste bruttoinvesteringer + Lagerforøgelse + Værdigenstande (Anvendelse),1992,0.6059860238142564
Import inkl. told,"10120 Føde-, drikke- og tobaksvareindustri-(Tilgang)",Faste bruttoinvesteringer + Lagerforøgelse + Værdigenstande (Anvendelse),1993,0.6505100941778104
Import inkl. told,"10120 Føde-, drikke- og tobaksvareindustri-(Tilgang)",Faste bruttoinvesteringer + Lagerforøgelse + Værdigenstande (Anvendelse),1994,0.6359831130201329
Import inkl. told,"10120 Føde-, drikke- og tobaksvareindustri-(Tilgang)",Faste bruttoinvesteringer + Lagerforøgelse + Værdigenstande (Anvendelse),1995,0.5841546315671441
Import inkl. told,"10120 Føde-, drikke- og tobaksvareindustri-(Tilgang)",Faste bruttoinvesteringer + Lagerforøgelse + Værdigenstande (Anvendelse),1996,0.6204529901413011
Import inkl. told,"10120 Føde-, drikke- og tobaksvareindustri-(Tilgang)",Faste bruttoinvesteringer + Lagerforøgelse + Værdigenstande (Anvendelse),1997,1.629082217416624
Import inkl. told,"10120 Føde-, drikke- og tobaksvareindustri-(Tilgang)",Faste bruttoinvesteringer + Lagerforøgelse + Værdigenstande (Anvendelse),1998,1.2517723927342694
Import inkl. told,"10120 Føde-, drikke- og tobaksvareindustri-(Tilgang)",Faste bruttoinvesteringer + Lagerforøgelse + Værdigenstande (Anvendelse),1999,-0.32600226142389316
Import inkl. told,"10120 Føde-, drikke- og tobaksvareindustri-(Tilgang)",Faste bruttoinvesteringer + Lagerforøgelse + Værdigenstande (Anvendelse),2000,-0.4291725502442369
Import inkl. told,"10120 Føde-, drikke- og tobaksvareindustri-(Tilgang)",Faste bruttoinvesteringer + Lagerforøgelse + Værdigenstande (Anvendelse),2001,-0.4160011751861333
Import inkl. told,"10120 Føde-, drikke- og tobaksvareindustri-(Tilgang)",Faste bruttoinvesteringer + Lagerforøgelse + Værdigenstande (Anvendelse),2002,-0.4132458168447431
Import inkl. told,"10120 Føde-, drikke- og tobaksvareindustri-(Tilgang)",Faste bruttoinvesteringer + Lagerforøgelse + Værdigenstande (Anvendelse),2003,-0.41944212721391155
Import inkl. told,"10120 Føde-, drikke- og tobaksvareindustri-(Tilgang)",Faste bruttoinvesteringer + Lagerforøgelse + Værdigenstande (Anvendelse),2004,-0.5410265591050595
Import inkl. told,"10120 Føde-, drikke- og tobaksvareindustri-(Tilgang)",Faste bruttoinvesteringer + Lagerforøgelse + Værdigenstande (Anvendelse),2005,-0.6992419260153422
Import inkl. told,"10120 Føde-, drikke- og tobaksvareindustri-(Tilgang)",Faste bruttoinvesteringer + Lagerforøgelse + Værdigenstande (Anvendelse),2006,-0.7678234615506285
Import inkl. told,"10120 Føde-, drikke- og tobaksvareindustri-(Tilgang)",Faste bruttoinvesteringer + Lagerforøgelse + Værdigenstande (Anvendelse),2007,-1.0727900765786182
Import inkl. told,"10120 Føde-, drikke- og tobaksvareindustri-(Tilgang)",Faste bruttoinvesteringer + Lagerforøgelse + Værdigenstande (Anvendelse),2008,-1.169311664721109
Import inkl. told,"10120 Føde-, drikke- og tobaksvareindustri-(Tilgang)",Faste bruttoinvesteringer + Lagerforøgelse + Værdigenstande (Anvendelse),2009,-1.4187034505899099
Import inkl. told,"10120 Føde-, drikke- og tobaksvareindustri-(Tilgang)",Faste bruttoinvesteringer + Lagerforøgelse + Værdigenstande (Anvendelse),2010,-1.5487658024329394
Import inkl. told,"10120 Føde-, drikke- og tobaksvareindustri-(Tilgang)",Faste bruttoinvesteringer + Lagerforøgelse + Værdigenstande (Anvendelse),2011,-1.4278920241117699
Import inkl. told,"10120 Føde-, drikke- og tobaksvareindustri-(Tilgang)",Faste bruttoinvesteringer + Lagerforøgelse + Værdigenstande (Anvendelse),2012,1.3275979859576164
Import inkl. told,"10120 Føde-, drikke- og tobaksvareindustri-(Tilgang)",Faste bruttoinvesteringer + Lagerforøgelse + Værdigenstande (Anvendelse),2013,1.3644284973379501
Import inkl. told,"10120 Føde-, drikke- og tobaksvareindustri-(Tilgang)",Faste bruttoinvesteringer + Lagerforøgelse + Værdigenstande (Anvendelse),2014,1.3732002962655232
Import inkl. told,"10120 Føde-, drikke- og tobaksvareindustri-(Tilgang)",Faste bruttoinvesteringer + Lagerforøgelse + Værdigenstande (Anvendelse),2015,1.3381712090660296
Import inkl. told,"10120 Føde-, drikke- og tobaksvareindustri-(Tilgang)",Faste bruttoinvesteringer + Lagerforøgelse + Værdigenstande (Anvendelse),2016,1.3056475037243005
Import inkl. told,"10120 Føde-, drikke- og tobaksvareindustri-(Tilgang)",Faste bruttoinvesteringer + Lagerforøgelse + Værdigenstande (Anvendelse),2017,1.328017216180288
Import inkl. told,"10120 Føde-, drikke- og tobaksvareindustri-(Tilgang)",Faste bruttoinvesteringer + Lagerforøgelse + Værdigenstande (Anvendelse),2018,1.3111482335079967
Import inkl. told,"10120 Føde-, drikke- og tobaksvareindustri-(Tilgang)",Faste bruttoinvesteringer + Lagerforøgelse + Værdigenstande (Anvendelse),2019,1.1383034029974897
Import inkl. told,"10120 Føde-, drikke- og tobaksvareindustri-(Tilgang)",Faste bruttoinvesteringer + Lagerforøgelse + Værdigenstande (Anvendelse),2020,1.0
Import inkl. told,"10120 Føde-, drikke- og tobaksvareindustri-(Tilgang)",Faste bruttoinvesteringer + Lagerforøgelse + Værdigenstande (Anvendelse),2021,1.2054812087372702
Import inkl. told,"10120 Føde-, drikke- og tobaksvareindustri-(Tilgang)",Faste bruttoinvesteringer + Lagerforøgelse + Værdigenstande (Anvendelse),2022,1.399969039509626
Import inkl. told,"10120 Føde-, drikke- og tobaksvareindustri-(Tilgang)",Husholdningernes forbrugsudgifter + NPISH (Anvendelse),1967,0.29375870664292897
Import inkl. told,"10120 Føde-, drikke- og tobaksvareindustri-(Tilgang)",Husholdningernes forbrugsudgifter + NPISH (Anvendelse),1968,0.29455745088921276
Import inkl. told,"10120 Føde-, drikke- og tobaksvareindustri-(Tilgang)",Husholdningernes forbrugsudgifter + NPISH (Anvendelse),1969,0.2961756007751253
Import inkl. told,"10120 Føde-, drikke- og tobaksvareindustri-(Tilgang)",Husholdningernes forbrugsudgifter + NPISH (Anvendelse),1970,0.3034344299407135
Import inkl. told,"10120 Føde-, drikke- og tobaksvareindustri-(Tilgang)",Husholdningernes forbrugsudgifter + NPISH (Anvendelse),1971,0.3099382149927768
Import inkl. told,"10120 Føde-, drikke- og tobaksvareindustri-(Tilgang)",Husholdningernes forbrugsudgifter + NPISH (Anvendelse),1972,0.30838881383855965
Import inkl. told,"10120 Føde-, drikke- og tobaksvareindustri-(Tilgang)",Husholdningernes forbrugsudgifter + NPISH (Anvendelse),1973,0.3380227897165893
Import inkl. told,"10120 Føde-, drikke- og tobaksvareindustri-(Tilgang)",Husholdningernes forbrugsudgifter + NPISH (Anvendelse),1974,0.3913618917626428
Import inkl. told,"10120 Føde-, drikke- og tobaksvareindustri-(Tilgang)",Husholdningernes forbrugsudgifter + NPISH (Anvendelse),1975,0.4114122539221812
Import inkl. told,"10120 Føde-, drikke- og tobaksvareindustri-(Tilgang)",Husholdningernes forbrugsudgifter + NPISH (Anvendelse),1976,0.43773461933185703
Import inkl. told,"10120 Føde-, drikke- og tobaksvareindustri-(Tilgang)",Husholdningernes forbrugsudgifter + NPISH (Anvendelse),1977,0.4750915753689999
Import inkl. told,"10120 Føde-, drikke- og tobaksvareindustri-(Tilgang)",Husholdningernes forbrugsudgifter + NPISH (Anvendelse),1978,0.5098372132786638
Import inkl. told,"10120 Føde-, drikke- og tobaksvareindustri-(Tilgang)",Husholdningernes forbrugsudgifter + NPISH (Anvendelse),1979,0.5473186403157061
Import inkl. told,"10120 Føde-, drikke- og tobaksvareindustri-(Tilgang)",Husholdningernes forbrugsudgifter + NPISH (Anvendelse),1980,0.5760160783046763
Import inkl. told,"10120 Føde-, drikke- og tobaksvareindustri-(Tilgang)",Husholdningernes forbrugsudgifter + NPISH (Anvendelse),1981,0.6313663862977941
Import inkl. told,"10120 Føde-, drikke- og tobaksvareindustri-(Tilgang)",Husholdningernes forbrugsudgifter + NPISH (Anvendelse),1982,0.6826057814890767
Import inkl. told,"10120 Føde-, drikke- og tobaksvareindustri-(Tilgang)",Husholdningernes forbrugsudgifter + NPISH (Anvendelse),1983,0.7211602647673001
Import inkl. told,"10120 Føde-, drikke- og tobaksvareindustri-(Tilgang)",Husholdningernes forbrugsudgifter + NPISH (Anvendelse),1984,0.7547308029539994
Import inkl. told,"10120 Føde-, drikke- og tobaksvareindustri-(Tilgang)",Husholdningernes forbrugsudgifter + NPISH (Anvendelse),1985,0.7616276383793039
Import inkl. told,"10120 Føde-, drikke- og tobaksvareindustri-(Tilgang)",Husholdningernes forbrugsudgifter + NPISH (Anvendelse),1986,0.7759982376169988
Import inkl. told,"10120 Føde-, drikke- og tobaksvareindustri-(Tilgang)",Husholdningernes forbrugsudgifter + NPISH (Anvendelse),1987,0.7752100281346936
Import inkl. told,"10120 Føde-, drikke- og tobaksvareindustri-(Tilgang)",Husholdningernes forbrugsudgifter + NPISH (Anvendelse),1988,0.7858190469431341
Import inkl. told,"10120 Føde-, drikke- og tobaksvareindustri-(Tilgang)",Husholdningernes forbrugsudgifter + NPISH (Anvendelse),1989,0.8029752291902155
Import inkl. told,"10120 Føde-, drikke- og tobaksvareindustri-(Tilgang)",Husholdningernes forbrugsudgifter + NPISH (Anvendelse),1990,0.8213677574371948
Import inkl. told,"10120 Føde-, drikke- og tobaksvareindustri-(Tilgang)",Husholdningernes forbrugsudgifter + NPISH (Anvendelse),1991,0.8296293813174855
Import inkl. told,"10120 Føde-, drikke- og tobaksvareindustri-(Tilgang)",Husholdningernes forbrugsudgifter + NPISH (Anvendelse),1992,0.8535935454885606
Import inkl. told,"10120 Føde-, drikke- og tobaksvareindustri-(Tilgang)",Husholdningernes forbrugsudgifter + NPISH (Anvendelse),1993,0.8273457668308917
Import inkl. told,"10120 Føde-, drikke- og tobaksvareindustri-(Tilgang)",Husholdningernes forbrugsudgifter + NPISH (Anvendelse),1994,0.8513932881977178
Import inkl. told,"10120 Føde-, drikke- og tobaksvareindustri-(Tilgang)",Husholdningernes forbrugsudgifter + NPISH (Anvendelse),1995,0.8449126948151398
Import inkl. told,"10120 Føde-, drikke- og tobaksvareindustri-(Tilgang)",Husholdningernes forbrugsudgifter + NPISH (Anvendelse),1996,0.8509603517095486
Import inkl. told,"10120 Føde-, drikke- og tobaksvareindustri-(Tilgang)",Husholdningernes forbrugsudgifter + NPISH (Anvendelse),1997,0.8590944597031401
Import inkl. told,"10120 Føde-, drikke- og tobaksvareindustri-(Tilgang)",Husholdningernes forbrugsudgifter + NPISH (Anvendelse),1998,0.8552379645389059
Import inkl. told,"10120 Føde-, drikke- og tobaksvareindustri-(Tilgang)",Husholdningernes forbrugsudgifter + NPISH (Anvendelse),1999,0.8633862863293703
Import inkl. told,"10120 Føde-, drikke- og tobaksvareindustri-(Tilgang)",Husholdningernes forbrugsudgifter + NPISH (Anvendelse),2000,0.8789922768035847
Import inkl. told,"10120 Føde-, drikke- og tobaksvareindustri-(Tilgang)",Husholdningernes forbrugsudgifter + NPISH (Anvendelse),2001,0.8960960339070106
Import inkl. told,"10120 Føde-, drikke- og tobaksvareindustri-(Tilgang)",Husholdningernes forbrugsudgifter + NPISH (Anvendelse),2002,0.8970948572386953
Import inkl. told,"10120 Føde-, drikke- og tobaksvareindustri-(Tilgang)",Husholdningernes forbrugsudgifter + NPISH (Anvendelse),2003,0.8990612247132403
Import inkl. told,"10120 Føde-, drikke- og tobaksvareindustri-(Tilgang)",Husholdningernes forbrugsudgifter + NPISH (Anvendelse),2004,0.8968012813393056
Import inkl. told,"10120 Føde-, drikke- og tobaksvareindustri-(Tilgang)",Husholdningernes forbrugsudgifter + NPISH (Anvendelse),2005,0.8634599545694279
Import inkl. told,"10120 Føde-, drikke- og tobaksvareindustri-(Tilgang)",Husholdningernes forbrugsudgifter + NPISH (Anvendelse),2006,0.846392637611378
Import inkl. told,"10120 Føde-, drikke- og tobaksvareindustri-(Tilgang)",Husholdningernes forbrugsudgifter + NPISH (Anvendelse),2007,0.8344096592918947
Import inkl. told,"10120 Føde-, drikke- og tobaksvareindustri-(Tilgang)",Husholdningernes forbrugsudgifter + NPISH (Anvendelse),2008,0.9007357155430332
Import inkl. told,"10120 Føde-, drikke- og tobaksvareindustri-(Tilgang)",Husholdningernes forbrugsudgifter + NPISH (Anvendelse),2009,0.889619313846645
Import inkl. told,"10120 Føde-, drikke- og tobaksvareindustri-(Tilgang)",Husholdningernes forbrugsudgifter + NPISH (Anvendelse),2010,0.9015606622155944
Import inkl. told,"10120 Føde-, drikke- og tobaksvareindustri-(Tilgang)",Husholdningernes forbrugsudgifter + NPISH (Anvendelse),2011,0.9501780573699007
Import inkl. told,"10120 Føde-, drikke- og tobaksvareindustri-(Tilgang)",Husholdningernes forbrugsudgifter + NPISH (Anvendelse),2012,0.9643120421703174
Import inkl. told,"10120 Føde-, drikke- og tobaksvareindustri-(Tilgang)",Husholdningernes forbrugsudgifter + NPISH (Anvendelse),2013,0.9636910311017097
Import inkl. told,"10120 Føde-, drikke- og tobaksvareindustri-(Tilgang)",Husholdningernes forbrugsudgifter + NPISH (Anvendelse),2014,0.9574582825650656
Import inkl. told,"10120 Føde-, drikke- og tobaksvareindustri-(Tilgang)",Husholdningernes forbrugsudgifter + NPISH (Anvendelse),2015,0.9590950195964414
Import inkl. told,"10120 Føde-, drikke- og tobaksvareindustri-(Tilgang)",Husholdningernes forbrugsudgifter + NPISH (Anvendelse),2016,0.960432032856822
Import inkl. told,"10120 Føde-, drikke- og tobaksvareindustri-(Tilgang)",Husholdningernes forbrugsudgifter + NPISH (Anvendelse),2017,0.9741568971754283
Import inkl. told,"10120 Føde-, drikke- og tobaksvareindustri-(Tilgang)",Husholdningernes forbrugsudgifter + NPISH (Anvendelse),2018,0.9758724622930878
Import inkl. told,"10120 Føde-, drikke- og tobaksvareindustri-(Tilgang)",Husholdningernes forbrugsudgifter + NPISH (Anvendelse),2019,0.9899788652215782
Import inkl. told,"10120 Føde-, drikke- og tobaksvareindustri-(Tilgang)",Husholdningernes forbrugsudgifter + NPISH (Anvendelse),2020,1.0
Import inkl. told,"10120 Føde-, drikke- og tobaksvareindustri-(Tilgang)",Husholdningernes forbrugsudgifter + NPISH (Anvendelse),2021,1.0030463414850517
Import inkl. told,"10120 Føde-, drikke- og tobaksvareindustri-(Tilgang)",Husholdningernes forbrugsudgifter + NPISH (Anvendelse),2022,1.0962730859195948
Import inkl. told,"10120 Føde-, drikke- og tobaksvareindustri-(Tilgang)","Offentligt forbrug, i alt-(Anvendelse)",1967,11.485512413876352
Import inkl. told,"10120 Føde-, drikke- og tobaksvareindustri-(Tilgang)","Offentligt forbrug, i alt-(Anvendelse)",1968,7.410008008952485
Import inkl. told,"10120 Føde-, drikke- og tobaksvareindustri-(Tilgang)","Offentligt forbrug, i alt-(Anvendelse)",1969,4.987505390641096
Import inkl. told,"10120 Føde-, drikke- og tobaksvareindustri-(Tilgang)","Offentligt forbrug, i alt-(Anvendelse)",1970,3.3522577215784417
Import inkl. told,"10120 Føde-, drikke- og tobaksvareindustri-(Tilgang)","Offentligt forbrug, i alt-(Anvendelse)",1971,2.6653196638779413
Import inkl. told,"10120 Føde-, drikke- og tobaksvareindustri-(Tilgang)","Offentligt forbrug, i alt-(Anvendelse)",1972,3.5537595518372553
Import inkl. told,"10120 Føde-, drikke- og tobaksvareindustri-(Tilgang)","Offentligt forbrug, i alt-(Anvendelse)",1973,1.7204708941434332
Import inkl. told,"10120 Føde-, drikke- og tobaksvareindustri-(Tilgang)","Offentligt forbrug, i alt-(Anvendelse)",1974,1.6071464639902728
Import inkl. told,"10120 Føde-, drikke- og tobaksvareindustri-(Tilgang)","Offentligt forbrug, i alt-(Anvendelse)",1975,1.472516393708365
Import inkl. told,"10120 Føde-, drikke- og tobaksvareindustri-(Tilgang)","Offentligt forbrug, i alt-(Anvendelse)",1976,1.4267386819868615
Import inkl. told,"10120 Føde-, drikke- og tobaksvareindustri-(Tilgang)","Offentligt forbrug, i alt-(Anvendelse)",1977,1.3478127123450352
Import inkl. told,"10120 Føde-, drikke- og tobaksvareindustri-(Tilgang)","Offentligt forbrug, i alt-(Anvendelse)",1978,1.1284013405679365
Import inkl. told,"10120 Føde-, drikke- og tobaksvareindustri-(Tilgang)","Offentligt forbrug, i alt-(Anvendelse)",1979,1.0298031651785051
Import inkl. told,"10120 Føde-, drikke- og tobaksvareindustri-(Tilgang)","Offentligt forbrug, i alt-(Anvendelse)",1980,1.1457878220074835
Import inkl. told,"10120 Føde-, drikke- og tobaksvareindustri-(Tilgang)","Offentligt forbrug, i alt-(Anvendelse)",1981,1.1267968636316688
Import inkl. told,"10120 Føde-, drikke- og tobaksvareindustri-(Tilgang)","Offentligt forbrug, i alt-(Anvendelse)",1982,1.1131882058583393
Import inkl. told,"10120 Føde-, drikke- og tobaksvareindustri-(Tilgang)","Offentligt forbrug, i alt-(Anvendelse)",1983,1.046587202089037
Import inkl. told,"10120 Føde-, drikke- og tobaksvareindustri-(Tilgang)","Offentligt forbrug, i alt-(Anvendelse)",1984,1.0068433842881876
Import inkl. told,"10120 Føde-, drikke- og tobaksvareindustri-(Tilgang)","Offentligt forbrug, i alt-(Anvendelse)",1985,0.8568513047795021
Import inkl. told,"10120 Føde-, drikke- og tobaksvareindustri-(Tilgang)","Offentligt forbrug, i alt-(Anvendelse)",1986,0.7698830359083714
Import inkl. told,"10120 Føde-, drikke- og tobaksvareindustri-(Tilgang)","Offentligt forbrug, i alt-(Anvendelse)",1987,0.6946055835084417
Import inkl. told,"10120 Føde-, drikke- og tobaksvareindustri-(Tilgang)","Offentligt forbrug, i alt-(Anvendelse)",1988,0.6243858933723425
Import inkl. told,"10120 Føde-, drikke- og tobaksvareindustri-(Tilgang)","Offentligt forbrug, i alt-(Anvendelse)",1989,0.5617825584168042
Import inkl. told,"10120 Føde-, drikke- og tobaksvareindustri-(Tilgang)","Offentligt forbrug, i alt-(Anvendelse)",1990,0.6333265021804494
Import inkl. told,"10120 Føde-, drikke- og tobaksvareindustri-(Tilgang)","Offentligt forbrug, i alt-(Anvendelse)",1991,0.6485751338541359
Import inkl. told,"10120 Føde-, drikke- og tobaksvareindustri-(Tilgang)","Offentligt forbrug, i alt-(Anvendelse)",1992,0.6831197481739302
Import inkl. told,"10120 Føde-, drikke- og tobaksvareindustri-(Tilgang)","Offentligt forbrug, i alt-(Anvendelse)",1993,0.676802920912084
Import inkl. told,"10120 Føde-, drikke- og tobaksvareindustri-(Tilgang)","Offentligt forbrug, i alt-(Anvendelse)",1994,0.7030520908007079
Import inkl. told,"10120 Føde-, drikke- og tobaksvareindustri-(Tilgang)","Offentligt forbrug, i alt-(Anvendelse)",1995,0.6891026445546621
Import inkl. told,"10120 Føde-, drikke- og tobaksvareindustri-(Tilgang)","Offentligt forbrug, i alt-(Anvendelse)",1996,0.6960090184978602
Import inkl. told,"10120 Føde-, drikke- og tobaksvareindustri-(Tilgang)","Offentligt forbrug, i alt-(Anvendelse)",1997,0.6984903340718276
Import inkl. told,"10120 Føde-, drikke- og tobaksvareindustri-(Tilgang)","Offentligt forbrug, i alt-(Anvendelse)",1998,0.7145972540363634
Import inkl. told,"10120 Føde-, drikke- og tobaksvareindustri-(Tilgang)","Offentligt forbrug, i alt-(Anvendelse)",1999,0.7461734672188717
Import inkl. told,"10120 Føde-, drikke- og tobaksvareindustri-(Tilgang)","Offentligt forbrug, i alt-(Anvendelse)",2000,0.7779062392148139
Import inkl. told,"10120 Føde-, drikke- og tobaksvareindustri-(Tilgang)","Offentligt forbrug, i alt-(Anvendelse)",2001,0.8041399780512112
Import inkl. told,"10120 Føde-, drikke- og tobaksvareindustri-(Tilgang)","Offentligt forbrug, i alt-(Anvendelse)",2002,0.8059427853073408
Import inkl. told,"10120 Føde-, drikke- og tobaksvareindustri-(Tilgang)","Offentligt forbrug, i alt-(Anvendelse)",2003,0.8656637255135681
Import inkl. told,"10120 Føde-, drikke- og tobaksvareindustri-(Tilgang)","Offentligt forbrug, i alt-(Anvendelse)",2004,0.855970314760495
Import inkl. told,"10120 Føde-, drikke- og tobaksvareindustri-(Tilgang)","Offentligt forbrug, i alt-(Anvendelse)",2005,0.8623358613721528
Import inkl. told,"10120 Føde-, drikke- og tobaksvareindustri-(Tilgang)","Offentligt forbrug, i alt-(Anvendelse)",2006,0.9915620497626433
Import inkl. told,"10120 Føde-, drikke- og tobaksvareindustri-(Tilgang)","Offentligt forbrug, i alt-(Anvendelse)",2007,1.1190606613273546
Import inkl. told,"10120 Føde-, drikke- og tobaksvareindustri-(Tilgang)","Offentligt forbrug, i alt-(Anvendelse)",2008,1.1580059945854737
Import inkl. told,"10120 Føde-, drikke- og tobaksvareindustri-(Tilgang)","Offentligt forbrug, i alt-(Anvendelse)",2009,0.974094023321826
Import inkl. told,"10120 Føde-, drikke- og tobaksvareindustri-(Tilgang)","Offentligt forbrug, i alt-(Anvendelse)",2010,0.9378067224404855
Import inkl. told,"10120 Føde-, drikke- og tobaksvareindustri-(Tilgang)","Offentligt forbrug, i alt-(Anvendelse)",2011,0.9467136318806959
Import inkl. told,"10120 Føde-, drikke- og tobaksvareindustri-(Tilgang)","Offentligt forbrug, i alt-(Anvendelse)",2012,0.9395254982866403
Import inkl. told,"10120 Føde-, drikke- og tobaksvareindustri-(Tilgang)","Offentligt forbrug, i alt-(Anvendelse)",2013,0.962057195834035
Import inkl. told,"10120 Føde-, drikke- og tobaksvareindustri-(Tilgang)","Offentligt forbrug, i alt-(Anvendelse)",2014,0.9550274055975861
Import inkl. told,"10120 Føde-, drikke- og tobaksvareindustri-(Tilgang)","Offentligt forbrug, i alt-(Anvendelse)",2015,0.9154025285477225
Import inkl. told,"10120 Føde-, drikke- og tobaksvareindustri-(Tilgang)","Offentligt forbrug, i alt-(Anvendelse)",2016,0.9072307607235292
Import inkl. told,"10120 Føde-, drikke- og tobaksvareindustri-(Tilgang)","Offentligt forbrug, i alt-(Anvendelse)",2017,0.9033306898995386
Import inkl. told,"10120 Føde-, drikke- og tobaksvareindustri-(Tilgang)","Offentligt forbrug, i alt-(Anvendelse)",2018,0.9007863313972588
Import inkl. told,"10120 Føde-, drikke- og tobaksvareindustri-(Tilgang)","Offentligt forbrug, i alt-(Anvendelse)",2019,0.991045916974539
Import inkl. told,"10120 Føde-, drikke- og tobaksvareindustri-(Tilgang)","Offentligt forbrug, i alt-(Anvendelse)",2020,1.0
Import inkl. told,"10120 Føde-, drikke- og tobaksvareindustri-(Tilgang)","Offentligt forbrug, i alt-(Anvendelse)",2021,1.002307965439697
Import inkl. told,"10120 Føde-, drikke- og tobaksvareindustri-(Tilgang)","Offentligt forbrug, i alt-(Anvendelse)",2022,1.0023934410150461
Import inkl. told,"10120 Føde-, drikke- og tobaksvareindustri-(Tilgang)",Privat,1967,0.2775423486902885
Import inkl. told,"10120 Føde-, drikke- og tobaksvareindustri-(Tilgang)",Privat,1968,0.28510296687521514
Import inkl. told,"10120 Føde-, drikke- og tobaksvareindustri-(Tilgang)",Privat,1969,0.28733829368794495
Import inkl. told,"10120 Føde-, drikke- og tobaksvareindustri-(Tilgang)",Privat,1970,0.3048612183775977
Import inkl. told,"10120 Føde-, drikke- og tobaksvareindustri-(Tilgang)",Privat,1971,0.31471233802211285
Import inkl. told,"10120 Føde-, drikke- og tobaksvareindustri-(Tilgang)",Privat,1972,0.3278287267831121
Import inkl. told,"10120 Føde-, drikke- og tobaksvareindustri-(Tilgang)",Privat,1973,0.4341546986900566
Import inkl. told,"10120 Føde-, drikke- og tobaksvareindustri-(Tilgang)",Privat,1974,0.46066650076239646
Import inkl. told,"10120 Føde-, drikke- og tobaksvareindustri-(Tilgang)",Privat,1975,0.4204581447173103
Import inkl. told,"10120 Føde-, drikke- og tobaksvareindustri-(Tilgang)",Privat,1976,0.470049292285851
Import inkl. told,"10120 Føde-, drikke- og tobaksvareindustri-(Tilgang)",Privat,1977,0.5336770029729244
Import inkl. told,"10120 Føde-, drikke- og tobaksvareindustri-(Tilgang)",Privat,1978,0.5028183327194662
Import inkl. told,"10120 Føde-, drikke- og tobaksvareindustri-(Tilgang)",Privat,1979,0.5444960380065501
Import inkl. told,"10120 Føde-, drikke- og tobaksvareindustri-(Tilgang)",Privat,1980,0.6072586459748031
Import inkl. told,"10120 Føde-, drikke- og tobaksvareindustri-(Tilgang)",Privat,1981,0.7255036186857692
Import inkl. told,"10120 Føde-, drikke- og tobaksvareindustri-(Tilgang)",Privat,1982,0.7677555915924326
Import inkl. told,"10120 Føde-, drikke- og tobaksvareindustri-(Tilgang)",Privat,1983,0.8194245793503759
Import inkl. told,"10120 Føde-, drikke- og tobaksvareindustri-(Tilgang)",Privat,1984,0.9027492086321032
Import inkl. told,"10120 Føde-, drikke- og tobaksvareindustri-(Tilgang)",Privat,1985,0.799298779819458
Import inkl. told,"10120 Føde-, drikke- og tobaksvareindustri-(Tilgang)",Privat,1986,0.7214584780657519
Import inkl. told,"10120 Føde-, drikke- og tobaksvareindustri-(Tilgang)",Privat,1987,0.6889128246992878
Import inkl. told,"10120 Føde-, drikke- og tobaksvareindustri-(Tilgang)",Privat,1988,0.7281410094114679
Import inkl. told,"10120 Føde-, drikke- og tobaksvareindustri-(Tilgang)",Privat,1989,0.7704082854178356
Import inkl. told,"10120 Føde-, drikke- og tobaksvareindustri-(Tilgang)",Privat,1990,0.7036670757370609
Import inkl. told,"10120 Føde-, drikke- og tobaksvareindustri-(Tilgang)",Privat,1991,0.7050794631152069
Import inkl. told,"10120 Føde-, drikke- og tobaksvareindustri-(Tilgang)",Privat,1992,0.7129489249613659
Import inkl. told,"10120 Føde-, drikke- og tobaksvareindustri-(Tilgang)",Privat,1993,0.7139858289569087
Import inkl. told,"10120 Føde-, drikke- og tobaksvareindustri-(Tilgang)",Privat,1994,0.7091285405539801
Import inkl. told,"10120 Føde-, drikke- og tobaksvareindustri-(Tilgang)",Privat,1995,0.696905015134405
Import inkl. told,"10120 Føde-, drikke- og tobaksvareindustri-(Tilgang)",Privat,1996,0.7199774786889206
Import inkl. told,"10120 Føde-, drikke- og tobaksvareindustri-(Tilgang)",Privat,1997,0.7513896149918661
Import inkl. told,"10120 Føde-, drikke- og tobaksvareindustri-(Tilgang)",Privat,1998,0.7130595316521582
Import inkl. told,"10120 Føde-, drikke- og tobaksvareindustri-(Tilgang)",Privat,1999,0.6712819755127112
Import inkl. told,"10120 Føde-, drikke- og tobaksvareindustri-(Tilgang)",Privat,2000,0.7027832355539618
Import inkl. told,"10120 Føde-, drikke- og tobaksvareindustri-(Tilgang)",Privat,2001,0.7266254410216051
Import inkl. told,"10120 Føde-, drikke- og tobaksvareindustri-(Tilgang)",Privat,2002,0.723371621208503
Import inkl. told,"10120 Føde-, drikke- og tobaksvareindustri-(Tilgang)",Privat,2003,0.719864315431342
Import inkl. told,"10120 Føde-, drikke- og tobaksvareindustri-(Tilgang)",Privat,2004,0.7296277595603645
Import inkl. told,"10120 Føde-, drikke- og tobaksvareindustri-(Tilgang)",Privat,2005,0.7506666423546015
Import inkl. told,"10120 Føde-, drikke- og tobaksvareindustri-(Tilgang)",Privat,2006,0.7764117526926367
Import inkl. told,"10120 Føde-, drikke- og tobaksvareindustri-(Tilgang)",Privat,2007,0.840730183110943
Import inkl. told,"10120 Føde-, drikke- og tobaksvareindustri-(Tilgang)",Privat,2008,0.8906395425880261
Import inkl. told,"10120 Føde-, drikke- og tobaksvareindustri-(Tilgang)",Privat,2009,0.8296311010109978
Import inkl. told,"10120 Føde-, drikke- og tobaksvareindustri-(Tilgang)",Privat,2010,0.8757126489248489
Import inkl. told,"10120 Føde-, drikke- og tobaksvareindustri-(Tilgang)",Privat,2011,0.9417857625141197
Import inkl. told,"10120 Føde-, drikke- og tobaksvareindustri-(Tilgang)",Privat,2012,0.9964479590043315
Import inkl. told,"10120 Føde-, drikke- og tobaksvareindustri-(Tilgang)",Privat,2013,1.0038464752551173
Import inkl. told,"10120 Føde-, drikke- og tobaksvareindustri-(Tilgang)",Privat,2014,0.9716330182840744
Import inkl. told,"10120 Føde-, drikke- og tobaksvareindustri-(Tilgang)",Privat,2015,0.9586215477048504
Import inkl. told,"10120 Føde-, drikke- og tobaksvareindustri-(Tilgang)",Privat,2016,0.9587519990539434
Import inkl. told,"10120 Føde-, drikke- og tobaksvareindustri-(Tilgang)",Privat,2017,0.9651698993611444
Import inkl. told,"10120 Føde-, drikke- og tobaksvareindustri-(Tilgang)",Privat,2018,0.9647123323321323
Import inkl. told,"10120 Føde-, drikke- og tobaksvareindustri-(Tilgang)",Privat,2019,0.9711537051501159
Import inkl. told,"10120 Føde-, drikke- og tobaksvareindustri-(Tilgang)",Privat,2020,1.0
Import inkl. told,"10120 Føde-, drikke- og tobaksvareindustri-(Tilgang)",Privat,2021,1.0703660441912035
Import inkl. told,"10120 Føde-, drikke- og tobaksvareindustri-(Tilgang)",Privat,2022,1.2735429126410183
Import inkl. told,"10120 Føde-, drikke- og tobaksvareindustri-(Tilgang)",REST_ANVENDELSE Øvrige brancher,1967,0.1985103401691666
Import inkl. told,"10120 Føde-, drikke- og tobaksvareindustri-(Tilgang)",REST_ANVENDELSE Øvrige brancher,1968,0.20326672871126458
Import inkl. told,"10120 Føde-, drikke- og tobaksvareindustri-(Tilgang)",REST_ANVENDELSE Øvrige brancher,1969,0.2065913120714705
Import inkl. told,"10120 Føde-, drikke- og tobaksvareindustri-(Tilgang)",REST_ANVENDELSE Øvrige brancher,1970,0.21697949201661815
Import inkl. told,"10120 Føde-, drikke- og tobaksvareindustri-(Tilgang)",REST_ANVENDELSE Øvrige brancher,1971,0.22834990149587592
Import inkl. told,"10120 Føde-, drikke- og tobaksvareindustri-(Tilgang)",REST_ANVENDELSE Øvrige brancher,1972,0.24868310935639887
Import inkl. told,"10120 Føde-, drikke- og tobaksvareindustri-(Tilgang)",REST_ANVENDELSE Øvrige brancher,1973,0.2585666598196416
Import inkl. told,"10120 Føde-, drikke- og tobaksvareindustri-(Tilgang)",REST_ANVENDELSE Øvrige brancher,1974,0.29933320854897494
Import inkl. told,"10120 Føde-, drikke- og tobaksvareindustri-(Tilgang)",REST_ANVENDELSE Øvrige brancher,1975,0.309381437363258
Import inkl. told,"10120 Føde-, drikke- og tobaksvareindustri-(Tilgang)",REST_ANVENDELSE Øvrige brancher,1976,0.3244363232906927
Import inkl. told,"10120 Føde-, drikke- og tobaksvareindustri-(Tilgang)",REST_ANVENDELSE Øvrige brancher,1977,0.34218414071362363
Import inkl. told,"10120 Føde-, drikke- og tobaksvareindustri-(Tilgang)",REST_ANVENDELSE Øvrige brancher,1978,0.3684968930473305
Import inkl. told,"10120 Føde-, drikke- og tobaksvareindustri-(Tilgang)",REST_ANVENDELSE Øvrige brancher,1979,0.4034515382757366
Import inkl. told,"10120 Føde-, drikke- og tobaksvareindustri-(Tilgang)",REST_ANVENDELSE Øvrige brancher,1980,0.4351782083533731
Import inkl. told,"10120 Føde-, drikke- og tobaksvareindustri-(Tilgang)",REST_ANVENDELSE Øvrige brancher,1981,0.4921993339910348
Import inkl. told,"10120 Føde-, drikke- og tobaksvareindustri-(Tilgang)",REST_ANVENDELSE Øvrige brancher,1982,0.5524845498064845
Import inkl. told,"10120 Føde-, drikke- og tobaksvareindustri-(Tilgang)",REST_ANVENDELSE Øvrige brancher,1983,0.5995169814362387
Import inkl. told,"10120 Føde-, drikke- og tobaksvareindustri-(Tilgang)",REST_ANVENDELSE Øvrige brancher,1984,0.645759319068628
Import inkl. told,"10120 Føde-, drikke- og tobaksvareindustri-(Tilgang)",REST_ANVENDELSE Øvrige brancher,1985,0.650136000360736
Import inkl. told,"10120 Føde-, drikke- og tobaksvareindustri-(Tilgang)",REST_ANVENDELSE Øvrige brancher,1986,0.6445267121274976
Import inkl. told,"10120 Føde-, drikke- og tobaksvareindustri-(Tilgang)",REST_ANVENDELSE Øvrige brancher,1987,0.6430466526707396
Import inkl. told,"10120 Føde-, drikke- og tobaksvareindustri-(Tilgang)",REST_ANVENDELSE Øvrige brancher,1988,0.6479596187134137
Import inkl. told,"10120 Føde-, drikke- og tobaksvareindustri-(Tilgang)",REST_ANVENDELSE Øvrige brancher,1989,0.6637156480455423
Import inkl. told,"10120 Føde-, drikke- og tobaksvareindustri-(Tilgang)",REST_ANVENDELSE Øvrige brancher,1990,0.6570002968336699
Import inkl. told,"10120 Føde-, drikke- og tobaksvareindustri-(Tilgang)",REST_ANVENDELSE Øvrige brancher,1991,0.661608818537713
Import inkl. told,"10120 Føde-, drikke- og tobaksvareindustri-(Tilgang)",REST_ANVENDELSE Øvrige brancher,1992,0.6716459387461773
Import inkl. told,"10120 Føde-, drikke- og tobaksvareindustri-(Tilgang)",REST_ANVENDELSE Øvrige brancher,1993,0.67099854621208
Import inkl. told,"10120 Føde-, drikke- og tobaksvareindustri-(Tilgang)",REST_ANVENDELSE Øvrige brancher,1994,0.6815805709815485
Import inkl. told,"10120 Føde-, drikke- og tobaksvareindustri-(Tilgang)",REST_ANVENDELSE Øvrige brancher,1995,0.6848873196158276
Import inkl. told,"10120 Føde-, drikke- og tobaksvareindustri-(Tilgang)",REST_ANVENDELSE Øvrige brancher,1996,0.689270087916158
Import inkl. told,"10120 Føde-, drikke- og tobaksvareindustri-(Tilgang)",REST_ANVENDELSE Øvrige brancher,1997,0.7024559313723725
Import inkl. told,"10120 Føde-, drikke- og tobaksvareindustri-(Tilgang)",REST_ANVENDELSE Øvrige brancher,1998,0.7172655508824336
Import inkl. told,"10120 Føde-, drikke- og tobaksvareindustri-(Tilgang)",REST_ANVENDELSE Øvrige brancher,1999,0.708397444381712
Import inkl. told,"10120 Føde-, drikke- og tobaksvareindustri-(Tilgang)",REST_ANVENDELSE Øvrige brancher,2000,0.7131408285725723
Import inkl. told,"10120 Føde-, drikke- og tobaksvareindustri-(Tilgang)",REST_ANVENDELSE Øvrige brancher,2001,0.7315645805098983
Import inkl. told,"10120 Føde-, drikke- og tobaksvareindustri-(Tilgang)",REST_ANVENDELSE Øvrige brancher,2002,0.7387789475767479
Import inkl. told,"10120 Føde-, drikke- og tobaksvareindustri-(Tilgang)",REST_ANVENDELSE Øvrige brancher,2003,0.7381051360323958
Import inkl. told,"10120 Føde-, drikke- og tobaksvareindustri-(Tilgang)",REST_ANVENDELSE Øvrige brancher,2004,0.7453842206336277
Import inkl. told,"10120 Føde-, drikke- og tobaksvareindustri-(Tilgang)",REST_ANVENDELSE Øvrige brancher,2005,0.7702778959803348
Import inkl. told,"10120 Føde-, drikke- og tobaksvareindustri-(Tilgang)",REST_ANVENDELSE Øvrige brancher,2006,0.8062286921233256
Import inkl. told,"10120 Føde-, drikke- og tobaksvareindustri-(Tilgang)",REST_ANVENDELSE Øvrige brancher,2007,0.8590842070669349
Import inkl. told,"10120 Føde-, drikke- og tobaksvareindustri-(Tilgang)",REST_ANVENDELSE Øvrige brancher,2008,0.8975560280237755
Import inkl. told,"10120 Føde-, drikke- og tobaksvareindustri-(Tilgang)",REST_ANVENDELSE Øvrige brancher,2009,0.8643522710699494
Import inkl. told,"10120 Føde-, drikke- og tobaksvareindustri-(Tilgang)",REST_ANVENDELSE Øvrige brancher,2010,0.8846136555971451
Import inkl. told,"10120 Føde-, drikke- og tobaksvareindustri-(Tilgang)",REST_ANVENDELSE Øvrige brancher,2011,0.9371341753711986
Import inkl. told,"10120 Føde-, drikke- og tobaksvareindustri-(Tilgang)",REST_ANVENDELSE Øvrige brancher,2012,0.9546859089592787
Import inkl. told,"10120 Føde-, drikke- og tobaksvareindustri-(Tilgang)",REST_ANVENDELSE Øvrige brancher,2013,0.9460145033542935
Import inkl. told,"10120 Føde-, drikke- og tobaksvareindustri-(Tilgang)",REST_ANVENDELSE Øvrige brancher,2014,0.940935071397501
Import inkl. told,"10120 Føde-, drikke- og tobaksvareindustri-(Tilgang)",REST_ANVENDELSE Øvrige brancher,2015,0.9522231506455616
Import inkl. told,"10120 Føde-, drikke- og tobaksvareindustri-(Tilgang)",REST_ANVENDELSE Øvrige brancher,2016,0.9643003619206074
Import inkl. told,"10120 Føde-, drikke- og tobaksvareindustri-(Tilgang)",REST_ANVENDELSE Øvrige brancher,2017,0.9780708211813399
Import inkl. told,"10120 Føde-, drikke- og tobaksvareindustri-(Tilgang)",REST_ANVENDELSE Øvrige brancher,2018,0.9720447063079795
Import inkl. told,"10120 Føde-, drikke- og tobaksvareindustri-(Tilgang)",REST_ANVENDELSE Øvrige brancher,2019,0.9958711523773426
Import inkl. told,"10120 Føde-, drikke- og tobaksvareindustri-(Tilgang)",REST_ANVENDELSE Øvrige brancher,2020,1.0
Import inkl. told,"10120 Føde-, drikke- og tobaksvareindustri-(Tilgang)",REST_ANVENDELSE Øvrige brancher,2021,1.0209116114938022
Import inkl. told,"10120 Føde-, drikke- og tobaksvareindustri-(Tilgang)",REST_ANVENDELSE Øvrige brancher,2022,1.152584244278061
Import inkl. told,Privat,01000 Landbrug og gartneri- (Anvendelse),1967,0.2092713835892096
Import inkl. told,Privat,01000 Landbrug og gartneri- (Anvendelse),1968,0.2112325131352872
Import inkl. told,Privat,01000 Landbrug og gartneri- (Anvendelse),1969,0.21124961461505415
Import inkl. told,Privat,01000 Landbrug og gartneri- (Anvendelse),1970,0.21565123310608975
Import inkl. told,Privat,01000 Landbrug og gartneri- (Anvendelse),1971,0.22388649525529292
Import inkl. told,Privat,01000 Landbrug og gartneri- (Anvendelse),1972,0.22187586061484507
Import inkl. told,Privat,01000 Landbrug og gartneri- (Anvendelse),1973,0.30304512815534
Import inkl. told,Privat,01000 Landbrug og gartneri- (Anvendelse),1974,0.37229583480720047
Import inkl. told,Privat,01000 Landbrug og gartneri- (Anvendelse),1975,0.36527599215640627
Import inkl. told,Privat,01000 Landbrug og gartneri- (Anvendelse),1976,0.39383586869117143
Import inkl. told,Privat,01000 Landbrug og gartneri- (Anvendelse),1977,0.43338412530713866
Import inkl. told,Privat,01000 Landbrug og gartneri- (Anvendelse),1978,0.4017853258008479
Import inkl. told,Privat,01000 Landbrug og gartneri- (Anvendelse),1979,0.4370671108842193
Import inkl. told,Privat,01000 Landbrug og gartneri- (Anvendelse),1980,0.5260091122917413
Import inkl. told,Privat,01000 Landbrug og gartneri- (Anvendelse),1981,0.6330231806989616
Import inkl. told,Privat,01000 Landbrug og gartneri- (Anvendelse),1982,0.6830473177170361
Import inkl. told,Privat,01000 Landbrug og gartneri- (Anvendelse),1983,0.7038027861823489
Import inkl. told,Privat,01000 Landbrug og gartneri- (Anvendelse),1984,0.7786635591217942
Import inkl. told,Privat,01000 Landbrug og gartneri- (Anvendelse),1985,0.6926309619055113
Import inkl. told,Privat,01000 Landbrug og gartneri- (Anvendelse),1986,0.6102252174330395
Import inkl. told,Privat,01000 Landbrug og gartneri- (Anvendelse),1987,0.5564122837693801
Import inkl. told,Privat,01000 Landbrug og gartneri- (Anvendelse),1988,0.6325139848817143
Import inkl. told,Privat,01000 Landbrug og gartneri- (Anvendelse),1989,0.6683451027087258
Import inkl. told,Privat,01000 Landbrug og gartneri- (Anvendelse),1990,0.5954465975647573
Import inkl. told,Privat,01000 Landbrug og gartneri- (Anvendelse),1991,0.6000152454358828
Import inkl. told,Privat,01000 Landbrug og gartneri- (Anvendelse),1992,0.6308327569519216
Import inkl. told,Privat,01000 Landbrug og gartneri- (Anvendelse),1993,0.6307814461985014
Import inkl. told,Privat,01000 Landbrug og gartneri- (Anvendelse),1994,0.6058248870688767
Import inkl. told,Privat,01000 Landbrug og gartneri- (Anvendelse),1995,0.5867513232553041
Import inkl. told,Privat,01000 Landbrug og gartneri- (Anvendelse),1996,0.6521078810970897
Import inkl. told,Privat,01000 Landbrug og gartneri- (Anvendelse),1997,0.6891677290995559
Import inkl. told,Privat,01000 Landbrug og gartneri- (Anvendelse),1998,0.5820724194677941
Import inkl. told,Privat,01000 Landbrug og gartneri- (Anvendelse),1999,0.5522158958681982
Import inkl. told,Privat,01000 Landbrug og gartneri- (Anvendelse),2000,0.6380881228942036
Import inkl. told,Privat,01000 Landbrug og gartneri- (Anvendelse),2001,0.6732884162109875
Import inkl. told,Privat,01000 Landbrug og gartneri- (Anvendelse),2002,0.647771146600545
Import inkl. told,Privat,01000 Landbrug og gartneri- (Anvendelse),2003,0.6506324932936707
Import inkl. told,Privat,01000 Landbrug og gartneri- (Anvendelse),2004,0.6795456326939638
Import inkl. told,Privat,01000 Landbrug og gartneri- (Anvendelse),2005,0.7062605343852129
Import inkl. told,Privat,01000 Landbrug og gartneri- (Anvendelse),2006,0.7250711353754964
Import inkl. told,Privat,01000 Landbrug og gartneri- (Anvendelse),2007,0.7998638639739889
Import inkl. told,Privat,01000 Landbrug og gartneri- (Anvendelse),2008,0.9864562817240266
Import inkl. told,Privat,01000 Landbrug og gartneri- (Anvendelse),2009,0.8647595175866882
Import inkl. told,Privat,01000 Landbrug og gartneri- (Anvendelse),2010,0.9163502079334881
Import inkl. told,Privat,01000 Landbrug og gartneri- (Anvendelse),2011,0.9927144615836613
Import inkl. told,Privat,01000 Landbrug og gartneri- (Anvendelse),2012,1.0741070816156069
Import inkl. told,Privat,01000 Landbrug og gartneri- (Anvendelse),2013,1.108318310649672
Import inkl. told,Privat,01000 Landbrug og gartneri- (Anvendelse),2014,1.048242775262423
Import inkl. told,Privat,01000 Landbrug og gartneri- (Anvendelse),2015,0.9915684091627857
Import inkl. told,Privat,01000 Landbrug og gartneri- (Anvendelse),2016,0.9309434937174155
Import inkl. told,Privat,01000 Landbrug og gartneri- (Anvendelse),2017,0.9516130874929956
Import inkl. told,Privat,01000 Landbrug og gartneri- (Anvendelse),2018,1.0193315542741344
Import inkl. told,Privat,01000 Landbrug og gartneri- (Anvendelse),2019,1.0045732494321686
Import inkl. told,Privat,01000 Landbrug og gartneri- (Anvendelse),2020,1.0
Import inkl. told,Privat,01000 Landbrug og gartneri- (Anvendelse),2021,1.1756152338643
Import inkl. told,Privat,01000 Landbrug og gartneri- (Anvendelse),2022,1.5946917561807188
Import inkl. told,Privat,"10120 Føde-, drikke- og tobaksvareindustri- (Anvendelse)",1967,0.2732743025277151
Import inkl. told,Privat,"10120 Føde-, drikke- og tobaksvareindustri- (Anvendelse)",1968,0.27784565415278717
Import inkl. told,Privat,"10120 Føde-, drikke- og tobaksvareindustri- (Anvendelse)",1969,0.2817037003497947
Import inkl. told,Privat,"10120 Føde-, drikke- og tobaksvareindustri- (Anvendelse)",1970,0.29320080637966767
Import inkl. told,Privat,"10120 Føde-, drikke- og tobaksvareindustri- (Anvendelse)",1971,0.29549199176831525
Import inkl. told,Privat,"10120 Føde-, drikke- og tobaksvareindustri- (Anvendelse)",1972,0.31731621797064263
Import inkl. told,Privat,"10120 Føde-, drikke- og tobaksvareindustri- (Anvendelse)",1973,0.34123021152404953
Import inkl. told,Privat,"10120 Føde-, drikke- og tobaksvareindustri- (Anvendelse)",1974,0.445997461282979
Import inkl. told,Privat,"10120 Føde-, drikke- og tobaksvareindustri- (Anvendelse)",1975,0.4415161962544876
Import inkl. told,Privat,"10120 Føde-, drikke- og tobaksvareindustri- (Anvendelse)",1976,0.46487502019736565
Import inkl. told,Privat,"10120 Føde-, drikke- og tobaksvareindustri- (Anvendelse)",1977,0.5249410619898258
Import inkl. told,Privat,"10120 Føde-, drikke- og tobaksvareindustri- (Anvendelse)",1978,0.5143973656803579
Import inkl. told,Privat,"10120 Føde-, drikke- og tobaksvareindustri- (Anvendelse)",1979,0.5613795823409259
Import inkl. told,Privat,"10120 Føde-, drikke- og tobaksvareindustri- (Anvendelse)",1980,0.6142246335492133
Import inkl. told,Privat,"10120 Føde-, drikke- og tobaksvareindustri- (Anvendelse)",1981,0.6860402700648754
Import inkl. told,Privat,"10120 Føde-, drikke- og tobaksvareindustri- (Anvendelse)",1982,0.7515754369850532
Import inkl. told,Privat,"10120 Føde-, drikke- og tobaksvareindustri- (Anvendelse)",1983,0.7943195668790541
Import inkl. told,Privat,"10120 Føde-, drikke- og tobaksvareindustri- (Anvendelse)",1984,0.8843794333079402
Import inkl. told,Privat,"10120 Føde-, drikke- og tobaksvareindustri- (Anvendelse)",1985,0.8748026610656374
Import inkl. told,Privat,"10120 Føde-, drikke- og tobaksvareindustri- (Anvendelse)",1986,0.7905606538051068
Import inkl. told,Privat,"10120 Føde-, drikke- og tobaksvareindustri- (Anvendelse)",1987,0.7687008901576525
Import inkl. told,Privat,"10120 Føde-, drikke- og tobaksvareindustri- (Anvendelse)",1988,0.7656936895544181
Import inkl. told,Privat,"10120 Føde-, drikke- og tobaksvareindustri- (Anvendelse)",1989,0.792683949213132
Import inkl. told,Privat,"10120 Føde-, drikke- og tobaksvareindustri- (Anvendelse)",1990,0.7828423503013754
Import inkl. told,Privat,"10120 Føde-, drikke- og tobaksvareindustri- (Anvendelse)",1991,0.7866581871146039
Import inkl. told,Privat,"10120 Føde-, drikke- og tobaksvareindustri- (Anvendelse)",1992,0.77107308117815
Import inkl. told,Privat,"10120 Føde-, drikke- og tobaksvareindustri- (Anvendelse)",1993,0.7674765193768808
Import inkl. told,Privat,"10120 Føde-, drikke- og tobaksvareindustri- (Anvendelse)",1994,0.7681440363621959
Import inkl. told,Privat,"10120 Føde-, drikke- og tobaksvareindustri- (Anvendelse)",1995,0.7628843320236818
Import inkl. told,Privat,"10120 Føde-, drikke- og tobaksvareindustri- (Anvendelse)",1996,0.7418029803441425
Import inkl. told,Privat,"10120 Føde-, drikke- og tobaksvareindustri- (Anvendelse)",1997,0.7702733769445128
Import inkl. told,Privat,"10120 Føde-, drikke- og tobaksvareindustri- (Anvendelse)",1998,0.7784880129608757
Import inkl. told,Privat,"10120 Føde-, drikke- og tobaksvareindustri- (Anvendelse)",1999,0.7354092052674213
Import inkl. told,Privat,"10120 Føde-, drikke- og tobaksvareindustri- (Anvendelse)",2000,0.7540201072436997
Import inkl. told,Privat,"10120 Føde-, drikke- og tobaksvareindustri- (Anvendelse)",2001,0.769937370447031
Import inkl. told,Privat,"10120 Føde-, drikke- og tobaksvareindustri- (Anvendelse)",2002,0.7674963328252171
Import inkl. told,Privat,"10120 Føde-, drikke- og tobaksvareindustri- (Anvendelse)",2003,0.7563167397762598
Import inkl. told,Privat,"10120 Føde-, drikke- og tobaksvareindustri- (Anvendelse)",2004,0.7635880984254998
Import inkl. told,Privat,"10120 Føde-, drikke- og tobaksvareindustri- (Anvendelse)",2005,0.7942359045826392
Import inkl. told,Privat,"10120 Føde-, drikke- og tobaksvareindustri- (Anvendelse)",2006,0.8096710219265275
Import inkl. told,Privat,"10120 Føde-, drikke- og tobaksvareindustri- (Anvendelse)",2007,0.8663411481404591
Import inkl. told,Privat,"10120 Føde-, drikke- og tobaksvareindustri- (Anvendelse)",2008,0.9190206454404283
Import inkl. told,Privat,"10120 Føde-, drikke- og tobaksvareindustri- (Anvendelse)",2009,0.8632977573290976
Import inkl. told,Privat,"10120 Føde-, drikke- og tobaksvareindustri- (Anvendelse)",2010,0.9175542079336614
Import inkl. told,Privat,"10120 Føde-, drikke- og tobaksvareindustri- (Anvendelse)",2011,0.9818452601692884
Import inkl. told,Privat,"10120 Føde-, drikke- og tobaksvareindustri- (Anvendelse)",2012,1.0068572016924564
Import inkl. told,Privat,"10120 Føde-, drikke- og tobaksvareindustri- (Anvendelse)",2013,1.0095686031581887
Import inkl. told,Privat,"10120 Føde-, drikke- og tobaksvareindustri- (Anvendelse)",2014,0.9864705372362174
Import inkl. told,Privat,"10120 Føde-, drikke- og tobaksvareindustri- (Anvendelse)",2015,0.9763719732909131
Import inkl. told,Privat,"10120 Føde-, drikke- og tobaksvareindustri- (Anvendelse)",2016,0.982091619385227
Import inkl. told,Privat,"10120 Føde-, drikke- og tobaksvareindustri- (Anvendelse)",2017,0.9939781488465204
Import inkl. told,Privat,"10120 Føde-, drikke- og tobaksvareindustri- (Anvendelse)",2018,0.9883634408784542
Import inkl. told,Privat,"10120 Føde-, drikke- og tobaksvareindustri- (Anvendelse)",2019,0.9969871694324011
Import inkl. told,Privat,"10120 Føde-, drikke- og tobaksvareindustri- (Anvendelse)",2020,1.0
Import inkl. told,Privat,"10120 Føde-, drikke- og tobaksvareindustri- (Anvendelse)",2021,1.0808650754646771
Import inkl. told,Privat,"10120 Føde-, drikke- og tobaksvareindustri- (Anvendelse)",2022,1.3033022335651643
Import inkl. told,Privat,"Anvendelse, i alt-(Anvendelse)",1967,0.24726161040210778
Import inkl. told,Privat,"Anvendelse, i alt-(Anvendelse)",1968,0.2532647091746556
Import inkl. told,Privat,"Anvendelse, i alt-(Anvendelse)",1969,0.2594440725843155
Import inkl. told,Privat,"Anvendelse, i alt-(Anvendelse)",1970,0.27343183574644303
Import inkl. told,Privat,"Anvendelse, i alt-(Anvendelse)",1971,0.2862297650091087
Import inkl. told,Privat,"Anvendelse, i alt-(Anvendelse)",1972,0.3058225859138519
Import inkl. told,Privat,"Anvendelse, i alt-(Anvendelse)",1973,0.32571371347311356
Import inkl. told,Privat,"Anvendelse, i alt-(Anvendelse)",1974,0.42388484291076534
Import inkl. told,Privat,"Anvendelse, i alt-(Anvendelse)",1975,0.44457887246997274
Import inkl. told,Privat,"Anvendelse, i alt-(Anvendelse)",1976,0.4768455204709801
Import inkl. told,Privat,"Anvendelse, i alt-(Anvendelse)",1977,0.5096787871971372
Import inkl. told,Privat,"Anvendelse, i alt-(Anvendelse)",1978,0.5193973712189497
Import inkl. told,Privat,"Anvendelse, i alt-(Anvendelse)",1979,0.5751761195554268
Import inkl. told,Privat,"Anvendelse, i alt-(Anvendelse)",1980,0.6844580854890535
Import inkl. told,Privat,"Anvendelse, i alt-(Anvendelse)",1981,0.7781124483853091
Import inkl. told,Privat,"Anvendelse, i alt-(Anvendelse)",1982,0.8639290492807791
Import inkl. told,Privat,"Anvendelse, i alt-(Anvendelse)",1983,0.8967777226973188
Import inkl. told,Privat,"Anvendelse, i alt-(Anvendelse)",1984,0.9598139669284511
Import inkl. told,Privat,"Anvendelse, i alt-(Anvendelse)",1985,0.974246122180196
Import inkl. told,Privat,"Anvendelse, i alt-(Anvendelse)",1986,0.8883479370445442
Import inkl. told,Privat,"Anvendelse, i alt-(Anvendelse)",1987,0.8586905871788235
Import inkl. told,Privat,"Anvendelse, i alt-(Anvendelse)",1988,0.8635395043980898
Import inkl. told,Privat,"Anvendelse, i alt-(Anvendelse)",1989,0.899157127534593
Import inkl. told,Privat,"Anvendelse, i alt-(Anvendelse)",1990,0.8968309863466225
Import inkl. told,Privat,"Anvendelse, i alt-(Anvendelse)",1991,0.9075653930421241
Import inkl. told,Privat,"Anvendelse, i alt-(Anvendelse)",1992,0.8975438259261685
Import inkl. told,Privat,"Anvendelse, i alt-(Anvendelse)",1993,0.882631181966542
Import inkl. told,Privat,"Anvendelse, i alt-(Anvendelse)",1994,0.8858221978338994
Import inkl. told,Privat,"Anvendelse, i alt-(Anvendelse)",1995,0.8978090429070316
Import inkl. told,Privat,"Anvendelse, i alt-(Anvendelse)",1996,0.8915853955230965
Import inkl. told,Privat,"Anvendelse, i alt-(Anvendelse)",1997,0.90234959940192
Import inkl. told,Privat,"Anvendelse, i alt-(Anvendelse)",1998,0.8850184524320962
Import inkl. told,Privat,"Anvendelse, i alt-(Anvendelse)",1999,0.873447262752502
Import inkl. told,Privat,"Anvendelse, i alt-(Anvendelse)",2000,0.9135514683365038
Import inkl. told,Privat,"Anvendelse, i alt-(Anvendelse)",2001,0.920919409692317
Import inkl. told,Privat,"Anvendelse, i alt-(Anvendelse)",2002,0.909839341847244
Import inkl. told,Privat,"Anvendelse, i alt-(Anvendelse)",2003,0.9012640307128923
Import inkl. told,Privat,"Anvendelse, i alt-(Anvendelse)",2004,0.9074595110266755
Import inkl. told,Privat,"Anvendelse, i alt-(Anvendelse)",2005,0.9323163287826245
Import inkl. told,Privat,"Anvendelse, i alt-(Anvendelse)",2006,0.953374895222805
Import inkl. told,Privat,"Anvendelse, i alt-(Anvendelse)",2007,0.9742758213737074
Import inkl. told,Privat,"Anvendelse, i alt-(Anvendelse)",2008,1.0101741558768296
Import inkl. told,Privat,"Anvendelse, i alt-(Anvendelse)",2009,0.9469644421018018
Import inkl. told,Privat,"Anvendelse, i alt-(Anvendelse)",2010,0.9877871132613247
Import inkl. told,Privat,"Anvendelse, i alt-(Anvendelse)",2011,1.0322844865087404
Import inkl. told,Privat,"Anvendelse, i alt-(Anvendelse)",2012,1.0462243596204346
Import inkl. told,Privat,"Anvendelse, i alt-(Anvendelse)",2013,1.0343497721777068
Import inkl. told,Privat,"Anvendelse, i alt-(Anvendelse)",2014,1.0216072582644478
Import inkl. told,Privat,"Anvendelse, i alt-(Anvendelse)",2015,1.0096567129212644
Import inkl. told,Privat,"Anvendelse, i alt-(Anvendelse)",2016,0.9900617293981135
Import inkl. told,Privat,"Anvendelse, i alt-(Anvendelse)",2017,1.0038044755895645
Import inkl. told,Privat,"Anvendelse, i alt-(Anvendelse)",2018,1.0175453804110008
Import inkl. told,Privat,"Anvendelse, i alt-(Anvendelse)",2019,1.0223146051261318
Import inkl. told,Privat,"Anvendelse, i alt-(Anvendelse)",2020,1.0
Import inkl. told,Privat,"Anvendelse, i alt-(Anvendelse)",2021,1.0577589237591047
Import inkl. told,Privat,"Anvendelse, i alt-(Anvendelse)",2022,1.2185346625987652
Import inkl. told,Privat,Eksport - (Anvendelse),1967,0.3766565006740796
Import inkl. told,Privat,Eksport - (Anvendelse),1968,0.3898996301636224
Import inkl. told,Privat,Eksport - (Anvendelse),1969,0.4009900670690146
Import inkl. told,Privat,Eksport - (Anvendelse),1970,0.40482666829226127
Import inkl. told,Privat,Eksport - (Anvendelse),1971,0.4307701854111344
Import inkl. told,Privat,Eksport - (Anvendelse),1972,0.4840922281876926
Import inkl. told,Privat,Eksport - (Anvendelse),1973,0.46569731341721443
Import inkl. told,Privat,Eksport - (Anvendelse),1974,0.5336581028966134
Import inkl. told,Privat,Eksport - (Anvendelse),1975,0.5758833582169202
Import inkl. told,Privat,Eksport - (Anvendelse),1976,0.6234114429514179
Import inkl. told,Privat,Eksport - (Anvendelse),1977,0.6795432641312668
Import inkl. told,Privat,Eksport - (Anvendelse),1978,0.7082737835813746
Import inkl. told,Privat,Eksport - (Anvendelse),1979,0.7478231787645001
Import inkl. told,Privat,Eksport - (Anvendelse),1980,0.8652598065319409
Import inkl. told,Privat,Eksport - (Anvendelse),1981,0.9284538134429938
Import inkl. told,Privat,Eksport - (Anvendelse),1982,0.994144245557205
Import inkl. told,Privat,Eksport - (Anvendelse),1983,1.0221147640664425
Import inkl. told,Privat,Eksport - (Anvendelse),1984,1.106248581882191
Import inkl. told,Privat,Eksport - (Anvendelse),1985,1.0973154352378096
Import inkl. told,Privat,Eksport - (Anvendelse),1986,1.02734309976505
Import inkl. told,Privat,Eksport - (Anvendelse),1987,1.0142247142186596
Import inkl. told,Privat,Eksport - (Anvendelse),1988,1.0176275217478945
Import inkl. told,Privat,Eksport - (Anvendelse),1989,1.0122934903316374
Import inkl. told,Privat,Eksport - (Anvendelse),1990,1.0170014940307797
Import inkl. told,Privat,Eksport - (Anvendelse),1991,1.0480402760839174
Import inkl. told,Privat,Eksport - (Anvendelse),1992,1.0428980268077155
Import inkl. told,Privat,Eksport - (Anvendelse),1993,1.0333559347546772
Import inkl. told,Privat,Eksport - (Anvendelse),1994,1.0267021861713845
Import inkl. told,Privat,Eksport - (Anvendelse),1995,1.021786842084267
Import inkl. told,Privat,Eksport - (Anvendelse),1996,1.0010728930888668
Import inkl. told,Privat,Eksport - (Anvendelse),1997,1.008773664557875
Import inkl. told,Privat,Eksport - (Anvendelse),1998,0.9983884181866829
Import inkl. told,Privat,Eksport - (Anvendelse),1999,0.9832222474277084
Import inkl. told,Privat,Eksport - (Anvendelse),2000,1.006638925650623
Import inkl. told,Privat,Eksport - (Anvendelse),2001,1.002747547344584
Import inkl. told,Privat,Eksport - (Anvendelse),2002,0.9853301258524574
Import inkl. told,Privat,Eksport - (Anvendelse),2003,0.9713936702909959
Import inkl. told,Privat,Eksport - (Anvendelse),2004,0.935212790209387
Import inkl. told,Privat,Eksport - (Anvendelse),2005,0.9807686540137676
Import inkl. told,Privat,Eksport - (Anvendelse),2006,0.994052325401915
Import inkl. told,Privat,Eksport - (Anvendelse),2007,0.9986000555737529
Import inkl. told,Privat,Eksport - (Anvendelse),2008,1.0398420432227018
Import inkl. told,Privat,Eksport - (Anvendelse),2009,0.93460289105444
Import inkl. told,Privat,Eksport - (Anvendelse),2010,1.002113216079999
Import inkl. told,Privat,Eksport - (Anvendelse),2011,1.0464418674451361
Import inkl. told,Privat,Eksport - (Anvendelse),2012,1.0748651582743893
Import inkl. told,Privat,Eksport - (Anvendelse),2013,1.0601929942949728
Import inkl. told,Privat,Eksport - (Anvendelse),2014,1.0404069944760066
Import inkl. told,Privat,Eksport - (Anvendelse),2015,1.0476247864756068
Import inkl. told,Privat,Eksport - (Anvendelse),2016,1.0107826089529406
Import inkl. told,Privat,Eksport - (Anvendelse),2017,1.0177117932278124
Import inkl. told,Privat,Eksport - (Anvendelse),2018,1.0252405782474474
Import inkl. told,Privat,Eksport - (Anvendelse),2019,1.0291560250369365
Import inkl. told,Privat,Eksport - (Anvendelse),2020,1.0
Import inkl. told,Privat,Eksport - (Anvendelse),2021,1.0495603898898067
Import inkl. told,Privat,Eksport - (Anvendelse),2022,1.2119330474822765
Import inkl. told,Privat,Faste bruttoinvesteringer + Lagerforøgelse + Værdigenstande (Anvendelse),1967,0.5404076103328326
Import inkl. told,Privat,Faste bruttoinvesteringer + Lagerforøgelse + Værdigenstande (Anvendelse),1968,0.5525519364867401
Import inkl. told,Privat,Faste bruttoinvesteringer + Lagerforøgelse + Værdigenstande (Anvendelse),1969,0.5689239816624605
Import inkl. told,Privat,Faste bruttoinvesteringer + Lagerforøgelse + Værdigenstande (Anvendelse),1970,0.594948103144333
Import inkl. told,Privat,Faste bruttoinvesteringer + Lagerforøgelse + Værdigenstande (Anvendelse),1971,0.6531498433689762
Import inkl. told,Privat,Faste bruttoinvesteringer + Lagerforøgelse + Værdigenstande (Anvendelse),1972,0.7691828891159777
Import inkl. told,Privat,Faste bruttoinvesteringer + Lagerforøgelse + Værdigenstande (Anvendelse),1973,0.7530289433632718
Import inkl. told,Privat,Faste bruttoinvesteringer + Lagerforøgelse + Værdigenstande (Anvendelse),1974,0.8612133247883982
Import inkl. told,Privat,Faste bruttoinvesteringer + Lagerforøgelse + Værdigenstande (Anvendelse),1975,0.9508852192795814
Import inkl. told,Privat,Faste bruttoinvesteringer + Lagerforøgelse + Værdigenstande (Anvendelse),1976,1.0273944809650615
Import inkl. told,Privat,Faste bruttoinvesteringer + Lagerforøgelse + Værdigenstande (Anvendelse),1977,1.0980388123570664
Import inkl. told,Privat,Faste bruttoinvesteringer + Lagerforøgelse + Værdigenstande (Anvendelse),1978,1.1321275413227225
Import inkl. told,Privat,Faste bruttoinvesteringer + Lagerforøgelse + Værdigenstande (Anvendelse),1979,1.1223866777314326
Import inkl. told,Privat,Faste bruttoinvesteringer + Lagerforøgelse + Værdigenstande (Anvendelse),1980,1.248151412735319
Import inkl. told,Privat,Faste bruttoinvesteringer + Lagerforøgelse + Værdigenstande (Anvendelse),1981,1.3936113207941967
Import inkl. told,Privat,Faste bruttoinvesteringer + Lagerforøgelse + Værdigenstande (Anvendelse),1982,1.5446775931328485
Import inkl. told,Privat,Faste bruttoinvesteringer + Lagerforøgelse + Værdigenstande (Anvendelse),1983,1.6341445199920057
Import inkl. told,Privat,Faste bruttoinvesteringer + Lagerforøgelse + Værdigenstande (Anvendelse),1984,1.6864894776950061
Import inkl. told,Privat,Faste bruttoinvesteringer + Lagerforøgelse + Værdigenstande (Anvendelse),1985,1.722350952638816
Import inkl. told,Privat,Faste bruttoinvesteringer + Lagerforøgelse + Værdigenstande (Anvendelse),1986,1.5987014721722368
Import inkl. told,Privat,Faste bruttoinvesteringer + Lagerforøgelse + Værdigenstande (Anvendelse),1987,1.4999151247429996
Import inkl. told,Privat,Faste bruttoinvesteringer + Lagerforøgelse + Værdigenstande (Anvendelse),1988,1.4448548111741204
Import inkl. told,Privat,Faste bruttoinvesteringer + Lagerforøgelse + Værdigenstande (Anvendelse),1989,1.4358009979177668
Import inkl. told,Privat,Faste bruttoinvesteringer + Lagerforøgelse + Værdigenstande (Anvendelse),1990,1.4107486254051105
Import inkl. told,Privat,Faste bruttoinvesteringer + Lagerforøgelse + Værdigenstande (Anvendelse),1991,1.4214070356510093
Import inkl. told,Privat,Faste bruttoinvesteringer + Lagerforøgelse + Værdigenstande (Anvendelse),1992,1.3369548986467268
Import inkl. told,Privat,Faste bruttoinvesteringer + Lagerforøgelse + Værdigenstande (Anvendelse),1993,1.2936815165362687
Import inkl. told,Privat,Faste bruttoinvesteringer + Lagerforøgelse + Værdigenstande (Anvendelse),1994,1.2745089371232767
Import inkl. told,Privat,Faste bruttoinvesteringer + Lagerforøgelse + Værdigenstande (Anvendelse),1995,1.249048203492997
Import inkl. told,Privat,Faste bruttoinvesteringer + Lagerforøgelse + Værdigenstande (Anvendelse),1996,1.2139452481466695
Import inkl. told,Privat,Faste bruttoinvesteringer + Lagerforøgelse + Værdigenstande (Anvendelse),1997,1.2132177740042704
Import inkl. told,Privat,Faste bruttoinvesteringer + Lagerforøgelse + Værdigenstande (Anvendelse),1998,1.1718853270699308
Import inkl. told,Privat,Faste bruttoinvesteringer + Lagerforøgelse + Værdigenstande (Anvendelse),1999,1.1408824665048074
Import inkl. told,Privat,Faste bruttoinvesteringer + Lagerforøgelse + Værdigenstande (Anvendelse),2000,1.1721403834968351
Import inkl. told,Privat,Faste bruttoinvesteringer + Lagerforøgelse + Værdigenstande (Anvendelse),2001,1.1672949490309137
Import inkl. told,Privat,Faste bruttoinvesteringer + Lagerforøgelse + Værdigenstande (Anvendelse),2002,1.151655068933374
Import inkl. told,Privat,Faste bruttoinvesteringer + Lagerforøgelse + Værdigenstande (Anvendelse),2003,1.0934284705174202
Import inkl. told,Privat,Faste bruttoinvesteringer + Lagerforøgelse + Værdigenstande (Anvendelse),2004,1.0961432470441772
Import inkl. told,Privat,Faste bruttoinvesteringer + Lagerforøgelse + Værdigenstande (Anvendelse),2005,1.0863880086035997
Import inkl. told,Privat,Faste bruttoinvesteringer + Lagerforøgelse + Værdigenstande (Anvendelse),2006,1.0918706858976466
Import inkl. told,Privat,Faste bruttoinvesteringer + Lagerforøgelse + Værdigenstande (Anvendelse),2007,1.1248433464766505
Import inkl. told,Privat,Faste bruttoinvesteringer + Lagerforøgelse + Værdigenstande (Anvendelse),2008,1.144325282373657
Import inkl. told,Privat,Faste bruttoinvesteringer + Lagerforøgelse + Værdigenstande (Anvendelse),2009,1.048120058303158
Import inkl. told,Privat,Faste bruttoinvesteringer + Lagerforøgelse + Værdigenstande (Anvendelse),2010,1.0443307639060058
Import inkl. told,Privat,Faste bruttoinvesteringer + Lagerforøgelse + Værdigenstande (Anvendelse),2011,1.0319384580535151
Import inkl. told,Privat,Faste bruttoinvesteringer + Lagerforøgelse + Værdigenstande (Anvendelse),2012,1.057088725154546
Import inkl. told,Privat,Faste bruttoinvesteringer + Lagerforøgelse + Værdigenstande (Anvendelse),2013,1.028268299448769
Import inkl. told,Privat,Faste bruttoinvesteringer + Lagerforøgelse + Værdigenstande (Anvendelse),2014,1.0409028004858512
Import inkl. told,Privat,Faste bruttoinvesteringer + Lagerforøgelse + Værdigenstande (Anvendelse),2015,1.0588317362963457
Import inkl. told,Privat,Faste bruttoinvesteringer + Lagerforøgelse + Værdigenstande (Anvendelse),2016,1.0486642128906143
Import inkl. told,Privat,Faste bruttoinvesteringer + Lagerforøgelse + Værdigenstande (Anvendelse),2017,1.0273198845178755
Import inkl. told,Privat,Faste bruttoinvesteringer + Lagerforøgelse + Værdigenstande (Anvendelse),2018,1.014313979431656
Import inkl. told,Privat,Faste bruttoinvesteringer + Lagerforøgelse + Værdigenstande (Anvendelse),2019,1.0186497655786948
Import inkl. told,Privat,Faste bruttoinvesteringer + Lagerforøgelse + Værdigenstande (Anvendelse),2020,1.0
Import inkl. told,Privat,Faste bruttoinvesteringer + Lagerforøgelse + Værdigenstande (Anvendelse),2021,0.989348683851212
Import inkl. told,Privat,Faste bruttoinvesteringer + Lagerforøgelse + Værdigenstande (Anvendelse),2022,1.0892081013715955
Import inkl. told,Privat,Husholdningernes forbrugsudgifter + NPISH (Anvendelse),1967,0.2689015462344046
Import inkl. told,Privat,Husholdningernes forbrugsudgifter + NPISH (Anvendelse),1968,0.2724418665266396
Import inkl. told,Privat,Husholdningernes forbrugsudgifter + NPISH (Anvendelse),1969,0.27287451295994986
Import inkl. told,Privat,Husholdningernes forbrugsudgifter + NPISH (Anvendelse),1970,0.28562807157748554
Import inkl. told,Privat,Husholdningernes forbrugsudgifter + NPISH (Anvendelse),1971,0.29767473247165055
Import inkl. told,Privat,Husholdningernes forbrugsudgifter + NPISH (Anvendelse),1972,0.32121277727093916
Import inkl. told,Privat,Husholdningernes forbrugsudgifter + NPISH (Anvendelse),1973,0.34135660310348376
Import inkl. told,Privat,Husholdningernes forbrugsudgifter + NPISH (Anvendelse),1974,0.4106709058154017
Import inkl. told,Privat,Husholdningernes forbrugsudgifter + NPISH (Anvendelse),1975,0.42604040821893874
Import inkl. told,Privat,Husholdningernes forbrugsudgifter + NPISH (Anvendelse),1976,0.46494947910631135
Import inkl. told,Privat,Husholdningernes forbrugsudgifter + NPISH (Anvendelse),1977,0.5022426893129275
Import inkl. told,Privat,Husholdningernes forbrugsudgifter + NPISH (Anvendelse),1978,0.516311475705287
Import inkl. told,Privat,Husholdningernes forbrugsudgifter + NPISH (Anvendelse),1979,0.5791027399576401
Import inkl. told,Privat,Husholdningernes forbrugsudgifter + NPISH (Anvendelse),1980,0.6676543948331413
Import inkl. told,Privat,Husholdningernes forbrugsudgifter + NPISH (Anvendelse),1981,0.7228832182203851
Import inkl. told,Privat,Husholdningernes forbrugsudgifter + NPISH (Anvendelse),1982,0.7932798699709183
Import inkl. told,Privat,Husholdningernes forbrugsudgifter + NPISH (Anvendelse),1983,0.8233879173667716
Import inkl. told,Privat,Husholdningernes forbrugsudgifter + NPISH (Anvendelse),1984,0.8765580196870321
Import inkl. told,Privat,Husholdningernes forbrugsudgifter + NPISH (Anvendelse),1985,0.9019128288676644
Import inkl. told,Privat,Husholdningernes forbrugsudgifter + NPISH (Anvendelse),1986,0.86792177201017
Import inkl. told,Privat,Husholdningernes forbrugsudgifter + NPISH (Anvendelse),1987,0.8538956387037916
Import inkl. told,Privat,Husholdningernes forbrugsudgifter + NPISH (Anvendelse),1988,0.8726862705173266
Import inkl. told,Privat,Husholdningernes forbrugsudgifter + NPISH (Anvendelse),1989,0.9054680411299635
Import inkl. told,Privat,Husholdningernes forbrugsudgifter + NPISH (Anvendelse),1990,0.9139217208840622
Import inkl. told,Privat,Husholdningernes forbrugsudgifter + NPISH (Anvendelse),1991,0.9300348703655438
Import inkl. told,Privat,Husholdningernes forbrugsudgifter + NPISH (Anvendelse),1992,0.9385538925859351
Import inkl. told,Privat,Husholdningernes forbrugsudgifter + NPISH (Anvendelse),1993,0.9287690634793573
Import inkl. told,Privat,Husholdningernes forbrugsudgifter + NPISH (Anvendelse),1994,0.9416866662889541
Import inkl. told,Privat,Husholdningernes forbrugsudgifter + NPISH (Anvendelse),1995,0.9390298108979109
Import inkl. told,Privat,Husholdningernes forbrugsudgifter + NPISH (Anvendelse),1996,0.9435782498775909
Import inkl. told,Privat,Husholdningernes forbrugsudgifter + NPISH (Anvendelse),1997,0.9511429971079528
Import inkl. told,Privat,Husholdningernes forbrugsudgifter + NPISH (Anvendelse),1998,0.9413377993379616
Import inkl. told,Privat,Husholdningernes forbrugsudgifter + NPISH (Anvendelse),1999,0.9438604237747886
Import inkl. told,Privat,Husholdningernes forbrugsudgifter + NPISH (Anvendelse),2000,0.9657770863340389
Import inkl. told,Privat,Husholdningernes forbrugsudgifter + NPISH (Anvendelse),2001,0.9741467307908235
Import inkl. told,Privat,Husholdningernes forbrugsudgifter + NPISH (Anvendelse),2002,0.976349408002345
Import inkl. told,Privat,Husholdningernes forbrugsudgifter + NPISH (Anvendelse),2003,0.9763041719143905
Import inkl. told,Privat,Husholdningernes forbrugsudgifter + NPISH (Anvendelse),2004,0.9764534904531392
Import inkl. told,Privat,Husholdningernes forbrugsudgifter + NPISH (Anvendelse),2005,0.9770220899864547
Import inkl. told,Privat,Husholdningernes forbrugsudgifter + NPISH (Anvendelse),2006,0.9835849706366567
Import inkl. told,Privat,Husholdningernes forbrugsudgifter + NPISH (Anvendelse),2007,0.9716438688824459
Import inkl. told,Privat,Husholdningernes forbrugsudgifter + NPISH (Anvendelse),2008,0.9910113168972985
Import inkl. told,Privat,Husholdningernes forbrugsudgifter + NPISH (Anvendelse),2009,0.9673009134427594
Import inkl. told,Privat,Husholdningernes forbrugsudgifter + NPISH (Anvendelse),2010,1.003066090117745
Import inkl. told,Privat,Husholdningernes forbrugsudgifter + NPISH (Anvendelse),2011,1.0465852324089102
Import inkl. told,Privat,Husholdningernes forbrugsudgifter + NPISH (Anvendelse),2012,1.05369227415402
Import inkl. told,Privat,Husholdningernes forbrugsudgifter + NPISH (Anvendelse),2013,1.050954322314851
Import inkl. told,Privat,Husholdningernes forbrugsudgifter + NPISH (Anvendelse),2014,1.0258516605565546
Import inkl. told,Privat,Husholdningernes forbrugsudgifter + NPISH (Anvendelse),2015,1.0150524249303492
Import inkl. told,Privat,Husholdningernes forbrugsudgifter + NPISH (Anvendelse),2016,1.0073411087044362
Import inkl. told,Privat,Husholdningernes forbrugsudgifter + NPISH (Anvendelse),2017,1.0086672692924061
Import inkl. told,Privat,Husholdningernes forbrugsudgifter + NPISH (Anvendelse),2018,1.0129706018231854
Import inkl. told,Privat,Husholdningernes forbrugsudgifter + NPISH (Anvendelse),2019,1.019081403495352
Import inkl. told,Privat,Husholdningernes forbrugsudgifter + NPISH (Anvendelse),2020,1.0
Import inkl. told,Privat,Husholdningernes forbrugsudgifter + NPISH (Anvendelse),2021,1.0235375100698958
Import inkl. told,Privat,Husholdningernes forbrugsudgifter + NPISH (Anvendelse),2022,1.1407078274234723
Import inkl. told,Privat,"Offentligt forbrug, i alt-(Anvendelse)",1967,0.4180579768545225
Import inkl. told,Privat,"Offentligt forbrug, i alt-(Anvendelse)",1968,0.39555459125044284
Import inkl. told,Privat,"Offentligt forbrug, i alt-(Anvendelse)",1969,0.4259198465540488
Import inkl. told,Privat,"Offentligt forbrug, i alt-(Anvendelse)",1970,0.42612631862643074
Import inkl. told,Privat,"Offentligt forbrug, i alt-(Anvendelse)",1971,0.4553301223098593
Import inkl. told,Privat,"Offentligt forbrug, i alt-(Anvendelse)",1972,0.4690354095919155
Import inkl. told,Privat,"Offentligt forbrug, i alt-(Anvendelse)",1973,0.49127345085593865
Import inkl. told,Privat,"Offentligt forbrug, i alt-(Anvendelse)",1974,0.5546803586453343
Import inkl. told,Privat,"Offentligt forbrug, i alt-(Anvendelse)",1975,0.6085610978106208
Import inkl. told,Privat,"Offentligt forbrug, i alt-(Anvendelse)",1976,0.6437733635013527
Import inkl. told,Privat,"Offentligt forbrug, i alt-(Anvendelse)",1977,0.6656878736216738
Import inkl. told,Privat,"Offentligt forbrug, i alt-(Anvendelse)",1978,0.6886264947011088
Import inkl. told,Privat,"Offentligt forbrug, i alt-(Anvendelse)",1979,0.7269935922978109
Import inkl. told,Privat,"Offentligt forbrug, i alt-(Anvendelse)",1980,0.7967891010628483
Import inkl. told,Privat,"Offentligt forbrug, i alt-(Anvendelse)",1981,0.8835889376036202
Import inkl. told,Privat,"Offentligt forbrug, i alt-(Anvendelse)",1982,0.9876644594972317
Import inkl. told,Privat,"Offentligt forbrug, i alt-(Anvendelse)",1983,1.044387303098653
Import inkl. told,Privat,"Offentligt forbrug, i alt-(Anvendelse)",1984,1.122106462226018
Import inkl. told,Privat,"Offentligt forbrug, i alt-(Anvendelse)",1985,1.179664822004664
Import inkl. told,Privat,"Offentligt forbrug, i alt-(Anvendelse)",1986,1.1927694791271137
Import inkl. told,Privat,"Offentligt forbrug, i alt-(Anvendelse)",1987,1.2165983501413926
Import inkl. told,Privat,"Offentligt forbrug, i alt-(Anvendelse)",1988,1.2557828983192443
Import inkl. told,Privat,"Offentligt forbrug, i alt-(Anvendelse)",1989,1.2983037772091854
Import inkl. told,Privat,"Offentligt forbrug, i alt-(Anvendelse)",1990,1.039746604891642
Import inkl. told,Privat,"Offentligt forbrug, i alt-(Anvendelse)",1991,1.0853874195795812
Import inkl. told,Privat,"Offentligt forbrug, i alt-(Anvendelse)",1992,1.1107846046284373
Import inkl. told,Privat,"Offentligt forbrug, i alt-(Anvendelse)",1993,1.0875876421802333
Import inkl. told,Privat,"Offentligt forbrug, i alt-(Anvendelse)",1994,1.0741323011845418
Import inkl. told,Privat,"Offentligt forbrug, i alt-(Anvendelse)",1995,1.064351612396232
Import inkl. told,Privat,"Offentligt forbrug, i alt-(Anvendelse)",1996,1.0523680688662644
Import inkl. told,Privat,"Offentligt forbrug, i alt-(Anvendelse)",1997,1.0660939755916001
Import inkl. told,Privat,"Offentligt forbrug, i alt-(Anvendelse)",1998,1.0545513380221123
Import inkl. told,Privat,"Offentligt forbrug, i alt-(Anvendelse)",1999,1.0486874728613484
Import inkl. told,Privat,"Offentligt forbrug, i alt-(Anvendelse)",2000,1.0593017440692116
Import inkl. told,Privat,"Offentligt forbrug, i alt-(Anvendelse)",2001,1.0818041434189951
Import inkl. told,Privat,"Offentligt forbrug, i alt-(Anvendelse)",2002,1.0681562258733477
Import inkl. told,Privat,"Offentligt forbrug, i alt-(Anvendelse)",2003,1.1286725091524334
Import inkl. told,Privat,"Offentligt forbrug, i alt-(Anvendelse)",2004,1.0924385363765392
Import inkl. told,Privat,"Offentligt forbrug, i alt-(Anvendelse)",2005,1.09680648851041
Import inkl. told,Privat,"Offentligt forbrug, i alt-(Anvendelse)",2006,1.1941035852848052
Import inkl. told,Privat,"Offentligt forbrug, i alt-(Anvendelse)",2007,1.2659682281736526
Import inkl. told,Privat,"Offentligt forbrug, i alt-(Anvendelse)",2008,1.2627022583387009
Import inkl. told,Privat,"Offentligt forbrug, i alt-(Anvendelse)",2009,1.0909692263752113
Import inkl. told,Privat,"Offentligt forbrug, i alt-(Anvendelse)",2010,1.0976105644758833
Import inkl. told,Privat,"Offentligt forbrug, i alt-(Anvendelse)",2011,1.10501127480406
Import inkl. told,Privat,"Offentligt forbrug, i alt-(Anvendelse)",2012,1.081886689242673
Import inkl. told,Privat,"Offentligt forbrug, i alt-(Anvendelse)",2013,1.095992249696962
Import inkl. told,Privat,"Offentligt forbrug, i alt-(Anvendelse)",2014,1.090228083374788
Import inkl. told,Privat,"Offentligt forbrug, i alt-(Anvendelse)",2015,1.0577516578799762
Import inkl. told,Privat,"Offentligt forbrug, i alt-(Anvendelse)",2016,1.0217485860320041
Import inkl. told,Privat,"Offentligt forbrug, i alt-(Anvendelse)",2017,0.9976115995516551
Import inkl. told,Privat,"Offentligt forbrug, i alt-(Anvendelse)",2018,0.9837575789762094
Import inkl. told,Privat,"Offentligt forbrug, i alt-(Anvendelse)",2019,1.0026636367983666
Import inkl. told,Privat,"Offentligt forbrug, i alt-(Anvendelse)",2020,1.0
Import inkl. told,Privat,"Offentligt forbrug, i alt-(Anvendelse)",2021,1.002821623274278
Import inkl. told,Privat,"Offentligt forbrug, i alt-(Anvendelse)",2022,1.026584071280605
Import inkl. told,Privat,Privat,1967,0.18889809719572118
Import inkl. told,Privat,Privat,1968,0.19416976035269143
Import inkl. told,Privat,Privat,1969,0.2001235961215711
Import inkl. told,Privat,Privat,1970,0.21241062323424148
Import inkl. told,Privat,Privat,1971,0.22031714265008115
Import inkl. told,Privat,Privat,1972,0.2302373697432512
Import inkl. told,Privat,Privat,1973,0.25219692023612206
Import inkl. told,Privat,Privat,1974,0.3478340378474659
Import inkl. told,Privat,Privat,1975,0.3612806522241809
Import inkl. told,Privat,Privat,1976,0.38427545045907746
Import inkl. told,Privat,Privat,1977,0.4085388917960584
Import inkl. told,Privat,Privat,1978,0.4125691203959344
Import inkl. told,Privat,Privat,1979,0.4691958891006224
Import inkl. told,Privat,Privat,1980,0.5701704057150054
Import inkl. told,Privat,Privat,1981,0.6647361786916322
Import inkl. told,Privat,Privat,1982,0.74368120786924
Import inkl. told,Privat,Privat,1983,0.7706031084240025
Import inkl. told,Privat,Privat,1984,0.8302208621610928
Import inkl. told,Privat,Privat,1985,0.8402387796614502
Import inkl. told,Privat,Privat,1986,0.7455049016366324
Import inkl. told,Privat,Privat,1987,0.718360703382098
Import inkl. told,Privat,Privat,1988,0.7265528036952645
Import inkl. told,Privat,Privat,1989,0.7742860495828936
Import inkl. told,Privat,Privat,1990,0.771781968357087
Import inkl. told,Privat,Privat,1991,0.7763305027660053
Import inkl. told,Privat,Privat,1992,0.7701454960947358
Import inkl. told,Privat,Privat,1993,0.7561033111226699
Import inkl. told,Privat,Privat,1994,0.7619947946303708
Import inkl. told,Privat,Privat,1995,0.7877608349612729
Import inkl. told,Privat,Privat,1996,0.7856006824829612
Import inkl. told,Privat,Privat,1997,0.8000498057822728
Import inkl. told,Privat,Privat,1998,0.7829422755919433
Import inkl. told,Privat,Privat,1999,0.7711100348740857
Import inkl. told,Privat,Privat,2000,0.8229221165671271
Import inkl. told,Privat,Privat,2001,0.8343905392478707
Import inkl. told,Privat,Privat,2002,0.8209793034108634
Import inkl. told,Privat,Privat,2003,0.82069151047628
Import inkl. told,Privat,Privat,2004,0.8441678844784286
Import inkl. told,Privat,Privat,2005,0.8754891693599859
Import inkl. told,Privat,Privat,2006,0.9054717175767227
Import inkl. told,Privat,Privat,2007,0.936950628891108
Import inkl. told,Privat,Privat,2008,0.9801283508046353
Import inkl. told,Privat,Privat,2009,0.9259240715353295
Import inkl. told,Privat,Privat,2010,0.9663901898576995
Import inkl. told,Privat,Privat,2011,1.0223912465995326
Import inkl. told,Privat,Privat,2012,1.0315110299051173
Import inkl. told,Privat,Privat,2013,1.0201476969518821
Import inkl. told,Privat,Privat,2014,1.0080607682874927
Import inkl. told,Privat,Privat,2015,0.9819327325444909
Import inkl. told,Privat,Privat,2016,0.9642675849658727
Import inkl. told,Privat,Privat,2017,0.9930086248485402
Import inkl. told,Privat,Privat,2018,1.019044333222326
Import inkl. told,Privat,Privat,2019,1.0230793999356191
Import inkl. told,Privat,Privat,2020,1.0
Import inkl. told,Privat,Privat,2021,1.0903231624799459
Import inkl. told,Privat,Privat,2022,1.285307369902144
Import inkl. told,Privat,REST_ANVENDELSE Øvrige brancher,1967,0.1791345469788819
Import inkl. told,Privat,REST_ANVENDELSE Øvrige brancher,1968,0.18465842894610313
Import inkl. told,Privat,REST_ANVENDELSE Øvrige brancher,1969,0.1909039898205309
Import inkl. told,Privat,REST_ANVENDELSE Øvrige brancher,1970,0.2034443846260728
Import inkl. told,Privat,REST_ANVENDELSE Øvrige brancher,1971,0.2116490197411487
Import inkl. told,Privat,REST_ANVENDELSE Øvrige brancher,1972,0.22149992805492794
Import inkl. told,Privat,REST_ANVENDELSE Øvrige brancher,1973,0.2387400393566426
Import inkl. told,Privat,REST_ANVENDELSE Øvrige brancher,1974,0.3328363536773692
Import inkl. told,Privat,REST_ANVENDELSE Øvrige brancher,1975,0.34934594926694856
Import inkl. told,Privat,REST_ANVENDELSE Øvrige brancher,1976,0.37181051087322886
Import inkl. told,Privat,REST_ANVENDELSE Øvrige brancher,1977,0.3923148265029276
Import inkl. told,Privat,REST_ANVENDELSE Øvrige brancher,1978,0.4013256313156532
Import inkl. told,Privat,REST_ANVENDELSE Øvrige brancher,1979,0.4582109012161945
Import inkl. told,Privat,REST_ANVENDELSE Øvrige brancher,1980,0.5627781576209222
Import inkl. told,Privat,REST_ANVENDELSE Øvrige brancher,1981,0.6551699767716064
Import inkl. told,Privat,REST_ANVENDELSE Øvrige brancher,1982,0.737280322534152
Import inkl. told,Privat,REST_ANVENDELSE Øvrige brancher,1983,0.7630132020424377
Import inkl. told,Privat,REST_ANVENDELSE Øvrige brancher,1984,0.8177413432312206
Import inkl. told,Privat,REST_ANVENDELSE Øvrige brancher,1985,0.8390343632749566
Import inkl. told,Privat,REST_ANVENDELSE Øvrige brancher,1986,0.7446367351046445
Import inkl. told,Privat,REST_ANVENDELSE Øvrige brancher,1987,0.7202563786674684
Import inkl. told,Privat,REST_ANVENDELSE Øvrige brancher,1988,0.7235701116264522
Import inkl. told,Privat,REST_ANVENDELSE Øvrige brancher,1989,0.7729443875313192
Import inkl. told,Privat,REST_ANVENDELSE Øvrige brancher,1990,0.7781386918299426
Import inkl. told,Privat,REST_ANVENDELSE Øvrige brancher,1991,0.7837178921318603
Import inkl. told,Privat,REST_ANVENDELSE Øvrige brancher,1992,0.7755337174820695
Import inkl. told,Privat,REST_ANVENDELSE Øvrige brancher,1993,0.7602565602145215
Import inkl. told,Privat,REST_ANVENDELSE Øvrige brancher,1994,0.7683082004379774
Import inkl. told,Privat,REST_ANVENDELSE Øvrige brancher,1995,0.7990727538579762
Import inkl. told,Privat,REST_ANVENDELSE Øvrige brancher,1996,0.7953135755790747
Import inkl. told,Privat,REST_ANVENDELSE Øvrige brancher,1997,0.8064397131375838
Import inkl. told,Privat,REST_ANVENDELSE Øvrige brancher,1998,0.7925519286220789
Import inkl. told,Privat,REST_ANVENDELSE Øvrige brancher,1999,0.7856231162585053
Import inkl. told,Privat,REST_ANVENDELSE Øvrige brancher,2000,0.8377516534583179
Import inkl. told,Privat,REST_ANVENDELSE Øvrige brancher,2001,0.8480667204191792
Import inkl. told,Privat,REST_ANVENDELSE Øvrige brancher,2002,0.8361575243810505
Import inkl. told,Privat,REST_ANVENDELSE Øvrige brancher,2003,0.8351788713130636
Import inkl. told,Privat,REST_ANVENDELSE Øvrige brancher,2004,0.8590258539773697
Import inkl. told,Privat,REST_ANVENDELSE Øvrige brancher,2005,0.8897168331667409
Import inkl. told,Privat,REST_ANVENDELSE Øvrige brancher,2006,0.9216910009250544
Import inkl. told,Privat,REST_ANVENDELSE Øvrige brancher,2007,0.9496734253952978
Import inkl. told,Privat,REST_ANVENDELSE Øvrige brancher,2008,0.9852209468025882
Import inkl. told,Privat,REST_ANVENDELSE Øvrige brancher,2009,0.9376839842012153
Import inkl. told,Privat,REST_ANVENDELSE Øvrige brancher,2010,0.9739191200276808
Import inkl. told,Privat,REST_ANVENDELSE Øvrige brancher,2011,1.0256188886852875
Import inkl. told,Privat,REST_ANVENDELSE Øvrige brancher,2012,1.029824614048526
Import inkl. told,Privat,REST_ANVENDELSE Øvrige brancher,2013,1.0167435675550862
Import inkl. told,Privat,REST_ANVENDELSE Øvrige brancher,2014,1.008186283598196
Import inkl. told,Privat,REST_ANVENDELSE Øvrige brancher,2015,0.9827046346463107
Import inkl. told,Privat,REST_ANVENDELSE Øvrige brancher,2016,0.9647871650345564
Import inkl. told,Privat,REST_ANVENDELSE Øvrige brancher,2017,0.9929712062211941
Import inkl. told,Privat,REST_ANVENDELSE Øvrige brancher,2018,1.0185170288410883
Import inkl. told,Privat,REST_ANVENDELSE Øvrige brancher,2019,1.023436696937467
Import inkl. told,Privat,REST_ANVENDELSE Øvrige brancher,2020,1.0
Import inkl. told,Privat,REST_ANVENDELSE Øvrige brancher,2021,1.0846658759885563
Import inkl. told,Privat,REST_ANVENDELSE Øvrige brancher,2022,1.2636662435386687
Import inkl. told,REST_TILGANG Øvrige brancher,01000 Landbrug og gartneri- (Anvendelse),1967,0.11853100007171372
Import inkl. told,REST_TILGANG Øvrige brancher,01000 Landbrug og gartneri- (Anvendelse),1968,0.12396822559340796
Import inkl. told,REST_TILGANG Øvrige brancher,01000 Landbrug og gartneri- (Anvendelse),1969,0.12361964105159992
Import inkl. told,REST_TILGANG Øvrige brancher,01000 Landbrug og gartneri- (Anvendelse),1970,0.12048128402922546
Import inkl. told,REST_TILGANG Øvrige brancher,01000 Landbrug og gartneri- (Anvendelse),1971,0.12859333592123082
Import inkl. told,REST_TILGANG Øvrige brancher,01000 Landbrug og gartneri- (Anvendelse),1972,0.1273438609804185
Import inkl. told,REST_TILGANG Øvrige brancher,01000 Landbrug og gartneri- (Anvendelse),1973,0.137542548458513
Import inkl. told,REST_TILGANG Øvrige brancher,01000 Landbrug og gartneri- (Anvendelse),1974,0.23901482771638194
Import inkl. told,REST_TILGANG Øvrige brancher,01000 Landbrug og gartneri- (Anvendelse),1975,0.27244310280330275
Import inkl. told,REST_TILGANG Øvrige brancher,01000 Landbrug og gartneri- (Anvendelse),1976,0.2596328824502151
Import inkl. told,REST_TILGANG Øvrige brancher,01000 Landbrug og gartneri- (Anvendelse),1977,0.2535966411727178
Import inkl. told,REST_TILGANG Øvrige brancher,01000 Landbrug og gartneri- (Anvendelse),1978,0.26034896276079444
Import inkl. told,REST_TILGANG Øvrige brancher,01000 Landbrug og gartneri- (Anvendelse),1979,0.29243069793204074
Import inkl. told,REST_TILGANG Øvrige brancher,01000 Landbrug og gartneri- (Anvendelse),1980,0.3757774645393216
Import inkl. told,REST_TILGANG Øvrige brancher,01000 Landbrug og gartneri- (Anvendelse),1981,0.4391879557714682
Import inkl. told,REST_TILGANG Øvrige brancher,01000 Landbrug og gartneri- (Anvendelse),1982,0.5082360939412146
Import inkl. told,REST_TILGANG Øvrige brancher,01000 Landbrug og gartneri- (Anvendelse),1983,0.5018164220761918
Import inkl. told,REST_TILGANG Øvrige brancher,01000 Landbrug og gartneri- (Anvendelse),1984,0.5753660454637759
Import inkl. told,REST_TILGANG Øvrige brancher,01000 Landbrug og gartneri- (Anvendelse),1985,0.5963973840050218
Import inkl. told,REST_TILGANG Øvrige brancher,01000 Landbrug og gartneri- (Anvendelse),1986,0.5239620498467426
Import inkl. told,REST_TILGANG Øvrige brancher,01000 Landbrug og gartneri- (Anvendelse),1987,0.4750936161096411
Import inkl. told,REST_TILGANG Øvrige brancher,01000 Landbrug og gartneri- (Anvendelse),1988,0.4847370114553283
Import inkl. told,REST_TILGANG Øvrige brancher,01000 Landbrug og gartneri- (Anvendelse),1989,0.49745926335683205
Import inkl. told,REST_TILGANG Øvrige brancher,01000 Landbrug og gartneri- (Anvendelse),1990,0.49912296874321505
Import inkl. told,REST_TILGANG Øvrige brancher,01000 Landbrug og gartneri- (Anvendelse),1991,0.5122138283975676
Import inkl. told,REST_TILGANG Øvrige brancher,01000 Landbrug og gartneri- (Anvendelse),1992,0.5104245832493599
Import inkl. told,REST_TILGANG Øvrige brancher,01000 Landbrug og gartneri- (Anvendelse),1993,0.5005748117833564
Import inkl. told,REST_TILGANG Øvrige brancher,01000 Landbrug og gartneri- (Anvendelse),1994,0.503821481168118
Import inkl. told,REST_TILGANG Øvrige brancher,01000 Landbrug og gartneri- (Anvendelse),1995,0.5209276468591597
Import inkl. told,REST_TILGANG Øvrige brancher,01000 Landbrug og gartneri- (Anvendelse),1996,0.5140372420889191
Import inkl. told,REST_TILGANG Øvrige brancher,01000 Landbrug og gartneri- (Anvendelse),1997,0.5190153562931409
Import inkl. told,REST_TILGANG Øvrige brancher,01000 Landbrug og gartneri- (Anvendelse),1998,0.4998019432374087
Import inkl. told,REST_TILGANG Øvrige brancher,01000 Landbrug og gartneri- (Anvendelse),1999,0.5108055412813495
Import inkl. told,REST_TILGANG Øvrige brancher,01000 Landbrug og gartneri- (Anvendelse),2000,0.5562941259635709
Import inkl. told,REST_TILGANG Øvrige brancher,01000 Landbrug og gartneri- (Anvendelse),2001,0.5929926769742548
Import inkl. told,REST_TILGANG Øvrige brancher,01000 Landbrug og gartneri- (Anvendelse),2002,0.5896126927696161
Import inkl. told,REST_TILGANG Øvrige brancher,01000 Landbrug og gartneri- (Anvendelse),2003,0.5905916659676366
Import inkl. told,REST_TILGANG Øvrige brancher,01000 Landbrug og gartneri- (Anvendelse),2004,0.6370886056472717
Import inkl. told,REST_TILGANG Øvrige brancher,01000 Landbrug og gartneri- (Anvendelse),2005,0.7193518188825113
Import inkl. told,REST_TILGANG Øvrige brancher,01000 Landbrug og gartneri- (Anvendelse),2006,0.7539291274978929
Import inkl. told,REST_TILGANG Øvrige brancher,01000 Landbrug og gartneri- (Anvendelse),2007,0.7506033254091331
Import inkl. told,REST_TILGANG Øvrige brancher,01000 Landbrug og gartneri- (Anvendelse),2008,0.9953912796643113
Import inkl. told,REST_TILGANG Øvrige brancher,01000 Landbrug og gartneri- (Anvendelse),2009,0.8998861343939853
Import inkl. told,REST_TILGANG Øvrige brancher,01000 Landbrug og gartneri- (Anvendelse),2010,0.9868457920186057
Import inkl. told,REST_TILGANG Øvrige brancher,01000 Landbrug og gartneri- (Anvendelse),2011,1.1164457049834906
Import inkl. told,REST_TILGANG Øvrige brancher,01000 Landbrug og gartneri- (Anvendelse),2012,1.1292243356736047
Import inkl. told,REST_TILGANG Øvrige brancher,01000 Landbrug og gartneri- (Anvendelse),2013,1.1251016231288637
Import inkl. told,REST_TILGANG Øvrige brancher,01000 Landbrug og gartneri- (Anvendelse),2014,1.0898386769832533
Import inkl. told,REST_TILGANG Øvrige brancher,01000 Landbrug og gartneri- (Anvendelse),2015,1.03611441911792
Import inkl. told,REST_TILGANG Øvrige brancher,01000 Landbrug og gartneri- (Anvendelse),2016,0.9334514621157158
Import inkl. told,REST_TILGANG Øvrige brancher,01000 Landbrug og gartneri- (Anvendelse),2017,1.022189506707656
Import inkl. told,REST_TILGANG Øvrige brancher,01000 Landbrug og gartneri- (Anvendelse),2018,1.1269259481808498
Import inkl. told,REST_TILGANG Øvrige brancher,01000 Landbrug og gartneri- (Anvendelse),2019,1.129079511161725
Import inkl. told,REST_TILGANG Øvrige brancher,01000 Landbrug og gartneri- (Anvendelse),2020,1.0
Import inkl. told,REST_TILGANG Øvrige brancher,01000 Landbrug og gartneri- (Anvendelse),2021,1.2578524860223166
Import inkl. told,REST_TILGANG Øvrige brancher,01000 Landbrug og gartneri- (Anvendelse),2022,1.9299664715333902
Import inkl. told,REST_TILGANG Øvrige brancher,"10120 Føde-, drikke- og tobaksvareindustri- (Anvendelse)",1967,0.23593728854418625
Import inkl. told,REST_TILGANG Øvrige brancher,"10120 Føde-, drikke- og tobaksvareindustri- (Anvendelse)",1968,0.24163156406974418
Import inkl. told,REST_TILGANG Øvrige brancher,"10120 Føde-, drikke- og tobaksvareindustri- (Anvendelse)",1969,0.2414745533432563
Import inkl. told,REST_TILGANG Øvrige brancher,"10120 Føde-, drikke- og tobaksvareindustri- (Anvendelse)",1970,0.2563446270716833
Import inkl. told,REST_TILGANG Øvrige brancher,"10120 Føde-, drikke- og tobaksvareindustri- (Anvendelse)",1971,0.2706864123039915
Import inkl. told,REST_TILGANG Øvrige brancher,"10120 Føde-, drikke- og tobaksvareindustri- (Anvendelse)",1972,0.2820363356203603
Import inkl. told,REST_TILGANG Øvrige brancher,"10120 Føde-, drikke- og tobaksvareindustri- (Anvendelse)",1973,0.3007379849324999
Import inkl. told,REST_TILGANG Øvrige brancher,"10120 Føde-, drikke- og tobaksvareindustri- (Anvendelse)",1974,0.4022034121699811
Import inkl. told,REST_TILGANG Øvrige brancher,"10120 Føde-, drikke- og tobaksvareindustri- (Anvendelse)",1975,0.4133321037229691
Import inkl. told,REST_TILGANG Øvrige brancher,"10120 Føde-, drikke- og tobaksvareindustri- (Anvendelse)",1976,0.4338851866236705
Import inkl. told,REST_TILGANG Øvrige brancher,"10120 Føde-, drikke- og tobaksvareindustri- (Anvendelse)",1977,0.46197956691211917
Import inkl. told,REST_TILGANG Øvrige brancher,"10120 Føde-, drikke- og tobaksvareindustri- (Anvendelse)",1978,0.48139635666289543
Import inkl. told,REST_TILGANG Øvrige brancher,"10120 Føde-, drikke- og tobaksvareindustri- (Anvendelse)",1979,0.5316130978163496
Import inkl. told,REST_TILGANG Øvrige brancher,"10120 Føde-, drikke- og tobaksvareindustri- (Anvendelse)",1980,0.6102455117523587
Import inkl. told,REST_TILGANG Øvrige brancher,"10120 Føde-, drikke- og tobaksvareindustri- (Anvendelse)",1981,0.6733938959277379
Import inkl. told,REST_TILGANG Øvrige brancher,"10120 Føde-, drikke- og tobaksvareindustri- (Anvendelse)",1982,0.7292201651593794
Import inkl. told,REST_TILGANG Øvrige brancher,"10120 Føde-, drikke- og tobaksvareindustri- (Anvendelse)",1983,0.7582809396308675
Import inkl. told,REST_TILGANG Øvrige brancher,"10120 Føde-, drikke- og tobaksvareindustri- (Anvendelse)",1984,0.8030314078347655
Import inkl. told,REST_TILGANG Øvrige brancher,"10120 Føde-, drikke- og tobaksvareindustri- (Anvendelse)",1985,0.8356939689923293
Import inkl. told,REST_TILGANG Øvrige brancher,"10120 Føde-, drikke- og tobaksvareindustri- (Anvendelse)",1986,0.7645147524684863
Import inkl. told,REST_TILGANG Øvrige brancher,"10120 Føde-, drikke- og tobaksvareindustri- (Anvendelse)",1987,0.7433280358304202
Import inkl. told,REST_TILGANG Øvrige brancher,"10120 Føde-, drikke- og tobaksvareindustri- (Anvendelse)",1988,0.7661628923508872
Import inkl. told,REST_TILGANG Øvrige brancher,"10120 Føde-, drikke- og tobaksvareindustri- (Anvendelse)",1989,0.7864018917561472
Import inkl. told,REST_TILGANG Øvrige brancher,"10120 Føde-, drikke- og tobaksvareindustri- (Anvendelse)",1990,0.8043737109410563
Import inkl. told,REST_TILGANG Øvrige brancher,"10120 Føde-, drikke- og tobaksvareindustri- (Anvendelse)",1991,0.8169912839821795
Import inkl. told,REST_TILGANG Øvrige brancher,"10120 Føde-, drikke- og tobaksvareindustri- (Anvendelse)",1992,0.782533758716795
Import inkl. told,REST_TILGANG Øvrige brancher,"10120 Føde-, drikke- og tobaksvareindustri- (Anvendelse)",1993,0.7826181521546764
Import inkl. told,REST_TILGANG Øvrige brancher,"10120 Føde-, drikke- og tobaksvareindustri- (Anvendelse)",1994,0.7797818187466428
Import inkl. told,REST_TILGANG Øvrige brancher,"10120 Føde-, drikke- og tobaksvareindustri- (Anvendelse)",1995,0.7888262623424824
Import inkl. told,REST_TILGANG Øvrige brancher,"10120 Føde-, drikke- og tobaksvareindustri- (Anvendelse)",1996,0.759015949485813
Import inkl. told,REST_TILGANG Øvrige brancher,"10120 Føde-, drikke- og tobaksvareindustri- (Anvendelse)",1997,0.7728799587978519
Import inkl. told,REST_TILGANG Øvrige brancher,"10120 Føde-, drikke- og tobaksvareindustri- (Anvendelse)",1998,0.7902128461674829
Import inkl. told,REST_TILGANG Øvrige brancher,"10120 Føde-, drikke- og tobaksvareindustri- (Anvendelse)",1999,0.7724234153528368
Import inkl. told,REST_TILGANG Øvrige brancher,"10120 Føde-, drikke- og tobaksvareindustri- (Anvendelse)",2000,0.7995016012474153
Import inkl. told,REST_TILGANG Øvrige brancher,"10120 Føde-, drikke- og tobaksvareindustri- (Anvendelse)",2001,0.808384244751622
Import inkl. told,REST_TILGANG Øvrige brancher,"10120 Føde-, drikke- og tobaksvareindustri- (Anvendelse)",2002,0.8121690307600893
Import inkl. told,REST_TILGANG Øvrige brancher,"10120 Føde-, drikke- og tobaksvareindustri- (Anvendelse)",2003,0.7946285667963044
Import inkl. told,REST_TILGANG Øvrige brancher,"10120 Føde-, drikke- og tobaksvareindustri- (Anvendelse)",2004,0.8036293635911406
Import inkl. told,REST_TILGANG Øvrige brancher,"10120 Føde-, drikke- og tobaksvareindustri- (Anvendelse)",2005,0.8587924808880963
Import inkl. told,REST_TILGANG Øvrige brancher,"10120 Føde-, drikke- og tobaksvareindustri- (Anvendelse)",2006,0.8897318312770719
Import inkl. told,REST_TILGANG Øvrige brancher,"10120 Føde-, drikke- og tobaksvareindustri- (Anvendelse)",2007,0.90720283349721
Import inkl. told,REST_TILGANG Øvrige brancher,"10120 Føde-, drikke- og tobaksvareindustri- (Anvendelse)",2008,0.9344366907748388
Import inkl. told,REST_TILGANG Øvrige brancher,"10120 Føde-, drikke- og tobaksvareindustri- (Anvendelse)",2009,0.9061032697492608
Import inkl. told,REST_TILGANG Øvrige brancher,"10120 Føde-, drikke- og tobaksvareindustri- (Anvendelse)",2010,0.9593772915093072
Import inkl. told,REST_TILGANG Øvrige brancher,"10120 Føde-, drikke- og tobaksvareindustri- (Anvendelse)",2011,0.9909271888138366
Import inkl. told,REST_TILGANG Øvrige brancher,"10120 Føde-, drikke- og tobaksvareindustri- (Anvendelse)",2012,0.9984238775900649
Import inkl. told,REST_TILGANG Øvrige brancher,"10120 Føde-, drikke- og tobaksvareindustri- (Anvendelse)",2013,1.0113762003066245
Import inkl. told,REST_TILGANG Øvrige brancher,"10120 Føde-, drikke- og tobaksvareindustri- (Anvendelse)",2014,1.0002265157623238
Import inkl. told,REST_TILGANG Øvrige brancher,"10120 Føde-, drikke- og tobaksvareindustri- (Anvendelse)",2015,0.9879713122817303
Import inkl. told,REST_TILGANG Øvrige brancher,"10120 Føde-, drikke- og tobaksvareindustri- (Anvendelse)",2016,1.0001044298029387
Import inkl. told,REST_TILGANG Øvrige brancher,"10120 Føde-, drikke- og tobaksvareindustri- (Anvendelse)",2017,1.0113916585613802
Import inkl. told,REST_TILGANG Øvrige brancher,"10120 Føde-, drikke- og tobaksvareindustri- (Anvendelse)",2018,1.0193321398918078
Import inkl. told,REST_TILGANG Øvrige brancher,"10120 Føde-, drikke- og tobaksvareindustri- (Anvendelse)",2019,1.0238911634497878
Import inkl. told,REST_TILGANG Øvrige brancher,"10120 Føde-, drikke- og tobaksvareindustri- (Anvendelse)",2020,1.0
Import inkl. told,REST_TILGANG Øvrige brancher,"10120 Føde-, drikke- og tobaksvareindustri- (Anvendelse)",2021,1.0790412747100935
Import inkl. told,REST_TILGANG Øvrige brancher,"10120 Føde-, drikke- og tobaksvareindustri- (Anvendelse)",2022,1.2867152510566173
Import inkl. told,REST_TILGANG Øvrige brancher,"Anvendelse, i alt-(Anvendelse)",1967,0.24040029533798424
Import inkl. told,REST_TILGANG Øvrige brancher,"Anvendelse, i alt-(Anvendelse)",1968,0.2464497153478157
Import inkl. told,REST_TILGANG Øvrige brancher,"Anvendelse, i alt-(Anvendelse)",1969,0.25259676862047586
Import inkl. told,REST_TILGANG Øvrige brancher,"Anvendelse, i alt-(Anvendelse)",1970,0.26638868543045335
Import inkl. told,REST_TILGANG Øvrige brancher,"Anvendelse, i alt-(Anvendelse)",1971,0.28056073076924487
Import inkl. told,REST_TILGANG Øvrige brancher,"Anvendelse, i alt-(Anvendelse)",1972,0.300150169735732
Import inkl. told,REST_TILGANG Øvrige brancher,"Anvendelse, i alt-(Anvendelse)",1973,0.31641655465456103
Import inkl. told,REST_TILGANG Øvrige brancher,"Anvendelse, i alt-(Anvendelse)",1974,0.4209399041697928
Import inkl. told,REST_TILGANG Øvrige brancher,"Anvendelse, i alt-(Anvendelse)",1975,0.44490588865145714
Import inkl. told,REST_TILGANG Øvrige brancher,"Anvendelse, i alt-(Anvendelse)",1976,0.47158853722055466
Import inkl. told,REST_TILGANG Øvrige brancher,"Anvendelse, i alt-(Anvendelse)",1977,0.4962342878507276
Import inkl. told,REST_TILGANG Øvrige brancher,"Anvendelse, i alt-(Anvendelse)",1978,0.5113574351677708
Import inkl. told,REST_TILGANG Øvrige brancher,"Anvendelse, i alt-(Anvendelse)",1979,0.56877959287548
Import inkl. told,REST_TILGANG Øvrige brancher,"Anvendelse, i alt-(Anvendelse)",1980,0.6849336888595344
Import inkl. told,REST_TILGANG Øvrige brancher,"Anvendelse, i alt-(Anvendelse)",1981,0.7810762303091721
Import inkl. told,REST_TILGANG Øvrige brancher,"Anvendelse, i alt-(Anvendelse)",1982,0.8698612595099108
Import inkl. told,REST_TILGANG Øvrige brancher,"Anvendelse, i alt-(Anvendelse)",1983,0.9024819493379448
Import inkl. told,REST_TILGANG Øvrige brancher,"Anvendelse, i alt-(Anvendelse)",1984,0.9609218337438291
Import inkl. told,REST_TILGANG Øvrige brancher,"Anvendelse, i alt-(Anvendelse)",1985,0.9836019293109405
Import inkl. told,REST_TILGANG Øvrige brancher,"Anvendelse, i alt-(Anvendelse)",1986,0.8903524961555723
Import inkl. told,REST_TILGANG Øvrige brancher,"Anvendelse, i alt-(Anvendelse)",1987,0.8637715846680657
Import inkl. told,REST_TILGANG Øvrige brancher,"Anvendelse, i alt-(Anvendelse)",1988,0.866998559346066
Import inkl. told,REST_TILGANG Øvrige brancher,"Anvendelse, i alt-(Anvendelse)",1989,0.904254997567426
Import inkl. told,REST_TILGANG Øvrige brancher,"Anvendelse, i alt-(Anvendelse)",1990,0.9091833025265331
Import inkl. told,REST_TILGANG Øvrige brancher,"Anvendelse, i alt-(Anvendelse)",1991,0.919995491802665
Import inkl. told,REST_TILGANG Øvrige brancher,"Anvendelse, i alt-(Anvendelse)",1992,0.908953998439658
Import inkl. told,REST_TILGANG Øvrige brancher,"Anvendelse, i alt-(Anvendelse)",1993,0.8942185581052503
Import inkl. told,REST_TILGANG Øvrige brancher,"Anvendelse, i alt-(Anvendelse)",1994,0.8946328925646178
Import inkl. told,REST_TILGANG Øvrige brancher,"Anvendelse, i alt-(Anvendelse)",1995,0.9089431105908555
Import inkl. told,REST_TILGANG Øvrige brancher,"Anvendelse, i alt-(Anvendelse)",1996,0.9003532979735535
Import inkl. told,REST_TILGANG Øvrige brancher,"Anvendelse, i alt-(Anvendelse)",1997,0.9077867464835175
Import inkl. told,REST_TILGANG Øvrige brancher,"Anvendelse, i alt-(Anvendelse)",1998,0.891118941465982
Import inkl. told,REST_TILGANG Øvrige brancher,"Anvendelse, i alt-(Anvendelse)",1999,0.8832534401135391
Import inkl. told,REST_TILGANG Øvrige brancher,"Anvendelse, i alt-(Anvendelse)",2000,0.9250637777570366
Import inkl. told,REST_TILGANG Øvrige brancher,"Anvendelse, i alt-(Anvendelse)",2001,0.9310257832946023
Import inkl. told,REST_TILGANG Øvrige brancher,"Anvendelse, i alt-(Anvendelse)",2002,0.9192328297508219
Import inkl. told,REST_TILGANG Øvrige brancher,"Anvendelse, i alt-(Anvendelse)",2003,0.9109067990401019
Import inkl. told,REST_TILGANG Øvrige brancher,"Anvendelse, i alt-(Anvendelse)",2004,0.9187191704783194
Import inkl. told,REST_TILGANG Øvrige brancher,"Anvendelse, i alt-(Anvendelse)",2005,0.9461330626885865
Import inkl. told,REST_TILGANG Øvrige brancher,"Anvendelse, i alt-(Anvendelse)",2006,0.9685992555512669
Import inkl. told,REST_TILGANG Øvrige brancher,"Anvendelse, i alt-(Anvendelse)",2007,0.9865279160481737
Import inkl. told,REST_TILGANG Øvrige brancher,"Anvendelse, i alt-(Anvendelse)",2008,1.019978658793126
Import inkl. told,REST_TILGANG Øvrige brancher,"Anvendelse, i alt-(Anvendelse)",2009,0.9544286090022762
Import inkl. told,REST_TILGANG Øvrige brancher,"Anvendelse, i alt-(Anvendelse)",2010,0.9961075844136424
Import inkl. told,REST_TILGANG Øvrige brancher,"Anvendelse, i alt-(Anvendelse)",2011,1.0382702690024317
Import inkl. told,REST_TILGANG Øvrige brancher,"Anvendelse, i alt-(Anvendelse)",2012,1.0492662279248521
Import inkl. told,REST_TILGANG Øvrige brancher,"Anvendelse, i alt-(Anvendelse)",2013,1.035910095354805
Import inkl. told,REST_TILGANG Øvrige brancher,"Anvendelse, i alt-(Anvendelse)",2014,1.0258473063865996
Import inkl. told,REST_TILGANG Øvrige brancher,"Anvendelse, i alt-(Anvendelse)",2015,1.0118321011861882
Import inkl. told,REST_TILGANG Øvrige brancher,"Anvendelse, i alt-(Anvendelse)",2016,0.9918156615425686
Import inkl. told,REST_TILGANG Øvrige brancher,"Anvendelse, i alt-(Anvendelse)",2017,1.0063156827598092
Import inkl. told,REST_TILGANG Øvrige brancher,"Anvendelse, i alt-(Anvendelse)",2018,1.022738109983034
Import inkl. told,REST_TILGANG Øvrige brancher,"Anvendelse, i alt-(Anvendelse)",2019,1.0264336547554267
Import inkl. told,REST_TILGANG Øvrige brancher,"Anvendelse, i alt-(Anvendelse)",2020,1.0
Import inkl. told,REST_TILGANG Øvrige brancher,"Anvendelse, i alt-(Anvendelse)",2021,1.0604674641647593
Import inkl. told,REST_TILGANG Øvrige brancher,"Anvendelse, i alt-(Anvendelse)",2022,1.2220602208339788
Import inkl. told,REST_TILGANG Øvrige brancher,Eksport - (Anvendelse),1967,0.41917232973173474
Import inkl. told,REST_TILGANG Øvrige brancher,Eksport - (Anvendelse),1968,0.4147707277910514
Import inkl. told,REST_TILGANG Øvrige brancher,Eksport - (Anvendelse),1969,0.42524387842038797
Import inkl. told,REST_TILGANG Øvrige brancher,Eksport - (Anvendelse),1970,0.45469508897883965
Import inkl. told,REST_TILGANG Øvrige brancher,Eksport - (Anvendelse),1971,0.46922984055703865
Import inkl. told,REST_TILGANG Øvrige brancher,Eksport - (Anvendelse),1972,0.5166795575955413
Import inkl. told,REST_TILGANG Øvrige brancher,Eksport - (Anvendelse),1973,0.49310757789903287
Import inkl. told,REST_TILGANG Øvrige brancher,Eksport - (Anvendelse),1974,0.5950568346814219
Import inkl. told,REST_TILGANG Øvrige brancher,Eksport - (Anvendelse),1975,0.6246804515381081
Import inkl. told,REST_TILGANG Øvrige brancher,Eksport - (Anvendelse),1976,0.6529993979007261
Import inkl. told,REST_TILGANG Øvrige brancher,Eksport - (Anvendelse),1977,0.7027309830785654
Import inkl. told,REST_TILGANG Øvrige brancher,Eksport - (Anvendelse),1978,0.7382683212257103
Import inkl. told,REST_TILGANG Øvrige brancher,Eksport - (Anvendelse),1979,0.7512707092779679
Import inkl. told,REST_TILGANG Øvrige brancher,Eksport - (Anvendelse),1980,0.8606668895872106
Import inkl. told,REST_TILGANG Øvrige brancher,Eksport - (Anvendelse),1981,0.9214428167846174
Import inkl. told,REST_TILGANG Øvrige brancher,Eksport - (Anvendelse),1982,0.9867136198784188
Import inkl. told,REST_TILGANG Øvrige brancher,Eksport - (Anvendelse),1983,1.053819112117597
Import inkl. told,REST_TILGANG Øvrige brancher,Eksport - (Anvendelse),1984,1.1344977032251247
Import inkl. told,REST_TILGANG Øvrige brancher,Eksport - (Anvendelse),1985,1.110505680094099
Import inkl. told,REST_TILGANG Øvrige brancher,Eksport - (Anvendelse),1986,1.024701876697518
Import inkl. told,REST_TILGANG Øvrige brancher,Eksport - (Anvendelse),1987,1.0183838122328779
Import inkl. told,REST_TILGANG Øvrige brancher,Eksport - (Anvendelse),1988,1.0222481726723796
Import inkl. told,REST_TILGANG Øvrige brancher,Eksport - (Anvendelse),1989,1.0231957778813412
Import inkl. told,REST_TILGANG Øvrige brancher,Eksport - (Anvendelse),1990,1.0304258608969596
Import inkl. told,REST_TILGANG Øvrige brancher,Eksport - (Anvendelse),1991,1.056552720003791
Import inkl. told,REST_TILGANG Øvrige brancher,Eksport - (Anvendelse),1992,1.0570126199760752
Import inkl. told,REST_TILGANG Øvrige brancher,Eksport - (Anvendelse),1993,1.059612759255073
Import inkl. told,REST_TILGANG Øvrige brancher,Eksport - (Anvendelse),1994,1.039934370028211
Import inkl. told,REST_TILGANG Øvrige brancher,Eksport - (Anvendelse),1995,1.0298909526069695
Import inkl. told,REST_TILGANG Øvrige brancher,Eksport - (Anvendelse),1996,1.0076414451705318
Import inkl. told,REST_TILGANG Øvrige brancher,Eksport - (Anvendelse),1997,1.0097975246905377
Import inkl. told,REST_TILGANG Øvrige brancher,Eksport - (Anvendelse),1998,0.9952074109460319
Import inkl. told,REST_TILGANG Øvrige brancher,Eksport - (Anvendelse),1999,0.98353224594623
Import inkl. told,REST_TILGANG Øvrige brancher,Eksport - (Anvendelse),2000,1.0063227278711802
Import inkl. told,REST_TILGANG Øvrige brancher,Eksport - (Anvendelse),2001,1.003860938847116
Import inkl. told,REST_TILGANG Øvrige brancher,Eksport - (Anvendelse),2002,0.9853693502576196
Import inkl. told,REST_TILGANG Øvrige brancher,Eksport - (Anvendelse),2003,0.9757891743687794
Import inkl. told,REST_TILGANG Øvrige brancher,Eksport - (Anvendelse),2004,0.9406439785090772
Import inkl. told,REST_TILGANG Øvrige brancher,Eksport - (Anvendelse),2005,0.9879289545869179
Import inkl. told,REST_TILGANG Øvrige brancher,Eksport - (Anvendelse),2006,0.9977594393620629
Import inkl. told,REST_TILGANG Øvrige brancher,Eksport - (Anvendelse),2007,0.9998012797451973
Import inkl. told,REST_TILGANG Øvrige brancher,Eksport - (Anvendelse),2008,1.045700771409159
Import inkl. told,REST_TILGANG Øvrige brancher,Eksport - (Anvendelse),2009,0.9316973588435322
Import inkl. told,REST_TILGANG Øvrige brancher,Eksport - (Anvendelse),2010,1.000765291032936
Import inkl. told,REST_TILGANG Øvrige brancher,Eksport - (Anvendelse),2011,1.0420033160260553
Import inkl. told,REST_TILGANG Øvrige brancher,Eksport - (Anvendelse),2012,1.0686810544237448
Import inkl. told,REST_TILGANG Øvrige brancher,Eksport - (Anvendelse),2013,1.0536607409259793
Import inkl. told,REST_TILGANG Øvrige brancher,Eksport - (Anvendelse),2014,1.040135694027404
Import inkl. told,REST_TILGANG Øvrige brancher,Eksport - (Anvendelse),2015,1.0419579027849133
Import inkl. told,REST_TILGANG Øvrige brancher,Eksport - (Anvendelse),2016,1.0094181632195396
Import inkl. told,REST_TILGANG Øvrige brancher,Eksport - (Anvendelse),2017,1.0161018793731866
Import inkl. told,REST_TILGANG Øvrige brancher,Eksport - (Anvendelse),2018,1.0296261080498208
Import inkl. told,REST_TILGANG Øvrige brancher,Eksport - (Anvendelse),2019,1.0312326409404466
Import inkl. told,REST_TILGANG Øvrige brancher,Eksport - (Anvendelse),2020,1.0
Import inkl. told,REST_TILGANG Øvrige brancher,Eksport - (Anvendelse),2021,1.0519767283766064
Import inkl. told,REST_TILGANG Øvrige brancher,Eksport - (Anvendelse),2022,1.2141563771977755
Import inkl. told,REST_TILGANG Øvrige brancher,Faste bruttoinvesteringer + Lagerforøgelse + Værdigenstande (Anvendelse),1967,0.5799320780592501
Import inkl. told,REST_TILGANG Øvrige brancher,Faste bruttoinvesteringer + Lagerforøgelse + Værdigenstande (Anvendelse),1968,0.5903961927990046
Import inkl. told,REST_TILGANG Øvrige brancher,Faste bruttoinvesteringer + Lagerforøgelse + Værdigenstande (Anvendelse),1969,0.6066161236434086
Import inkl. told,REST_TILGANG Øvrige brancher,Faste bruttoinvesteringer + Lagerforøgelse + Værdigenstande (Anvendelse),1970,0.6317462570341728
Import inkl. told,REST_TILGANG Øvrige brancher,Faste bruttoinvesteringer + Lagerforøgelse + Værdigenstande (Anvendelse),1971,0.6877074036673114
Import inkl. told,REST_TILGANG Øvrige brancher,Faste bruttoinvesteringer + Lagerforøgelse + Værdigenstande (Anvendelse),1972,0.8029435824828683
Import inkl. told,REST_TILGANG Øvrige brancher,Faste bruttoinvesteringer + Lagerforøgelse + Værdigenstande (Anvendelse),1973,0.7849172072275761
Import inkl. told,REST_TILGANG Øvrige brancher,Faste bruttoinvesteringer + Lagerforøgelse + Værdigenstande (Anvendelse),1974,0.899458033581986
Import inkl. told,REST_TILGANG Øvrige brancher,Faste bruttoinvesteringer + Lagerforøgelse + Værdigenstande (Anvendelse),1975,0.982307380609683
Import inkl. told,REST_TILGANG Øvrige brancher,Faste bruttoinvesteringer + Lagerforøgelse + Værdigenstande (Anvendelse),1976,1.0499015974963286
Import inkl. told,REST_TILGANG Øvrige brancher,Faste bruttoinvesteringer + Lagerforøgelse + Værdigenstande (Anvendelse),1977,1.1244484576783722
Import inkl. told,REST_TILGANG Øvrige brancher,Faste bruttoinvesteringer + Lagerforøgelse + Værdigenstande (Anvendelse),1978,1.150083050128822
Import inkl. told,REST_TILGANG Øvrige brancher,Faste bruttoinvesteringer + Lagerforøgelse + Værdigenstande (Anvendelse),1979,1.1379663887415477
Import inkl. told,REST_TILGANG Øvrige brancher,Faste bruttoinvesteringer + Lagerforøgelse + Værdigenstande (Anvendelse),1980,1.2586913816533263
Import inkl. told,REST_TILGANG Øvrige brancher,Faste bruttoinvesteringer + Lagerforøgelse + Værdigenstande (Anvendelse),1981,1.4019169965248557
Import inkl. told,REST_TILGANG Øvrige brancher,Faste bruttoinvesteringer + Lagerforøgelse + Værdigenstande (Anvendelse),1982,1.549656097901447
Import inkl. told,REST_TILGANG Øvrige brancher,Faste bruttoinvesteringer + Lagerforøgelse + Værdigenstande (Anvendelse),1983,1.6348908713077184
Import inkl. told,REST_TILGANG Øvrige brancher,Faste bruttoinvesteringer + Lagerforøgelse + Værdigenstande (Anvendelse),1984,1.680525027367703
Import inkl. told,REST_TILGANG Øvrige brancher,Faste bruttoinvesteringer + Lagerforøgelse + Værdigenstande (Anvendelse),1985,1.7084927269853307
Import inkl. told,REST_TILGANG Øvrige brancher,Faste bruttoinvesteringer + Lagerforøgelse + Værdigenstande (Anvendelse),1986,1.5800004446670766
Import inkl. told,REST_TILGANG Øvrige brancher,Faste bruttoinvesteringer + Lagerforøgelse + Værdigenstande (Anvendelse),1987,1.4803435624112393
Import inkl. told,REST_TILGANG Øvrige brancher,Faste bruttoinvesteringer + Lagerforøgelse + Værdigenstande (Anvendelse),1988,1.4315488806308472
Import inkl. told,REST_TILGANG Øvrige brancher,Faste bruttoinvesteringer + Lagerforøgelse + Værdigenstande (Anvendelse),1989,1.4164055774347086
Import inkl. told,REST_TILGANG Øvrige brancher,Faste bruttoinvesteringer + Lagerforøgelse + Værdigenstande (Anvendelse),1990,1.4042573403931053
Import inkl. told,REST_TILGANG Øvrige brancher,Faste bruttoinvesteringer + Lagerforøgelse + Værdigenstande (Anvendelse),1991,1.4137610027573881
Import inkl. told,REST_TILGANG Øvrige brancher,Faste bruttoinvesteringer + Lagerforøgelse + Værdigenstande (Anvendelse),1992,1.3488269953828897
Import inkl. told,REST_TILGANG Øvrige brancher,Faste bruttoinvesteringer + Lagerforøgelse + Værdigenstande (Anvendelse),1993,1.3072411356275127
Import inkl. told,REST_TILGANG Øvrige brancher,Faste bruttoinvesteringer + Lagerforøgelse + Værdigenstande (Anvendelse),1994,1.288382008559011
Import inkl. told,REST_TILGANG Øvrige brancher,Faste bruttoinvesteringer + Lagerforøgelse + Værdigenstande (Anvendelse),1995,1.2613925615590083
Import inkl. told,REST_TILGANG Øvrige brancher,Faste bruttoinvesteringer + Lagerforøgelse + Værdigenstande (Anvendelse),1996,1.226116618538852
Import inkl. told,REST_TILGANG Øvrige brancher,Faste bruttoinvesteringer + Lagerforøgelse + Værdigenstande (Anvendelse),1997,1.2236043408145232
Import inkl. told,REST_TILGANG Øvrige brancher,Faste bruttoinvesteringer + Lagerforøgelse + Værdigenstande (Anvendelse),1998,1.1822365463952076
Import inkl. told,REST_TILGANG Øvrige brancher,Faste bruttoinvesteringer + Lagerforøgelse + Værdigenstande (Anvendelse),1999,1.152321153910751
Import inkl. told,REST_TILGANG Øvrige brancher,Faste bruttoinvesteringer + Lagerforøgelse + Værdigenstande (Anvendelse),2000,1.182139838327697
Import inkl. told,REST_TILGANG Øvrige brancher,Faste bruttoinvesteringer + Lagerforøgelse + Værdigenstande (Anvendelse),2001,1.177835472708196
Import inkl. told,REST_TILGANG Øvrige brancher,Faste bruttoinvesteringer + Lagerforøgelse + Værdigenstande (Anvendelse),2002,1.1620635816796234
Import inkl. told,REST_TILGANG Øvrige brancher,Faste bruttoinvesteringer + Lagerforøgelse + Værdigenstande (Anvendelse),2003,1.1020726069981117
Import inkl. told,REST_TILGANG Øvrige brancher,Faste bruttoinvesteringer + Lagerforøgelse + Værdigenstande (Anvendelse),2004,1.1033645832735766
Import inkl. told,REST_TILGANG Øvrige brancher,Faste bruttoinvesteringer + Lagerforøgelse + Værdigenstande (Anvendelse),2005,1.0880239087516583
Import inkl. told,REST_TILGANG Øvrige brancher,Faste bruttoinvesteringer + Lagerforøgelse + Værdigenstande (Anvendelse),2006,1.094575576229072
Import inkl. told,REST_TILGANG Øvrige brancher,Faste bruttoinvesteringer + Lagerforøgelse + Værdigenstande (Anvendelse),2007,1.1273964437761756
Import inkl. told,REST_TILGANG Øvrige brancher,Faste bruttoinvesteringer + Lagerforøgelse + Værdigenstande (Anvendelse),2008,1.1462247557787055
Import inkl. told,REST_TILGANG Øvrige brancher,Faste bruttoinvesteringer + Lagerforøgelse + Værdigenstande (Anvendelse),2009,1.0475540786739366
Import inkl. told,REST_TILGANG Øvrige brancher,Faste bruttoinvesteringer + Lagerforøgelse + Værdigenstande (Anvendelse),2010,1.0441890908667593
Import inkl. told,REST_TILGANG Øvrige brancher,Faste bruttoinvesteringer + Lagerforøgelse + Værdigenstande (Anvendelse),2011,1.0325660425117646
Import inkl. told,REST_TILGANG Øvrige brancher,Faste bruttoinvesteringer + Lagerforøgelse + Værdigenstande (Anvendelse),2012,1.0545549026455163
Import inkl. told,REST_TILGANG Øvrige brancher,Faste bruttoinvesteringer + Lagerforøgelse + Værdigenstande (Anvendelse),2013,1.0264110949461072
Import inkl. told,REST_TILGANG Øvrige brancher,Faste bruttoinvesteringer + Lagerforøgelse + Værdigenstande (Anvendelse),2014,1.0390670256939314
Import inkl. told,REST_TILGANG Øvrige brancher,Faste bruttoinvesteringer + Lagerforøgelse + Værdigenstande (Anvendelse),2015,1.058318855902918
Import inkl. told,REST_TILGANG Øvrige brancher,Faste bruttoinvesteringer + Lagerforøgelse + Værdigenstande (Anvendelse),2016,1.0480658280404698
Import inkl. told,REST_TILGANG Øvrige brancher,Faste bruttoinvesteringer + Lagerforøgelse + Værdigenstande (Anvendelse),2017,1.026751940987934
Import inkl. told,REST_TILGANG Øvrige brancher,Faste bruttoinvesteringer + Lagerforøgelse + Værdigenstande (Anvendelse),2018,1.013557894033434
Import inkl. told,REST_TILGANG Øvrige brancher,Faste bruttoinvesteringer + Lagerforøgelse + Værdigenstande (Anvendelse),2019,1.018402467406445
Import inkl. told,REST_TILGANG Øvrige brancher,Faste bruttoinvesteringer + Lagerforøgelse + Værdigenstande (Anvendelse),2020,1.0
Import inkl. told,REST_TILGANG Øvrige brancher,Faste bruttoinvesteringer + Lagerforøgelse + Værdigenstande (Anvendelse),2021,0.9933111515797961
Import inkl. told,REST_TILGANG Øvrige brancher,Faste bruttoinvesteringer + Lagerforøgelse + Værdigenstande (Anvendelse),2022,1.093358941048564
Import inkl. told,REST_TILGANG Øvrige brancher,Husholdningernes forbrugsudgifter + NPISH (Anvendelse),1967,0.253229768292136
Import inkl. told,REST_TILGANG Øvrige brancher,Husholdningernes forbrugsudgifter + NPISH (Anvendelse),1968,0.2573664537702305
Import inkl. told,REST_TILGANG Øvrige brancher,Husholdningernes forbrugsudgifter + NPISH (Anvendelse),1969,0.2563370263517993
Import inkl. told,REST_TILGANG Øvrige brancher,Husholdningernes forbrugsudgifter + NPISH (Anvendelse),1970,0.2642230979800276
Import inkl. told,REST_TILGANG Øvrige brancher,Husholdningernes forbrugsudgifter + NPISH (Anvendelse),1971,0.28188998253320113
Import inkl. told,REST_TILGANG Øvrige brancher,Husholdningernes forbrugsudgifter + NPISH (Anvendelse),1972,0.31206918690117647
Import inkl. told,REST_TILGANG Øvrige brancher,Husholdningernes forbrugsudgifter + NPISH (Anvendelse),1973,0.3314233008831742
Import inkl. told,REST_TILGANG Øvrige brancher,Husholdningernes forbrugsudgifter + NPISH (Anvendelse),1974,0.40663936180397847
Import inkl. told,REST_TILGANG Øvrige brancher,Husholdningernes forbrugsudgifter + NPISH (Anvendelse),1975,0.4242657873713026
Import inkl. told,REST_TILGANG Øvrige brancher,Husholdningernes forbrugsudgifter + NPISH (Anvendelse),1976,0.45158993389811314
Import inkl. told,REST_TILGANG Øvrige brancher,Husholdningernes forbrugsudgifter + NPISH (Anvendelse),1977,0.47140150099643024
Import inkl. told,REST_TILGANG Øvrige brancher,Husholdningernes forbrugsudgifter + NPISH (Anvendelse),1978,0.4946688393886976
Import inkl. told,REST_TILGANG Øvrige brancher,Husholdningernes forbrugsudgifter + NPISH (Anvendelse),1979,0.5657158585647207
Import inkl. told,REST_TILGANG Øvrige brancher,Husholdningernes forbrugsudgifter + NPISH (Anvendelse),1980,0.6680337729133674
Import inkl. told,REST_TILGANG Øvrige brancher,Husholdningernes forbrugsudgifter + NPISH (Anvendelse),1981,0.7306487173531346
Import inkl. told,REST_TILGANG Øvrige brancher,Husholdningernes forbrugsudgifter + NPISH (Anvendelse),1982,0.7990480389334252
Import inkl. told,REST_TILGANG Øvrige brancher,Husholdningernes forbrugsudgifter + NPISH (Anvendelse),1983,0.8239367658662792
Import inkl. told,REST_TILGANG Øvrige brancher,Husholdningernes forbrugsudgifter + NPISH (Anvendelse),1984,0.8719918058624883
Import inkl. told,REST_TILGANG Øvrige brancher,Husholdningernes forbrugsudgifter + NPISH (Anvendelse),1985,0.9045518083711235
Import inkl. told,REST_TILGANG Øvrige brancher,Husholdningernes forbrugsudgifter + NPISH (Anvendelse),1986,0.8523766466260526
Import inkl. told,REST_TILGANG Øvrige brancher,Husholdningernes forbrugsudgifter + NPISH (Anvendelse),1987,0.8547992244835936
Import inkl. told,REST_TILGANG Øvrige brancher,Husholdningernes forbrugsudgifter + NPISH (Anvendelse),1988,0.8802898967656979
Import inkl. told,REST_TILGANG Øvrige brancher,Husholdningernes forbrugsudgifter + NPISH (Anvendelse),1989,0.9182841713438891
Import inkl. told,REST_TILGANG Øvrige brancher,Husholdningernes forbrugsudgifter + NPISH (Anvendelse),1990,0.9289675143284486
Import inkl. told,REST_TILGANG Øvrige brancher,Husholdningernes forbrugsudgifter + NPISH (Anvendelse),1991,0.9465466414081194
Import inkl. told,REST_TILGANG Øvrige brancher,Husholdningernes forbrugsudgifter + NPISH (Anvendelse),1992,0.9591305417816082
Import inkl. told,REST_TILGANG Øvrige brancher,Husholdningernes forbrugsudgifter + NPISH (Anvendelse),1993,0.9559186726934353
Import inkl. told,REST_TILGANG Øvrige brancher,Husholdningernes forbrugsudgifter + NPISH (Anvendelse),1994,0.962671086544159
Import inkl. told,REST_TILGANG Øvrige brancher,Husholdningernes forbrugsudgifter + NPISH (Anvendelse),1995,0.9610176273160611
Import inkl. told,REST_TILGANG Øvrige brancher,Husholdningernes forbrugsudgifter + NPISH (Anvendelse),1996,0.9656755569910592
Import inkl. told,REST_TILGANG Øvrige brancher,Husholdningernes forbrugsudgifter + NPISH (Anvendelse),1997,0.97305887549031
Import inkl. told,REST_TILGANG Øvrige brancher,Husholdningernes forbrugsudgifter + NPISH (Anvendelse),1998,0.9616446099497259
Import inkl. told,REST_TILGANG Øvrige brancher,Husholdningernes forbrugsudgifter + NPISH (Anvendelse),1999,0.9673591768981451
Import inkl. told,REST_TILGANG Øvrige brancher,Husholdningernes forbrugsudgifter + NPISH (Anvendelse),2000,0.9910069017520076
Import inkl. told,REST_TILGANG Øvrige brancher,Husholdningernes forbrugsudgifter + NPISH (Anvendelse),2001,0.9942152579582432
Import inkl. told,REST_TILGANG Øvrige brancher,Husholdningernes forbrugsudgifter + NPISH (Anvendelse),2002,0.9966112637165915
Import inkl. told,REST_TILGANG Øvrige brancher,Husholdningernes forbrugsudgifter + NPISH (Anvendelse),2003,0.9980876389382753
Import inkl. told,REST_TILGANG Øvrige brancher,Husholdningernes forbrugsudgifter + NPISH (Anvendelse),2004,1.001433305106621
Import inkl. told,REST_TILGANG Øvrige brancher,Husholdningernes forbrugsudgifter + NPISH (Anvendelse),2005,1.014804398651913
Import inkl. told,REST_TILGANG Øvrige brancher,Husholdningernes forbrugsudgifter + NPISH (Anvendelse),2006,1.0302247693465771
Import inkl. told,REST_TILGANG Øvrige brancher,Husholdningernes forbrugsudgifter + NPISH (Anvendelse),2007,1.0184518986027364
Import inkl. told,REST_TILGANG Øvrige brancher,Husholdningernes forbrugsudgifter + NPISH (Anvendelse),2008,1.0216076749168053
Import inkl. told,REST_TILGANG Øvrige brancher,Husholdningernes forbrugsudgifter + NPISH (Anvendelse),2009,0.9940232823582854
Import inkl. told,REST_TILGANG Øvrige brancher,Husholdningernes forbrugsudgifter + NPISH (Anvendelse),2010,1.0379581626963237
Import inkl. told,REST_TILGANG Øvrige brancher,Husholdningernes forbrugsudgifter + NPISH (Anvendelse),2011,1.0787534484054804
Import inkl. told,REST_TILGANG Øvrige brancher,Husholdningernes forbrugsudgifter + NPISH (Anvendelse),2012,1.0841216030369885
Import inkl. told,REST_TILGANG Øvrige brancher,Husholdningernes forbrugsudgifter + NPISH (Anvendelse),2013,1.0810648152954418
Import inkl. told,REST_TILGANG Øvrige brancher,Husholdningernes forbrugsudgifter + NPISH (Anvendelse),2014,1.0505848251594971
Import inkl. told,REST_TILGANG Øvrige brancher,Husholdningernes forbrugsudgifter + NPISH (Anvendelse),2015,1.0354461676148146
Import inkl. told,REST_TILGANG Øvrige brancher,Husholdningernes forbrugsudgifter + NPISH (Anvendelse),2016,1.024638485599069
Import inkl. told,REST_TILGANG Øvrige brancher,Husholdningernes forbrugsudgifter + NPISH (Anvendelse),2017,1.0229936881074302
Import inkl. told,REST_TILGANG Øvrige brancher,Husholdningernes forbrugsudgifter + NPISH (Anvendelse),2018,1.0278188619130542
Import inkl. told,REST_TILGANG Øvrige brancher,Husholdningernes forbrugsudgifter + NPISH (Anvendelse),2019,1.0308655280495163
Import inkl. told,REST_TILGANG Øvrige brancher,Husholdningernes forbrugsudgifter + NPISH (Anvendelse),2020,1.0
Import inkl. told,REST_TILGANG Øvrige brancher,Husholdningernes forbrugsudgifter + NPISH (Anvendelse),2021,1.029233306304766
Import inkl. told,REST_TILGANG Øvrige brancher,Husholdningernes forbrugsudgifter + NPISH (Anvendelse),2022,1.1547304108360112
Import inkl. told,REST_TILGANG Øvrige brancher,"Offentligt forbrug, i alt-(Anvendelse)",1967,0.41306608506705006
Import inkl. told,REST_TILGANG Øvrige brancher,"Offentligt forbrug, i alt-(Anvendelse)",1968,0.3911002204749752
Import inkl. told,REST_TILGANG Øvrige brancher,"Offentligt forbrug, i alt-(Anvendelse)",1969,0.42133202953261595
Import inkl. told,REST_TILGANG Øvrige brancher,"Offentligt forbrug, i alt-(Anvendelse)",1970,0.4218454502491639
Import inkl. told,REST_TILGANG Øvrige brancher,"Offentligt forbrug, i alt-(Anvendelse)",1971,0.4509421811276942
Import inkl. told,REST_TILGANG Øvrige brancher,"Offentligt forbrug, i alt-(Anvendelse)",1972,0.46454562863385396
Import inkl. told,REST_TILGANG Øvrige brancher,"Offentligt forbrug, i alt-(Anvendelse)",1973,0.4872167265877068
Import inkl. told,REST_TILGANG Øvrige brancher,"Offentligt forbrug, i alt-(Anvendelse)",1974,0.5502586933612059
Import inkl. told,REST_TILGANG Øvrige brancher,"Offentligt forbrug, i alt-(Anvendelse)",1975,0.6039350149293267
Import inkl. told,REST_TILGANG Øvrige brancher,"Offentligt forbrug, i alt-(Anvendelse)",1976,0.6389247766047376
Import inkl. told,REST_TILGANG Øvrige brancher,"Offentligt forbrug, i alt-(Anvendelse)",1977,0.6608046093213005
Import inkl. told,REST_TILGANG Øvrige brancher,"Offentligt forbrug, i alt-(Anvendelse)",1978,0.6837664035355461
Import inkl. told,REST_TILGANG Øvrige brancher,"Offentligt forbrug, i alt-(Anvendelse)",1979,0.7219521556302869
Import inkl. told,REST_TILGANG Øvrige brancher,"Offentligt forbrug, i alt-(Anvendelse)",1980,0.7911380767442763
Import inkl. told,REST_TILGANG Øvrige brancher,"Offentligt forbrug, i alt-(Anvendelse)",1981,0.8773505873218412
Import inkl. told,REST_TILGANG Øvrige brancher,"Offentligt forbrug, i alt-(Anvendelse)",1982,0.9806861380579892
Import inkl. told,REST_TILGANG Øvrige brancher,"Offentligt forbrug, i alt-(Anvendelse)",1983,1.0371730861800499
Import inkl. told,REST_TILGANG Øvrige brancher,"Offentligt forbrug, i alt-(Anvendelse)",1984,1.1143004896819897
Import inkl. told,REST_TILGANG Øvrige brancher,"Offentligt forbrug, i alt-(Anvendelse)",1985,1.1715194028940015
Import inkl. told,REST_TILGANG Øvrige brancher,"Offentligt forbrug, i alt-(Anvendelse)",1986,1.1841717919662558
Import inkl. told,REST_TILGANG Øvrige brancher,"Offentligt forbrug, i alt-(Anvendelse)",1987,1.2082859980042322
Import inkl. told,REST_TILGANG Øvrige brancher,"Offentligt forbrug, i alt-(Anvendelse)",1988,1.2489793177932071
Import inkl. told,REST_TILGANG Øvrige brancher,"Offentligt forbrug, i alt-(Anvendelse)",1989,1.2914514200695353
Import inkl. told,REST_TILGANG Øvrige brancher,"Offentligt forbrug, i alt-(Anvendelse)",1990,1.0340941917055027
Import inkl. told,REST_TILGANG Øvrige brancher,"Offentligt forbrug, i alt-(Anvendelse)",1991,1.0795007354993036
Import inkl. told,REST_TILGANG Øvrige brancher,"Offentligt forbrug, i alt-(Anvendelse)",1992,1.1047391287863269
Import inkl. told,REST_TILGANG Øvrige brancher,"Offentligt forbrug, i alt-(Anvendelse)",1993,1.0816614497645818
Import inkl. told,REST_TILGANG Øvrige brancher,"Offentligt forbrug, i alt-(Anvendelse)",1994,1.0682465716354346
Import inkl. told,REST_TILGANG Øvrige brancher,"Offentligt forbrug, i alt-(Anvendelse)",1995,1.0585262211666917
Import inkl. told,REST_TILGANG Øvrige brancher,"Offentligt forbrug, i alt-(Anvendelse)",1996,1.0465951930057702
Import inkl. told,REST_TILGANG Øvrige brancher,"Offentligt forbrug, i alt-(Anvendelse)",1997,1.0602522073318261
Import inkl. told,REST_TILGANG Øvrige brancher,"Offentligt forbrug, i alt-(Anvendelse)",1998,1.048739264300772
Import inkl. told,REST_TILGANG Øvrige brancher,"Offentligt forbrug, i alt-(Anvendelse)",1999,1.0428321666162519
Import inkl. told,REST_TILGANG Øvrige brancher,"Offentligt forbrug, i alt-(Anvendelse)",2000,1.0532706964046603
Import inkl. told,REST_TILGANG Øvrige brancher,"Offentligt forbrug, i alt-(Anvendelse)",2001,1.0755988436590582
Import inkl. told,REST_TILGANG Øvrige brancher,"Offentligt forbrug, i alt-(Anvendelse)",2002,1.0619529976168705
Import inkl. told,REST_TILGANG Øvrige brancher,"Offentligt forbrug, i alt-(Anvendelse)",2003,1.1220694040250816
Import inkl. told,REST_TILGANG Øvrige brancher,"Offentligt forbrug, i alt-(Anvendelse)",2004,1.0858029455292812
Import inkl. told,REST_TILGANG Øvrige brancher,"Offentligt forbrug, i alt-(Anvendelse)",2005,1.09033785906853
Import inkl. told,REST_TILGANG Øvrige brancher,"Offentligt forbrug, i alt-(Anvendelse)",2006,1.1858691213521781
Import inkl. told,REST_TILGANG Øvrige brancher,"Offentligt forbrug, i alt-(Anvendelse)",2007,1.2557254872122336
Import inkl. told,REST_TILGANG Øvrige brancher,"Offentligt forbrug, i alt-(Anvendelse)",2008,1.2519107303011128
Import inkl. told,REST_TILGANG Øvrige brancher,"Offentligt forbrug, i alt-(Anvendelse)",2009,1.0847402724117938
Import inkl. told,REST_TILGANG Øvrige brancher,"Offentligt forbrug, i alt-(Anvendelse)",2010,1.092476674122203
Import inkl. told,REST_TILGANG Øvrige brancher,"Offentligt forbrug, i alt-(Anvendelse)",2011,1.1002854997796923
Import inkl. told,REST_TILGANG Øvrige brancher,"Offentligt forbrug, i alt-(Anvendelse)",2012,1.0774277933995737
Import inkl. told,REST_TILGANG Øvrige brancher,"Offentligt forbrug, i alt-(Anvendelse)",2013,1.0916303041422346
Import inkl. told,REST_TILGANG Øvrige brancher,"Offentligt forbrug, i alt-(Anvendelse)",2014,1.0868890662570223
Import inkl. told,REST_TILGANG Øvrige brancher,"Offentligt forbrug, i alt-(Anvendelse)",2015,1.0560378980185432
Import inkl. told,REST_TILGANG Øvrige brancher,"Offentligt forbrug, i alt-(Anvendelse)",2016,1.0210609968599402
Import inkl. told,REST_TILGANG Øvrige brancher,"Offentligt forbrug, i alt-(Anvendelse)",2017,0.9974490496387375
Import inkl. told,REST_TILGANG Øvrige brancher,"Offentligt forbrug, i alt-(Anvendelse)",2018,0.9837952114221388
Import inkl. told,REST_TILGANG Øvrige brancher,"Offentligt forbrug, i alt-(Anvendelse)",2019,1.0023978048232935
Import inkl. told,REST_TILGANG Øvrige brancher,"Offentligt forbrug, i alt-(Anvendelse)",2020,1.0
Import inkl. told,REST_TILGANG Øvrige brancher,"Offentligt forbrug, i alt-(Anvendelse)",2021,1.0027279974728356
Import inkl. told,REST_TILGANG Øvrige brancher,"Offentligt forbrug, i alt-(Anvendelse)",2022,1.026183109174269
Import inkl. told,REST_TILGANG Øvrige brancher,Privat,1967,0.1778458514846842
Import inkl. told,REST_TILGANG Øvrige brancher,Privat,1968,0.18340874674331892
Import inkl. told,REST_TILGANG Øvrige brancher,Privat,1969,0.18937009346369868
Import inkl. told,REST_TILGANG Øvrige brancher,Privat,1970,0.2016761478278092
Import inkl. told,REST_TILGANG Øvrige brancher,Privat,1971,0.21031344983726163
Import inkl. told,REST_TILGANG Øvrige brancher,Privat,1972,0.2194618870201237
Import inkl. told,REST_TILGANG Øvrige brancher,Privat,1973,0.2367829534912996
Import inkl. told,REST_TILGANG Øvrige brancher,Privat,1974,0.3342066770551491
Import inkl. told,REST_TILGANG Øvrige brancher,Privat,1975,0.35169112099767974
Import inkl. told,REST_TILGANG Øvrige brancher,Privat,1976,0.37177533614630864
Import inkl. told,REST_TILGANG Øvrige brancher,Privat,1977,0.38986374811714997
Import inkl. told,REST_TILGANG Øvrige brancher,Privat,1978,0.3990659492409444
Import inkl. told,REST_TILGANG Øvrige brancher,Privat,1979,0.4572593954193411
Import inkl. told,REST_TILGANG Øvrige brancher,Privat,1980,0.5629580938838193
Import inkl. told,REST_TILGANG Øvrige brancher,Privat,1981,0.6562670386559901
Import inkl. told,REST_TILGANG Øvrige brancher,Privat,1982,0.7377370532120822
Import inkl. told,REST_TILGANG Øvrige brancher,Privat,1983,0.7615946096527224
Import inkl. told,REST_TILGANG Øvrige brancher,Privat,1984,0.8166449525881024
Import inkl. told,REST_TILGANG Øvrige brancher,Privat,1985,0.8389108545343162
Import inkl. told,REST_TILGANG Øvrige brancher,Privat,1986,0.7429774916310667
Import inkl. told,REST_TILGANG Øvrige brancher,Privat,1987,0.717524631124749
Import inkl. told,REST_TILGANG Øvrige brancher,Privat,1988,0.722217181848261
Import inkl. told,REST_TILGANG Øvrige brancher,Privat,1989,0.771253001015607
Import inkl. told,REST_TILGANG Øvrige brancher,Privat,1990,0.7773762364027225
Import inkl. told,REST_TILGANG Øvrige brancher,Privat,1991,0.7828727678696783
Import inkl. told,REST_TILGANG Øvrige brancher,Privat,1992,0.7727910506911839
Import inkl. told,REST_TILGANG Øvrige brancher,Privat,1993,0.7560718976579408
Import inkl. told,REST_TILGANG Øvrige brancher,Privat,1994,0.7622555303363344
Import inkl. told,REST_TILGANG Øvrige brancher,Privat,1995,0.7934741174683102
Import inkl. told,REST_TILGANG Øvrige brancher,Privat,1996,0.7884329770749232
Import inkl. told,REST_TILGANG Øvrige brancher,Privat,1997,0.7990379877958687
Import inkl. told,REST_TILGANG Øvrige brancher,Privat,1998,0.7853937559870015
Import inkl. told,REST_TILGANG Øvrige brancher,Privat,1999,0.7788909850707237
Import inkl. told,REST_TILGANG Øvrige brancher,Privat,2000,0.8334412788433361
Import inkl. told,REST_TILGANG Øvrige brancher,Privat,2001,0.8432718312982701
Import inkl. told,REST_TILGANG Øvrige brancher,Privat,2002,0.8293735731461591
Import inkl. told,REST_TILGANG Øvrige brancher,Privat,2003,0.829602000048171
Import inkl. told,REST_TILGANG Øvrige brancher,Privat,2004,0.8554751166488703
Import inkl. told,REST_TILGANG Øvrige brancher,Privat,2005,0.8888424175084115
Import inkl. told,REST_TILGANG Øvrige brancher,Privat,2006,0.9205678301629181
Import inkl. told,REST_TILGANG Øvrige brancher,Privat,2007,0.9457971274713275
Import inkl. told,REST_TILGANG Øvrige brancher,Privat,2008,0.9857900894256142
Import inkl. told,REST_TILGANG Øvrige brancher,Privat,2009,0.934538238367344
Import inkl. told,REST_TILGANG Øvrige brancher,Privat,2010,0.9749242023603631
Import inkl. told,REST_TILGANG Øvrige brancher,Privat,2011,1.0294103270142316
Import inkl. told,REST_TILGANG Øvrige brancher,Privat,2012,1.034060097126182
Import inkl. told,REST_TILGANG Øvrige brancher,Privat,2013,1.0206278806297968
Import inkl. told,REST_TILGANG Øvrige brancher,Privat,2014,1.0109639178744811
Import inkl. told,REST_TILGANG Øvrige brancher,Privat,2015,0.9833901344047195
Import inkl. told,REST_TILGANG Øvrige brancher,Privat,2016,0.9642276470585516
Import inkl. told,REST_TILGANG Øvrige brancher,Privat,2017,0.9953176567325949
Import inkl. told,REST_TILGANG Øvrige brancher,Privat,2018,1.0240113421475914
Import inkl. told,REST_TILGANG Øvrige brancher,Privat,2019,1.0277122371662557
Import inkl. told,REST_TILGANG Øvrige brancher,Privat,2020,1.0
Import inkl. told,REST_TILGANG Øvrige brancher,Privat,2021,1.0919827358121896
Import inkl. told,REST_TILGANG Øvrige brancher,Privat,2022,1.2861217710134691
Import inkl. told,REST_TILGANG Øvrige brancher,REST_ANVENDELSE Øvrige brancher,1967,0.1780914447435966
Import inkl. told,REST_TILGANG Øvrige brancher,REST_ANVENDELSE Øvrige brancher,1968,0.18364386980747477
Import inkl. told,REST_TILGANG Øvrige brancher,REST_ANVENDELSE Øvrige brancher,1969,0.18988888828485123
Import inkl. told,REST_TILGANG Øvrige brancher,REST_ANVENDELSE Øvrige brancher,1970,0.2024955562724766
Import inkl. told,REST_TILGANG Øvrige brancher,REST_ANVENDELSE Øvrige brancher,1971,0.21105526168313027
Import inkl. told,REST_TILGANG Øvrige brancher,REST_ANVENDELSE Øvrige brancher,1972,0.2205870366880816
Import inkl. told,REST_TILGANG Øvrige brancher,REST_ANVENDELSE Øvrige brancher,1973,0.23779061380181862
Import inkl. told,REST_TILGANG Øvrige brancher,REST_ANVENDELSE Øvrige brancher,1974,0.3335368281008639
Import inkl. told,REST_TILGANG Øvrige brancher,REST_ANVENDELSE Øvrige brancher,1975,0.3508543677149235
Import inkl. told,REST_TILGANG Øvrige brancher,REST_ANVENDELSE Øvrige brancher,1976,0.37216050493726205
Import inkl. told,REST_TILGANG Øvrige brancher,REST_ANVENDELSE Øvrige brancher,1977,0.39097749733553244
Import inkl. told,REST_TILGANG Øvrige brancher,REST_ANVENDELSE Øvrige brancher,1978,0.4007855031008017
Import inkl. told,REST_TILGANG Øvrige brancher,REST_ANVENDELSE Øvrige brancher,1979,0.4584860275829
Import inkl. told,REST_TILGANG Øvrige brancher,REST_ANVENDELSE Øvrige brancher,1980,0.5655962734062303
Import inkl. told,REST_TILGANG Øvrige brancher,REST_ANVENDELSE Øvrige brancher,1981,0.6596853229709142
Import inkl. told,REST_TILGANG Øvrige brancher,REST_ANVENDELSE Øvrige brancher,1982,0.7423411453717396
Import inkl. told,REST_TILGANG Øvrige brancher,REST_ANVENDELSE Øvrige brancher,1983,0.7673273612403322
Import inkl. told,REST_TILGANG Øvrige brancher,REST_ANVENDELSE Øvrige brancher,1984,0.821480463626036
Import inkl. told,REST_TILGANG Øvrige brancher,REST_ANVENDELSE Øvrige brancher,1985,0.8434311631399107
Import inkl. told,REST_TILGANG Øvrige brancher,REST_ANVENDELSE Øvrige brancher,1986,0.7467418788828744
Import inkl. told,REST_TILGANG Øvrige brancher,REST_ANVENDELSE Øvrige brancher,1987,0.7228814743231229
Import inkl. told,REST_TILGANG Øvrige brancher,REST_ANVENDELSE Øvrige brancher,1988,0.7261290012056995
Import inkl. told,REST_TILGANG Øvrige brancher,REST_ANVENDELSE Øvrige brancher,1989,0.777096796365612
Import inkl. told,REST_TILGANG Øvrige brancher,REST_ANVENDELSE Øvrige brancher,1990,0.7839400442635279
Import inkl. told,REST_TILGANG Øvrige brancher,REST_ANVENDELSE Øvrige brancher,1991,0.7896950818280946
Import inkl. told,REST_TILGANG Øvrige brancher,REST_ANVENDELSE Øvrige brancher,1992,0.7810406736459394
Import inkl. told,REST_TILGANG Øvrige brancher,REST_ANVENDELSE Øvrige brancher,1993,0.7643198694125218
Import inkl. told,REST_TILGANG Øvrige brancher,REST_ANVENDELSE Øvrige brancher,1994,0.7703197243996056
Import inkl. told,REST_TILGANG Øvrige brancher,REST_ANVENDELSE Øvrige brancher,1995,0.8013473727603673
Import inkl. told,REST_TILGANG Øvrige brancher,REST_ANVENDELSE Øvrige brancher,1996,0.7978312272624645
Import inkl. told,REST_TILGANG Øvrige brancher,REST_ANVENDELSE Øvrige brancher,1997,0.8081047034622544
Import inkl. told,REST_TILGANG Øvrige brancher,REST_ANVENDELSE Øvrige brancher,1998,0.7936193761478288
Import inkl. told,REST_TILGANG Øvrige brancher,REST_ANVENDELSE Øvrige brancher,1999,0.7876440431987243
Import inkl. told,REST_TILGANG Øvrige brancher,REST_ANVENDELSE Øvrige brancher,2000,0.8421379839779557
Import inkl. told,REST_TILGANG Øvrige brancher,REST_ANVENDELSE Øvrige brancher,2001,0.8521317796223298
Import inkl. told,REST_TILGANG Øvrige brancher,REST_ANVENDELSE Øvrige brancher,2002,0.8393722661575523
Import inkl. told,REST_TILGANG Øvrige brancher,REST_ANVENDELSE Øvrige brancher,2003,0.8384889287915579
Import inkl. told,REST_TILGANG Øvrige brancher,REST_ANVENDELSE Øvrige brancher,2004,0.8633738514262131
Import inkl. told,REST_TILGANG Øvrige brancher,REST_ANVENDELSE Øvrige brancher,2005,0.894077127393513
Import inkl. told,REST_TILGANG Øvrige brancher,REST_ANVENDELSE Øvrige brancher,2006,0.9258099497213146
Import inkl. told,REST_TILGANG Øvrige brancher,REST_ANVENDELSE Øvrige brancher,2007,0.9526138990901144
Import inkl. told,REST_TILGANG Øvrige brancher,REST_ANVENDELSE Øvrige brancher,2008,0.9879429429206734
Import inkl. told,REST_TILGANG Øvrige brancher,REST_ANVENDELSE Øvrige brancher,2009,0.9401512184306972
Import inkl. told,REST_TILGANG Øvrige brancher,REST_ANVENDELSE Øvrige brancher,2010,0.9768303711833848
Import inkl. told,REST_TILGANG Øvrige brancher,REST_ANVENDELSE Øvrige brancher,2011,1.0282204375461172
Import inkl. told,REST_TILGANG Øvrige brancher,REST_ANVENDELSE Øvrige brancher,2012,1.0321099133840372
Import inkl. told,REST_TILGANG Øvrige brancher,REST_ANVENDELSE Øvrige brancher,2013,1.0190197507191545
Import inkl. told,REST_TILGANG Øvrige brancher,REST_ANVENDELSE Øvrige brancher,2014,1.0103322927808904
Import inkl. told,REST_TILGANG Øvrige brancher,REST_ANVENDELSE Øvrige brancher,2015,0.983565116155532
Import inkl. told,REST_TILGANG Øvrige brancher,REST_ANVENDELSE Øvrige brancher,2016,0.9647082603501932
Import inkl. told,REST_TILGANG Øvrige brancher,REST_ANVENDELSE Øvrige brancher,2017,0.9934520958736142
Import inkl. told,REST_TILGANG Øvrige brancher,REST_ANVENDELSE Øvrige brancher,2018,1.0200688858796025
Import inkl. told,REST_TILGANG Øvrige brancher,REST_ANVENDELSE Øvrige brancher,2019,1.0244105980260743
Import inkl. told,REST_TILGANG Øvrige brancher,REST_ANVENDELSE Øvrige brancher,2020,1.0
Import inkl. told,REST_TILGANG Øvrige brancher,REST_ANVENDELSE Øvrige brancher,2021,1.0864473719870533
Import inkl. told,REST_TILGANG Øvrige brancher,REST_ANVENDELSE Øvrige brancher,2022,1.2667661606357596
Told,01000 Landbrug og gartneri-(Tilgang),01000 Landbrug og gartneri- (Anvendelse),1967,
Told,01000 Landbrug og gartneri-(Tilgang),01000 Landbrug og gartneri- (Anvendelse),1968,
Told,01000 Landbrug og gartneri-(Tilgang),01000 Landbrug og gartneri- (Anvendelse),1969,
Told,01000 Landbrug og gartneri-(Tilgang),01000 Landbrug og gartneri- (Anvendelse),1970,
Told,01000 Landbrug og gartneri-(Tilgang),01000 Landbrug og gartneri- (Anvendelse),1971,
Told,01000 Landbrug og gartneri-(Tilgang),01000 Landbrug og gartneri- (Anvendelse),1972,
Told,01000 Landbrug og gartneri-(Tilgang),01000 Landbrug og gartneri- (Anvendelse),1973,
Told,01000 Landbrug og gartneri-(Tilgang),01000 Landbrug og gartneri- (Anvendelse),1974,
Told,01000 Landbrug og gartneri-(Tilgang),01000 Landbrug og gartneri- (Anvendelse),1975,
Told,01000 Landbrug og gartneri-(Tilgang),01000 Landbrug og gartneri- (Anvendelse),1976,
Told,01000 Landbrug og gartneri-(Tilgang),01000 Landbrug og gartneri- (Anvendelse),1977,
Told,01000 Landbrug og gartneri-(Tilgang),01000 Landbrug og gartneri- (Anvendelse),1978,
Told,01000 Landbrug og gartneri-(Tilgang),01000 Landbrug og gartneri- (Anvendelse),1979,
Told,01000 Landbrug og gartneri-(Tilgang),01000 Landbrug og gartneri- (Anvendelse),1980,
Told,01000 Landbrug og gartneri-(Tilgang),01000 Landbrug og gartneri- (Anvendelse),1981,
Told,01000 Landbrug og gartneri-(Tilgang),01000 Landbrug og gartneri- (Anvendelse),1982,
Told,01000 Landbrug og gartneri-(Tilgang),01000 Landbrug og gartneri- (Anvendelse),1983,
Told,01000 Landbrug og gartneri-(Tilgang),01000 Landbrug og gartneri- (Anvendelse),1984,
Told,01000 Landbrug og gartneri-(Tilgang),01000 Landbrug og gartneri- (Anvendelse),1985,
Told,01000 Landbrug og gartneri-(Tilgang),01000 Landbrug og gartneri- (Anvendelse),1986,
Told,01000 Landbrug og gartneri-(Tilgang),01000 Landbrug og gartneri- (Anvendelse),1987,
Told,01000 Landbrug og gartneri-(Tilgang),01000 Landbrug og gartneri- (Anvendelse),1988,
Told,01000 Landbrug og gartneri-(Tilgang),01000 Landbrug og gartneri- (Anvendelse),1989,
Told,01000 Landbrug og gartneri-(Tilgang),01000 Landbrug og gartneri- (Anvendelse),1990,
Told,01000 Landbrug og gartneri-(Tilgang),01000 Landbrug og gartneri- (Anvendelse),1991,
Told,01000 Landbrug og gartneri-(Tilgang),01000 Landbrug og gartneri- (Anvendelse),1992,
Told,01000 Landbrug og gartneri-(Tilgang),01000 Landbrug og gartneri- (Anvendelse),1993,
Told,01000 Landbrug og gartneri-(Tilgang),01000 Landbrug og gartneri- (Anvendelse),1994,
Told,01000 Landbrug og gartneri-(Tilgang),01000 Landbrug og gartneri- (Anvendelse),1995,
Told,01000 Landbrug og gartneri-(Tilgang),01000 Landbrug og gartneri- (Anvendelse),1996,
Told,01000 Landbrug og gartneri-(Tilgang),01000 Landbrug og gartneri- (Anvendelse),1997,
Told,01000 Landbrug og gartneri-(Tilgang),01000 Landbrug og gartneri- (Anvendelse),1998,
Told,01000 Landbrug og gartneri-(Tilgang),01000 Landbrug og gartneri- (Anvendelse),1999,
Told,01000 Landbrug og gartneri-(Tilgang),01000 Landbrug og gartneri- (Anvendelse),2000,
Told,01000 Landbrug og gartneri-(Tilgang),01000 Landbrug og gartneri- (Anvendelse),2001,
Told,01000 Landbrug og gartneri-(Tilgang),01000 Landbrug og gartneri- (Anvendelse),2002,
Told,01000 Landbrug og gartneri-(Tilgang),01000 Landbrug og gartneri- (Anvendelse),2003,
Told,01000 Landbrug og gartneri-(Tilgang),01000 Landbrug og gartneri- (Anvendelse),2004,2.865782083659819
Told,01000 Landbrug og gartneri-(Tilgang),01000 Landbrug og gartneri- (Anvendelse),2005,3.1547399450015563
Told,01000 Landbrug og gartneri-(Tilgang),01000 Landbrug og gartneri- (Anvendelse),2006,3.1476902468004355
Told,01000 Landbrug og gartneri-(Tilgang),01000 Landbrug og gartneri- (Anvendelse),2007,3.0601705755087654
Told,01000 Landbrug og gartneri-(Tilgang),01000 Landbrug og gartneri- (Anvendelse),2008,0.7942368413059141
Told,01000 Landbrug og gartneri-(Tilgang),01000 Landbrug og gartneri- (Anvendelse),2009,0.7454857308421239
Told,01000 Landbrug og gartneri-(Tilgang),01000 Landbrug og gartneri- (Anvendelse),2010,0.12942460604897985
Told,01000 Landbrug og gartneri-(Tilgang),01000 Landbrug og gartneri- (Anvendelse),2011,0.14110877187284607
Told,01000 Landbrug og gartneri-(Tilgang),01000 Landbrug og gartneri- (Anvendelse),2012,0.07443601881965667
Told,01000 Landbrug og gartneri-(Tilgang),01000 Landbrug og gartneri- (Anvendelse),2013,0.045099470226027276
Told,01000 Landbrug og gartneri-(Tilgang),01000 Landbrug og gartneri- (Anvendelse),2014,0.6571637090078261
Told,01000 Landbrug og gartneri-(Tilgang),01000 Landbrug og gartneri- (Anvendelse),2015,0.8645082145227879
Told,01000 Landbrug og gartneri-(Tilgang),01000 Landbrug og gartneri- (Anvendelse),2016,1.0106714614097911
Told,01000 Landbrug og gartneri-(Tilgang),01000 Landbrug og gartneri- (Anvendelse),2017,1.154557251732259
Told,01000 Landbrug og gartneri-(Tilgang),01000 Landbrug og gartneri- (Anvendelse),2018,1.029546964565015
Told,01000 Landbrug og gartneri-(Tilgang),01000 Landbrug og gartneri- (Anvendelse),2019,0.7447137699845281
Told,01000 Landbrug og gartneri-(Tilgang),01000 Landbrug og gartneri- (Anvendelse),2020,1.0
Told,01000 Landbrug og gartneri-(Tilgang),01000 Landbrug og gartneri- (Anvendelse),2021,1.2076059850374063
Told,01000 Landbrug og gartneri-(Tilgang),01000 Landbrug og gartneri- (Anvendelse),2022,0.540129222398549
Told,01000 Landbrug og gartneri-(Tilgang),"10120 Føde-, drikke- og tobaksvareindustri- (Anvendelse)",1967,
Told,01000 Landbrug og gartneri-(Tilgang),"10120 Føde-, drikke- og tobaksvareindustri- (Anvendelse)",1968,
Told,01000 Landbrug og gartneri-(Tilgang),"10120 Føde-, drikke- og tobaksvareindustri- (Anvendelse)",1969,
Told,01000 Landbrug og gartneri-(Tilgang),"10120 Føde-, drikke- og tobaksvareindustri- (Anvendelse)",1970,
Told,01000 Landbrug og gartneri-(Tilgang),"10120 Føde-, drikke- og tobaksvareindustri- (Anvendelse)",1971,
Told,01000 Landbrug og gartneri-(Tilgang),"10120 Føde-, drikke- og tobaksvareindustri- (Anvendelse)",1972,
Told,01000 Landbrug og gartneri-(Tilgang),"10120 Føde-, drikke- og tobaksvareindustri- (Anvendelse)",1973,
Told,01000 Landbrug og gartneri-(Tilgang),"10120 Føde-, drikke- og tobaksvareindustri- (Anvendelse)",1974,
Told,01000 Landbrug og gartneri-(Tilgang),"10120 Føde-, drikke- og tobaksvareindustri- (Anvendelse)",1975,
Told,01000 Landbrug og gartneri-(Tilgang),"10120 Føde-, drikke- og tobaksvareindustri- (Anvendelse)",1976,
Told,01000 Landbrug og gartneri-(Tilgang),"10120 Føde-, drikke- og tobaksvareindustri- (Anvendelse)",1977,
Told,01000 Landbrug og gartneri-(Tilgang),"10120 Føde-, drikke- og tobaksvareindustri- (Anvendelse)",1978,
Told,01000 Landbrug og gartneri-(Tilgang),"10120 Føde-, drikke- og tobaksvareindustri- (Anvendelse)",1979,
Told,01000 Landbrug og gartneri-(Tilgang),"10120 Føde-, drikke- og tobaksvareindustri- (Anvendelse)",1980,
Told,01000 Landbrug og gartneri-(Tilgang),"10120 Føde-, drikke- og tobaksvareindustri- (Anvendelse)",1981,
Told,01000 Landbrug og gartneri-(Tilgang),"10120 Føde-, drikke- og tobaksvareindustri- (Anvendelse)",1982,
Told,01000 Landbrug og gartneri-(Tilgang),"10120 Føde-, drikke- og tobaksvareindustri- (Anvendelse)",1983,
Told,01000 Landbrug og gartneri-(Tilgang),"10120 Føde-, drikke- og tobaksvareindustri- (Anvendelse)",1984,
Told,01000 Landbrug og gartneri-(Tilgang),"10120 Føde-, drikke- og tobaksvareindustri- (Anvendelse)",1985,
Told,01000 Landbrug og gartneri-(Tilgang),"10120 Føde-, drikke- og tobaksvareindustri- (Anvendelse)",1986,
Told,01000 Landbrug og gartneri-(Tilgang),"10120 Føde-, drikke- og tobaksvareindustri- (Anvendelse)",1987,
Told,01000 Landbrug og gartneri-(Tilgang),"10120 Føde-, drikke- og tobaksvareindustri- (Anvendelse)",1988,
Told,01000 Landbrug og gartneri-(Tilgang),"10120 Føde-, drikke- og tobaksvareindustri- (Anvendelse)",1989,
Told,01000 Landbrug og gartneri-(Tilgang),"10120 Føde-, drikke- og tobaksvareindustri- (Anvendelse)",1990,
Told,01000 Landbrug og gartneri-(Tilgang),"10120 Føde-, drikke- og tobaksvareindustri- (Anvendelse)",1991,
Told,01000 Landbrug og gartneri-(Tilgang),"10120 Føde-, drikke- og tobaksvareindustri- (Anvendelse)",1992,
Told,01000 Landbrug og gartneri-(Tilgang),"10120 Føde-, drikke- og tobaksvareindustri- (Anvendelse)",1993,
Told,01000 Landbrug og gartneri-(Tilgang),"10120 Føde-, drikke- og tobaksvareindustri- (Anvendelse)",1994,
Told,01000 Landbrug og gartneri-(Tilgang),"10120 Føde-, drikke- og tobaksvareindustri- (Anvendelse)",1995,
Told,01000 Landbrug og gartneri-(Tilgang),"10120 Føde-, drikke- og tobaksvareindustri- (Anvendelse)",1996,
Told,01000 Landbrug og gartneri-(Tilgang),"10120 Føde-, drikke- og tobaksvareindustri- (Anvendelse)",1997,
Told,01000 Landbrug og gartneri-(Tilgang),"10120 Føde-, drikke- og tobaksvareindustri- (Anvendelse)",1998,
Told,01000 Landbrug og gartneri-(Tilgang),"10120 Føde-, drikke- og tobaksvareindustri- (Anvendelse)",1999,
Told,01000 Landbrug og gartneri-(Tilgang),"10120 Føde-, drikke- og tobaksvareindustri- (Anvendelse)",2000,
Told,01000 Landbrug og gartneri-(Tilgang),"10120 Føde-, drikke- og tobaksvareindustri- (Anvendelse)",2001,
Told,01000 Landbrug og gartneri-(Tilgang),"10120 Føde-, drikke- og tobaksvareindustri- (Anvendelse)",2002,
Told,01000 Landbrug og gartneri-(Tilgang),"10120 Føde-, drikke- og tobaksvareindustri- (Anvendelse)",2003,
Told,01000 Landbrug og gartneri-(Tilgang),"10120 Føde-, drikke- og tobaksvareindustri- (Anvendelse)",2004,0.8551262460890248
Told,01000 Landbrug og gartneri-(Tilgang),"10120 Føde-, drikke- og tobaksvareindustri- (Anvendelse)",2005,0.9414549128212669
Told,01000 Landbrug og gartneri-(Tilgang),"10120 Føde-, drikke- og tobaksvareindustri- (Anvendelse)",2006,0.9387505962239284
Told,01000 Landbrug og gartneri-(Tilgang),"10120 Føde-, drikke- og tobaksvareindustri- (Anvendelse)",2007,0.9122668168855366
Told,01000 Landbrug og gartneri-(Tilgang),"10120 Føde-, drikke- og tobaksvareindustri- (Anvendelse)",2008,0.659564879053303
Told,01000 Landbrug og gartneri-(Tilgang),"10120 Føde-, drikke- og tobaksvareindustri- (Anvendelse)",2009,0.8272834390187792
Told,01000 Landbrug og gartneri-(Tilgang),"10120 Føde-, drikke- og tobaksvareindustri- (Anvendelse)",2010,0.44560611816341655
Told,01000 Landbrug og gartneri-(Tilgang),"10120 Føde-, drikke- og tobaksvareindustri- (Anvendelse)",2011,0.10371172392383096
Told,01000 Landbrug og gartneri-(Tilgang),"10120 Føde-, drikke- og tobaksvareindustri- (Anvendelse)",2012,0.06897168568137124
Told,01000 Landbrug og gartneri-(Tilgang),"10120 Føde-, drikke- og tobaksvareindustri- (Anvendelse)",2013,0.060708574193871996
Told,01000 Landbrug og gartneri-(Tilgang),"10120 Føde-, drikke- og tobaksvareindustri- (Anvendelse)",2014,0.6137488781307303
Told,01000 Landbrug og gartneri-(Tilgang),"10120 Føde-, drikke- og tobaksvareindustri- (Anvendelse)",2015,0.5636226546953579
Told,01000 Landbrug og gartneri-(Tilgang),"10120 Føde-, drikke- og tobaksvareindustri- (Anvendelse)",2016,0.7348637748739542
Told,01000 Landbrug og gartneri-(Tilgang),"10120 Føde-, drikke- og tobaksvareindustri- (Anvendelse)",2017,0.9103610658910732
Told,01000 Landbrug og gartneri-(Tilgang),"10120 Føde-, drikke- og tobaksvareindustri- (Anvendelse)",2018,1.3173479092648268
Told,01000 Landbrug og gartneri-(Tilgang),"10120 Føde-, drikke- og tobaksvareindustri- (Anvendelse)",2019,0.6704
Told,01000 Landbrug og gartneri-(Tilgang),"10120 Føde-, drikke- og tobaksvareindustri- (Anvendelse)",2020,1.0
Told,01000 Landbrug og gartneri-(Tilgang),"10120 Føde-, drikke- og tobaksvareindustri- (Anvendelse)",2021,0.9664940110067983
Told,01000 Landbrug og gartneri-(Tilgang),"10120 Føde-, drikke- og tobaksvareindustri- (Anvendelse)",2022,0.4052679683536006
Told,01000 Landbrug og gartneri-(Tilgang),"Anvendelse, i alt-(Anvendelse)",1967,
Told,01000 Landbrug og gartneri-(Tilgang),"Anvendelse, i alt-(Anvendelse)",1968,
Told,01000 Landbrug og gartneri-(Tilgang),"Anvendelse, i alt-(Anvendelse)",1969,
Told,01000 Landbrug og gartneri-(Tilgang),"Anvendelse, i alt-(Anvendelse)",1970,
Told,01000 Landbrug og gartneri-(Tilgang),"Anvendelse, i alt-(Anvendelse)",1971,
Told,01000 Landbrug og gartneri-(Tilgang),"Anvendelse, i alt-(Anvendelse)",1972,
Told,01000 Landbrug og gartneri-(Tilgang),"Anvendelse, i alt-(Anvendelse)",1973,
Told,01000 Landbrug og gartneri-(Tilgang),"Anvendelse, i alt-(Anvendelse)",1974,
Told,01000 Landbrug og gartneri-(Tilgang),"Anvendelse, i alt-(Anvendelse)",1975,
Told,01000 Landbrug og gartneri-(Tilgang),"Anvendelse, i alt-(Anvendelse)",1976,
Told,01000 Landbrug og gartneri-(Tilgang),"Anvendelse, i alt-(Anvendelse)",1977,
Told,01000 Landbrug og gartneri-(Tilgang),"Anvendelse, i alt-(Anvendelse)",1978,
Told,01000 Landbrug og gartneri-(Tilgang),"Anvendelse, i alt-(Anvendelse)",1979,
Told,01000 Landbrug og gartneri-(Tilgang),"Anvendelse, i alt-(Anvendelse)",1980,
Told,01000 Landbrug og gartneri-(Tilgang),"Anvendelse, i alt-(Anvendelse)",1981,
Told,01000 Landbrug og gartneri-(Tilgang),"Anvendelse, i alt-(Anvendelse)",1982,
Told,01000 Landbrug og gartneri-(Tilgang),"Anvendelse, i alt-(Anvendelse)",1983,
Told,01000 Landbrug og gartneri-(Tilgang),"Anvendelse, i alt-(Anvendelse)",1984,
Told,01000 Landbrug og gartneri-(Tilgang),"Anvendelse, i alt-(Anvendelse)",1985,
Told,01000 Landbrug og gartneri-(Tilgang),"Anvendelse, i alt-(Anvendelse)",1986,
Told,01000 Landbrug og gartneri-(Tilgang),"Anvendelse, i alt-(Anvendelse)",1987,
Told,01000 Landbrug og gartneri-(Tilgang),"Anvendelse, i alt-(Anvendelse)",1988,
Told,01000 Landbrug og gartneri-(Tilgang),"Anvendelse, i alt-(Anvendelse)",1989,
Told,01000 Landbrug og gartneri-(Tilgang),"Anvendelse, i alt-(Anvendelse)",1990,
Told,01000 Landbrug og gartneri-(Tilgang),"Anvendelse, i alt-(Anvendelse)",1991,
Told,01000 Landbrug og gartneri-(Tilgang),"Anvendelse, i alt-(Anvendelse)",1992,
Told,01000 Landbrug og gartneri-(Tilgang),"Anvendelse, i alt-(Anvendelse)",1993,
Told,01000 Landbrug og gartneri-(Tilgang),"Anvendelse, i alt-(Anvendelse)",1994,
Told,01000 Landbrug og gartneri-(Tilgang),"Anvendelse, i alt-(Anvendelse)",1995,
Told,01000 Landbrug og gartneri-(Tilgang),"Anvendelse, i alt-(Anvendelse)",1996,
Told,01000 Landbrug og gartneri-(Tilgang),"Anvendelse, i alt-(Anvendelse)",1997,
Told,01000 Landbrug og gartneri-(Tilgang),"Anvendelse, i alt-(Anvendelse)",1998,
Told,01000 Landbrug og gartneri-(Tilgang),"Anvendelse, i alt-(Anvendelse)",1999,
Told,01000 Landbrug og gartneri-(Tilgang),"Anvendelse, i alt-(Anvendelse)",2000,
Told,01000 Landbrug og gartneri-(Tilgang),"Anvendelse, i alt-(Anvendelse)",2001,
Told,01000 Landbrug og gartneri-(Tilgang),"Anvendelse, i alt-(Anvendelse)",2002,
Told,01000 Landbrug og gartneri-(Tilgang),"Anvendelse, i alt-(Anvendelse)",2003,
Told,01000 Landbrug og gartneri-(Tilgang),"Anvendelse, i alt-(Anvendelse)",2004,1.2140688880546926
Told,01000 Landbrug og gartneri-(Tilgang),"Anvendelse, i alt-(Anvendelse)",2005,1.336577654563842
Told,01000 Landbrug og gartneri-(Tilgang),"Anvendelse, i alt-(Anvendelse)",2006,1.3327485582875902
Told,01000 Landbrug og gartneri-(Tilgang),"Anvendelse, i alt-(Anvendelse)",2007,1.2951319089867275
Told,01000 Landbrug og gartneri-(Tilgang),"Anvendelse, i alt-(Anvendelse)",2008,1.3741086843474617
Told,01000 Landbrug og gartneri-(Tilgang),"Anvendelse, i alt-(Anvendelse)",2009,1.4320701532460531
Told,01000 Landbrug og gartneri-(Tilgang),"Anvendelse, i alt-(Anvendelse)",2010,0.6116117663502186
Told,01000 Landbrug og gartneri-(Tilgang),"Anvendelse, i alt-(Anvendelse)",2011,0.33350537350192216
Told,01000 Landbrug og gartneri-(Tilgang),"Anvendelse, i alt-(Anvendelse)",2012,0.16375107895166557
Told,01000 Landbrug og gartneri-(Tilgang),"Anvendelse, i alt-(Anvendelse)",2013,0.17648792916900793
Told,01000 Landbrug og gartneri-(Tilgang),"Anvendelse, i alt-(Anvendelse)",2014,1.3227773136878693
Told,01000 Landbrug og gartneri-(Tilgang),"Anvendelse, i alt-(Anvendelse)",2015,1.6235443756180876
Told,01000 Landbrug og gartneri-(Tilgang),"Anvendelse, i alt-(Anvendelse)",2016,0.8433703637941966
Told,01000 Landbrug og gartneri-(Tilgang),"Anvendelse, i alt-(Anvendelse)",2017,0.9891961217258745
Told,01000 Landbrug og gartneri-(Tilgang),"Anvendelse, i alt-(Anvendelse)",2018,1.1316253963860181
Told,01000 Landbrug og gartneri-(Tilgang),"Anvendelse, i alt-(Anvendelse)",2019,0.8570586902334014
Told,01000 Landbrug og gartneri-(Tilgang),"Anvendelse, i alt-(Anvendelse)",2020,1.0
Told,01000 Landbrug og gartneri-(Tilgang),"Anvendelse, i alt-(Anvendelse)",2021,1.1053115558085564
Told,01000 Landbrug og gartneri-(Tilgang),"Anvendelse, i alt-(Anvendelse)",2022,0.8144857418056418
Told,01000 Landbrug og gartneri-(Tilgang),Eksport - (Anvendelse),1967,
Told,01000 Landbrug og gartneri-(Tilgang),Eksport - (Anvendelse),1968,
Told,01000 Landbrug og gartneri-(Tilgang),Eksport - (Anvendelse),1969,
Told,01000 Landbrug og gartneri-(Tilgang),Eksport - (Anvendelse),1970,
Told,01000 Landbrug og gartneri-(Tilgang),Eksport - (Anvendelse),1971,
Told,01000 Landbrug og gartneri-(Tilgang),Eksport - (Anvendelse),1972,
Told,01000 Landbrug og gartneri-(Tilgang),Eksport - (Anvendelse),1973,
Told,01000 Landbrug og gartneri-(Tilgang),Eksport - (Anvendelse),1974,
Told,01000 Landbrug og gartneri-(Tilgang),Eksport - (Anvendelse),1975,
Told,01000 Landbrug og gartneri-(Tilgang),Eksport - (Anvendelse),1976,
Told,01000 Landbrug og gartneri-(Tilgang),Eksport - (Anvendelse),1977,
Told,01000 Landbrug og gartneri-(Tilgang),Eksport - (Anvendelse),1978,
Told,01000 Landbrug og gartneri-(Tilgang),Eksport - (Anvendelse),1979,
Told,01000 Landbrug og gartneri-(Tilgang),Eksport - (Anvendelse),1980,
Told,01000 Landbrug og gartneri-(Tilgang),Eksport - (Anvendelse),1981,
Told,01000 Landbrug og gartneri-(Tilgang),Eksport - (Anvendelse),1982,
Told,01000 Landbrug og gartneri-(Tilgang),Eksport - (Anvendelse),1983,
Told,01000 Landbrug og gartneri-(Tilgang),Eksport - (Anvendelse),1984,
Told,01000 Landbrug og gartneri-(Tilgang),Eksport - (Anvendelse),1985,
Told,01000 Landbrug og gartneri-(Tilgang),Eksport - (Anvendelse),1986,
Told,01000 Landbrug og gartneri-(Tilgang),Eksport - (Anvendelse),1987,
Told,01000 Landbrug og gartneri-(Tilgang),Eksport - (Anvendelse),1988,
Told,01000 Landbrug og gartneri-(Tilgang),Eksport - (Anvendelse),1989,
Told,01000 Landbrug og gartneri-(Tilgang),Eksport - (Anvendelse),1990,
Told,01000 Landbrug og gartneri-(Tilgang),Eksport - (Anvendelse),1991,
Told,01000 Landbrug og gartneri-(Tilgang),Eksport - (Anvendelse),1992,
Told,01000 Landbrug og gartneri-(Tilgang),Eksport - (Anvendelse),1993,
Told,01000 Landbrug og gartneri-(Tilgang),Eksport - (Anvendelse),1994,
Told,01000 Landbrug og gartneri-(Tilgang),Eksport - (Anvendelse),1995,
Told,01000 Landbrug og gartneri-(Tilgang),Eksport - (Anvendelse),1996,
Told,01000 Landbrug og gartneri-(Tilgang),Eksport - (Anvendelse),1997,
Told,01000 Landbrug og gartneri-(Tilgang),Eksport - (Anvendelse),1998,
Told,01000 Landbrug og gartneri-(Tilgang),Eksport - (Anvendelse),1999,
Told,01000 Landbrug og gartneri-(Tilgang),Eksport - (Anvendelse),2000,
Told,01000 Landbrug og gartneri-(Tilgang),Eksport - (Anvendelse),2001,
Told,01000 Landbrug og gartneri-(Tilgang),Eksport - (Anvendelse),2002,
Told,01000 Landbrug og gartneri-(Tilgang),Eksport - (Anvendelse),2003,
Told,01000 Landbrug og gartneri-(Tilgang),Eksport - (Anvendelse),2004,0.09658116231915721
Told,01000 Landbrug og gartneri-(Tilgang),Eksport - (Anvendelse),2005,0.10631989721744954
Told,01000 Landbrug og gartneri-(Tilgang),Eksport - (Anvendelse),2006,0.10600976227462484
Told,01000 Landbrug og gartneri-(Tilgang),Eksport - (Anvendelse),2007,0.10301532011028175
Told,01000 Landbrug og gartneri-(Tilgang),Eksport - (Anvendelse),2008,0.10301532011028175
Told,01000 Landbrug og gartneri-(Tilgang),Eksport - (Anvendelse),2009,0.10301532011028175
Told,01000 Landbrug og gartneri-(Tilgang),Eksport - (Anvendelse),2010,0.10301532011028175
Told,01000 Landbrug og gartneri-(Tilgang),Eksport - (Anvendelse),2011,0.10301532011028175
Told,01000 Landbrug og gartneri-(Tilgang),Eksport - (Anvendelse),2012,0.10301532011028175
Told,01000 Landbrug og gartneri-(Tilgang),Eksport - (Anvendelse),2013,0.10301532011028175
Told,01000 Landbrug og gartneri-(Tilgang),Eksport - (Anvendelse),2014,1.456930955845413
Told,01000 Landbrug og gartneri-(Tilgang),Eksport - (Anvendelse),2015,1.860471316359502
Told,01000 Landbrug og gartneri-(Tilgang),Eksport - (Anvendelse),2016,1.0978876416314207
Told,01000 Landbrug og gartneri-(Tilgang),Eksport - (Anvendelse),2017,1.0664056954145673
Told,01000 Landbrug og gartneri-(Tilgang),Eksport - (Anvendelse),2018,1.024763367749822
Told,01000 Landbrug og gartneri-(Tilgang),Eksport - (Anvendelse),2019,0.9181556195965418
Told,01000 Landbrug og gartneri-(Tilgang),Eksport - (Anvendelse),2020,1.0
Told,01000 Landbrug og gartneri-(Tilgang),Eksport - (Anvendelse),2021,1.2311700615821886
Told,01000 Landbrug og gartneri-(Tilgang),Eksport - (Anvendelse),2022,0.6466751838613516
Told,01000 Landbrug og gartneri-(Tilgang),Faste bruttoinvesteringer + Lagerforøgelse + Værdigenstande (Anvendelse),1967,
Told,01000 Landbrug og gartneri-(Tilgang),Faste bruttoinvesteringer + Lagerforøgelse + Værdigenstande (Anvendelse),1968,
Told,01000 Landbrug og gartneri-(Tilgang),Faste bruttoinvesteringer + Lagerforøgelse + Værdigenstande (Anvendelse),1969,
Told,01000 Landbrug og gartneri-(Tilgang),Faste bruttoinvesteringer + Lagerforøgelse + Værdigenstande (Anvendelse),1970,
Told,01000 Landbrug og gartneri-(Tilgang),Faste bruttoinvesteringer + Lagerforøgelse + Værdigenstande (Anvendelse),1971,
Told,01000 Landbrug og gartneri-(Tilgang),Faste bruttoinvesteringer + Lagerforøgelse + Værdigenstande (Anvendelse),1972,
Told,01000 Landbrug og gartneri-(Tilgang),Faste bruttoinvesteringer + Lagerforøgelse + Værdigenstande (Anvendelse),1973,
Told,01000 Landbrug og gartneri-(Tilgang),Faste bruttoinvesteringer + Lagerforøgelse + Værdigenstande (Anvendelse),1974,
Told,01000 Landbrug og gartneri-(Tilgang),Faste bruttoinvesteringer + Lagerforøgelse + Værdigenstande (Anvendelse),1975,
Told,01000 Landbrug og gartneri-(Tilgang),Faste bruttoinvesteringer + Lagerforøgelse + Værdigenstande (Anvendelse),1976,
Told,01000 Landbrug og gartneri-(Tilgang),Faste bruttoinvesteringer + Lagerforøgelse + Værdigenstande (Anvendelse),1977,
Told,01000 Landbrug og gartneri-(Tilgang),Faste bruttoinvesteringer + Lagerforøgelse + Værdigenstande (Anvendelse),1978,
Told,01000 Landbrug og gartneri-(Tilgang),Faste bruttoinvesteringer + Lagerforøgelse + Værdigenstande (Anvendelse),1979,
Told,01000 Landbrug og gartneri-(Tilgang),Faste bruttoinvesteringer + Lagerforøgelse + Værdigenstande (Anvendelse),1980,
Told,01000 Landbrug og gartneri-(Tilgang),Faste bruttoinvesteringer + Lagerforøgelse + Værdigenstande (Anvendelse),1981,
Told,01000 Landbrug og gartneri-(Tilgang),Faste bruttoinvesteringer + Lagerforøgelse + Værdigenstande (Anvendelse),1982,
Told,01000 Landbrug og gartneri-(Tilgang),Faste bruttoinvesteringer + Lagerforøgelse + Værdigenstande (Anvendelse),1983,
Told,01000 Landbrug og gartneri-(Tilgang),Faste bruttoinvesteringer + Lagerforøgelse + Værdigenstande (Anvendelse),1984,
Told,01000 Landbrug og gartneri-(Tilgang),Faste bruttoinvesteringer + Lagerforøgelse + Værdigenstande (Anvendelse),1985,
Told,01000 Landbrug og gartneri-(Tilgang),Faste bruttoinvesteringer + Lagerforøgelse + Værdigenstande (Anvendelse),1986,
Told,01000 Landbrug og gartneri-(Tilgang),Faste bruttoinvesteringer + Lagerforøgelse + Værdigenstande (Anvendelse),1987,
Told,01000 Landbrug og gartneri-(Tilgang),Faste bruttoinvesteringer + Lagerforøgelse + Værdigenstande (Anvendelse),1988,
Told,01000 Landbrug og gartneri-(Tilgang),Faste bruttoinvesteringer + Lagerforøgelse + Værdigenstande (Anvendelse),1989,
Told,01000 Landbrug og gartneri-(Tilgang),Faste bruttoinvesteringer + Lagerforøgelse + Værdigenstande (Anvendelse),1990,
Told,01000 Landbrug og gartneri-(Tilgang),Faste bruttoinvesteringer + Lagerforøgelse + Værdigenstande (Anvendelse),1991,
Told,01000 Landbrug og gartneri-(Tilgang),Faste bruttoinvesteringer + Lagerforøgelse + Værdigenstande (Anvendelse),1992,
Told,01000 Landbrug og gartneri-(Tilgang),Faste bruttoinvesteringer + Lagerforøgelse + Værdigenstande (Anvendelse),1993,
Told,01000 Landbrug og gartneri-(Tilgang),Faste bruttoinvesteringer + Lagerforøgelse + Værdigenstande (Anvendelse),1994,
Told,01000 Landbrug og gartneri-(Tilgang),Faste bruttoinvesteringer + Lagerforøgelse + Værdigenstande (Anvendelse),1995,
Told,01000 Landbrug og gartneri-(Tilgang),Faste bruttoinvesteringer + Lagerforøgelse + Værdigenstande (Anvendelse),1996,
Told,01000 Landbrug og gartneri-(Tilgang),Faste bruttoinvesteringer + Lagerforøgelse + Værdigenstande (Anvendelse),1997,
Told,01000 Landbrug og gartneri-(Tilgang),Faste bruttoinvesteringer + Lagerforøgelse + Værdigenstande (Anvendelse),1998,
Told,01000 Landbrug og gartneri-(Tilgang),Faste bruttoinvesteringer + Lagerforøgelse + Værdigenstande (Anvendelse),1999,
Told,01000 Landbrug og gartneri-(Tilgang),Faste bruttoinvesteringer + Lagerforøgelse + Værdigenstande (Anvendelse),2000,
Told,01000 Landbrug og gartneri-(Tilgang),Faste bruttoinvesteringer + Lagerforøgelse + Værdigenstande (Anvendelse),2001,
Told,01000 Landbrug og gartneri-(Tilgang),Faste bruttoinvesteringer + Lagerforøgelse + Værdigenstande (Anvendelse),2002,
Told,01000 Landbrug og gartneri-(Tilgang),Faste bruttoinvesteringer + Lagerforøgelse + Værdigenstande (Anvendelse),2003,
Told,01000 Landbrug og gartneri-(Tilgang),Faste bruttoinvesteringer + Lagerforøgelse + Værdigenstande (Anvendelse),2004,
Told,01000 Landbrug og gartneri-(Tilgang),Faste bruttoinvesteringer + Lagerforøgelse + Værdigenstande (Anvendelse),2005,
Told,01000 Landbrug og gartneri-(Tilgang),Faste bruttoinvesteringer + Lagerforøgelse + Værdigenstande (Anvendelse),2006,
Told,01000 Landbrug og gartneri-(Tilgang),Faste bruttoinvesteringer + Lagerforøgelse + Værdigenstande (Anvendelse),2007,
Told,01000 Landbrug og gartneri-(Tilgang),Faste bruttoinvesteringer + Lagerforøgelse + Værdigenstande (Anvendelse),2008,
Told,01000 Landbrug og gartneri-(Tilgang),Faste bruttoinvesteringer + Lagerforøgelse + Værdigenstande (Anvendelse),2009,
Told,01000 Landbrug og gartneri-(Tilgang),Faste bruttoinvesteringer + Lagerforøgelse + Værdigenstande (Anvendelse),2010,
Told,01000 Landbrug og gartneri-(Tilgang),Faste bruttoinvesteringer + Lagerforøgelse + Værdigenstande (Anvendelse),2011,0.1908907677043636
Told,01000 Landbrug og gartneri-(Tilgang),Faste bruttoinvesteringer + Lagerforøgelse + Værdigenstande (Anvendelse),2012,0.1908907677043636
Told,01000 Landbrug og gartneri-(Tilgang),Faste bruttoinvesteringer + Lagerforøgelse + Værdigenstande (Anvendelse),2013,0.1908907677043636
Told,01000 Landbrug og gartneri-(Tilgang),Faste bruttoinvesteringer + Lagerforøgelse + Værdigenstande (Anvendelse),2014,1.0343616017469006
Told,01000 Landbrug og gartneri-(Tilgang),Faste bruttoinvesteringer + Lagerforøgelse + Værdigenstande (Anvendelse),2015,0.8712364745896832
Told,01000 Landbrug og gartneri-(Tilgang),Faste bruttoinvesteringer + Lagerforøgelse + Værdigenstande (Anvendelse),2016,0.9285008438115404
Told,01000 Landbrug og gartneri-(Tilgang),Faste bruttoinvesteringer + Lagerforøgelse + Værdigenstande (Anvendelse),2017,0.6711446316681244
Told,01000 Landbrug og gartneri-(Tilgang),Faste bruttoinvesteringer + Lagerforøgelse + Værdigenstande (Anvendelse),2018,1.460564751703992
Told,01000 Landbrug og gartneri-(Tilgang),Faste bruttoinvesteringer + Lagerforøgelse + Værdigenstande (Anvendelse),2019,0.5151098901098901
Told,01000 Landbrug og gartneri-(Tilgang),Faste bruttoinvesteringer + Lagerforøgelse + Værdigenstande (Anvendelse),2020,1.0
Told,01000 Landbrug og gartneri-(Tilgang),Faste bruttoinvesteringer + Lagerforøgelse + Værdigenstande (Anvendelse),2021,-3.425531914893617
Told,01000 Landbrug og gartneri-(Tilgang),Faste bruttoinvesteringer + Lagerforøgelse + Værdigenstande (Anvendelse),2022,-1.2726328727642622
Told,01000 Landbrug og gartneri-(Tilgang),Husholdningernes forbrugsudgifter + NPISH (Anvendelse),1967,
Told,01000 Landbrug og gartneri-(Tilgang),Husholdningernes forbrugsudgifter + NPISH (Anvendelse),1968,
Told,01000 Landbrug og gartneri-(Tilgang),Husholdningernes forbrugsudgifter + NPISH (Anvendelse),1969,
Told,01000 Landbrug og gartneri-(Tilgang),Husholdningernes forbrugsudgifter + NPISH (Anvendelse),1970,
Told,01000 Landbrug og gartneri-(Tilgang),Husholdningernes forbrugsudgifter + NPISH (Anvendelse),1971,
Told,01000 Landbrug og gartneri-(Tilgang),Husholdningernes forbrugsudgifter + NPISH (Anvendelse),1972,
Told,01000 Landbrug og gartneri-(Tilgang),Husholdningernes forbrugsudgifter + NPISH (Anvendelse),1973,
Told,01000 Landbrug og gartneri-(Tilgang),Husholdningernes forbrugsudgifter + NPISH (Anvendelse),1974,
Told,01000 Landbrug og gartneri-(Tilgang),Husholdningernes forbrugsudgifter + NPISH (Anvendelse),1975,
Told,01000 Landbrug og gartneri-(Tilgang),Husholdningernes forbrugsudgifter + NPISH (Anvendelse),1976,
Told,01000 Landbrug og gartneri-(Tilgang),Husholdningernes forbrugsudgifter + NPISH (Anvendelse),1977,
Told,01000 Landbrug og gartneri-(Tilgang),Husholdningernes forbrugsudgifter + NPISH (Anvendelse),1978,
Told,01000 Landbrug og gartneri-(Tilgang),Husholdningernes forbrugsudgifter + NPISH (Anvendelse),1979,
Told,01000 Landbrug og gartneri-(Tilgang),Husholdningernes forbrugsudgifter + NPISH (Anvendelse),1980,
Told,01000 Landbrug og gartneri-(Tilgang),Husholdningernes forbrugsudgifter + NPISH (Anvendelse),1981,
Told,01000 Landbrug og gartneri-(Tilgang),Husholdningernes forbrugsudgifter + NPISH (Anvendelse),1982,
Told,01000 Landbrug og gartneri-(Tilgang),Husholdningernes forbrugsudgifter + NPISH (Anvendelse),1983,
Told,01000 Landbrug og gartneri-(Tilgang),Husholdningernes forbrugsudgifter + NPISH (Anvendelse),1984,
Told,01000 Landbrug og gartneri-(Tilgang),Husholdningernes forbrugsudgifter + NPISH (Anvendelse),1985,
Told,01000 Landbrug og gartneri-(Tilgang),Husholdningernes forbrugsudgifter + NPISH (Anvendelse),1986,
Told,01000 Landbrug og gartneri-(Tilgang),Husholdningernes forbrugsudgifter + NPISH (Anvendelse),1987,
Told,01000 Landbrug og gartneri-(Tilgang),Husholdningernes forbrugsudgifter + NPISH (Anvendelse),1988,
Told,01000 Landbrug og gartneri-(Tilgang),Husholdningernes forbrugsudgifter + NPISH (Anvendelse),1989,
Told,01000 Landbrug og gartneri-(Tilgang),Husholdningernes forbrugsudgifter + NPISH (Anvendelse),1990,
Told,01000 Landbrug og gartneri-(Tilgang),Husholdningernes forbrugsudgifter + NPISH (Anvendelse),1991,
Told,01000 Landbrug og gartneri-(Tilgang),Husholdningernes forbrugsudgifter + NPISH (Anvendelse),1992,
Told,01000 Landbrug og gartneri-(Tilgang),Husholdningernes forbrugsudgifter + NPISH (Anvendelse),1993,
Told,01000 Landbrug og gartneri-(Tilgang),Husholdningernes forbrugsudgifter + NPISH (Anvendelse),1994,
Told,01000 Landbrug og gartneri-(Tilgang),Husholdningernes forbrugsudgifter + NPISH (Anvendelse),1995,
Told,01000 Landbrug og gartneri-(Tilgang),Husholdningernes forbrugsudgifter + NPISH (Anvendelse),1996,
Told,01000 Landbrug og gartneri-(Tilgang),Husholdningernes forbrugsudgifter + NPISH (Anvendelse),1997,
Told,01000 Landbrug og gartneri-(Tilgang),Husholdningernes forbrugsudgifter + NPISH (Anvendelse),1998,
Told,01000 Landbrug og gartneri-(Tilgang),Husholdningernes forbrugsudgifter + NPISH (Anvendelse),1999,
Told,01000 Landbrug og gartneri-(Tilgang),Husholdningernes forbrugsudgifter + NPISH (Anvendelse),2000,
Told,01000 Landbrug og gartneri-(Tilgang),Husholdningernes forbrugsudgifter + NPISH (Anvendelse),2001,
Told,01000 Landbrug og gartneri-(Tilgang),Husholdningernes forbrugsudgifter + NPISH (Anvendelse),2002,
Told,01000 Landbrug og gartneri-(Tilgang),Husholdningernes forbrugsudgifter + NPISH (Anvendelse),2003,
Told,01000 Landbrug og gartneri-(Tilgang),Husholdningernes forbrugsudgifter + NPISH (Anvendelse),2004,1.230031932475075
Told,01000 Landbrug og gartneri-(Tilgang),Husholdningernes forbrugsudgifter + NPISH (Anvendelse),2005,1.3539823450325195
Told,01000 Landbrug og gartneri-(Tilgang),Husholdningernes forbrugsudgifter + NPISH (Anvendelse),2006,1.3501382702366582
Told,01000 Landbrug og gartneri-(Tilgang),Husholdningernes forbrugsudgifter + NPISH (Anvendelse),2007,1.312058566316132
Told,01000 Landbrug og gartneri-(Tilgang),Husholdningernes forbrugsudgifter + NPISH (Anvendelse),2008,1.903424909581748
Told,01000 Landbrug og gartneri-(Tilgang),Husholdningernes forbrugsudgifter + NPISH (Anvendelse),2009,1.9811723894771365
Told,01000 Landbrug og gartneri-(Tilgang),Husholdningernes forbrugsudgifter + NPISH (Anvendelse),2010,0.6401747517017958
Told,01000 Landbrug og gartneri-(Tilgang),Husholdningernes forbrugsudgifter + NPISH (Anvendelse),2011,0.37720945589870813
Told,01000 Landbrug og gartneri-(Tilgang),Husholdningernes forbrugsudgifter + NPISH (Anvendelse),2012,0.14238924672621642
Told,01000 Landbrug og gartneri-(Tilgang),Husholdningernes forbrugsudgifter + NPISH (Anvendelse),2013,0.1810006930517606
Told,01000 Landbrug og gartneri-(Tilgang),Husholdningernes forbrugsudgifter + NPISH (Anvendelse),2014,1.974946128622794
Told,01000 Landbrug og gartneri-(Tilgang),Husholdningernes forbrugsudgifter + NPISH (Anvendelse),2015,2.5923763429106197
Told,01000 Landbrug og gartneri-(Tilgang),Husholdningernes forbrugsudgifter + NPISH (Anvendelse),2016,0.8001661011614655
Told,01000 Landbrug og gartneri-(Tilgang),Husholdningernes forbrugsudgifter + NPISH (Anvendelse),2017,0.9628435484521944
Told,01000 Landbrug og gartneri-(Tilgang),Husholdningernes forbrugsudgifter + NPISH (Anvendelse),2018,1.1367662822280051
Told,01000 Landbrug og gartneri-(Tilgang),Husholdningernes forbrugsudgifter + NPISH (Anvendelse),2019,0.9237729020583577
Told,01000 Landbrug og gartneri-(Tilgang),Husholdningernes forbrugsudgifter + NPISH (Anvendelse),2020,1.0
Told,01000 Landbrug og gartneri-(Tilgang),Husholdningernes forbrugsudgifter + NPISH (Anvendelse),2021,1.1105250820440693
Told,01000 Landbrug og gartneri-(Tilgang),Husholdningernes forbrugsudgifter + NPISH (Anvendelse),2022,1.1969444280512533
Told,01000 Landbrug og gartneri-(Tilgang),"Offentligt forbrug, i alt-(Anvendelse)",1967,
Told,01000 Landbrug og gartneri-(Tilgang),"Offentligt forbrug, i alt-(Anvendelse)",1968,
Told,01000 Landbrug og gartneri-(Tilgang),"Offentligt forbrug, i alt-(Anvendelse)",1969,
Told,01000 Landbrug og gartneri-(Tilgang),"Offentligt forbrug, i alt-(Anvendelse)",1970,
Told,01000 Landbrug og gartneri-(Tilgang),"Offentligt forbrug, i alt-(Anvendelse)",1971,
Told,01000 Landbrug og gartneri-(Tilgang),"Offentligt forbrug, i alt-(Anvendelse)",1972,
Told,01000 Landbrug og gartneri-(Tilgang),"Offentligt forbrug, i alt-(Anvendelse)",1973,
Told,01000 Landbrug og gartneri-(Tilgang),"Offentligt forbrug, i alt-(Anvendelse)",1974,
Told,01000 Landbrug og gartneri-(Tilgang),"Offentligt forbrug, i alt-(Anvendelse)",1975,
Told,01000 Landbrug og gartneri-(Tilgang),"Offentligt forbrug, i alt-(Anvendelse)",1976,
Told,01000 Landbrug og gartneri-(Tilgang),"Offentligt forbrug, i alt-(Anvendelse)",1977,
Told,01000 Landbrug og gartneri-(Tilgang),"Offentligt forbrug, i alt-(Anvendelse)",1978,
Told,01000 Landbrug og gartneri-(Tilgang),"Offentligt forbrug, i alt-(Anvendelse)",1979,
Told,01000 Landbrug og gartneri-(Tilgang),"Offentligt forbrug, i alt-(Anvendelse)",1980,
Told,01000 Landbrug og gartneri-(Tilgang),"Offentligt forbrug, i alt-(Anvendelse)",1981,
Told,01000 Landbrug og gartneri-(Tilgang),"Offentligt forbrug, i alt-(Anvendelse)",1982,
Told,01000 Landbrug og gartneri-(Tilgang),"Offentligt forbrug, i alt-(Anvendelse)",1983,
Told,01000 Landbrug og gartneri-(Tilgang),"Offentligt forbrug, i alt-(Anvendelse)",1984,
Told,01000 Landbrug og gartneri-(Tilgang),"Offentligt forbrug, i alt-(Anvendelse)",1985,
Told,01000 Landbrug og gartneri-(Tilgang),"Offentligt forbrug, i alt-(Anvendelse)",1986,
Told,01000 Landbrug og gartneri-(Tilgang),"Offentligt forbrug, i alt-(Anvendelse)",1987,
Told,01000 Landbrug og gartneri-(Tilgang),"Offentligt forbrug, i alt-(Anvendelse)",1988,
Told,01000 Landbrug og gartneri-(Tilgang),"Offentligt forbrug, i alt-(Anvendelse)",1989,
Told,01000 Landbrug og gartneri-(Tilgang),"Offentligt forbrug, i alt-(Anvendelse)",1990,
Told,01000 Landbrug og gartneri-(Tilgang),"Offentligt forbrug, i alt-(Anvendelse)",1991,
Told,01000 Landbrug og gartneri-(Tilgang),"Offentligt forbrug, i alt-(Anvendelse)",1992,
Told,01000 Landbrug og gartneri-(Tilgang),"Offentligt forbrug, i alt-(Anvendelse)",1993,
Told,01000 Landbrug og gartneri-(Tilgang),"Offentligt forbrug, i alt-(Anvendelse)",1994,
Told,01000 Landbrug og gartneri-(Tilgang),"Offentligt forbrug, i alt-(Anvendelse)",1995,
Told,01000 Landbrug og gartneri-(Tilgang),"Offentligt forbrug, i alt-(Anvendelse)",1996,
Told,01000 Landbrug og gartneri-(Tilgang),"Offentligt forbrug, i alt-(Anvendelse)",1997,
Told,01000 Landbrug og gartneri-(Tilgang),"Offentligt forbrug, i alt-(Anvendelse)",1998,
Told,01000 Landbrug og gartneri-(Tilgang),"Offentligt forbrug, i alt-(Anvendelse)",1999,
Told,01000 Landbrug og gartneri-(Tilgang),"Offentligt forbrug, i alt-(Anvendelse)",2000,
Told,01000 Landbrug og gartneri-(Tilgang),"Offentligt forbrug, i alt-(Anvendelse)",2001,
Told,01000 Landbrug og gartneri-(Tilgang),"Offentligt forbrug, i alt-(Anvendelse)",2002,
Told,01000 Landbrug og gartneri-(Tilgang),"Offentligt forbrug, i alt-(Anvendelse)",2003,
Told,01000 Landbrug og gartneri-(Tilgang),"Offentligt forbrug, i alt-(Anvendelse)",2004,
Told,01000 Landbrug og gartneri-(Tilgang),"Offentligt forbrug, i alt-(Anvendelse)",2005,
Told,01000 Landbrug og gartneri-(Tilgang),"Offentligt forbrug, i alt-(Anvendelse)",2006,
Told,01000 Landbrug og gartneri-(Tilgang),"Offentligt forbrug, i alt-(Anvendelse)",2007,
Told,01000 Landbrug og gartneri-(Tilgang),"Offentligt forbrug, i alt-(Anvendelse)",2008,
Told,01000 Landbrug og gartneri-(Tilgang),"Offentligt forbrug, i alt-(Anvendelse)",2009,
Told,01000 Landbrug og gartneri-(Tilgang),"Offentligt forbrug, i alt-(Anvendelse)",2010,
Told,01000 Landbrug og gartneri-(Tilgang),"Offentligt forbrug, i alt-(Anvendelse)",2011,
Told,01000 Landbrug og gartneri-(Tilgang),"Offentligt forbrug, i alt-(Anvendelse)",2012,
Told,01000 Landbrug og gartneri-(Tilgang),"Offentligt forbrug, i alt-(Anvendelse)",2013,
Told,01000 Landbrug og gartneri-(Tilgang),"Offentligt forbrug, i alt-(Anvendelse)",2014,
Told,01000 Landbrug og gartneri-(Tilgang),"Offentligt forbrug, i alt-(Anvendelse)",2015,
Told,01000 Landbrug og gartneri-(Tilgang),"Offentligt forbrug, i alt-(Anvendelse)",2016,
Told,01000 Landbrug og gartneri-(Tilgang),"Offentligt forbrug, i alt-(Anvendelse)",2017,
Told,01000 Landbrug og gartneri-(Tilgang),"Offentligt forbrug, i alt-(Anvendelse)",2018,
Told,01000 Landbrug og gartneri-(Tilgang),"Offentligt forbrug, i alt-(Anvendelse)",2019,
Told,01000 Landbrug og gartneri-(Tilgang),"Offentligt forbrug, i alt-(Anvendelse)",2020,1.0
Told,01000 Landbrug og gartneri-(Tilgang),"Offentligt forbrug, i alt-(Anvendelse)",2021,
Told,01000 Landbrug og gartneri-(Tilgang),"Offentligt forbrug, i alt-(Anvendelse)",2022,
Told,01000 Landbrug og gartneri-(Tilgang),Privat,1967,
Told,01000 Landbrug og gartneri-(Tilgang),Privat,1968,
Told,01000 Landbrug og gartneri-(Tilgang),Privat,1969,
Told,01000 Landbrug og gartneri-(Tilgang),Privat,1970,
Told,01000 Landbrug og gartneri-(Tilgang),Privat,1971,
Told,01000 Landbrug og gartneri-(Tilgang),Privat,1972,
Told,01000 Landbrug og gartneri-(Tilgang),Privat,1973,
Told,01000 Landbrug og gartneri-(Tilgang),Privat,1974,
Told,01000 Landbrug og gartneri-(Tilgang),Privat,1975,
Told,01000 Landbrug og gartneri-(Tilgang),Privat,1976,
Told,01000 Landbrug og gartneri-(Tilgang),Privat,1977,
Told,01000 Landbrug og gartneri-(Tilgang),Privat,1978,
Told,01000 Landbrug og gartneri-(Tilgang),Privat,1979,
Told,01000 Landbrug og gartneri-(Tilgang),Privat,1980,
Told,01000 Landbrug og gartneri-(Tilgang),Privat,1981,
Told,01000 Landbrug og gartneri-(Tilgang),Privat,1982,
Told,01000 Landbrug og gartneri-(Tilgang),Privat,1983,
Told,01000 Landbrug og gartneri-(Tilgang),Privat,1984,
Told,01000 Landbrug og gartneri-(Tilgang),Privat,1985,
Told,01000 Landbrug og gartneri-(Tilgang),Privat,1986,
Told,01000 Landbrug og gartneri-(Tilgang),Privat,1987,
Told,01000 Landbrug og gartneri-(Tilgang),Privat,1988,
Told,01000 Landbrug og gartneri-(Tilgang),Privat,1989,
Told,01000 Landbrug og gartneri-(Tilgang),Privat,1990,
Told,01000 Landbrug og gartneri-(Tilgang),Privat,1991,
Told,01000 Landbrug og gartneri-(Tilgang),Privat,1992,
Told,01000 Landbrug og gartneri-(Tilgang),Privat,1993,
Told,01000 Landbrug og gartneri-(Tilgang),Privat,1994,
Told,01000 Landbrug og gartneri-(Tilgang),Privat,1995,
Told,01000 Landbrug og gartneri-(Tilgang),Privat,1996,
Told,01000 Landbrug og gartneri-(Tilgang),Privat,1997,
Told,01000 Landbrug og gartneri-(Tilgang),Privat,1998,
Told,01000 Landbrug og gartneri-(Tilgang),Privat,1999,
Told,01000 Landbrug og gartneri-(Tilgang),Privat,2000,
Told,01000 Landbrug og gartneri-(Tilgang),Privat,2001,
Told,01000 Landbrug og gartneri-(Tilgang),Privat,2002,
Told,01000 Landbrug og gartneri-(Tilgang),Privat,2003,
Told,01000 Landbrug og gartneri-(Tilgang),Privat,2004,0.8657646949536174
Told,01000 Landbrug og gartneri-(Tilgang),Privat,2005,0.953071979417978
Told,01000 Landbrug og gartneri-(Tilgang),Privat,2006,0.9504347556672147
Told,01000 Landbrug og gartneri-(Tilgang),Privat,2007,0.9236465582685296
Told,01000 Landbrug og gartneri-(Tilgang),Privat,2008,0.6394712420085417
Told,01000 Landbrug og gartneri-(Tilgang),Privat,2009,0.7470523108588922
Told,01000 Landbrug og gartneri-(Tilgang),Privat,2010,0.3554202682417857
Told,01000 Landbrug og gartneri-(Tilgang),Privat,2011,0.1399402952387331
Told,01000 Landbrug og gartneri-(Tilgang),Privat,2012,0.08734016870152837
Told,01000 Landbrug og gartneri-(Tilgang),Privat,2013,0.07327336268469568
Told,01000 Landbrug og gartneri-(Tilgang),Privat,2014,0.8412192275869729
Told,01000 Landbrug og gartneri-(Tilgang),Privat,2015,0.9073340899943454
Told,01000 Landbrug og gartneri-(Tilgang),Privat,2016,0.8544516329308818
Told,01000 Landbrug og gartneri-(Tilgang),Privat,2017,1.0327288898175677
Told,01000 Landbrug og gartneri-(Tilgang),Privat,2018,1.1851987062276417
Told,01000 Landbrug og gartneri-(Tilgang),Privat,2019,0.7834380088392648
Told,01000 Landbrug og gartneri-(Tilgang),Privat,2020,1.0
Told,01000 Landbrug og gartneri-(Tilgang),Privat,2021,1.0267903142709944
Told,01000 Landbrug og gartneri-(Tilgang),Privat,2022,0.540642665962981
Told,01000 Landbrug og gartneri-(Tilgang),REST_ANVENDELSE Øvrige brancher,1967,
Told,01000 Landbrug og gartneri-(Tilgang),REST_ANVENDELSE Øvrige brancher,1968,
Told,01000 Landbrug og gartneri-(Tilgang),REST_ANVENDELSE Øvrige brancher,1969,
Told,01000 Landbrug og gartneri-(Tilgang),REST_ANVENDELSE Øvrige brancher,1970,
Told,01000 Landbrug og gartneri-(Tilgang),REST_ANVENDELSE Øvrige brancher,1971,
Told,01000 Landbrug og gartneri-(Tilgang),REST_ANVENDELSE Øvrige brancher,1972,
Told,01000 Landbrug og gartneri-(Tilgang),REST_ANVENDELSE Øvrige brancher,1973,
Told,01000 Landbrug og gartneri-(Tilgang),REST_ANVENDELSE Øvrige brancher,1974,
Told,01000 Landbrug og gartneri-(Tilgang),REST_ANVENDELSE Øvrige brancher,1975,
Told,01000 Landbrug og gartneri-(Tilgang),REST_ANVENDELSE Øvrige brancher,1976,
Told,01000 Landbrug og gartneri-(Tilgang),REST_ANVENDELSE Øvrige brancher,1977,
Told,01000 Landbrug og gartneri-(Tilgang),REST_ANVENDELSE Øvrige brancher,1978,
Told,01000 Landbrug og gartneri-(Tilgang),REST_ANVENDELSE Øvrige brancher,1979,
Told,01000 Landbrug og gartneri-(Tilgang),REST_ANVENDELSE Øvrige brancher,1980,
Told,01000 Landbrug og gartneri-(Tilgang),REST_ANVENDELSE Øvrige brancher,1981,
Told,01000 Landbrug og gartneri-(Tilgang),REST_ANVENDELSE Øvrige brancher,1982,
Told,01000 Landbrug og gartneri-(Tilgang),REST_ANVENDELSE Øvrige brancher,1983,
Told,01000 Landbrug og gartneri-(Tilgang),REST_ANVENDELSE Øvrige brancher,1984,
Told,01000 Landbrug og gartneri-(Tilgang),REST_ANVENDELSE Øvrige brancher,1985,
Told,01000 Landbrug og gartneri-(Tilgang),REST_ANVENDELSE Øvrige brancher,1986,
Told,01000 Landbrug og gartneri-(Tilgang),REST_ANVENDELSE Øvrige brancher,1987,
Told,01000 Landbrug og gartneri-(Tilgang),REST_ANVENDELSE Øvrige brancher,1988,
Told,01000 Landbrug og gartneri-(Tilgang),REST_ANVENDELSE Øvrige brancher,1989,
Told,01000 Landbrug og gartneri-(Tilgang),REST_ANVENDELSE Øvrige brancher,1990,
Told,01000 Landbrug og gartneri-(Tilgang),REST_ANVENDELSE Øvrige brancher,1991,
Told,01000 Landbrug og gartneri-(Tilgang),REST_ANVENDELSE Øvrige brancher,1992,
Told,01000 Landbrug og gartneri-(Tilgang),REST_ANVENDELSE Øvrige brancher,1993,
Told,01000 Landbrug og gartneri-(Tilgang),REST_ANVENDELSE Øvrige brancher,1994,
Told,01000 Landbrug og gartneri-(Tilgang),REST_ANVENDELSE Øvrige brancher,1995,
Told,01000 Landbrug og gartneri-(Tilgang),REST_ANVENDELSE Øvrige brancher,1996,
Told,01000 Landbrug og gartneri-(Tilgang),REST_ANVENDELSE Øvrige brancher,1997,
Told,01000 Landbrug og gartneri-(Tilgang),REST_ANVENDELSE Øvrige brancher,1998,
Told,01000 Landbrug og gartneri-(Tilgang),REST_ANVENDELSE Øvrige brancher,1999,
Told,01000 Landbrug og gartneri-(Tilgang),REST_ANVENDELSE Øvrige brancher,2000,
Told,01000 Landbrug og gartneri-(Tilgang),REST_ANVENDELSE Øvrige brancher,2001,
Told,01000 Landbrug og gartneri-(Tilgang),REST_ANVENDELSE Øvrige brancher,2002,
Told,01000 Landbrug og gartneri-(Tilgang),REST_ANVENDELSE Øvrige brancher,2003,
Told,01000 Landbrug og gartneri-(Tilgang),REST_ANVENDELSE Øvrige brancher,2004,4.1821732962070595
Told,01000 Landbrug og gartneri-(Tilgang),REST_ANVENDELSE Øvrige brancher,2005,4.6008313184827925
Told,01000 Landbrug og gartneri-(Tilgang),REST_ANVENDELSE Øvrige brancher,2006,4.589072688254329
Told,01000 Landbrug og gartneri-(Tilgang),REST_ANVENDELSE Øvrige brancher,2007,4.459390597702019
Told,01000 Landbrug og gartneri-(Tilgang),REST_ANVENDELSE Øvrige brancher,2008,6.107865445763499
Told,01000 Landbrug og gartneri-(Tilgang),REST_ANVENDELSE Øvrige brancher,2009,5.748265201313541
Told,01000 Landbrug og gartneri-(Tilgang),REST_ANVENDELSE Øvrige brancher,2010,1.8632035324953036
Told,01000 Landbrug og gartneri-(Tilgang),REST_ANVENDELSE Øvrige brancher,2011,1.2033743214511394
Told,01000 Landbrug og gartneri-(Tilgang),REST_ANVENDELSE Øvrige brancher,2012,0.6212206716590474
Told,01000 Landbrug og gartneri-(Tilgang),REST_ANVENDELSE Øvrige brancher,2013,0.6659984390505296
Told,01000 Landbrug og gartneri-(Tilgang),REST_ANVENDELSE Øvrige brancher,2014,1.6431727100706977
Told,01000 Landbrug og gartneri-(Tilgang),REST_ANVENDELSE Øvrige brancher,2015,1.9726034593338113
Told,01000 Landbrug og gartneri-(Tilgang),REST_ANVENDELSE Øvrige brancher,2016,0.9821769745858878
Told,01000 Landbrug og gartneri-(Tilgang),REST_ANVENDELSE Øvrige brancher,2017,1.2040555933540908
Told,01000 Landbrug og gartneri-(Tilgang),REST_ANVENDELSE Øvrige brancher,2018,1.0900716638499037
Told,01000 Landbrug og gartneri-(Tilgang),REST_ANVENDELSE Øvrige brancher,2019,1.1433365292425695
Told,01000 Landbrug og gartneri-(Tilgang),REST_ANVENDELSE Øvrige brancher,2020,1.0
Told,01000 Landbrug og gartneri-(Tilgang),REST_ANVENDELSE Øvrige brancher,2021,1.0660980810234542
Told,01000 Landbrug og gartneri-(Tilgang),REST_ANVENDELSE Øvrige brancher,2022,0.9978194037629331
Told,"10120 Føde-, drikke- og tobaksvareindustri-(Tilgang)",01000 Landbrug og gartneri- (Anvendelse),1967,
Told,"10120 Føde-, drikke- og tobaksvareindustri-(Tilgang)",01000 Landbrug og gartneri- (Anvendelse),1968,
Told,"10120 Føde-, drikke- og tobaksvareindustri-(Tilgang)",01000 Landbrug og gartneri- (Anvendelse),1969,
Told,"10120 Føde-, drikke- og tobaksvareindustri-(Tilgang)",01000 Landbrug og gartneri- (Anvendelse),1970,
Told,"10120 Føde-, drikke- og tobaksvareindustri-(Tilgang)",01000 Landbrug og gartneri- (Anvendelse),1971,
Told,"10120 Føde-, drikke- og tobaksvareindustri-(Tilgang)",01000 Landbrug og gartneri- (Anvendelse),1972,
Told,"10120 Føde-, drikke- og tobaksvareindustri-(Tilgang)",01000 Landbrug og gartneri- (Anvendelse),1973,
Told,"10120 Føde-, drikke- og tobaksvareindustri-(Tilgang)",01000 Landbrug og gartneri- (Anvendelse),1974,
Told,"10120 Føde-, drikke- og tobaksvareindustri-(Tilgang)",01000 Landbrug og gartneri- (Anvendelse),1975,
Told,"10120 Føde-, drikke- og tobaksvareindustri-(Tilgang)",01000 Landbrug og gartneri- (Anvendelse),1976,
Told,"10120 Føde-, drikke- og tobaksvareindustri-(Tilgang)",01000 Landbrug og gartneri- (Anvendelse),1977,
Told,"10120 Føde-, drikke- og tobaksvareindustri-(Tilgang)",01000 Landbrug og gartneri- (Anvendelse),1978,
Told,"10120 Føde-, drikke- og tobaksvareindustri-(Tilgang)",01000 Landbrug og gartneri- (Anvendelse),1979,
Told,"10120 Føde-, drikke- og tobaksvareindustri-(Tilgang)",01000 Landbrug og gartneri- (Anvendelse),1980,
Told,"10120 Føde-, drikke- og tobaksvareindustri-(Tilgang)",01000 Landbrug og gartneri- (Anvendelse),1981,
Told,"10120 Føde-, drikke- og tobaksvareindustri-(Tilgang)",01000 Landbrug og gartneri- (Anvendelse),1982,
Told,"10120 Føde-, drikke- og tobaksvareindustri-(Tilgang)",01000 Landbrug og gartneri- (Anvendelse),1983,
Told,"10120 Føde-, drikke- og tobaksvareindustri-(Tilgang)",01000 Landbrug og gartneri- (Anvendelse),1984,
Told,"10120 Føde-, drikke- og tobaksvareindustri-(Tilgang)",01000 Landbrug og gartneri- (Anvendelse),1985,
Told,"10120 Føde-, drikke- og tobaksvareindustri-(Tilgang)",01000 Landbrug og gartneri- (Anvendelse),1986,
Told,"10120 Føde-, drikke- og tobaksvareindustri-(Tilgang)",01000 Landbrug og gartneri- (Anvendelse),1987,
Told,"10120 Føde-, drikke- og tobaksvareindustri-(Tilgang)",01000 Landbrug og gartneri- (Anvendelse),1988,
Told,"10120 Føde-, drikke- og tobaksvareindustri-(Tilgang)",01000 Landbrug og gartneri- (Anvendelse),1989,
Told,"10120 Føde-, drikke- og tobaksvareindustri-(Tilgang)",01000 Landbrug og gartneri- (Anvendelse),1990,
Told,"10120 Føde-, drikke- og tobaksvareindustri-(Tilgang)",01000 Landbrug og gartneri- (Anvendelse),1991,
Told,"10120 Føde-, drikke- og tobaksvareindustri-(Tilgang)",01000 Landbrug og gartneri- (Anvendelse),1992,
Told,"10120 Føde-, drikke- og tobaksvareindustri-(Tilgang)",01000 Landbrug og gartneri- (Anvendelse),1993,
Told,"10120 Føde-, drikke- og tobaksvareindustri-(Tilgang)",01000 Landbrug og gartneri- (Anvendelse),1994,
Told,"10120 Føde-, drikke- og tobaksvareindustri-(Tilgang)",01000 Landbrug og gartneri- (Anvendelse),1995,
Told,"10120 Føde-, drikke- og tobaksvareindustri-(Tilgang)",01000 Landbrug og gartneri- (Anvendelse),1996,
Told,"10120 Føde-, drikke- og tobaksvareindustri-(Tilgang)",01000 Landbrug og gartneri- (Anvendelse),1997,
Told,"10120 Føde-, drikke- og tobaksvareindustri-(Tilgang)",01000 Landbrug og gartneri- (Anvendelse),1998,
Told,"10120 Føde-, drikke- og tobaksvareindustri-(Tilgang)",01000 Landbrug og gartneri- (Anvendelse),1999,
Told,"10120 Føde-, drikke- og tobaksvareindustri-(Tilgang)",01000 Landbrug og gartneri- (Anvendelse),2000,
Told,"10120 Føde-, drikke- og tobaksvareindustri-(Tilgang)",01000 Landbrug og gartneri- (Anvendelse),2001,
Told,"10120 Føde-, drikke- og tobaksvareindustri-(Tilgang)",01000 Landbrug og gartneri- (Anvendelse),2002,
Told,"10120 Føde-, drikke- og tobaksvareindustri-(Tilgang)",01000 Landbrug og gartneri- (Anvendelse),2003,
Told,"10120 Føde-, drikke- og tobaksvareindustri-(Tilgang)",01000 Landbrug og gartneri- (Anvendelse),2004,0.03383667093423083
Told,"10120 Føde-, drikke- og tobaksvareindustri-(Tilgang)",01000 Landbrug og gartneri- (Anvendelse),2005,0.03725375430031913
Told,"10120 Føde-, drikke- og tobaksvareindustri-(Tilgang)",01000 Landbrug og gartneri- (Anvendelse),2006,0.03715736683770511
Told,"10120 Føde-, drikke- og tobaksvareindustri-(Tilgang)",01000 Landbrug og gartneri- (Anvendelse),2007,0.036104574777303465
Told,"10120 Føde-, drikke- og tobaksvareindustri-(Tilgang)",01000 Landbrug og gartneri- (Anvendelse),2008,0.05615796616387612
Told,"10120 Føde-, drikke- og tobaksvareindustri-(Tilgang)",01000 Landbrug og gartneri- (Anvendelse),2009,0.039679316965930696
Told,"10120 Føde-, drikke- og tobaksvareindustri-(Tilgang)",01000 Landbrug og gartneri- (Anvendelse),2010,0.011619035193271484
Told,"10120 Føde-, drikke- og tobaksvareindustri-(Tilgang)",01000 Landbrug og gartneri- (Anvendelse),2011,0.009577284443729212
Told,"10120 Føde-, drikke- og tobaksvareindustri-(Tilgang)",01000 Landbrug og gartneri- (Anvendelse),2012,0.006607405373438182
Told,"10120 Føde-, drikke- og tobaksvareindustri-(Tilgang)",01000 Landbrug og gartneri- (Anvendelse),2013,0.007588009704478478
Told,"10120 Føde-, drikke- og tobaksvareindustri-(Tilgang)",01000 Landbrug og gartneri- (Anvendelse),2014,0.12885376264924042
Told,"10120 Føde-, drikke- og tobaksvareindustri-(Tilgang)",01000 Landbrug og gartneri- (Anvendelse),2015,0.3505743862953748
Told,"10120 Føde-, drikke- og tobaksvareindustri-(Tilgang)",01000 Landbrug og gartneri- (Anvendelse),2016,0.5278694775080851
Told,"10120 Føde-, drikke- og tobaksvareindustri-(Tilgang)",01000 Landbrug og gartneri- (Anvendelse),2017,0.647516875581928
Told,"10120 Føde-, drikke- og tobaksvareindustri-(Tilgang)",01000 Landbrug og gartneri- (Anvendelse),2018,0.9473877391271467
Told,"10120 Føde-, drikke- og tobaksvareindustri-(Tilgang)",01000 Landbrug og gartneri- (Anvendelse),2019,0.8675913479164121
Told,"10120 Føde-, drikke- og tobaksvareindustri-(Tilgang)",01000 Landbrug og gartneri- (Anvendelse),2020,1.0
Told,"10120 Føde-, drikke- og tobaksvareindustri-(Tilgang)",01000 Landbrug og gartneri- (Anvendelse),2021,0.6876321639646478
Told,"10120 Føde-, drikke- og tobaksvareindustri-(Tilgang)",01000 Landbrug og gartneri- (Anvendelse),2022,0.9517013307095605
Told,"10120 Føde-, drikke- og tobaksvareindustri-(Tilgang)","10120 Føde-, drikke- og tobaksvareindustri- (Anvendelse)",1967,
Told,"10120 Føde-, drikke- og tobaksvareindustri-(Tilgang)","10120 Føde-, drikke- og tobaksvareindustri- (Anvendelse)",1968,
Told,"10120 Føde-, drikke- og tobaksvareindustri-(Tilgang)","10120 Føde-, drikke- og tobaksvareindustri- (Anvendelse)",1969,
Told,"10120 Føde-, drikke- og tobaksvareindustri-(Tilgang)","10120 Føde-, drikke- og tobaksvareindustri- (Anvendelse)",1970,
Told,"10120 Føde-, drikke- og tobaksvareindustri-(Tilgang)","10120 Føde-, drikke- og tobaksvareindustri- (Anvendelse)",1971,
Told,"10120 Føde-, drikke- og tobaksvareindustri-(Tilgang)","10120 Føde-, drikke- og tobaksvareindustri- (Anvendelse)",1972,
Told,"10120 Føde-, drikke- og tobaksvareindustri-(Tilgang)","10120 Føde-, drikke- og tobaksvareindustri- (Anvendelse)",1973,
Told,"10120 Føde-, drikke- og tobaksvareindustri-(Tilgang)","10120 Føde-, drikke- og tobaksvareindustri- (Anvendelse)",1974,
Told,"10120 Føde-, drikke- og tobaksvareindustri-(Tilgang)","10120 Føde-, drikke- og tobaksvareindustri- (Anvendelse)",1975,
Told,"10120 Føde-, drikke- og tobaksvareindustri-(Tilgang)","10120 Føde-, drikke- og tobaksvareindustri- (Anvendelse)",1976,
Told,"10120 Føde-, drikke- og tobaksvareindustri-(Tilgang)","10120 Føde-, drikke- og tobaksvareindustri- (Anvendelse)",1977,
Told,"10120 Føde-, drikke- og tobaksvareindustri-(Tilgang)","10120 Føde-, drikke- og tobaksvareindustri- (Anvendelse)",1978,
Told,"10120 Føde-, drikke- og tobaksvareindustri-(Tilgang)","10120 Føde-, drikke- og tobaksvareindustri- (Anvendelse)",1979,
Told,"10120 Føde-, drikke- og tobaksvareindustri-(Tilgang)","10120 Føde-, drikke- og tobaksvareindustri- (Anvendelse)",1980,
Told,"10120 Føde-, drikke- og tobaksvareindustri-(Tilgang)","10120 Føde-, drikke- og tobaksvareindustri- (Anvendelse)",1981,
Told,"10120 Føde-, drikke- og tobaksvareindustri-(Tilgang)","10120 Føde-, drikke- og tobaksvareindustri- (Anvendelse)",1982,
Told,"10120 Føde-, drikke- og tobaksvareindustri-(Tilgang)","10120 Føde-, drikke- og tobaksvareindustri- (Anvendelse)",1983,
Told,"10120 Føde-, drikke- og tobaksvareindustri-(Tilgang)","10120 Føde-, drikke- og tobaksvareindustri- (Anvendelse)",1984,
Told,"10120 Føde-, drikke- og tobaksvareindustri-(Tilgang)","10120 Føde-, drikke- og tobaksvareindustri- (Anvendelse)",1985,
Told,"10120 Føde-, drikke- og tobaksvareindustri-(Tilgang)","10120 Føde-, drikke- og tobaksvareindustri- (Anvendelse)",1986,
Told,"10120 Føde-, drikke- og tobaksvareindustri-(Tilgang)","10120 Føde-, drikke- og tobaksvareindustri- (Anvendelse)",1987,
Told,"10120 Føde-, drikke- og tobaksvareindustri-(Tilgang)","10120 Føde-, drikke- og tobaksvareindustri- (Anvendelse)",1988,
Told,"10120 Føde-, drikke- og tobaksvareindustri-(Tilgang)","10120 Føde-, drikke- og tobaksvareindustri- (Anvendelse)",1989,
Told,"10120 Føde-, drikke- og tobaksvareindustri-(Tilgang)","10120 Føde-, drikke- og tobaksvareindustri- (Anvendelse)",1990,
Told,"10120 Føde-, drikke- og tobaksvareindustri-(Tilgang)","10120 Føde-, drikke- og tobaksvareindustri- (Anvendelse)",1991,
Told,"10120 Føde-, drikke- og tobaksvareindustri-(Tilgang)","10120 Føde-, drikke- og tobaksvareindustri- (Anvendelse)",1992,
Told,"10120 Føde-, drikke- og tobaksvareindustri-(Tilgang)","10120 Føde-, drikke- og tobaksvareindustri- (Anvendelse)",1993,
Told,"10120 Føde-, drikke- og tobaksvareindustri-(Tilgang)","10120 Føde-, drikke- og tobaksvareindustri- (Anvendelse)",1994,
Told,"10120 Føde-, drikke- og tobaksvareindustri-(Tilgang)","10120 Føde-, drikke- og tobaksvareindustri- (Anvendelse)",1995,
Told,"10120 Føde-, drikke- og tobaksvareindustri-(Tilgang)","10120 Føde-, drikke- og tobaksvareindustri- (Anvendelse)",1996,
Told,"10120 Føde-, drikke- og tobaksvareindustri-(Tilgang)","10120 Føde-, drikke- og tobaksvareindustri- (Anvendelse)",1997,
Told,"10120 Føde-, drikke- og tobaksvareindustri-(Tilgang)","10120 Føde-, drikke- og tobaksvareindustri- (Anvendelse)",1998,
Told,"10120 Føde-, drikke- og tobaksvareindustri-(Tilgang)","10120 Føde-, drikke- og tobaksvareindustri- (Anvendelse)",1999,
Told,"10120 Føde-, drikke- og tobaksvareindustri-(Tilgang)","10120 Føde-, drikke- og tobaksvareindustri- (Anvendelse)",2000,
Told,"10120 Føde-, drikke- og tobaksvareindustri-(Tilgang)","10120 Føde-, drikke- og tobaksvareindustri- (Anvendelse)",2001,
Told,"10120 Føde-, drikke- og tobaksvareindustri-(Tilgang)","10120 Føde-, drikke- og tobaksvareindustri- (Anvendelse)",2002,
Told,"10120 Føde-, drikke- og tobaksvareindustri-(Tilgang)","10120 Føde-, drikke- og tobaksvareindustri- (Anvendelse)",2003,
Told,"10120 Føde-, drikke- og tobaksvareindustri-(Tilgang)","10120 Føde-, drikke- og tobaksvareindustri- (Anvendelse)",2004,0.8756831920268429
Told,"10120 Føde-, drikke- og tobaksvareindustri-(Tilgang)","10120 Føde-, drikke- og tobaksvareindustri- (Anvendelse)",2005,0.9640515942462873
Told,"10120 Føde-, drikke- og tobaksvareindustri-(Tilgang)","10120 Føde-, drikke- og tobaksvareindustri- (Anvendelse)",2006,0.9612824641185441
Told,"10120 Føde-, drikke- og tobaksvareindustri-(Tilgang)","10120 Føde-, drikke- og tobaksvareindustri- (Anvendelse)",2007,0.9341553145489601
Told,"10120 Føde-, drikke- og tobaksvareindustri-(Tilgang)","10120 Føde-, drikke- og tobaksvareindustri- (Anvendelse)",2008,0.7801349795174912
Told,"10120 Føde-, drikke- og tobaksvareindustri-(Tilgang)","10120 Føde-, drikke- og tobaksvareindustri- (Anvendelse)",2009,0.735325582997273
Told,"10120 Føde-, drikke- og tobaksvareindustri-(Tilgang)","10120 Føde-, drikke- og tobaksvareindustri- (Anvendelse)",2010,0.2635997128677576
Told,"10120 Føde-, drikke- og tobaksvareindustri-(Tilgang)","10120 Føde-, drikke- og tobaksvareindustri- (Anvendelse)",2011,0.1942445004839873
Told,"10120 Føde-, drikke- og tobaksvareindustri-(Tilgang)","10120 Føde-, drikke- og tobaksvareindustri- (Anvendelse)",2012,0.0884412305360469
Told,"10120 Føde-, drikke- og tobaksvareindustri-(Tilgang)","10120 Føde-, drikke- og tobaksvareindustri- (Anvendelse)",2013,0.05216934625167935
Told,"10120 Føde-, drikke- og tobaksvareindustri-(Tilgang)","10120 Føde-, drikke- og tobaksvareindustri- (Anvendelse)",2014,0.6478105627585055
Told,"10120 Føde-, drikke- og tobaksvareindustri-(Tilgang)","10120 Føde-, drikke- og tobaksvareindustri- (Anvendelse)",2015,0.7968841502466105
Told,"10120 Føde-, drikke- og tobaksvareindustri-(Tilgang)","10120 Føde-, drikke- og tobaksvareindustri- (Anvendelse)",2016,0.9185185635114232
Told,"10120 Føde-, drikke- og tobaksvareindustri-(Tilgang)","10120 Føde-, drikke- og tobaksvareindustri- (Anvendelse)",2017,0.8267325424214585
Told,"10120 Føde-, drikke- og tobaksvareindustri-(Tilgang)","10120 Føde-, drikke- og tobaksvareindustri- (Anvendelse)",2018,0.8760655164863456
Told,"10120 Føde-, drikke- og tobaksvareindustri-(Tilgang)","10120 Føde-, drikke- og tobaksvareindustri- (Anvendelse)",2019,0.8697402877765368
Told,"10120 Føde-, drikke- og tobaksvareindustri-(Tilgang)","10120 Føde-, drikke- og tobaksvareindustri- (Anvendelse)",2020,1.0
Told,"10120 Føde-, drikke- og tobaksvareindustri-(Tilgang)","10120 Føde-, drikke- og tobaksvareindustri- (Anvendelse)",2021,1.0666968665966285
Told,"10120 Føde-, drikke- og tobaksvareindustri-(Tilgang)","10120 Føde-, drikke- og tobaksvareindustri- (Anvendelse)",2022,1.415716307507276
Told,"10120 Føde-, drikke- og tobaksvareindustri-(Tilgang)","Anvendelse, i alt-(Anvendelse)",1967,
Told,"10120 Føde-, drikke- og tobaksvareindustri-(Tilgang)","Anvendelse, i alt-(Anvendelse)",1968,
Told,"10120 Føde-, drikke- og tobaksvareindustri-(Tilgang)","Anvendelse, i alt-(Anvendelse)",1969,
Told,"10120 Føde-, drikke- og tobaksvareindustri-(Tilgang)","Anvendelse, i alt-(Anvendelse)",1970,
Told,"10120 Føde-, drikke- og tobaksvareindustri-(Tilgang)","Anvendelse, i alt-(Anvendelse)",1971,
Told,"10120 Føde-, drikke- og tobaksvareindustri-(Tilgang)","Anvendelse, i alt-(Anvendelse)",1972,
Told,"10120 Føde-, drikke- og tobaksvareindustri-(Tilgang)","Anvendelse, i alt-(Anvendelse)",1973,
Told,"10120 Føde-, drikke- og tobaksvareindustri-(Tilgang)","Anvendelse, i alt-(Anvendelse)",1974,
Told,"10120 Føde-, drikke- og tobaksvareindustri-(Tilgang)","Anvendelse, i alt-(Anvendelse)",1975,
Told,"10120 Føde-, drikke- og tobaksvareindustri-(Tilgang)","Anvendelse, i alt-(Anvendelse)",1976,
Told,"10120 Føde-, drikke- og tobaksvareindustri-(Tilgang)","Anvendelse, i alt-(Anvendelse)",1977,
Told,"10120 Føde-, drikke- og tobaksvareindustri-(Tilgang)","Anvendelse, i alt-(Anvendelse)",1978,
Told,"10120 Føde-, drikke- og tobaksvareindustri-(Tilgang)","Anvendelse, i alt-(Anvendelse)",1979,
Told,"10120 Føde-, drikke- og tobaksvareindustri-(Tilgang)","Anvendelse, i alt-(Anvendelse)",1980,
Told,"10120 Føde-, drikke- og tobaksvareindustri-(Tilgang)","Anvendelse, i alt-(Anvendelse)",1981,
Told,"10120 Føde-, drikke- og tobaksvareindustri-(Tilgang)","Anvendelse, i alt-(Anvendelse)",1982,
Told,"10120 Føde-, drikke- og tobaksvareindustri-(Tilgang)","Anvendelse, i alt-(Anvendelse)",1983,
Told,"10120 Føde-, drikke- og tobaksvareindustri-(Tilgang)","Anvendelse, i alt-(Anvendelse)",1984,
Told,"10120 Føde-, drikke- og tobaksvareindustri-(Tilgang)","Anvendelse, i alt-(Anvendelse)",1985,
Told,"10120 Føde-, drikke- og tobaksvareindustri-(Tilgang)","Anvendelse, i alt-(Anvendelse)",1986,
Told,"10120 Føde-, drikke- og tobaksvareindustri-(Tilgang)","Anvendelse, i alt-(Anvendelse)",1987,
Told,"10120 Føde-, drikke- og tobaksvareindustri-(Tilgang)","Anvendelse, i alt-(Anvendelse)",1988,
Told,"10120 Føde-, drikke- og tobaksvareindustri-(Tilgang)","Anvendelse, i alt-(Anvendelse)",1989,
Told,"10120 Føde-, drikke- og tobaksvareindustri-(Tilgang)","Anvendelse, i alt-(Anvendelse)",1990,
Told,"10120 Føde-, drikke- og tobaksvareindustri-(Tilgang)","Anvendelse, i alt-(Anvendelse)",1991,
Told,"10120 Føde-, drikke- og tobaksvareindustri-(Tilgang)","Anvendelse, i alt-(Anvendelse)",1992,
Told,"10120 Føde-, drikke- og tobaksvareindustri-(Tilgang)","Anvendelse, i alt-(Anvendelse)",1993,
Told,"10120 Føde-, drikke- og tobaksvareindustri-(Tilgang)","Anvendelse, i alt-(Anvendelse)",1994,
Told,"10120 Føde-, drikke- og tobaksvareindustri-(Tilgang)","Anvendelse, i alt-(Anvendelse)",1995,
Told,"10120 Føde-, drikke- og tobaksvareindustri-(Tilgang)","Anvendelse, i alt-(Anvendelse)",1996,
Told,"10120 Føde-, drikke- og tobaksvareindustri-(Tilgang)","Anvendelse, i alt-(Anvendelse)",1997,
Told,"10120 Føde-, drikke- og tobaksvareindustri-(Tilgang)","Anvendelse, i alt-(Anvendelse)",1998,
Told,"10120 Føde-, drikke- og tobaksvareindustri-(Tilgang)","Anvendelse, i alt-(Anvendelse)",1999,
Told,"10120 Føde-, drikke- og tobaksvareindustri-(Tilgang)","Anvendelse, i alt-(Anvendelse)",2000,
Told,"10120 Føde-, drikke- og tobaksvareindustri-(Tilgang)","Anvendelse, i alt-(Anvendelse)",2001,
Told,"10120 Føde-, drikke- og tobaksvareindustri-(Tilgang)","Anvendelse, i alt-(Anvendelse)",2002,
Told,"10120 Føde-, drikke- og tobaksvareindustri-(Tilgang)","Anvendelse, i alt-(Anvendelse)",2003,
Told,"10120 Føde-, drikke- og tobaksvareindustri-(Tilgang)","Anvendelse, i alt-(Anvendelse)",2004,0.7702683616830386
Told,"10120 Føde-, drikke- og tobaksvareindustri-(Tilgang)","Anvendelse, i alt-(Anvendelse)",2005,0.8479979652865083
Told,"10120 Føde-, drikke- og tobaksvareindustri-(Tilgang)","Anvendelse, i alt-(Anvendelse)",2006,0.845562783048473
Told,"10120 Føde-, drikke- og tobaksvareindustri-(Tilgang)","Anvendelse, i alt-(Anvendelse)",2007,0.821703355828763
Told,"10120 Føde-, drikke- og tobaksvareindustri-(Tilgang)","Anvendelse, i alt-(Anvendelse)",2008,0.7175777336946024
Told,"10120 Føde-, drikke- og tobaksvareindustri-(Tilgang)","Anvendelse, i alt-(Anvendelse)",2009,0.6742859668713386
Told,"10120 Føde-, drikke- og tobaksvareindustri-(Tilgang)","Anvendelse, i alt-(Anvendelse)",2010,0.27554477141015626
Told,"10120 Føde-, drikke- og tobaksvareindustri-(Tilgang)","Anvendelse, i alt-(Anvendelse)",2011,0.19591314075057464
Told,"10120 Føde-, drikke- og tobaksvareindustri-(Tilgang)","Anvendelse, i alt-(Anvendelse)",2012,0.1264154262260671
Told,"10120 Føde-, drikke- og tobaksvareindustri-(Tilgang)","Anvendelse, i alt-(Anvendelse)",2013,0.08435161236724516
Told,"10120 Føde-, drikke- og tobaksvareindustri-(Tilgang)","Anvendelse, i alt-(Anvendelse)",2014,0.7550720452876748
Told,"10120 Føde-, drikke- og tobaksvareindustri-(Tilgang)","Anvendelse, i alt-(Anvendelse)",2015,0.9328019777707856
Told,"10120 Føde-, drikke- og tobaksvareindustri-(Tilgang)","Anvendelse, i alt-(Anvendelse)",2016,1.0746483589886338
Told,"10120 Føde-, drikke- og tobaksvareindustri-(Tilgang)","Anvendelse, i alt-(Anvendelse)",2017,0.9545383426924505
Told,"10120 Føde-, drikke- og tobaksvareindustri-(Tilgang)","Anvendelse, i alt-(Anvendelse)",2018,0.9863856394062617
Told,"10120 Føde-, drikke- og tobaksvareindustri-(Tilgang)","Anvendelse, i alt-(Anvendelse)",2019,0.9414772201066675
Told,"10120 Føde-, drikke- og tobaksvareindustri-(Tilgang)","Anvendelse, i alt-(Anvendelse)",2020,1.0
Told,"10120 Føde-, drikke- og tobaksvareindustri-(Tilgang)","Anvendelse, i alt-(Anvendelse)",2021,0.9371946011441283
Told,"10120 Føde-, drikke- og tobaksvareindustri-(Tilgang)","Anvendelse, i alt-(Anvendelse)",2022,1.1550328855031622
Told,"10120 Føde-, drikke- og tobaksvareindustri-(Tilgang)",Eksport - (Anvendelse),1967,
Told,"10120 Føde-, drikke- og tobaksvareindustri-(Tilgang)",Eksport - (Anvendelse),1968,
Told,"10120 Føde-, drikke- og tobaksvareindustri-(Tilgang)",Eksport - (Anvendelse),1969,
Told,"10120 Føde-, drikke- og tobaksvareindustri-(Tilgang)",Eksport - (Anvendelse),1970,
Told,"10120 Føde-, drikke- og tobaksvareindustri-(Tilgang)",Eksport - (Anvendelse),1971,
Told,"10120 Føde-, drikke- og tobaksvareindustri-(Tilgang)",Eksport - (Anvendelse),1972,
Told,"10120 Føde-, drikke- og tobaksvareindustri-(Tilgang)",Eksport - (Anvendelse),1973,
Told,"10120 Føde-, drikke- og tobaksvareindustri-(Tilgang)",Eksport - (Anvendelse),1974,
Told,"10120 Føde-, drikke- og tobaksvareindustri-(Tilgang)",Eksport - (Anvendelse),1975,
Told,"10120 Føde-, drikke- og tobaksvareindustri-(Tilgang)",Eksport - (Anvendelse),1976,
Told,"10120 Føde-, drikke- og tobaksvareindustri-(Tilgang)",Eksport - (Anvendelse),1977,
Told,"10120 Føde-, drikke- og tobaksvareindustri-(Tilgang)",Eksport - (Anvendelse),1978,
Told,"10120 Føde-, drikke- og tobaksvareindustri-(Tilgang)",Eksport - (Anvendelse),1979,
Told,"10120 Føde-, drikke- og tobaksvareindustri-(Tilgang)",Eksport - (Anvendelse),1980,
Told,"10120 Føde-, drikke- og tobaksvareindustri-(Tilgang)",Eksport - (Anvendelse),1981,
Told,"10120 Føde-, drikke- og tobaksvareindustri-(Tilgang)",Eksport - (Anvendelse),1982,
Told,"10120 Føde-, drikke- og tobaksvareindustri-(Tilgang)",Eksport - (Anvendelse),1983,
Told,"10120 Føde-, drikke- og tobaksvareindustri-(Tilgang)",Eksport - (Anvendelse),1984,
Told,"10120 Føde-, drikke- og tobaksvareindustri-(Tilgang)",Eksport - (Anvendelse),1985,
Told,"10120 Føde-, drikke- og tobaksvareindustri-(Tilgang)",Eksport - (Anvendelse),1986,
Told,"10120 Føde-, drikke- og tobaksvareindustri-(Tilgang)",Eksport - (Anvendelse),1987,
Told,"10120 Føde-, drikke- og tobaksvareindustri-(Tilgang)",Eksport - (Anvendelse),1988,
Told,"10120 Føde-, drikke- og tobaksvareindustri-(Tilgang)",Eksport - (Anvendelse),1989,
Told,"10120 Føde-, drikke- og tobaksvareindustri-(Tilgang)",Eksport - (Anvendelse),1990,
Told,"10120 Føde-, drikke- og tobaksvareindustri-(Tilgang)",Eksport - (Anvendelse),1991,
Told,"10120 Føde-, drikke- og tobaksvareindustri-(Tilgang)",Eksport - (Anvendelse),1992,
Told,"10120 Føde-, drikke- og tobaksvareindustri-(Tilgang)",Eksport - (Anvendelse),1993,
Told,"10120 Føde-, drikke- og tobaksvareindustri-(Tilgang)",Eksport - (Anvendelse),1994,
Told,"10120 Føde-, drikke- og tobaksvareindustri-(Tilgang)",Eksport - (Anvendelse),1995,
Told,"10120 Føde-, drikke- og tobaksvareindustri-(Tilgang)",Eksport - (Anvendelse),1996,
Told,"10120 Føde-, drikke- og tobaksvareindustri-(Tilgang)",Eksport - (Anvendelse),1997,
Told,"10120 Føde-, drikke- og tobaksvareindustri-(Tilgang)",Eksport - (Anvendelse),1998,
Told,"10120 Føde-, drikke- og tobaksvareindustri-(Tilgang)",Eksport - (Anvendelse),1999,
Told,"10120 Føde-, drikke- og tobaksvareindustri-(Tilgang)",Eksport - (Anvendelse),2000,
Told,"10120 Føde-, drikke- og tobaksvareindustri-(Tilgang)",Eksport - (Anvendelse),2001,
Told,"10120 Føde-, drikke- og tobaksvareindustri-(Tilgang)",Eksport - (Anvendelse),2002,
Told,"10120 Føde-, drikke- og tobaksvareindustri-(Tilgang)",Eksport - (Anvendelse),2003,
Told,"10120 Føde-, drikke- og tobaksvareindustri-(Tilgang)",Eksport - (Anvendelse),2004,0.07421190918600087
Told,"10120 Føde-, drikke- og tobaksvareindustri-(Tilgang)",Eksport - (Anvendelse),2005,0.08170055093152284
Told,"10120 Føde-, drikke- og tobaksvareindustri-(Tilgang)",Eksport - (Anvendelse),2006,0.0814654479128555
Told,"10120 Føde-, drikke- og tobaksvareindustri-(Tilgang)",Eksport - (Anvendelse),2007,0.07916670134597756
Told,"10120 Føde-, drikke- og tobaksvareindustri-(Tilgang)",Eksport - (Anvendelse),2008,0.07916670134597756
Told,"10120 Føde-, drikke- og tobaksvareindustri-(Tilgang)",Eksport - (Anvendelse),2009,0.07916670134597756
Told,"10120 Føde-, drikke- og tobaksvareindustri-(Tilgang)",Eksport - (Anvendelse),2010,0.07916670134597756
Told,"10120 Føde-, drikke- og tobaksvareindustri-(Tilgang)",Eksport - (Anvendelse),2011,0.07916670134597756
Told,"10120 Føde-, drikke- og tobaksvareindustri-(Tilgang)",Eksport - (Anvendelse),2012,0.07916670134597756
Told,"10120 Føde-, drikke- og tobaksvareindustri-(Tilgang)",Eksport - (Anvendelse),2013,0.07916670134597756
Told,"10120 Føde-, drikke- og tobaksvareindustri-(Tilgang)",Eksport - (Anvendelse),2014,1.0166177833821328
Told,"10120 Føde-, drikke- og tobaksvareindustri-(Tilgang)",Eksport - (Anvendelse),2015,1.2744160343571185
Told,"10120 Føde-, drikke- og tobaksvareindustri-(Tilgang)",Eksport - (Anvendelse),2016,1.5012626027953933
Told,"10120 Føde-, drikke- og tobaksvareindustri-(Tilgang)",Eksport - (Anvendelse),2017,1.2684674273242056
Told,"10120 Føde-, drikke- og tobaksvareindustri-(Tilgang)",Eksport - (Anvendelse),2018,1.1160969934561267
Told,"10120 Føde-, drikke- og tobaksvareindustri-(Tilgang)",Eksport - (Anvendelse),2019,1.0070146201045376
Told,"10120 Føde-, drikke- og tobaksvareindustri-(Tilgang)",Eksport - (Anvendelse),2020,1.0
Told,"10120 Føde-, drikke- og tobaksvareindustri-(Tilgang)",Eksport - (Anvendelse),2021,0.8237120260181832
Told,"10120 Føde-, drikke- og tobaksvareindustri-(Tilgang)",Eksport - (Anvendelse),2022,1.275696058665461
Told,"10120 Føde-, drikke- og tobaksvareindustri-(Tilgang)",Faste bruttoinvesteringer + Lagerforøgelse + Værdigenstande (Anvendelse),1967,
Told,"10120 Føde-, drikke- og tobaksvareindustri-(Tilgang)",Faste bruttoinvesteringer + Lagerforøgelse + Værdigenstande (Anvendelse),1968,
Told,"10120 Føde-, drikke- og tobaksvareindustri-(Tilgang)",Faste bruttoinvesteringer + Lagerforøgelse + Værdigenstande (Anvendelse),1969,
Told,"10120 Føde-, drikke- og tobaksvareindustri-(Tilgang)",Faste bruttoinvesteringer + Lagerforøgelse + Værdigenstande (Anvendelse),1970,
Told,"10120 Føde-, drikke- og tobaksvareindustri-(Tilgang)",Faste bruttoinvesteringer + Lagerforøgelse + Værdigenstande (Anvendelse),1971,
Told,"10120 Føde-, drikke- og tobaksvareindustri-(Tilgang)",Faste bruttoinvesteringer + Lagerforøgelse + Værdigenstande (Anvendelse),1972,
Told,"10120 Føde-, drikke- og tobaksvareindustri-(Tilgang)",Faste bruttoinvesteringer + Lagerforøgelse + Værdigenstande (Anvendelse),1973,
Told,"10120 Føde-, drikke- og tobaksvareindustri-(Tilgang)",Faste bruttoinvesteringer + Lagerforøgelse + Værdigenstande (Anvendelse),1974,
Told,"10120 Føde-, drikke- og tobaksvareindustri-(Tilgang)",Faste bruttoinvesteringer + Lagerforøgelse + Værdigenstande (Anvendelse),1975,
Told,"10120 Føde-, drikke- og tobaksvareindustri-(Tilgang)",Faste bruttoinvesteringer + Lagerforøgelse + Værdigenstande (Anvendelse),1976,
Told,"10120 Føde-, drikke- og tobaksvareindustri-(Tilgang)",Faste bruttoinvesteringer + Lagerforøgelse + Værdigenstande (Anvendelse),1977,
Told,"10120 Føde-, drikke- og tobaksvareindustri-(Tilgang)",Faste bruttoinvesteringer + Lagerforøgelse + Værdigenstande (Anvendelse),1978,
Told,"10120 Føde-, drikke- og tobaksvareindustri-(Tilgang)",Faste bruttoinvesteringer + Lagerforøgelse + Værdigenstande (Anvendelse),1979,
Told,"10120 Føde-, drikke- og tobaksvareindustri-(Tilgang)",Faste bruttoinvesteringer + Lagerforøgelse + Værdigenstande (Anvendelse),1980,
Told,"10120 Føde-, drikke- og tobaksvareindustri-(Tilgang)",Faste bruttoinvesteringer + Lagerforøgelse + Værdigenstande (Anvendelse),1981,
Told,"10120 Føde-, drikke- og tobaksvareindustri-(Tilgang)",Faste bruttoinvesteringer + Lagerforøgelse + Værdigenstande (Anvendelse),1982,
Told,"10120 Føde-, drikke- og tobaksvareindustri-(Tilgang)",Faste bruttoinvesteringer + Lagerforøgelse + Værdigenstande (Anvendelse),1983,
Told,"10120 Føde-, drikke- og tobaksvareindustri-(Tilgang)",Faste bruttoinvesteringer + Lagerforøgelse + Værdigenstande (Anvendelse),1984,
Told,"10120 Føde-, drikke- og tobaksvareindustri-(Tilgang)",Faste bruttoinvesteringer + Lagerforøgelse + Værdigenstande (Anvendelse),1985,
Told,"10120 Føde-, drikke- og tobaksvareindustri-(Tilgang)",Faste bruttoinvesteringer + Lagerforøgelse + Værdigenstande (Anvendelse),1986,
Told,"10120 Føde-, drikke- og tobaksvareindustri-(Tilgang)",Faste bruttoinvesteringer + Lagerforøgelse + Værdigenstande (Anvendelse),1987,
Told,"10120 Føde-, drikke- og tobaksvareindustri-(Tilgang)",Faste bruttoinvesteringer + Lagerforøgelse + Værdigenstande (Anvendelse),1988,
Told,"10120 Føde-, drikke- og tobaksvareindustri-(Tilgang)",Faste bruttoinvesteringer + Lagerforøgelse + Værdigenstande (Anvendelse),1989,
Told,"10120 Føde-, drikke- og tobaksvareindustri-(Tilgang)",Faste bruttoinvesteringer + Lagerforøgelse + Værdigenstande (Anvendelse),1990,
Told,"10120 Føde-, drikke- og tobaksvareindustri-(Tilgang)",Faste bruttoinvesteringer + Lagerforøgelse + Værdigenstande (Anvendelse),1991,
Told,"10120 Føde-, drikke- og tobaksvareindustri-(Tilgang)",Faste bruttoinvesteringer + Lagerforøgelse + Værdigenstande (Anvendelse),1992,
Told,"10120 Føde-, drikke- og tobaksvareindustri-(Tilgang)",Faste bruttoinvesteringer + Lagerforøgelse + Værdigenstande (Anvendelse),1993,
Told,"10120 Føde-, drikke- og tobaksvareindustri-(Tilgang)",Faste bruttoinvesteringer + Lagerforøgelse + Værdigenstande (Anvendelse),1994,
Told,"10120 Føde-, drikke- og tobaksvareindustri-(Tilgang)",Faste bruttoinvesteringer + Lagerforøgelse + Værdigenstande (Anvendelse),1995,
Told,"10120 Føde-, drikke- og tobaksvareindustri-(Tilgang)",Faste bruttoinvesteringer + Lagerforøgelse + Værdigenstande (Anvendelse),1996,
Told,"10120 Føde-, drikke- og tobaksvareindustri-(Tilgang)",Faste bruttoinvesteringer + Lagerforøgelse + Værdigenstande (Anvendelse),1997,
Told,"10120 Føde-, drikke- og tobaksvareindustri-(Tilgang)",Faste bruttoinvesteringer + Lagerforøgelse + Værdigenstande (Anvendelse),1998,
Told,"10120 Føde-, drikke- og tobaksvareindustri-(Tilgang)",Faste bruttoinvesteringer + Lagerforøgelse + Værdigenstande (Anvendelse),1999,
Told,"10120 Føde-, drikke- og tobaksvareindustri-(Tilgang)",Faste bruttoinvesteringer + Lagerforøgelse + Værdigenstande (Anvendelse),2000,
Told,"10120 Føde-, drikke- og tobaksvareindustri-(Tilgang)",Faste bruttoinvesteringer + Lagerforøgelse + Værdigenstande (Anvendelse),2001,
Told,"10120 Føde-, drikke- og tobaksvareindustri-(Tilgang)",Faste bruttoinvesteringer + Lagerforøgelse + Værdigenstande (Anvendelse),2002,
Told,"10120 Føde-, drikke- og tobaksvareindustri-(Tilgang)",Faste bruttoinvesteringer + Lagerforøgelse + Værdigenstande (Anvendelse),2003,
Told,"10120 Føde-, drikke- og tobaksvareindustri-(Tilgang)",Faste bruttoinvesteringer + Lagerforøgelse + Værdigenstande (Anvendelse),2004,
Told,"10120 Føde-, drikke- og tobaksvareindustri-(Tilgang)",Faste bruttoinvesteringer + Lagerforøgelse + Værdigenstande (Anvendelse),2005,
Told,"10120 Føde-, drikke- og tobaksvareindustri-(Tilgang)",Faste bruttoinvesteringer + Lagerforøgelse + Værdigenstande (Anvendelse),2006,
Told,"10120 Føde-, drikke- og tobaksvareindustri-(Tilgang)",Faste bruttoinvesteringer + Lagerforøgelse + Værdigenstande (Anvendelse),2007,
Told,"10120 Føde-, drikke- og tobaksvareindustri-(Tilgang)",Faste bruttoinvesteringer + Lagerforøgelse + Værdigenstande (Anvendelse),2008,
Told,"10120 Føde-, drikke- og tobaksvareindustri-(Tilgang)",Faste bruttoinvesteringer + Lagerforøgelse + Værdigenstande (Anvendelse),2009,
Told,"10120 Føde-, drikke- og tobaksvareindustri-(Tilgang)",Faste bruttoinvesteringer + Lagerforøgelse + Værdigenstande (Anvendelse),2010,
Told,"10120 Føde-, drikke- og tobaksvareindustri-(Tilgang)",Faste bruttoinvesteringer + Lagerforøgelse + Værdigenstande (Anvendelse),2011,
Told,"10120 Føde-, drikke- og tobaksvareindustri-(Tilgang)",Faste bruttoinvesteringer + Lagerforøgelse + Værdigenstande (Anvendelse),2012,0.07058195369419955
Told,"10120 Føde-, drikke- og tobaksvareindustri-(Tilgang)",Faste bruttoinvesteringer + Lagerforøgelse + Værdigenstande (Anvendelse),2013,0.07058195369419955
Told,"10120 Føde-, drikke- og tobaksvareindustri-(Tilgang)",Faste bruttoinvesteringer + Lagerforøgelse + Værdigenstande (Anvendelse),2014,0.5796730665098091
Told,"10120 Føde-, drikke- og tobaksvareindustri-(Tilgang)",Faste bruttoinvesteringer + Lagerforøgelse + Værdigenstande (Anvendelse),2015,0.8107719634572413
Told,"10120 Føde-, drikke- og tobaksvareindustri-(Tilgang)",Faste bruttoinvesteringer + Lagerforøgelse + Værdigenstande (Anvendelse),2016,0.6577961212954977
Told,"10120 Føde-, drikke- og tobaksvareindustri-(Tilgang)",Faste bruttoinvesteringer + Lagerforøgelse + Værdigenstande (Anvendelse),2017,0.5512421605513983
Told,"10120 Føde-, drikke- og tobaksvareindustri-(Tilgang)",Faste bruttoinvesteringer + Lagerforøgelse + Værdigenstande (Anvendelse),2018,0.7660218671152229
Told,"10120 Føde-, drikke- og tobaksvareindustri-(Tilgang)",Faste bruttoinvesteringer + Lagerforøgelse + Værdigenstande (Anvendelse),2019,-0.31724137931034485
Told,"10120 Føde-, drikke- og tobaksvareindustri-(Tilgang)",Faste bruttoinvesteringer + Lagerforøgelse + Værdigenstande (Anvendelse),2020,1.0
Told,"10120 Føde-, drikke- og tobaksvareindustri-(Tilgang)",Faste bruttoinvesteringer + Lagerforøgelse + Værdigenstande (Anvendelse),2021,0.9267015706806283
Told,"10120 Føde-, drikke- og tobaksvareindustri-(Tilgang)",Faste bruttoinvesteringer + Lagerforøgelse + Værdigenstande (Anvendelse),2022,0.6078611787880359
Told,"10120 Føde-, drikke- og tobaksvareindustri-(Tilgang)",Husholdningernes forbrugsudgifter + NPISH (Anvendelse),1967,
Told,"10120 Føde-, drikke- og tobaksvareindustri-(Tilgang)",Husholdningernes forbrugsudgifter + NPISH (Anvendelse),1968,
Told,"10120 Føde-, drikke- og tobaksvareindustri-(Tilgang)",Husholdningernes forbrugsudgifter + NPISH (Anvendelse),1969,
Told,"10120 Føde-, drikke- og tobaksvareindustri-(Tilgang)",Husholdningernes forbrugsudgifter + NPISH (Anvendelse),1970,
Told,"10120 Føde-, drikke- og tobaksvareindustri-(Tilgang)",Husholdningernes forbrugsudgifter + NPISH (Anvendelse),1971,
Told,"10120 Føde-, drikke- og tobaksvareindustri-(Tilgang)",Husholdningernes forbrugsudgifter + NPISH (Anvendelse),1972,
Told,"10120 Føde-, drikke- og tobaksvareindustri-(Tilgang)",Husholdningernes forbrugsudgifter + NPISH (Anvendelse),1973,
Told,"10120 Føde-, drikke- og tobaksvareindustri-(Tilgang)",Husholdningernes forbrugsudgifter + NPISH (Anvendelse),1974,
Told,"10120 Føde-, drikke- og tobaksvareindustri-(Tilgang)",Husholdningernes forbrugsudgifter + NPISH (Anvendelse),1975,
Told,"10120 Føde-, drikke- og tobaksvareindustri-(Tilgang)",Husholdningernes forbrugsudgifter + NPISH (Anvendelse),1976,
Told,"10120 Føde-, drikke- og tobaksvareindustri-(Tilgang)",Husholdningernes forbrugsudgifter + NPISH (Anvendelse),1977,
Told,"10120 Føde-, drikke- og tobaksvareindustri-(Tilgang)",Husholdningernes forbrugsudgifter + NPISH (Anvendelse),1978,
Told,"10120 Føde-, drikke- og tobaksvareindustri-(Tilgang)",Husholdningernes forbrugsudgifter + NPISH (Anvendelse),1979,
Told,"10120 Føde-, drikke- og tobaksvareindustri-(Tilgang)",Husholdningernes forbrugsudgifter + NPISH (Anvendelse),1980,
Told,"10120 Føde-, drikke- og tobaksvareindustri-(Tilgang)",Husholdningernes forbrugsudgifter + NPISH (Anvendelse),1981,
Told,"10120 Føde-, drikke- og tobaksvareindustri-(Tilgang)",Husholdningernes forbrugsudgifter + NPISH (Anvendelse),1982,
Told,"10120 Føde-, drikke- og tobaksvareindustri-(Tilgang)",Husholdningernes forbrugsudgifter + NPISH (Anvendelse),1983,
Told,"10120 Føde-, drikke- og tobaksvareindustri-(Tilgang)",Husholdningernes forbrugsudgifter + NPISH (Anvendelse),1984,
Told,"10120 Føde-, drikke- og tobaksvareindustri-(Tilgang)",Husholdningernes forbrugsudgifter + NPISH (Anvendelse),1985,
Told,"10120 Føde-, drikke- og tobaksvareindustri-(Tilgang)",Husholdningernes forbrugsudgifter + NPISH (Anvendelse),1986,
Told,"10120 Føde-, drikke- og tobaksvareindustri-(Tilgang)",Husholdningernes forbrugsudgifter + NPISH (Anvendelse),1987,
Told,"10120 Føde-, drikke- og tobaksvareindustri-(Tilgang)",Husholdningernes forbrugsudgifter + NPISH (Anvendelse),1988,
Told,"10120 Føde-, drikke- og tobaksvareindustri-(Tilgang)",Husholdningernes forbrugsudgifter + NPISH (Anvendelse),1989,
Told,"10120 Føde-, drikke- og tobaksvareindustri-(Tilgang)",Husholdningernes forbrugsudgifter + NPISH (Anvendelse),1990,
Told,"10120 Føde-, drikke- og tobaksvareindustri-(Tilgang)",Husholdningernes forbrugsudgifter + NPISH (Anvendelse),1991,
Told,"10120 Føde-, drikke- og tobaksvareindustri-(Tilgang)",Husholdningernes forbrugsudgifter + NPISH (Anvendelse),1992,
Told,"10120 Føde-, drikke- og tobaksvareindustri-(Tilgang)",Husholdningernes forbrugsudgifter + NPISH (Anvendelse),1993,
Told,"10120 Føde-, drikke- og tobaksvareindustri-(Tilgang)",Husholdningernes forbrugsudgifter + NPISH (Anvendelse),1994,
Told,"10120 Føde-, drikke- og tobaksvareindustri-(Tilgang)",Husholdningernes forbrugsudgifter + NPISH (Anvendelse),1995,
Told,"10120 Føde-, drikke- og tobaksvareindustri-(Tilgang)",Husholdningernes forbrugsudgifter + NPISH (Anvendelse),1996,
Told,"10120 Føde-, drikke- og tobaksvareindustri-(Tilgang)",Husholdningernes forbrugsudgifter + NPISH (Anvendelse),1997,
Told,"10120 Føde-, drikke- og tobaksvareindustri-(Tilgang)",Husholdningernes forbrugsudgifter + NPISH (Anvendelse),1998,
Told,"10120 Føde-, drikke- og tobaksvareindustri-(Tilgang)",Husholdningernes forbrugsudgifter + NPISH (Anvendelse),1999,
Told,"10120 Føde-, drikke- og tobaksvareindustri-(Tilgang)",Husholdningernes forbrugsudgifter + NPISH (Anvendelse),2000,
Told,"10120 Føde-, drikke- og tobaksvareindustri-(Tilgang)",Husholdningernes forbrugsudgifter + NPISH (Anvendelse),2001,
Told,"10120 Føde-, drikke- og tobaksvareindustri-(Tilgang)",Husholdningernes forbrugsudgifter + NPISH (Anvendelse),2002,
Told,"10120 Føde-, drikke- og tobaksvareindustri-(Tilgang)",Husholdningernes forbrugsudgifter + NPISH (Anvendelse),2003,
Told,"10120 Føde-, drikke- og tobaksvareindustri-(Tilgang)",Husholdningernes forbrugsudgifter + NPISH (Anvendelse),2004,1.1270926208320935
Told,"10120 Føde-, drikke- og tobaksvareindustri-(Tilgang)",Husholdningernes forbrugsudgifter + NPISH (Anvendelse),2005,1.2408273963474887
Told,"10120 Føde-, drikke- og tobaksvareindustri-(Tilgang)",Husholdningernes forbrugsudgifter + NPISH (Anvendelse),2006,1.2372662789242295
Told,"10120 Føde-, drikke- og tobaksvareindustri-(Tilgang)",Husholdningernes forbrugsudgifter + NPISH (Anvendelse),2007,1.202357018331243
Told,"10120 Føde-, drikke- og tobaksvareindustri-(Tilgang)",Husholdningernes forbrugsudgifter + NPISH (Anvendelse),2008,1.066319407052204
Told,"10120 Føde-, drikke- og tobaksvareindustri-(Tilgang)",Husholdningernes forbrugsudgifter + NPISH (Anvendelse),2009,0.9649242991593685
Told,"10120 Føde-, drikke- og tobaksvareindustri-(Tilgang)",Husholdningernes forbrugsudgifter + NPISH (Anvendelse),2010,0.35116753789328464
Told,"10120 Føde-, drikke- og tobaksvareindustri-(Tilgang)",Husholdningernes forbrugsudgifter + NPISH (Anvendelse),2011,0.2025848478511046
Told,"10120 Føde-, drikke- og tobaksvareindustri-(Tilgang)",Husholdningernes forbrugsudgifter + NPISH (Anvendelse),2012,0.12306279485109482
Told,"10120 Føde-, drikke- og tobaksvareindustri-(Tilgang)",Husholdningernes forbrugsudgifter + NPISH (Anvendelse),2013,0.07956121838882567
Told,"10120 Føde-, drikke- og tobaksvareindustri-(Tilgang)",Husholdningernes forbrugsudgifter + NPISH (Anvendelse),2014,0.746430234500644
Told,"10120 Føde-, drikke- og tobaksvareindustri-(Tilgang)",Husholdningernes forbrugsudgifter + NPISH (Anvendelse),2015,0.8944601886823312
Told,"10120 Føde-, drikke- og tobaksvareindustri-(Tilgang)",Husholdningernes forbrugsudgifter + NPISH (Anvendelse),2016,0.9824737775549566
Told,"10120 Føde-, drikke- og tobaksvareindustri-(Tilgang)",Husholdningernes forbrugsudgifter + NPISH (Anvendelse),2017,0.922458663613957
Told,"10120 Føde-, drikke- og tobaksvareindustri-(Tilgang)",Husholdningernes forbrugsudgifter + NPISH (Anvendelse),2018,0.9965718845623255
Told,"10120 Føde-, drikke- og tobaksvareindustri-(Tilgang)",Husholdningernes forbrugsudgifter + NPISH (Anvendelse),2019,0.9770152949409042
Told,"10120 Føde-, drikke- og tobaksvareindustri-(Tilgang)",Husholdningernes forbrugsudgifter + NPISH (Anvendelse),2020,1.0
Told,"10120 Føde-, drikke- og tobaksvareindustri-(Tilgang)",Husholdningernes forbrugsudgifter + NPISH (Anvendelse),2021,0.9491748151842093
Told,"10120 Føde-, drikke- og tobaksvareindustri-(Tilgang)",Husholdningernes forbrugsudgifter + NPISH (Anvendelse),2022,0.9376430330148471
Told,"10120 Føde-, drikke- og tobaksvareindustri-(Tilgang)","Offentligt forbrug, i alt-(Anvendelse)",1967,
Told,"10120 Føde-, drikke- og tobaksvareindustri-(Tilgang)","Offentligt forbrug, i alt-(Anvendelse)",1968,
Told,"10120 Føde-, drikke- og tobaksvareindustri-(Tilgang)","Offentligt forbrug, i alt-(Anvendelse)",1969,
Told,"10120 Føde-, drikke- og tobaksvareindustri-(Tilgang)","Offentligt forbrug, i alt-(Anvendelse)",1970,
Told,"10120 Føde-, drikke- og tobaksvareindustri-(Tilgang)","Offentligt forbrug, i alt-(Anvendelse)",1971,
Told,"10120 Føde-, drikke- og tobaksvareindustri-(Tilgang)","Offentligt forbrug, i alt-(Anvendelse)",1972,
Told,"10120 Føde-, drikke- og tobaksvareindustri-(Tilgang)","Offentligt forbrug, i alt-(Anvendelse)",1973,
Told,"10120 Føde-, drikke- og tobaksvareindustri-(Tilgang)","Offentligt forbrug, i alt-(Anvendelse)",1974,
Told,"10120 Føde-, drikke- og tobaksvareindustri-(Tilgang)","Offentligt forbrug, i alt-(Anvendelse)",1975,
Told,"10120 Føde-, drikke- og tobaksvareindustri-(Tilgang)","Offentligt forbrug, i alt-(Anvendelse)",1976,
Told,"10120 Føde-, drikke- og tobaksvareindustri-(Tilgang)","Offentligt forbrug, i alt-(Anvendelse)",1977,
Told,"10120 Føde-, drikke- og tobaksvareindustri-(Tilgang)","Offentligt forbrug, i alt-(Anvendelse)",1978,
Told,"10120 Føde-, drikke- og tobaksvareindustri-(Tilgang)","Offentligt forbrug, i alt-(Anvendelse)",1979,
Told,"10120 Føde-, drikke- og tobaksvareindustri-(Tilgang)","Offentligt forbrug, i alt-(Anvendelse)",1980,
Told,"10120 Føde-, drikke- og tobaksvareindustri-(Tilgang)","Offentligt forbrug, i alt-(Anvendelse)",1981,
Told,"10120 Føde-, drikke- og tobaksvareindustri-(Tilgang)","Offentligt forbrug, i alt-(Anvendelse)",1982,
Told,"10120 Føde-, drikke- og tobaksvareindustri-(Tilgang)","Offentligt forbrug, i alt-(Anvendelse)",1983,
Told,"10120 Føde-, drikke- og tobaksvareindustri-(Tilgang)","Offentligt forbrug, i alt-(Anvendelse)",1984,
Told,"10120 Føde-, drikke- og tobaksvareindustri-(Tilgang)","Offentligt forbrug, i alt-(Anvendelse)",1985,
Told,"10120 Føde-, drikke- og tobaksvareindustri-(Tilgang)","Offentligt forbrug, i alt-(Anvendelse)",1986,
Told,"10120 Føde-, drikke- og tobaksvareindustri-(Tilgang)","Offentligt forbrug, i alt-(Anvendelse)",1987,
Told,"10120 Føde-, drikke- og tobaksvareindustri-(Tilgang)","Offentligt forbrug, i alt-(Anvendelse)",1988,
Told,"10120 Føde-, drikke- og tobaksvareindustri-(Tilgang)","Offentligt forbrug, i alt-(Anvendelse)",1989,
Told,"10120 Føde-, drikke- og tobaksvareindustri-(Tilgang)","Offentligt forbrug, i alt-(Anvendelse)",1990,
Told,"10120 Føde-, drikke- og tobaksvareindustri-(Tilgang)","Offentligt forbrug, i alt-(Anvendelse)",1991,
Told,"10120 Føde-, drikke- og tobaksvareindustri-(Tilgang)","Offentligt forbrug, i alt-(Anvendelse)",1992,
Told,"10120 Føde-, drikke- og tobaksvareindustri-(Tilgang)","Offentligt forbrug, i alt-(Anvendelse)",1993,
Told,"10120 Føde-, drikke- og tobaksvareindustri-(Tilgang)","Offentligt forbrug, i alt-(Anvendelse)",1994,
Told,"10120 Føde-, drikke- og tobaksvareindustri-(Tilgang)","Offentligt forbrug, i alt-(Anvendelse)",1995,
Told,"10120 Føde-, drikke- og tobaksvareindustri-(Tilgang)","Offentligt forbrug, i alt-(Anvendelse)",1996,
Told,"10120 Føde-, drikke- og tobaksvareindustri-(Tilgang)","Offentligt forbrug, i alt-(Anvendelse)",1997,
Told,"10120 Føde-, drikke- og tobaksvareindustri-(Tilgang)","Offentligt forbrug, i alt-(Anvendelse)",1998,
Told,"10120 Føde-, drikke- og tobaksvareindustri-(Tilgang)","Offentligt forbrug, i alt-(Anvendelse)",1999,
Told,"10120 Føde-, drikke- og tobaksvareindustri-(Tilgang)","Offentligt forbrug, i alt-(Anvendelse)",2000,
Told,"10120 Føde-, drikke- og tobaksvareindustri-(Tilgang)","Offentligt forbrug, i alt-(Anvendelse)",2001,
Told,"10120 Føde-, drikke- og tobaksvareindustri-(Tilgang)","Offentligt forbrug, i alt-(Anvendelse)",2002,
Told,"10120 Føde-, drikke- og tobaksvareindustri-(Tilgang)","Offentligt forbrug, i alt-(Anvendelse)",2003,
Told,"10120 Føde-, drikke- og tobaksvareindustri-(Tilgang)","Offentligt forbrug, i alt-(Anvendelse)",2004,2.435333410933201
Told,"10120 Føde-, drikke- og tobaksvareindustri-(Tilgang)","Offentligt forbrug, i alt-(Anvendelse)",2005,2.6788667520265212
Told,"10120 Føde-, drikke- og tobaksvareindustri-(Tilgang)","Offentligt forbrug, i alt-(Anvendelse)",2006,2.6788667520265212
Told,"10120 Føde-, drikke- og tobaksvareindustri-(Tilgang)","Offentligt forbrug, i alt-(Anvendelse)",2007,2.6108752100969137
Told,"10120 Føde-, drikke- og tobaksvareindustri-(Tilgang)","Offentligt forbrug, i alt-(Anvendelse)",2008,3.1703484694033954
Told,"10120 Føde-, drikke- og tobaksvareindustri-(Tilgang)","Offentligt forbrug, i alt-(Anvendelse)",2009,2.401303543657027
Told,"10120 Føde-, drikke- og tobaksvareindustri-(Tilgang)","Offentligt forbrug, i alt-(Anvendelse)",2010,1.9119813121193683
Told,"10120 Føde-, drikke- og tobaksvareindustri-(Tilgang)","Offentligt forbrug, i alt-(Anvendelse)",2011,0.819420562336872
Told,"10120 Føde-, drikke- og tobaksvareindustri-(Tilgang)","Offentligt forbrug, i alt-(Anvendelse)",2012,0.7430338997461466
Told,"10120 Føde-, drikke- og tobaksvareindustri-(Tilgang)","Offentligt forbrug, i alt-(Anvendelse)",2013,0.34829714050600624
Told,"10120 Føde-, drikke- og tobaksvareindustri-(Tilgang)","Offentligt forbrug, i alt-(Anvendelse)",2014,2.6680875291592177
Told,"10120 Føde-, drikke- og tobaksvareindustri-(Tilgang)","Offentligt forbrug, i alt-(Anvendelse)",2015,2.6369909379102756
Told,"10120 Føde-, drikke- og tobaksvareindustri-(Tilgang)","Offentligt forbrug, i alt-(Anvendelse)",2016,2.64749687790195
Told,"10120 Føde-, drikke- og tobaksvareindustri-(Tilgang)","Offentligt forbrug, i alt-(Anvendelse)",2017,1.6931666079605494
Told,"10120 Føde-, drikke- og tobaksvareindustri-(Tilgang)","Offentligt forbrug, i alt-(Anvendelse)",2018,0.7832335329341318
Told,"10120 Føde-, drikke- og tobaksvareindustri-(Tilgang)","Offentligt forbrug, i alt-(Anvendelse)",2019,1.2000000000000002
Told,"10120 Føde-, drikke- og tobaksvareindustri-(Tilgang)","Offentligt forbrug, i alt-(Anvendelse)",2020,1.0
Told,"10120 Føde-, drikke- og tobaksvareindustri-(Tilgang)","Offentligt forbrug, i alt-(Anvendelse)",2021,1.5000000000000002
Told,"10120 Føde-, drikke- og tobaksvareindustri-(Tilgang)","Offentligt forbrug, i alt-(Anvendelse)",2022,0.8360655737704921
Told,"10120 Føde-, drikke- og tobaksvareindustri-(Tilgang)",Privat,1967,
Told,"10120 Føde-, drikke- og tobaksvareindustri-(Tilgang)",Privat,1968,
Told,"10120 Føde-, drikke- og tobaksvareindustri-(Tilgang)",Privat,1969,
Told,"10120 Føde-, drikke- og tobaksvareindustri-(Tilgang)",Privat,1970,
Told,"10120 Føde-, drikke- og tobaksvareindustri-(Tilgang)",Privat,1971,
Told,"10120 Føde-, drikke- og tobaksvareindustri-(Tilgang)",Privat,1972,
Told,"10120 Føde-, drikke- og tobaksvareindustri-(Tilgang)",Privat,1973,
Told,"10120 Føde-, drikke- og tobaksvareindustri-(Tilgang)",Privat,1974,
Told,"10120 Føde-, drikke- og tobaksvareindustri-(Tilgang)",Privat,1975,
Told,"10120 Føde-, drikke- og tobaksvareindustri-(Tilgang)",Privat,1976,
Told,"10120 Føde-, drikke- og tobaksvareindustri-(Tilgang)",Privat,1977,
Told,"10120 Føde-, drikke- og tobaksvareindustri-(Tilgang)",Privat,1978,
Told,"10120 Føde-, drikke- og tobaksvareindustri-(Tilgang)",Privat,1979,
Told,"10120 Føde-, drikke- og tobaksvareindustri-(Tilgang)",Privat,1980,
Told,"10120 Føde-, drikke- og tobaksvareindustri-(Tilgang)",Privat,1981,
Told,"10120 Føde-, drikke- og tobaksvareindustri-(Tilgang)",Privat,1982,
Told,"10120 Føde-, drikke- og tobaksvareindustri-(Tilgang)",Privat,1983,
Told,"10120 Føde-, drikke- og tobaksvareindustri-(Tilgang)",Privat,1984,
Told,"10120 Føde-, drikke- og tobaksvareindustri-(Tilgang)",Privat,1985,
Told,"10120 Føde-, drikke- og tobaksvareindustri-(Tilgang)",Privat,1986,
Told,"10120 Føde-, drikke- og tobaksvareindustri-(Tilgang)",Privat,1987,
Told,"10120 Føde-, drikke- og tobaksvareindustri-(Tilgang)",Privat,1988,
Told,"10120 Føde-, drikke- og tobaksvareindustri-(Tilgang)",Privat,1989,
Told,"10120 Føde-, drikke- og tobaksvareindustri-(Tilgang)",Privat,1990,
Told,"10120 Føde-, drikke- og tobaksvareindustri-(Tilgang)",Privat,1991,
Told,"10120 Føde-, drikke- og tobaksvareindustri-(Tilgang)",Privat,1992,
Told,"10120 Føde-, drikke- og tobaksvareindustri-(Tilgang)",Privat,1993,
Told,"10120 Føde-, drikke- og tobaksvareindustri-(Tilgang)",Privat,1994,
Told,"10120 Føde-, drikke- og tobaksvareindustri-(Tilgang)",Privat,1995,
Told,"10120 Føde-, drikke- og tobaksvareindustri-(Tilgang)",Privat,1996,
Told,"10120 Føde-, drikke- og tobaksvareindustri-(Tilgang)",Privat,1997,
Told,"10120 Føde-, drikke- og tobaksvareindustri-(Tilgang)",Privat,1998,
Told,"10120 Føde-, drikke- og tobaksvareindustri-(Tilgang)",Privat,1999,
Told,"10120 Føde-, drikke- og tobaksvareindustri-(Tilgang)",Privat,2000,
Told,"10120 Føde-, drikke- og tobaksvareindustri-(Tilgang)",Privat,2001,
Told,"10120 Føde-, drikke- og tobaksvareindustri-(Tilgang)",Privat,2002,
Told,"10120 Føde-, drikke- og tobaksvareindustri-(Tilgang)",Privat,2003,
Told,"10120 Føde-, drikke- og tobaksvareindustri-(Tilgang)",Privat,2004,0.8278553266457435
Told,"10120 Føde-, drikke- og tobaksvareindustri-(Tilgang)",Privat,2005,0.9113890623140628
Told,"10120 Føde-, drikke- og tobaksvareindustri-(Tilgang)",Privat,2006,0.9087742418524085
Told,"10120 Føde-, drikke- og tobaksvareindustri-(Tilgang)",Privat,2007,0.883130991998234
Told,"10120 Føde-, drikke- og tobaksvareindustri-(Tilgang)",Privat,2008,0.7593088458212638
Told,"10120 Føde-, drikke- og tobaksvareindustri-(Tilgang)",Privat,2009,0.7154826304385997
Told,"10120 Føde-, drikke- og tobaksvareindustri-(Tilgang)",Privat,2010,0.25370447914411554
Told,"10120 Føde-, drikke- og tobaksvareindustri-(Tilgang)",Privat,2011,0.1821079737179852
Told,"10120 Føde-, drikke- og tobaksvareindustri-(Tilgang)",Privat,2012,0.09075560265737281
Told,"10120 Føde-, drikke- og tobaksvareindustri-(Tilgang)",Privat,2013,0.055478928786532
Told,"10120 Føde-, drikke- og tobaksvareindustri-(Tilgang)",Privat,2014,0.663484789389529
Told,"10120 Føde-, drikke- og tobaksvareindustri-(Tilgang)",Privat,2015,0.8269145151550613
Told,"10120 Føde-, drikke- og tobaksvareindustri-(Tilgang)",Privat,2016,0.9664999354207598
Told,"10120 Føde-, drikke- og tobaksvareindustri-(Tilgang)",Privat,2017,0.8507525420656594
Told,"10120 Føde-, drikke- og tobaksvareindustri-(Tilgang)",Privat,2018,0.9207064305413041
Told,"10120 Føde-, drikke- og tobaksvareindustri-(Tilgang)",Privat,2019,0.8847885604462682
Told,"10120 Føde-, drikke- og tobaksvareindustri-(Tilgang)",Privat,2020,1.0
Told,"10120 Føde-, drikke- og tobaksvareindustri-(Tilgang)",Privat,2021,0.9808248489266148
Told,"10120 Føde-, drikke- og tobaksvareindustri-(Tilgang)",Privat,2022,1.2645791126072583
Told,"10120 Føde-, drikke- og tobaksvareindustri-(Tilgang)",REST_ANVENDELSE Øvrige brancher,1967,
Told,"10120 Føde-, drikke- og tobaksvareindustri-(Tilgang)",REST_ANVENDELSE Øvrige brancher,1968,
Told,"10120 Føde-, drikke- og tobaksvareindustri-(Tilgang)",REST_ANVENDELSE Øvrige brancher,1969,
Told,"10120 Føde-, drikke- og tobaksvareindustri-(Tilgang)",REST_ANVENDELSE Øvrige brancher,1970,
Told,"10120 Føde-, drikke- og tobaksvareindustri-(Tilgang)",REST_ANVENDELSE Øvrige brancher,1971,
Told,"10120 Føde-, drikke- og tobaksvareindustri-(Tilgang)",REST_ANVENDELSE Øvrige brancher,1972,
Told,"10120 Føde-, drikke- og tobaksvareindustri-(Tilgang)",REST_ANVENDELSE Øvrige brancher,1973,
Told,"10120 Føde-, drikke- og tobaksvareindustri-(Tilgang)",REST_ANVENDELSE Øvrige brancher,1974,
Told,"10120 Føde-, drikke- og tobaksvareindustri-(Tilgang)",REST_ANVENDELSE Øvrige brancher,1975,
Told,"10120 Føde-, drikke- og tobaksvareindustri-(Tilgang)",REST_ANVENDELSE Øvrige brancher,1976,
Told,"10120 Føde-, drikke- og tobaksvareindustri-(Tilgang)",REST_ANVENDELSE Øvrige brancher,1977,
Told,"10120 Føde-, drikke- og tobaksvareindustri-(Tilgang)",REST_ANVENDELSE Øvrige brancher,1978,
Told,"10120 Føde-, drikke- og tobaksvareindustri-(Tilgang)",REST_ANVENDELSE Øvrige brancher,1979,
Told,"10120 Føde-, drikke- og tobaksvareindustri-(Tilgang)",REST_ANVENDELSE Øvrige brancher,1980,
Told,"10120 Føde-, drikke- og tobaksvareindustri-(Tilgang)",REST_ANVENDELSE Øvrige brancher,1981,
Told,"10120 Føde-, drikke- og tobaksvareindustri-(Tilgang)",REST_ANVENDELSE Øvrige brancher,1982,
Told,"10120 Føde-, drikke- og tobaksvareindustri-(Tilgang)",REST_ANVENDELSE Øvrige brancher,1983,
Told,"10120 Føde-, drikke- og tobaksvareindustri-(Tilgang)",REST_ANVENDELSE Øvrige brancher,1984,
Told,"10120 Føde-, drikke- og tobaksvareindustri-(Tilgang)",REST_ANVENDELSE Øvrige brancher,1985,
Told,"10120 Føde-, drikke- og tobaksvareindustri-(Tilgang)",REST_ANVENDELSE Øvrige brancher,1986,
Told,"10120 Føde-, drikke- og tobaksvareindustri-(Tilgang)",REST_ANVENDELSE Øvrige brancher,1987,
Told,"10120 Føde-, drikke- og tobaksvareindustri-(Tilgang)",REST_ANVENDELSE Øvrige brancher,1988,
Told,"10120 Føde-, drikke- og tobaksvareindustri-(Tilgang)",REST_ANVENDELSE Øvrige brancher,1989,
Told,"10120 Føde-, drikke- og tobaksvareindustri-(Tilgang)",REST_ANVENDELSE Øvrige brancher,1990,
Told,"10120 Føde-, drikke- og tobaksvareindustri-(Tilgang)",REST_ANVENDELSE Øvrige brancher,1991,
Told,"10120 Føde-, drikke- og tobaksvareindustri-(Tilgang)",REST_ANVENDELSE Øvrige brancher,1992,
Told,"10120 Føde-, drikke- og tobaksvareindustri-(Tilgang)",REST_ANVENDELSE Øvrige brancher,1993,
Told,"10120 Føde-, drikke- og tobaksvareindustri-(Tilgang)",REST_ANVENDELSE Øvrige brancher,1994,
Told,"10120 Føde-, drikke- og tobaksvareindustri-(Tilgang)",REST_ANVENDELSE Øvrige brancher,1995,
Told,"10120 Føde-, drikke- og tobaksvareindustri-(Tilgang)",REST_ANVENDELSE Øvrige brancher,1996,
Told,"10120 Føde-, drikke- og tobaksvareindustri-(Tilgang)",REST_ANVENDELSE Øvrige brancher,1997,
Told,"10120 Føde-, drikke- og tobaksvareindustri-(Tilgang)",REST_ANVENDELSE Øvrige brancher,1998,
Told,"10120 Føde-, drikke- og tobaksvareindustri-(Tilgang)",REST_ANVENDELSE Øvrige brancher,1999,
Told,"10120 Føde-, drikke- og tobaksvareindustri-(Tilgang)",REST_ANVENDELSE Øvrige brancher,2000,
Told,"10120 Føde-, drikke- og tobaksvareindustri-(Tilgang)",REST_ANVENDELSE Øvrige brancher,2001,
Told,"10120 Føde-, drikke- og tobaksvareindustri-(Tilgang)",REST_ANVENDELSE Øvrige brancher,2002,
Told,"10120 Føde-, drikke- og tobaksvareindustri-(Tilgang)",REST_ANVENDELSE Øvrige brancher,2003,
Told,"10120 Føde-, drikke- og tobaksvareindustri-(Tilgang)",REST_ANVENDELSE Øvrige brancher,2004,2.7301319264331356
Told,"10120 Føde-, drikke- og tobaksvareindustri-(Tilgang)",REST_ANVENDELSE Øvrige brancher,2005,3.005567289353386
Told,"10120 Føde-, drikke- og tobaksvareindustri-(Tilgang)",REST_ANVENDELSE Øvrige brancher,2006,2.9969322507273803
Told,"10120 Føde-, drikke- og tobaksvareindustri-(Tilgang)",REST_ANVENDELSE Øvrige brancher,2007,2.9123796885811593
Told,"10120 Føde-, drikke- og tobaksvareindustri-(Tilgang)",REST_ANVENDELSE Øvrige brancher,2008,2.385428961989829
Told,"10120 Føde-, drikke- og tobaksvareindustri-(Tilgang)",REST_ANVENDELSE Øvrige brancher,2009,2.2369573148454602
Told,"10120 Føde-, drikke- og tobaksvareindustri-(Tilgang)",REST_ANVENDELSE Øvrige brancher,2010,0.7730974008330668
Told,"10120 Føde-, drikke- og tobaksvareindustri-(Tilgang)",REST_ANVENDELSE Øvrige brancher,2011,0.5223436642516125
Told,"10120 Føde-, drikke- og tobaksvareindustri-(Tilgang)",REST_ANVENDELSE Øvrige brancher,2012,0.3570584479772686
Told,"10120 Føde-, drikke- og tobaksvareindustri-(Tilgang)",REST_ANVENDELSE Øvrige brancher,2013,0.21425810729252168
Told,"10120 Føde-, drikke- og tobaksvareindustri-(Tilgang)",REST_ANVENDELSE Øvrige brancher,2014,0.8923645952024255
Told,"10120 Føde-, drikke- og tobaksvareindustri-(Tilgang)",REST_ANVENDELSE Øvrige brancher,2015,1.0970553033546182
Told,"10120 Føde-, drikke- og tobaksvareindustri-(Tilgang)",REST_ANVENDELSE Øvrige brancher,2016,1.2756690478621775
Told,"10120 Føde-, drikke- og tobaksvareindustri-(Tilgang)",REST_ANVENDELSE Øvrige brancher,2017,1.0099552705899137
Told,"10120 Føde-, drikke- og tobaksvareindustri-(Tilgang)",REST_ANVENDELSE Øvrige brancher,2018,1.0250215886246392
Told,"10120 Føde-, drikke- og tobaksvareindustri-(Tilgang)",REST_ANVENDELSE Øvrige brancher,2019,0.9314544477068771
Told,"10120 Føde-, drikke- og tobaksvareindustri-(Tilgang)",REST_ANVENDELSE Øvrige brancher,2020,1.0
Told,"10120 Føde-, drikke- og tobaksvareindustri-(Tilgang)",REST_ANVENDELSE Øvrige brancher,2021,0.9094334620919489
Told,"10120 Føde-, drikke- og tobaksvareindustri-(Tilgang)",REST_ANVENDELSE Øvrige brancher,2022,1.0955511831630402
Told,Privat,01000 Landbrug og gartneri- (Anvendelse),1967,
Told,Privat,01000 Landbrug og gartneri- (Anvendelse),1968,
Told,Privat,01000 Landbrug og gartneri- (Anvendelse),1969,
Told,Privat,01000 Landbrug og gartneri- (Anvendelse),1970,
Told,Privat,01000 Landbrug og gartneri- (Anvendelse),1971,
Told,Privat,01000 Landbrug og gartneri- (Anvendelse),1972,
Told,Privat,01000 Landbrug og gartneri- (Anvendelse),1973,
Told,Privat,01000 Landbrug og gartneri- (Anvendelse),1974,
Told,Privat,01000 Landbrug og gartneri- (Anvendelse),1975,
Told,Privat,01000 Landbrug og gartneri- (Anvendelse),1976,
Told,Privat,01000 Landbrug og gartneri- (Anvendelse),1977,
Told,Privat,01000 Landbrug og gartneri- (Anvendelse),1978,
Told,Privat,01000 Landbrug og gartneri- (Anvendelse),1979,
Told,Privat,01000 Landbrug og gartneri- (Anvendelse),1980,
Told,Privat,01000 Landbrug og gartneri- (Anvendelse),1981,
Told,Privat,01000 Landbrug og gartneri- (Anvendelse),1982,
Told,Privat,01000 Landbrug og gartneri- (Anvendelse),1983,
Told,Privat,01000 Landbrug og gartneri- (Anvendelse),1984,
Told,Privat,01000 Landbrug og gartneri- (Anvendelse),1985,
Told,Privat,01000 Landbrug og gartneri- (Anvendelse),1986,
Told,Privat,01000 Landbrug og gartneri- (Anvendelse),1987,
Told,Privat,01000 Landbrug og gartneri- (Anvendelse),1988,
Told,Privat,01000 Landbrug og gartneri- (Anvendelse),1989,
Told,Privat,01000 Landbrug og gartneri- (Anvendelse),1990,
Told,Privat,01000 Landbrug og gartneri- (Anvendelse),1991,
Told,Privat,01000 Landbrug og gartneri- (Anvendelse),1992,
Told,Privat,01000 Landbrug og gartneri- (Anvendelse),1993,
Told,Privat,01000 Landbrug og gartneri- (Anvendelse),1994,
Told,Privat,01000 Landbrug og gartneri- (Anvendelse),1995,
Told,Privat,01000 Landbrug og gartneri- (Anvendelse),1996,
Told,Privat,01000 Landbrug og gartneri- (Anvendelse),1997,
Told,Privat,01000 Landbrug og gartneri- (Anvendelse),1998,
Told,Privat,01000 Landbrug og gartneri- (Anvendelse),1999,
Told,Privat,01000 Landbrug og gartneri- (Anvendelse),2000,
Told,Privat,01000 Landbrug og gartneri- (Anvendelse),2001,
Told,Privat,01000 Landbrug og gartneri- (Anvendelse),2002,
Told,Privat,01000 Landbrug og gartneri- (Anvendelse),2003,
Told,Privat,01000 Landbrug og gartneri- (Anvendelse),2004,0.2884647087377533
Told,Privat,01000 Landbrug og gartneri- (Anvendelse),2005,0.31767952815275724
Told,Privat,01000 Landbrug og gartneri- (Anvendelse),2006,0.31683584401261716
Told,Privat,01000 Landbrug og gartneri- (Anvendelse),2007,0.30791753501708335
Told,Privat,01000 Landbrug og gartneri- (Anvendelse),2008,0.39944018867511544
Told,Privat,01000 Landbrug og gartneri- (Anvendelse),2009,0.206679818845836
Told,Privat,01000 Landbrug og gartneri- (Anvendelse),2010,0.07730885887439112
Told,Privat,01000 Landbrug og gartneri- (Anvendelse),2011,0.05995792637257049
Told,Privat,01000 Landbrug og gartneri- (Anvendelse),2012,0.04408339453116785
Told,Privat,01000 Landbrug og gartneri- (Anvendelse),2013,0.034224554997719904
Told,Privat,01000 Landbrug og gartneri- (Anvendelse),2014,0.4131137280886424
Told,Privat,01000 Landbrug og gartneri- (Anvendelse),2015,0.7231976356093774
Told,Privat,01000 Landbrug og gartneri- (Anvendelse),2016,0.6532092754534999
Told,Privat,01000 Landbrug og gartneri- (Anvendelse),2017,0.8917327795762443
Told,Privat,01000 Landbrug og gartneri- (Anvendelse),2018,1.0352702892493604
Told,Privat,01000 Landbrug og gartneri- (Anvendelse),2019,1.003545615709805
Told,Privat,01000 Landbrug og gartneri- (Anvendelse),2020,1.0
Told,Privat,01000 Landbrug og gartneri- (Anvendelse),2021,1.056978499661617
Told,Privat,01000 Landbrug og gartneri- (Anvendelse),2022,1.005361671288019
Told,Privat,"10120 Føde-, drikke- og tobaksvareindustri- (Anvendelse)",1967,
Told,Privat,"10120 Føde-, drikke- og tobaksvareindustri- (Anvendelse)",1968,
Told,Privat,"10120 Føde-, drikke- og tobaksvareindustri- (Anvendelse)",1969,
Told,Privat,"10120 Føde-, drikke- og tobaksvareindustri- (Anvendelse)",1970,
Told,Privat,"10120 Føde-, drikke- og tobaksvareindustri- (Anvendelse)",1971,
Told,Privat,"10120 Føde-, drikke- og tobaksvareindustri- (Anvendelse)",1972,
Told,Privat,"10120 Føde-, drikke- og tobaksvareindustri- (Anvendelse)",1973,
Told,Privat,"10120 Føde-, drikke- og tobaksvareindustri- (Anvendelse)",1974,
Told,Privat,"10120 Føde-, drikke- og tobaksvareindustri- (Anvendelse)",1975,
Told,Privat,"10120 Føde-, drikke- og tobaksvareindustri- (Anvendelse)",1976,
Told,Privat,"10120 Føde-, drikke- og tobaksvareindustri- (Anvendelse)",1977,
Told,Privat,"10120 Føde-, drikke- og tobaksvareindustri- (Anvendelse)",1978,
Told,Privat,"10120 Føde-, drikke- og tobaksvareindustri- (Anvendelse)",1979,
Told,Privat,"10120 Føde-, drikke- og tobaksvareindustri- (Anvendelse)",1980,
Told,Privat,"10120 Føde-, drikke- og tobaksvareindustri- (Anvendelse)",1981,
Told,Privat,"10120 Føde-, drikke- og tobaksvareindustri- (Anvendelse)",1982,
Told,Privat,"10120 Føde-, drikke- og tobaksvareindustri- (Anvendelse)",1983,
Told,Privat,"10120 Føde-, drikke- og tobaksvareindustri- (Anvendelse)",1984,
Told,Privat,"10120 Føde-, drikke- og tobaksvareindustri- (Anvendelse)",1985,
Told,Privat,"10120 Føde-, drikke- og tobaksvareindustri- (Anvendelse)",1986,
Told,Privat,"10120 Føde-, drikke- og tobaksvareindustri- (Anvendelse)",1987,
Told,Privat,"10120 Føde-, drikke- og tobaksvareindustri- (Anvendelse)",1988,
Told,Privat,"10120 Føde-, drikke- og tobaksvareindustri- (Anvendelse)",1989,
Told,Privat,"10120 Føde-, drikke- og tobaksvareindustri- (Anvendelse)",1990,
Told,Privat,"10120 Føde-, drikke- og tobaksvareindustri- (Anvendelse)",1991,
Told,Privat,"10120 Føde-, drikke- og tobaksvareindustri- (Anvendelse)",1992,
Told,Privat,"10120 Føde-, drikke- og tobaksvareindustri- (Anvendelse)",1993,
Told,Privat,"10120 Føde-, drikke- og tobaksvareindustri- (Anvendelse)",1994,
Told,Privat,"10120 Føde-, drikke- og tobaksvareindustri- (Anvendelse)",1995,
Told,Privat,"10120 Føde-, drikke- og tobaksvareindustri- (Anvendelse)",1996,
Told,Privat,"10120 Føde-, drikke- og tobaksvareindustri- (Anvendelse)",1997,
Told,Privat,"10120 Føde-, drikke- og tobaksvareindustri- (Anvendelse)",1998,
Told,Privat,"10120 Føde-, drikke- og tobaksvareindustri- (Anvendelse)",1999,
Told,Privat,"10120 Føde-, drikke- og tobaksvareindustri- (Anvendelse)",2000,
Told,Privat,"10120 Føde-, drikke- og tobaksvareindustri- (Anvendelse)",2001,
Told,Privat,"10120 Føde-, drikke- og tobaksvareindustri- (Anvendelse)",2002,
Told,Privat,"10120 Føde-, drikke- og tobaksvareindustri- (Anvendelse)",2003,
Told,Privat,"10120 Føde-, drikke- og tobaksvareindustri- (Anvendelse)",2004,0.8439686079510742
Told,Privat,"10120 Føde-, drikke- og tobaksvareindustri- (Anvendelse)",2005,0.9291343720696426
Told,Privat,"10120 Føde-, drikke- og tobaksvareindustri- (Anvendelse)",2006,0.9264537849063972
Told,Privat,"10120 Føde-, drikke- og tobaksvareindustri- (Anvendelse)",2007,0.9003150936221783
Told,Privat,"10120 Føde-, drikke- og tobaksvareindustri- (Anvendelse)",2008,0.75817464763448
Told,Privat,"10120 Føde-, drikke- og tobaksvareindustri- (Anvendelse)",2009,0.7333038101092089
Told,Privat,"10120 Føde-, drikke- og tobaksvareindustri- (Anvendelse)",2010,0.2869552939057958
Told,Privat,"10120 Føde-, drikke- og tobaksvareindustri- (Anvendelse)",2011,0.19698434740833487
Told,Privat,"10120 Føde-, drikke- og tobaksvareindustri- (Anvendelse)",2012,0.11322389600140823
Told,Privat,"10120 Føde-, drikke- og tobaksvareindustri- (Anvendelse)",2013,0.07174687211930124
Told,Privat,"10120 Føde-, drikke- og tobaksvareindustri- (Anvendelse)",2014,0.7537960398947281
Told,Privat,"10120 Føde-, drikke- og tobaksvareindustri- (Anvendelse)",2015,0.9283160489346368
Told,Privat,"10120 Føde-, drikke- og tobaksvareindustri- (Anvendelse)",2016,1.063127512058224
Told,Privat,"10120 Føde-, drikke- og tobaksvareindustri- (Anvendelse)",2017,0.9834485555058244
Told,Privat,"10120 Føde-, drikke- og tobaksvareindustri- (Anvendelse)",2018,0.9995958347349807
Told,Privat,"10120 Føde-, drikke- og tobaksvareindustri- (Anvendelse)",2019,0.9591387964021268
Told,Privat,"10120 Føde-, drikke- og tobaksvareindustri- (Anvendelse)",2020,1.0
Told,Privat,"10120 Føde-, drikke- og tobaksvareindustri- (Anvendelse)",2021,1.0665916007303713
Told,Privat,"10120 Føde-, drikke- og tobaksvareindustri- (Anvendelse)",2022,1.4436037311985679
Told,Privat,"Anvendelse, i alt-(Anvendelse)",1967,
Told,Privat,"Anvendelse, i alt-(Anvendelse)",1968,
Told,Privat,"Anvendelse, i alt-(Anvendelse)",1969,
Told,Privat,"Anvendelse, i alt-(Anvendelse)",1970,
Told,Privat,"Anvendelse, i alt-(Anvendelse)",1971,
Told,Privat,"Anvendelse, i alt-(Anvendelse)",1972,
Told,Privat,"Anvendelse, i alt-(Anvendelse)",1973,
Told,Privat,"Anvendelse, i alt-(Anvendelse)",1974,
Told,Privat,"Anvendelse, i alt-(Anvendelse)",1975,
Told,Privat,"Anvendelse, i alt-(Anvendelse)",1976,
Told,Privat,"Anvendelse, i alt-(Anvendelse)",1977,
Told,Privat,"Anvendelse, i alt-(Anvendelse)",1978,
Told,Privat,"Anvendelse, i alt-(Anvendelse)",1979,
Told,Privat,"Anvendelse, i alt-(Anvendelse)",1980,
Told,Privat,"Anvendelse, i alt-(Anvendelse)",1981,
Told,Privat,"Anvendelse, i alt-(Anvendelse)",1982,
Told,Privat,"Anvendelse, i alt-(Anvendelse)",1983,
Told,Privat,"Anvendelse, i alt-(Anvendelse)",1984,
Told,Privat,"Anvendelse, i alt-(Anvendelse)",1985,
Told,Privat,"Anvendelse, i alt-(Anvendelse)",1986,
Told,Privat,"Anvendelse, i alt-(Anvendelse)",1987,
Told,Privat,"Anvendelse, i alt-(Anvendelse)",1988,
Told,Privat,"Anvendelse, i alt-(Anvendelse)",1989,
Told,Privat,"Anvendelse, i alt-(Anvendelse)",1990,
Told,Privat,"Anvendelse, i alt-(Anvendelse)",1991,
Told,Privat,"Anvendelse, i alt-(Anvendelse)",1992,
Told,Privat,"Anvendelse, i alt-(Anvendelse)",1993,
Told,Privat,"Anvendelse, i alt-(Anvendelse)",1994,
Told,Privat,"Anvendelse, i alt-(Anvendelse)",1995,
Told,Privat,"Anvendelse, i alt-(Anvendelse)",1996,
Told,Privat,"Anvendelse, i alt-(Anvendelse)",1997,
Told,Privat,"Anvendelse, i alt-(Anvendelse)",1998,
Told,Privat,"Anvendelse, i alt-(Anvendelse)",1999,
Told,Privat,"Anvendelse, i alt-(Anvendelse)",2000,
Told,Privat,"Anvendelse, i alt-(Anvendelse)",2001,
Told,Privat,"Anvendelse, i alt-(Anvendelse)",2002,
Told,Privat,"Anvendelse, i alt-(Anvendelse)",2003,
Told,Privat,"Anvendelse, i alt-(Anvendelse)",2004,1.4323662235901786
Told,Privat,"Anvendelse, i alt-(Anvendelse)",2005,1.5769104261433031
Told,Privat,"Anvendelse, i alt-(Anvendelse)",2006,1.5723826539848273
Told,Privat,"Anvendelse, i alt-(Anvendelse)",2007,1.5280146216143524
Told,Privat,"Anvendelse, i alt-(Anvendelse)",2008,1.4279425745893237
Told,Privat,"Anvendelse, i alt-(Anvendelse)",2009,1.4638083387077694
Told,Privat,"Anvendelse, i alt-(Anvendelse)",2010,1.3989049110153264
Told,Privat,"Anvendelse, i alt-(Anvendelse)",2011,1.3378619315560367
Told,Privat,"Anvendelse, i alt-(Anvendelse)",2012,1.2769682705482017
Told,Privat,"Anvendelse, i alt-(Anvendelse)",2013,1.2415216876764332
Told,Privat,"Anvendelse, i alt-(Anvendelse)",2014,1.1669435822193233
Told,Privat,"Anvendelse, i alt-(Anvendelse)",2015,1.184713425344594
Told,Privat,"Anvendelse, i alt-(Anvendelse)",2016,1.1480412990003492
Told,Privat,"Anvendelse, i alt-(Anvendelse)",2017,1.1280383150109523
Told,Privat,"Anvendelse, i alt-(Anvendelse)",2018,1.1081064607317666
Told,Privat,"Anvendelse, i alt-(Anvendelse)",2019,1.0593712022572956
Told,Privat,"Anvendelse, i alt-(Anvendelse)",2020,1.0
Told,Privat,"Anvendelse, i alt-(Anvendelse)",2021,1.0899772951854874
Told,Privat,"Anvendelse, i alt-(Anvendelse)",2022,1.252590123793387
Told,Privat,Eksport - (Anvendelse),1967,
Told,Privat,Eksport - (Anvendelse),1968,
Told,Privat,Eksport - (Anvendelse),1969,
Told,Privat,Eksport - (Anvendelse),1970,
Told,Privat,Eksport - (Anvendelse),1971,
Told,Privat,Eksport - (Anvendelse),1972,
Told,Privat,Eksport - (Anvendelse),1973,
Told,Privat,Eksport - (Anvendelse),1974,
Told,Privat,Eksport - (Anvendelse),1975,
Told,Privat,Eksport - (Anvendelse),1976,
Told,Privat,Eksport - (Anvendelse),1977,
Told,Privat,Eksport - (Anvendelse),1978,
Told,Privat,Eksport - (Anvendelse),1979,
Told,Privat,Eksport - (Anvendelse),1980,
Told,Privat,Eksport - (Anvendelse),1981,
Told,Privat,Eksport - (Anvendelse),1982,
Told,Privat,Eksport - (Anvendelse),1983,
Told,Privat,Eksport - (Anvendelse),1984,
Told,Privat,Eksport - (Anvendelse),1985,
Told,Privat,Eksport - (Anvendelse),1986,
Told,Privat,Eksport - (Anvendelse),1987,
Told,Privat,Eksport - (Anvendelse),1988,
Told,Privat,Eksport - (Anvendelse),1989,
Told,Privat,Eksport - (Anvendelse),1990,
Told,Privat,Eksport - (Anvendelse),1991,
Told,Privat,Eksport - (Anvendelse),1992,
Told,Privat,Eksport - (Anvendelse),1993,
Told,Privat,Eksport - (Anvendelse),1994,
Told,Privat,Eksport - (Anvendelse),1995,
Told,Privat,Eksport - (Anvendelse),1996,
Told,Privat,Eksport - (Anvendelse),1997,
Told,Privat,Eksport - (Anvendelse),1998,
Told,Privat,Eksport - (Anvendelse),1999,
Told,Privat,Eksport - (Anvendelse),2000,
Told,Privat,Eksport - (Anvendelse),2001,
Told,Privat,Eksport - (Anvendelse),2002,
Told,Privat,Eksport - (Anvendelse),2003,
Told,Privat,Eksport - (Anvendelse),2004,1.864880384654794
Told,Privat,Eksport - (Anvendelse),2005,2.0530766188300813
Told,Privat,Eksport - (Anvendelse),2006,2.0471824790240682
Told,Privat,Eksport - (Anvendelse),2007,1.989421969613018
Told,Privat,Eksport - (Anvendelse),2008,1.989421969613018
Told,Privat,Eksport - (Anvendelse),2009,1.989421969613018
Told,Privat,Eksport - (Anvendelse),2010,1.989421969613018
Told,Privat,Eksport - (Anvendelse),2011,1.989421969613018
Told,Privat,Eksport - (Anvendelse),2012,1.989421969613018
Told,Privat,Eksport - (Anvendelse),2013,1.989421969613018
Told,Privat,Eksport - (Anvendelse),2014,1.454782056695398
Told,Privat,Eksport - (Anvendelse),2015,1.277769692349143
Told,Privat,Eksport - (Anvendelse),2016,1.2426097233244449
Told,Privat,Eksport - (Anvendelse),2017,1.2018972767840186
Told,Privat,Eksport - (Anvendelse),2018,1.1579788433667337
Told,Privat,Eksport - (Anvendelse),2019,1.095117328187458
Told,Privat,Eksport - (Anvendelse),2020,1.0
Told,Privat,Eksport - (Anvendelse),2021,1.0328277665269308
Told,Privat,Eksport - (Anvendelse),2022,1.3366086858747899
Told,Privat,Faste bruttoinvesteringer + Lagerforøgelse + Værdigenstande (Anvendelse),1967,
Told,Privat,Faste bruttoinvesteringer + Lagerforøgelse + Værdigenstande (Anvendelse),1968,
Told,Privat,Faste bruttoinvesteringer + Lagerforøgelse + Værdigenstande (Anvendelse),1969,
Told,Privat,Faste bruttoinvesteringer + Lagerforøgelse + Værdigenstande (Anvendelse),1970,
Told,Privat,Faste bruttoinvesteringer + Lagerforøgelse + Værdigenstande (Anvendelse),1971,
Told,Privat,Faste bruttoinvesteringer + Lagerforøgelse + Værdigenstande (Anvendelse),1972,
Told,Privat,Faste bruttoinvesteringer + Lagerforøgelse + Værdigenstande (Anvendelse),1973,
Told,Privat,Faste bruttoinvesteringer + Lagerforøgelse + Værdigenstande (Anvendelse),1974,
Told,Privat,Faste bruttoinvesteringer + Lagerforøgelse + Værdigenstande (Anvendelse),1975,
Told,Privat,Faste bruttoinvesteringer + Lagerforøgelse + Værdigenstande (Anvendelse),1976,
Told,Privat,Faste bruttoinvesteringer + Lagerforøgelse + Værdigenstande (Anvendelse),1977,
Told,Privat,Faste bruttoinvesteringer + Lagerforøgelse + Værdigenstande (Anvendelse),1978,
Told,Privat,Faste bruttoinvesteringer + Lagerforøgelse + Værdigenstande (Anvendelse),1979,
Told,Privat,Faste bruttoinvesteringer + Lagerforøgelse + Værdigenstande (Anvendelse),1980,
Told,Privat,Faste bruttoinvesteringer + Lagerforøgelse + Værdigenstande (Anvendelse),1981,
Told,Privat,Faste bruttoinvesteringer + Lagerforøgelse + Værdigenstande (Anvendelse),1982,
Told,Privat,Faste bruttoinvesteringer + Lagerforøgelse + Værdigenstande (Anvendelse),1983,
Told,Privat,Faste bruttoinvesteringer + Lagerforøgelse + Værdigenstande (Anvendelse),1984,
Told,Privat,Faste bruttoinvesteringer + Lagerforøgelse + Værdigenstande (Anvendelse),1985,
Told,Privat,Faste bruttoinvesteringer + Lagerforøgelse + Værdigenstande (Anvendelse),1986,
Told,Privat,Faste bruttoinvesteringer + Lagerforøgelse + Værdigenstande (Anvendelse),1987,
Told,Privat,Faste bruttoinvesteringer + Lagerforøgelse + Værdigenstande (Anvendelse),1988,
Told,Privat,Faste bruttoinvesteringer + Lagerforøgelse + Værdigenstande (Anvendelse),1989,
Told,Privat,Faste bruttoinvesteringer + Lagerforøgelse + Værdigenstande (Anvendelse),1990,
Told,Privat,Faste bruttoinvesteringer + Lagerforøgelse + Værdigenstande (Anvendelse),1991,
Told,Privat,Faste bruttoinvesteringer + Lagerforøgelse + Værdigenstande (Anvendelse),1992,
Told,Privat,Faste bruttoinvesteringer + Lagerforøgelse + Værdigenstande (Anvendelse),1993,
Told,Privat,Faste bruttoinvesteringer + Lagerforøgelse + Værdigenstande (Anvendelse),1994,
Told,Privat,Faste bruttoinvesteringer + Lagerforøgelse + Værdigenstande (Anvendelse),1995,
Told,Privat,Faste bruttoinvesteringer + Lagerforøgelse + Værdigenstande (Anvendelse),1996,
Told,Privat,Faste bruttoinvesteringer + Lagerforøgelse + Værdigenstande (Anvendelse),1997,
Told,Privat,Faste bruttoinvesteringer + Lagerforøgelse + Værdigenstande (Anvendelse),1998,
Told,Privat,Faste bruttoinvesteringer + Lagerforøgelse + Værdigenstande (Anvendelse),1999,
Told,Privat,Faste bruttoinvesteringer + Lagerforøgelse + Værdigenstande (Anvendelse),2000,
Told,Privat,Faste bruttoinvesteringer + Lagerforøgelse + Værdigenstande (Anvendelse),2001,
Told,Privat,Faste bruttoinvesteringer + Lagerforøgelse + Værdigenstande (Anvendelse),2002,
Told,Privat,Faste bruttoinvesteringer + Lagerforøgelse + Værdigenstande (Anvendelse),2003,
Told,Privat,Faste bruttoinvesteringer + Lagerforøgelse + Værdigenstande (Anvendelse),2004,0.19351978431802389
Told,Privat,Faste bruttoinvesteringer + Lagerforøgelse + Værdigenstande (Anvendelse),2005,0.21304723420079885
Told,Privat,Faste bruttoinvesteringer + Lagerforøgelse + Værdigenstande (Anvendelse),2006,0.21243471999601013
Told,Privat,Faste bruttoinvesteringer + Lagerforøgelse + Værdigenstande (Anvendelse),2007,0.20644113369520833
Told,Privat,Faste bruttoinvesteringer + Lagerforøgelse + Værdigenstande (Anvendelse),2008,0.1819363042332142
Told,Privat,Faste bruttoinvesteringer + Lagerforøgelse + Værdigenstande (Anvendelse),2009,0.23178974093465876
Told,Privat,Faste bruttoinvesteringer + Lagerforøgelse + Værdigenstande (Anvendelse),2010,0.2775130099572715
Told,Privat,Faste bruttoinvesteringer + Lagerforøgelse + Værdigenstande (Anvendelse),2011,0.2674727172834905
Told,Privat,Faste bruttoinvesteringer + Lagerforøgelse + Værdigenstande (Anvendelse),2012,0.2510404269697053
Told,Privat,Faste bruttoinvesteringer + Lagerforøgelse + Værdigenstande (Anvendelse),2013,0.23352967175156428
Told,Privat,Faste bruttoinvesteringer + Lagerforøgelse + Værdigenstande (Anvendelse),2014,0.7810428655133598
Told,Privat,Faste bruttoinvesteringer + Lagerforøgelse + Værdigenstande (Anvendelse),2015,1.2366634680794881
Told,Privat,Faste bruttoinvesteringer + Lagerforøgelse + Værdigenstande (Anvendelse),2016,1.1916902310613189
Told,Privat,Faste bruttoinvesteringer + Lagerforøgelse + Værdigenstande (Anvendelse),2017,1.2157930984400487
Told,Privat,Faste bruttoinvesteringer + Lagerforøgelse + Værdigenstande (Anvendelse),2018,1.1689679221885196
Told,Privat,Faste bruttoinvesteringer + Lagerforøgelse + Værdigenstande (Anvendelse),2019,1.2096119518379134
Told,Privat,Faste bruttoinvesteringer + Lagerforøgelse + Værdigenstande (Anvendelse),2020,1.0
Told,Privat,Faste bruttoinvesteringer + Lagerforøgelse + Værdigenstande (Anvendelse),2021,1.2092635840770947
Told,Privat,Faste bruttoinvesteringer + Lagerforøgelse + Værdigenstande (Anvendelse),2022,1.2547461380396276
Told,Privat,Husholdningernes forbrugsudgifter + NPISH (Anvendelse),1967,
Told,Privat,Husholdningernes forbrugsudgifter + NPISH (Anvendelse),1968,
Told,Privat,Husholdningernes forbrugsudgifter + NPISH (Anvendelse),1969,
Told,Privat,Husholdningernes forbrugsudgifter + NPISH (Anvendelse),1970,
Told,Privat,Husholdningernes forbrugsudgifter + NPISH (Anvendelse),1971,
Told,Privat,Husholdningernes forbrugsudgifter + NPISH (Anvendelse),1972,
Told,Privat,Husholdningernes forbrugsudgifter + NPISH (Anvendelse),1973,
Told,Privat,Husholdningernes forbrugsudgifter + NPISH (Anvendelse),1974,
Told,Privat,Husholdningernes forbrugsudgifter + NPISH (Anvendelse),1975,
Told,Privat,Husholdningernes forbrugsudgifter + NPISH (Anvendelse),1976,
Told,Privat,Husholdningernes forbrugsudgifter + NPISH (Anvendelse),1977,
Told,Privat,Husholdningernes forbrugsudgifter + NPISH (Anvendelse),1978,
Told,Privat,Husholdningernes forbrugsudgifter + NPISH (Anvendelse),1979,
Told,Privat,Husholdningernes forbrugsudgifter + NPISH (Anvendelse),1980,
Told,Privat,Husholdningernes forbrugsudgifter + NPISH (Anvendelse),1981,
Told,Privat,Husholdningernes forbrugsudgifter + NPISH (Anvendelse),1982,
Told,Privat,Husholdningernes forbrugsudgifter + NPISH (Anvendelse),1983,
Told,Privat,Husholdningernes forbrugsudgifter + NPISH (Anvendelse),1984,
Told,Privat,Husholdningernes forbrugsudgifter + NPISH (Anvendelse),1985,
Told,Privat,Husholdningernes forbrugsudgifter + NPISH (Anvendelse),1986,
Told,Privat,Husholdningernes forbrugsudgifter + NPISH (Anvendelse),1987,
Told,Privat,Husholdningernes forbrugsudgifter + NPISH (Anvendelse),1988,
Told,Privat,Husholdningernes forbrugsudgifter + NPISH (Anvendelse),1989,
Told,Privat,Husholdningernes forbrugsudgifter + NPISH (Anvendelse),1990,
Told,Privat,Husholdningernes forbrugsudgifter + NPISH (Anvendelse),1991,
Told,Privat,Husholdningernes forbrugsudgifter + NPISH (Anvendelse),1992,
Told,Privat,Husholdningernes forbrugsudgifter + NPISH (Anvendelse),1993,
Told,Privat,Husholdningernes forbrugsudgifter + NPISH (Anvendelse),1994,
Told,Privat,Husholdningernes forbrugsudgifter + NPISH (Anvendelse),1995,
Told,Privat,Husholdningernes forbrugsudgifter + NPISH (Anvendelse),1996,
Told,Privat,Husholdningernes forbrugsudgifter + NPISH (Anvendelse),1997,
Told,Privat,Husholdningernes forbrugsudgifter + NPISH (Anvendelse),1998,
Told,Privat,Husholdningernes forbrugsudgifter + NPISH (Anvendelse),1999,
Told,Privat,Husholdningernes forbrugsudgifter + NPISH (Anvendelse),2000,
Told,Privat,Husholdningernes forbrugsudgifter + NPISH (Anvendelse),2001,
Told,Privat,Husholdningernes forbrugsudgifter + NPISH (Anvendelse),2002,
Told,Privat,Husholdningernes forbrugsudgifter + NPISH (Anvendelse),2003,
Told,Privat,Husholdningernes forbrugsudgifter + NPISH (Anvendelse),2004,1.5882889583374735
Told,Privat,Husholdningernes forbrugsudgifter + NPISH (Anvendelse),2005,1.748568303903279
Told,Privat,Husholdningernes forbrugsudgifter + NPISH (Anvendelse),2006,1.7435509372340852
Told,Privat,Husholdningernes forbrugsudgifter + NPISH (Anvendelse),2007,1.6943543332092101
Told,Privat,Husholdningernes forbrugsudgifter + NPISH (Anvendelse),2008,1.6252977093905103
Told,Privat,Husholdningernes forbrugsudgifter + NPISH (Anvendelse),2009,1.6227347672054522
Told,Privat,Husholdningernes forbrugsudgifter + NPISH (Anvendelse),2010,2.284179921591419
Told,Privat,Husholdningernes forbrugsudgifter + NPISH (Anvendelse),2011,2.130980203013863
Told,Privat,Husholdningernes forbrugsudgifter + NPISH (Anvendelse),2012,1.9803759604517541
Told,Privat,Husholdningernes forbrugsudgifter + NPISH (Anvendelse),2013,1.937988540061444
Told,Privat,Husholdningernes forbrugsudgifter + NPISH (Anvendelse),2014,1.4281590219006912
Told,Privat,Husholdningernes forbrugsudgifter + NPISH (Anvendelse),2015,1.284737995101312
Told,Privat,Husholdningernes forbrugsudgifter + NPISH (Anvendelse),2016,1.2559544697248493
Told,Privat,Husholdningernes forbrugsudgifter + NPISH (Anvendelse),2017,1.2318674626146136
Told,Privat,Husholdningernes forbrugsudgifter + NPISH (Anvendelse),2018,1.1497741865024547
Told,Privat,Husholdningernes forbrugsudgifter + NPISH (Anvendelse),2019,1.0939390496975205
Told,Privat,Husholdningernes forbrugsudgifter + NPISH (Anvendelse),2020,1.0
Told,Privat,Husholdningernes forbrugsudgifter + NPISH (Anvendelse),2021,1.037844762887565
Told,Privat,Husholdningernes forbrugsudgifter + NPISH (Anvendelse),2022,1.1938630658425766
Told,Privat,"Offentligt forbrug, i alt-(Anvendelse)",1967,
Told,Privat,"Offentligt forbrug, i alt-(Anvendelse)",1968,
Told,Privat,"Offentligt forbrug, i alt-(Anvendelse)",1969,
Told,Privat,"Offentligt forbrug, i alt-(Anvendelse)",1970,
Told,Privat,"Offentligt forbrug, i alt-(Anvendelse)",1971,
Told,Privat,"Offentligt forbrug, i alt-(Anvendelse)",1972,
Told,Privat,"Offentligt forbrug, i alt-(Anvendelse)",1973,
Told,Privat,"Offentligt forbrug, i alt-(Anvendelse)",1974,
Told,Privat,"Offentligt forbrug, i alt-(Anvendelse)",1975,
Told,Privat,"Offentligt forbrug, i alt-(Anvendelse)",1976,
Told,Privat,"Offentligt forbrug, i alt-(Anvendelse)",1977,
Told,Privat,"Offentligt forbrug, i alt-(Anvendelse)",1978,
Told,Privat,"Offentligt forbrug, i alt-(Anvendelse)",1979,
Told,Privat,"Offentligt forbrug, i alt-(Anvendelse)",1980,
Told,Privat,"Offentligt forbrug, i alt-(Anvendelse)",1981,
Told,Privat,"Offentligt forbrug, i alt-(Anvendelse)",1982,
Told,Privat,"Offentligt forbrug, i alt-(Anvendelse)",1983,
Told,Privat,"Offentligt forbrug, i alt-(Anvendelse)",1984,
Told,Privat,"Offentligt forbrug, i alt-(Anvendelse)",1985,
Told,Privat,"Offentligt forbrug, i alt-(Anvendelse)",1986,
Told,Privat,"Offentligt forbrug, i alt-(Anvendelse)",1987,
Told,Privat,"Offentligt forbrug, i alt-(Anvendelse)",1988,
Told,Privat,"Offentligt forbrug, i alt-(Anvendelse)",1989,
Told,Privat,"Offentligt forbrug, i alt-(Anvendelse)",1990,
Told,Privat,"Offentligt forbrug, i alt-(Anvendelse)",1991,
Told,Privat,"Offentligt forbrug, i alt-(Anvendelse)",1992,
Told,Privat,"Offentligt forbrug, i alt-(Anvendelse)",1993,
Told,Privat,"Offentligt forbrug, i alt-(Anvendelse)",1994,
Told,Privat,"Offentligt forbrug, i alt-(Anvendelse)",1995,
Told,Privat,"Offentligt forbrug, i alt-(Anvendelse)",1996,
Told,Privat,"Offentligt forbrug, i alt-(Anvendelse)",1997,
Told,Privat,"Offentligt forbrug, i alt-(Anvendelse)",1998,
Told,Privat,"Offentligt forbrug, i alt-(Anvendelse)",1999,
Told,Privat,"Offentligt forbrug, i alt-(Anvendelse)",2000,
Told,Privat,"Offentligt forbrug, i alt-(Anvendelse)",2001,
Told,Privat,"Offentligt forbrug, i alt-(Anvendelse)",2002,
Told,Privat,"Offentligt forbrug, i alt-(Anvendelse)",2003,
Told,Privat,"Offentligt forbrug, i alt-(Anvendelse)",2004,5.599215156824885
Told,Privat,"Offentligt forbrug, i alt-(Anvendelse)",2005,6.163367817462153
Told,Privat,"Offentligt forbrug, i alt-(Anvendelse)",2006,6.146072652668254
Told,Privat,"Offentligt forbrug, i alt-(Anvendelse)",2007,5.970077046329397
Told,Privat,"Offentligt forbrug, i alt-(Anvendelse)",2008,5.123443313151105
Told,Privat,"Offentligt forbrug, i alt-(Anvendelse)",2009,5.172816747599559
Told,Privat,"Offentligt forbrug, i alt-(Anvendelse)",2010,2.56018211795729
Told,Privat,"Offentligt forbrug, i alt-(Anvendelse)",2011,1.7296609318177252
Told,Privat,"Offentligt forbrug, i alt-(Anvendelse)",2012,1.7804454496776585
Told,Privat,"Offentligt forbrug, i alt-(Anvendelse)",2013,1.21583572149159
Told,Privat,"Offentligt forbrug, i alt-(Anvendelse)",2014,1.5979223883790281
Told,Privat,"Offentligt forbrug, i alt-(Anvendelse)",2015,1.3516567490723685
Told,Privat,"Offentligt forbrug, i alt-(Anvendelse)",2016,1.373606730467561
Told,Privat,"Offentligt forbrug, i alt-(Anvendelse)",2017,1.4586119289775086
Told,Privat,"Offentligt forbrug, i alt-(Anvendelse)",2018,1.2166989678798603
Told,Privat,"Offentligt forbrug, i alt-(Anvendelse)",2019,1.2053691275167784
Told,Privat,"Offentligt forbrug, i alt-(Anvendelse)",2020,1.0
Told,Privat,"Offentligt forbrug, i alt-(Anvendelse)",2021,1.1610512129380053
Told,Privat,"Offentligt forbrug, i alt-(Anvendelse)",2022,1.2763098022201291
Told,Privat,Privat,1967,
Told,Privat,Privat,1968,
Told,Privat,Privat,1969,
Told,Privat,Privat,1970,
Told,Privat,Privat,1971,
Told,Privat,Privat,1972,
Told,Privat,Privat,1973,
Told,Privat,Privat,1974,
Told,Privat,Privat,1975,
Told,Privat,Privat,1976,
Told,Privat,Privat,1977,
Told,Privat,Privat,1978,
Told,Privat,Privat,1979,
Told,Privat,Privat,1980,
Told,Privat,Privat,1981,
Told,Privat,Privat,1982,
Told,Privat,Privat,1983,
Told,Privat,Privat,1984,
Told,Privat,Privat,1985,
Told,Privat,Privat,1986,
Told,Privat,Privat,1987,
Told,Privat,Privat,1988,
Told,Privat,Privat,1989,
Told,Privat,Privat,1990,
Told,Privat,Privat,1991,
Told,Privat,Privat,1992,
Told,Privat,Privat,1993,
Told,Privat,Privat,1994,
Told,Privat,Privat,1995,
Told,Privat,Privat,1996,
Told,Privat,Privat,1997,
Told,Privat,Privat,1998,
Told,Privat,Privat,1999,
Told,Privat,Privat,2000,
Told,Privat,Privat,2001,
Told,Privat,Privat,2002,
Told,Privat,Privat,2003,
Told,Privat,Privat,2004,0.6514535365996312
Told,Privat,Privat,2005,0.7171907394707653
Told,Privat,Privat,2006,0.7151123156728417
Told,Privat,Privat,2007,0.6949373644856638
Told,Privat,Privat,2008,0.6926076077683411
Told,Privat,Privat,2009,0.6745192759156617
Told,Privat,Privat,2010,0.3800511569490418
Told,Privat,Privat,2011,0.3140664265218128
Told,Privat,Privat,2012,0.22953750739005158
Told,Privat,Privat,2013,0.17728343062473748
Told,Privat,Privat,2014,0.8149149920238123
Told,Privat,Privat,2015,1.0813096994336053
Told,Privat,Privat,2016,1.0386035382019516
Told,Privat,Privat,2017,1.0345579355051877
Told,Privat,Privat,2018,1.0802257628753837
Told,Privat,Privat,2019,1.040094111707362
Told,Privat,Privat,2020,1.0
Told,Privat,Privat,2021,1.1590788347047236
Told,Privat,Privat,2022,1.168734616273061
Told,Privat,REST_ANVENDELSE Øvrige brancher,1967,
Told,Privat,REST_ANVENDELSE Øvrige brancher,1968,
Told,Privat,REST_ANVENDELSE Øvrige brancher,1969,
Told,Privat,REST_ANVENDELSE Øvrige brancher,1970,
Told,Privat,REST_ANVENDELSE Øvrige brancher,1971,
Told,Privat,REST_ANVENDELSE Øvrige brancher,1972,
Told,Privat,REST_ANVENDELSE Øvrige brancher,1973,
Told,Privat,REST_ANVENDELSE Øvrige brancher,1974,
Told,Privat,REST_ANVENDELSE Øvrige brancher,1975,
Told,Privat,REST_ANVENDELSE Øvrige brancher,1976,
Told,Privat,REST_ANVENDELSE Øvrige brancher,1977,
Told,Privat,REST_ANVENDELSE Øvrige brancher,1978,
Told,Privat,REST_ANVENDELSE Øvrige brancher,1979,
Told,Privat,REST_ANVENDELSE Øvrige brancher,1980,
Told,Privat,REST_ANVENDELSE Øvrige brancher,1981,
Told,Privat,REST_ANVENDELSE Øvrige brancher,1982,
Told,Privat,REST_ANVENDELSE Øvrige brancher,1983,
Told,Privat,REST_ANVENDELSE Øvrige brancher,1984,
Told,Privat,REST_ANVENDELSE Øvrige brancher,1985,
Told,Privat,REST_ANVENDELSE Øvrige brancher,1986,
Told,Privat,REST_ANVENDELSE Øvrige brancher,1987,
Told,Privat,REST_ANVENDELSE Øvrige brancher,1988,
Told,Privat,REST_ANVENDELSE Øvrige brancher,1989,
Told,Privat,REST_ANVENDELSE Øvrige brancher,1990,
Told,Privat,REST_ANVENDELSE Øvrige brancher,1991,
Told,Privat,REST_ANVENDELSE Øvrige brancher,1992,
Told,Privat,REST_ANVENDELSE Øvrige brancher,1993,
Told,Privat,REST_ANVENDELSE Øvrige brancher,1994,
Told,Privat,REST_ANVENDELSE Øvrige brancher,1995,
Told,Privat,REST_ANVENDELSE Øvrige brancher,1996,
Told,Privat,REST_ANVENDELSE Øvrige brancher,1997,
Told,Privat,REST_ANVENDELSE Øvrige brancher,1998,
Told,Privat,REST_ANVENDELSE Øvrige brancher,1999,
Told,Privat,REST_ANVENDELSE Øvrige brancher,2000,
Told,Privat,REST_ANVENDELSE Øvrige brancher,2001,
Told,Privat,REST_ANVENDELSE Øvrige brancher,2002,
Told,Privat,REST_ANVENDELSE Øvrige brancher,2003,
Told,Privat,REST_ANVENDELSE Øvrige brancher,2004,1.044182217379699
Told,Privat,REST_ANVENDELSE Øvrige brancher,2005,1.1495426445184653
Told,Privat,REST_ANVENDELSE Øvrige brancher,2006,1.1462216876625764
Told,Privat,REST_ANVENDELSE Øvrige brancher,2007,1.1138805798622375
Told,Privat,REST_ANVENDELSE Øvrige brancher,2008,0.955107625898078
Told,Privat,REST_ANVENDELSE Øvrige brancher,2009,1.034196799603587
Told,Privat,REST_ANVENDELSE Øvrige brancher,2010,0.5457762290184542
Told,Privat,REST_ANVENDELSE Øvrige brancher,2011,0.4518099162964471
Told,Privat,REST_ANVENDELSE Øvrige brancher,2012,0.380196030610053
Told,Privat,REST_ANVENDELSE Øvrige brancher,2013,0.30982236938882357
Told,Privat,REST_ANVENDELSE Øvrige brancher,2014,0.8152011907731844
Told,Privat,REST_ANVENDELSE Øvrige brancher,2015,1.0753402509862526
Told,Privat,REST_ANVENDELSE Øvrige brancher,2016,1.0021854488454105
Told,Privat,REST_ANVENDELSE Øvrige brancher,2017,1.001702106012647
Told,Privat,REST_ANVENDELSE Øvrige brancher,2018,1.0419809750148894
Told,Privat,REST_ANVENDELSE Øvrige brancher,2019,1.001328542259235
Told,Privat,REST_ANVENDELSE Øvrige brancher,2020,1.0
Told,Privat,REST_ANVENDELSE Øvrige brancher,2021,1.1854719216539455
Told,Privat,REST_ANVENDELSE Øvrige brancher,2022,1.1419647634610415
Told,REST_TILGANG Øvrige brancher,01000 Landbrug og gartneri- (Anvendelse),1967,
Told,REST_TILGANG Øvrige brancher,01000 Landbrug og gartneri- (Anvendelse),1968,
Told,REST_TILGANG Øvrige brancher,01000 Landbrug og gartneri- (Anvendelse),1969,
Told,REST_TILGANG Øvrige brancher,01000 Landbrug og gartneri- (Anvendelse),1970,
Told,REST_TILGANG Øvrige brancher,01000 Landbrug og gartneri- (Anvendelse),1971,
Told,REST_TILGANG Øvrige brancher,01000 Landbrug og gartneri- (Anvendelse),1972,
Told,REST_TILGANG Øvrige brancher,01000 Landbrug og gartneri- (Anvendelse),1973,
Told,REST_TILGANG Øvrige brancher,01000 Landbrug og gartneri- (Anvendelse),1974,
Told,REST_TILGANG Øvrige brancher,01000 Landbrug og gartneri- (Anvendelse),1975,
Told,REST_TILGANG Øvrige brancher,01000 Landbrug og gartneri- (Anvendelse),1976,
Told,REST_TILGANG Øvrige brancher,01000 Landbrug og gartneri- (Anvendelse),1977,
Told,REST_TILGANG Øvrige brancher,01000 Landbrug og gartneri- (Anvendelse),1978,
Told,REST_TILGANG Øvrige brancher,01000 Landbrug og gartneri- (Anvendelse),1979,
Told,REST_TILGANG Øvrige brancher,01000 Landbrug og gartneri- (Anvendelse),1980,
Told,REST_TILGANG Øvrige brancher,01000 Landbrug og gartneri- (Anvendelse),1981,
Told,REST_TILGANG Øvrige brancher,01000 Landbrug og gartneri- (Anvendelse),1982,
Told,REST_TILGANG Øvrige brancher,01000 Landbrug og gartneri- (Anvendelse),1983,
Told,REST_TILGANG Øvrige brancher,01000 Landbrug og gartneri- (Anvendelse),1984,
Told,REST_TILGANG Øvrige brancher,01000 Landbrug og gartneri- (Anvendelse),1985,
Told,REST_TILGANG Øvrige brancher,01000 Landbrug og gartneri- (Anvendelse),1986,
Told,REST_TILGANG Øvrige brancher,01000 Landbrug og gartneri- (Anvendelse),1987,
Told,REST_TILGANG Øvrige brancher,01000 Landbrug og gartneri- (Anvendelse),1988,
Told,REST_TILGANG Øvrige brancher,01000 Landbrug og gartneri- (Anvendelse),1989,
Told,REST_TILGANG Øvrige brancher,01000 Landbrug og gartneri- (Anvendelse),1990,
Told,REST_TILGANG Øvrige brancher,01000 Landbrug og gartneri- (Anvendelse),1991,
Told,REST_TILGANG Øvrige brancher,01000 Landbrug og gartneri- (Anvendelse),1992,
Told,REST_TILGANG Øvrige brancher,01000 Landbrug og gartneri- (Anvendelse),1993,
Told,REST_TILGANG Øvrige brancher,01000 Landbrug og gartneri- (Anvendelse),1994,
Told,REST_TILGANG Øvrige brancher,01000 Landbrug og gartneri- (Anvendelse),1995,
Told,REST_TILGANG Øvrige brancher,01000 Landbrug og gartneri- (Anvendelse),1996,
Told,REST_TILGANG Øvrige brancher,01000 Landbrug og gartneri- (Anvendelse),1997,
Told,REST_TILGANG Øvrige brancher,01000 Landbrug og gartneri- (Anvendelse),1998,
Told,REST_TILGANG Øvrige brancher,01000 Landbrug og gartneri- (Anvendelse),1999,
Told,REST_TILGANG Øvrige brancher,01000 Landbrug og gartneri- (Anvendelse),2000,
Told,REST_TILGANG Øvrige brancher,01000 Landbrug og gartneri- (Anvendelse),2001,
Told,REST_TILGANG Øvrige brancher,01000 Landbrug og gartneri- (Anvendelse),2002,
Told,REST_TILGANG Øvrige brancher,01000 Landbrug og gartneri- (Anvendelse),2003,
Told,REST_TILGANG Øvrige brancher,01000 Landbrug og gartneri- (Anvendelse),2004,0.4039696560461974
Told,REST_TILGANG Øvrige brancher,01000 Landbrug og gartneri- (Anvendelse),2005,0.4449651428872724
Told,REST_TILGANG Øvrige brancher,01000 Landbrug og gartneri- (Anvendelse),2006,0.4437382874183432
Told,REST_TILGANG Øvrige brancher,01000 Landbrug og gartneri- (Anvendelse),2007,0.4312353683197394
Told,REST_TILGANG Øvrige brancher,01000 Landbrug og gartneri- (Anvendelse),2008,0.7269840256261539
Told,REST_TILGANG Øvrige brancher,01000 Landbrug og gartneri- (Anvendelse),2009,0.3227536146580661
Told,REST_TILGANG Øvrige brancher,01000 Landbrug og gartneri- (Anvendelse),2010,0.15244872273054663
Told,REST_TILGANG Øvrige brancher,01000 Landbrug og gartneri- (Anvendelse),2011,0.1105500951277223
Told,REST_TILGANG Øvrige brancher,01000 Landbrug og gartneri- (Anvendelse),2012,0.0860278661671262
Told,REST_TILGANG Øvrige brancher,01000 Landbrug og gartneri- (Anvendelse),2013,0.06283864592472395
Told,REST_TILGANG Øvrige brancher,01000 Landbrug og gartneri- (Anvendelse),2014,0.6472434561756389
Told,REST_TILGANG Øvrige brancher,01000 Landbrug og gartneri- (Anvendelse),2015,1.0901654226897888
Told,REST_TILGANG Øvrige brancher,01000 Landbrug og gartneri- (Anvendelse),2016,0.7343958499250264
Told,REST_TILGANG Øvrige brancher,01000 Landbrug og gartneri- (Anvendelse),2017,1.1038329191816099
Told,REST_TILGANG Øvrige brancher,01000 Landbrug og gartneri- (Anvendelse),2018,1.0762884400775923
Told,REST_TILGANG Øvrige brancher,01000 Landbrug og gartneri- (Anvendelse),2019,1.1520697167755993
Told,REST_TILGANG Øvrige brancher,01000 Landbrug og gartneri- (Anvendelse),2020,1.0
Told,REST_TILGANG Øvrige brancher,01000 Landbrug og gartneri- (Anvendelse),2021,1.414620869849219
Told,REST_TILGANG Øvrige brancher,01000 Landbrug og gartneri- (Anvendelse),2022,1.061146600681816
Told,REST_TILGANG Øvrige brancher,"10120 Føde-, drikke- og tobaksvareindustri- (Anvendelse)",1967,
Told,REST_TILGANG Øvrige brancher,"10120 Føde-, drikke- og tobaksvareindustri- (Anvendelse)",1968,
Told,REST_TILGANG Øvrige brancher,"10120 Føde-, drikke- og tobaksvareindustri- (Anvendelse)",1969,
Told,REST_TILGANG Øvrige brancher,"10120 Føde-, drikke- og tobaksvareindustri- (Anvendelse)",1970,
Told,REST_TILGANG Øvrige brancher,"10120 Føde-, drikke- og tobaksvareindustri- (Anvendelse)",1971,
Told,REST_TILGANG Øvrige brancher,"10120 Føde-, drikke- og tobaksvareindustri- (Anvendelse)",1972,
Told,REST_TILGANG Øvrige brancher,"10120 Føde-, drikke- og tobaksvareindustri- (Anvendelse)",1973,
Told,REST_TILGANG Øvrige brancher,"10120 Føde-, drikke- og tobaksvareindustri- (Anvendelse)",1974,
Told,REST_TILGANG Øvrige brancher,"10120 Føde-, drikke- og tobaksvareindustri- (Anvendelse)",1975,
Told,REST_TILGANG Øvrige brancher,"10120 Føde-, drikke- og tobaksvareindustri- (Anvendelse)",1976,
Told,REST_TILGANG Øvrige brancher,"10120 Føde-, drikke- og tobaksvareindustri- (Anvendelse)",1977,
Told,REST_TILGANG Øvrige brancher,"10120 Føde-, drikke- og tobaksvareindustri- (Anvendelse)",1978,
Told,REST_TILGANG Øvrige brancher,"10120 Føde-, drikke- og tobaksvareindustri- (Anvendelse)",1979,
Told,REST_TILGANG Øvrige brancher,"10120 Føde-, drikke- og tobaksvareindustri- (Anvendelse)",1980,
Told,REST_TILGANG Øvrige brancher,"10120 Føde-, drikke- og tobaksvareindustri- (Anvendelse)",1981,
Told,REST_TILGANG Øvrige brancher,"10120 Føde-, drikke- og tobaksvareindustri- (Anvendelse)",1982,
Told,REST_TILGANG Øvrige brancher,"10120 Føde-, drikke- og tobaksvareindustri- (Anvendelse)",1983,
Told,REST_TILGANG Øvrige brancher,"10120 Føde-, drikke- og tobaksvareindustri- (Anvendelse)",1984,
Told,REST_TILGANG Øvrige brancher,"10120 Føde-, drikke- og tobaksvareindustri- (Anvendelse)",1985,
Told,REST_TILGANG Øvrige brancher,"10120 Føde-, drikke- og tobaksvareindustri- (Anvendelse)",1986,
Told,REST_TILGANG Øvrige brancher,"10120 Føde-, drikke- og tobaksvareindustri- (Anvendelse)",1987,
Told,REST_TILGANG Øvrige brancher,"10120 Føde-, drikke- og tobaksvareindustri- (Anvendelse)",1988,
Told,REST_TILGANG Øvrige brancher,"10120 Føde-, drikke- og tobaksvareindustri- (Anvendelse)",1989,
Told,REST_TILGANG Øvrige brancher,"10120 Føde-, drikke- og tobaksvareindustri- (Anvendelse)",1990,
Told,REST_TILGANG Øvrige brancher,"10120 Føde-, drikke- og tobaksvareindustri- (Anvendelse)",1991,
Told,REST_TILGANG Øvrige brancher,"10120 Føde-, drikke- og tobaksvareindustri- (Anvendelse)",1992,
Told,REST_TILGANG Øvrige brancher,"10120 Føde-, drikke- og tobaksvareindustri- (Anvendelse)",1993,
Told,REST_TILGANG Øvrige brancher,"10120 Føde-, drikke- og tobaksvareindustri- (Anvendelse)",1994,
Told,REST_TILGANG Øvrige brancher,"10120 Føde-, drikke- og tobaksvareindustri- (Anvendelse)",1995,
Told,REST_TILGANG Øvrige brancher,"10120 Føde-, drikke- og tobaksvareindustri- (Anvendelse)",1996,
Told,REST_TILGANG Øvrige brancher,"10120 Føde-, drikke- og tobaksvareindustri- (Anvendelse)",1997,
Told,REST_TILGANG Øvrige brancher,"10120 Føde-, drikke- og tobaksvareindustri- (Anvendelse)",1998,
Told,REST_TILGANG Øvrige brancher,"10120 Føde-, drikke- og tobaksvareindustri- (Anvendelse)",1999,
Told,REST_TILGANG Øvrige brancher,"10120 Føde-, drikke- og tobaksvareindustri- (Anvendelse)",2000,
Told,REST_TILGANG Øvrige brancher,"10120 Føde-, drikke- og tobaksvareindustri- (Anvendelse)",2001,
Told,REST_TILGANG Øvrige brancher,"10120 Føde-, drikke- og tobaksvareindustri- (Anvendelse)",2002,
Told,REST_TILGANG Øvrige brancher,"10120 Føde-, drikke- og tobaksvareindustri- (Anvendelse)",2003,
Told,REST_TILGANG Øvrige brancher,"10120 Føde-, drikke- og tobaksvareindustri- (Anvendelse)",2004,0.7875434772508991
Told,REST_TILGANG Øvrige brancher,"10120 Føde-, drikke- og tobaksvareindustri- (Anvendelse)",2005,0.8669912698374672
Told,REST_TILGANG Øvrige brancher,"10120 Føde-, drikke- og tobaksvareindustri- (Anvendelse)",2006,0.8644138830224439
Told,REST_TILGANG Øvrige brancher,"10120 Føde-, drikke- og tobaksvareindustri- (Anvendelse)",2007,0.8400599874330119
Told,REST_TILGANG Øvrige brancher,"10120 Føde-, drikke- og tobaksvareindustri- (Anvendelse)",2008,0.7851866251171337
Told,REST_TILGANG Øvrige brancher,"10120 Føde-, drikke- og tobaksvareindustri- (Anvendelse)",2009,0.7833441294264256
Told,REST_TILGANG Øvrige brancher,"10120 Føde-, drikke- og tobaksvareindustri- (Anvendelse)",2010,0.35341399756784825
Told,REST_TILGANG Øvrige brancher,"10120 Føde-, drikke- og tobaksvareindustri- (Anvendelse)",2011,0.22679049718934005
Told,REST_TILGANG Øvrige brancher,"10120 Føde-, drikke- og tobaksvareindustri- (Anvendelse)",2012,0.18958467835542944
Told,REST_TILGANG Øvrige brancher,"10120 Føde-, drikke- og tobaksvareindustri- (Anvendelse)",2013,0.13010127119306372
Told,REST_TILGANG Øvrige brancher,"10120 Føde-, drikke- og tobaksvareindustri- (Anvendelse)",2014,1.0144120800555785
Told,REST_TILGANG Øvrige brancher,"10120 Føde-, drikke- og tobaksvareindustri- (Anvendelse)",2015,1.2765336173447803
Told,REST_TILGANG Øvrige brancher,"10120 Føde-, drikke- og tobaksvareindustri- (Anvendelse)",2016,1.4347728095114793
Told,REST_TILGANG Øvrige brancher,"10120 Føde-, drikke- og tobaksvareindustri- (Anvendelse)",2017,1.3558577884317362
Told,REST_TILGANG Øvrige brancher,"10120 Føde-, drikke- og tobaksvareindustri- (Anvendelse)",2018,1.2344084512546099
Told,REST_TILGANG Øvrige brancher,"10120 Føde-, drikke- og tobaksvareindustri- (Anvendelse)",2019,1.1809760734583257
Told,REST_TILGANG Øvrige brancher,"10120 Føde-, drikke- og tobaksvareindustri- (Anvendelse)",2020,1.0
Told,REST_TILGANG Øvrige brancher,"10120 Føde-, drikke- og tobaksvareindustri- (Anvendelse)",2021,1.0777649027938716
Told,REST_TILGANG Øvrige brancher,"10120 Føde-, drikke- og tobaksvareindustri- (Anvendelse)",2022,1.6170226205218636
Told,REST_TILGANG Øvrige brancher,"Anvendelse, i alt-(Anvendelse)",1967,
Told,REST_TILGANG Øvrige brancher,"Anvendelse, i alt-(Anvendelse)",1968,
Told,REST_TILGANG Øvrige brancher,"Anvendelse, i alt-(Anvendelse)",1969,
Told,REST_TILGANG Øvrige brancher,"Anvendelse, i alt-(Anvendelse)",1970,
Told,REST_TILGANG Øvrige brancher,"Anvendelse, i alt-(Anvendelse)",1971,
Told,REST_TILGANG Øvrige brancher,"Anvendelse, i alt-(Anvendelse)",1972,
Told,REST_TILGANG Øvrige brancher,"Anvendelse, i alt-(Anvendelse)",1973,
Told,REST_TILGANG Øvrige brancher,"Anvendelse, i alt-(Anvendelse)",1974,
Told,REST_TILGANG Øvrige brancher,"Anvendelse, i alt-(Anvendelse)",1975,
Told,REST_TILGANG Øvrige brancher,"Anvendelse, i alt-(Anvendelse)",1976,
Told,REST_TILGANG Øvrige brancher,"Anvendelse, i alt-(Anvendelse)",1977,
Told,REST_TILGANG Øvrige brancher,"Anvendelse, i alt-(Anvendelse)",1978,
Told,REST_TILGANG Øvrige brancher,"Anvendelse, i alt-(Anvendelse)",1979,
Told,REST_TILGANG Øvrige brancher,"Anvendelse, i alt-(Anvendelse)",1980,
Told,REST_TILGANG Øvrige brancher,"Anvendelse, i alt-(Anvendelse)",1981,
Told,REST_TILGANG Øvrige brancher,"Anvendelse, i alt-(Anvendelse)",1982,
Told,REST_TILGANG Øvrige brancher,"Anvendelse, i alt-(Anvendelse)",1983,
Told,REST_TILGANG Øvrige brancher,"Anvendelse, i alt-(Anvendelse)",1984,
Told,REST_TILGANG Øvrige brancher,"Anvendelse, i alt-(Anvendelse)",1985,
Told,REST_TILGANG Øvrige brancher,"Anvendelse, i alt-(Anvendelse)",1986,
Told,REST_TILGANG Øvrige brancher,"Anvendelse, i alt-(Anvendelse)",1987,
Told,REST_TILGANG Øvrige brancher,"Anvendelse, i alt-(Anvendelse)",1988,
Told,REST_TILGANG Øvrige brancher,"Anvendelse, i alt-(Anvendelse)",1989,
Told,REST_TILGANG Øvrige brancher,"Anvendelse, i alt-(Anvendelse)",1990,
Told,REST_TILGANG Øvrige brancher,"Anvendelse, i alt-(Anvendelse)",1991,
Told,REST_TILGANG Øvrige brancher,"Anvendelse, i alt-(Anvendelse)",1992,
Told,REST_TILGANG Øvrige brancher,"Anvendelse, i alt-(Anvendelse)",1993,
Told,REST_TILGANG Øvrige brancher,"Anvendelse, i alt-(Anvendelse)",1994,
Told,REST_TILGANG Øvrige brancher,"Anvendelse, i alt-(Anvendelse)",1995,
Told,REST_TILGANG Øvrige brancher,"Anvendelse, i alt-(Anvendelse)",1996,
Told,REST_TILGANG Øvrige brancher,"Anvendelse, i alt-(Anvendelse)",1997,
Told,REST_TILGANG Øvrige brancher,"Anvendelse, i alt-(Anvendelse)",1998,
Told,REST_TILGANG Øvrige brancher,"Anvendelse, i alt-(Anvendelse)",1999,
Told,REST_TILGANG Øvrige brancher,"Anvendelse, i alt-(Anvendelse)",2000,
Told,REST_TILGANG Øvrige brancher,"Anvendelse, i alt-(Anvendelse)",2001,
Told,REST_TILGANG Øvrige brancher,"Anvendelse, i alt-(Anvendelse)",2002,
Told,REST_TILGANG Øvrige brancher,"Anvendelse, i alt-(Anvendelse)",2003,
Told,REST_TILGANG Øvrige brancher,"Anvendelse, i alt-(Anvendelse)",2004,1.4924580780536032
Told,REST_TILGANG Øvrige brancher,"Anvendelse, i alt-(Anvendelse)",2005,1.643066641942573
Told,REST_TILGANG Øvrige brancher,"Anvendelse, i alt-(Anvendelse)",2006,1.6383489083616254
Told,REST_TILGANG Øvrige brancher,"Anvendelse, i alt-(Anvendelse)",2007,1.592119761606738
Told,REST_TILGANG Øvrige brancher,"Anvendelse, i alt-(Anvendelse)",2008,1.505929862492184
Told,REST_TILGANG Øvrige brancher,"Anvendelse, i alt-(Anvendelse)",2009,1.5683477382514042
Told,REST_TILGANG Øvrige brancher,"Anvendelse, i alt-(Anvendelse)",2010,1.5967806988621138
Told,REST_TILGANG Øvrige brancher,"Anvendelse, i alt-(Anvendelse)",2011,1.5449015277352576
Told,REST_TILGANG Øvrige brancher,"Anvendelse, i alt-(Anvendelse)",2012,1.4876331615587512
Told,REST_TILGANG Øvrige brancher,"Anvendelse, i alt-(Anvendelse)",2013,1.454179295209772
Told,REST_TILGANG Øvrige brancher,"Anvendelse, i alt-(Anvendelse)",2014,1.228342688135734
Told,REST_TILGANG Øvrige brancher,"Anvendelse, i alt-(Anvendelse)",2015,1.218527138497894
Told,REST_TILGANG Øvrige brancher,"Anvendelse, i alt-(Anvendelse)",2016,1.159720196058537
Told,REST_TILGANG Øvrige brancher,"Anvendelse, i alt-(Anvendelse)",2017,1.1539903859178
Told,REST_TILGANG Øvrige brancher,"Anvendelse, i alt-(Anvendelse)",2018,1.1242097635933894
Told,REST_TILGANG Øvrige brancher,"Anvendelse, i alt-(Anvendelse)",2019,1.0770559063403882
Told,REST_TILGANG Øvrige brancher,"Anvendelse, i alt-(Anvendelse)",2020,1.0
Told,REST_TILGANG Øvrige brancher,"Anvendelse, i alt-(Anvendelse)",2021,1.110503543251216
Told,REST_TILGANG Øvrige brancher,"Anvendelse, i alt-(Anvendelse)",2022,1.269945382232811
Told,REST_TILGANG Øvrige brancher,Eksport - (Anvendelse),1967,
Told,REST_TILGANG Øvrige brancher,Eksport - (Anvendelse),1968,
Told,REST_TILGANG Øvrige brancher,Eksport - (Anvendelse),1969,
Told,REST_TILGANG Øvrige brancher,Eksport - (Anvendelse),1970,
Told,REST_TILGANG Øvrige brancher,Eksport - (Anvendelse),1971,
Told,REST_TILGANG Øvrige brancher,Eksport - (Anvendelse),1972,
Told,REST_TILGANG Øvrige brancher,Eksport - (Anvendelse),1973,
Told,REST_TILGANG Øvrige brancher,Eksport - (Anvendelse),1974,
Told,REST_TILGANG Øvrige brancher,Eksport - (Anvendelse),1975,
Told,REST_TILGANG Øvrige brancher,Eksport - (Anvendelse),1976,
Told,REST_TILGANG Øvrige brancher,Eksport - (Anvendelse),1977,
Told,REST_TILGANG Øvrige brancher,Eksport - (Anvendelse),1978,
Told,REST_TILGANG Øvrige brancher,Eksport - (Anvendelse),1979,
Told,REST_TILGANG Øvrige brancher,Eksport - (Anvendelse),1980,
Told,REST_TILGANG Øvrige brancher,Eksport - (Anvendelse),1981,
Told,REST_TILGANG Øvrige brancher,Eksport - (Anvendelse),1982,
Told,REST_TILGANG Øvrige brancher,Eksport - (Anvendelse),1983,
Told,REST_TILGANG Øvrige brancher,Eksport - (Anvendelse),1984,
Told,REST_TILGANG Øvrige brancher,Eksport - (Anvendelse),1985,
Told,REST_TILGANG Øvrige brancher,Eksport - (Anvendelse),1986,
Told,REST_TILGANG Øvrige brancher,Eksport - (Anvendelse),1987,
Told,REST_TILGANG Øvrige brancher,Eksport - (Anvendelse),1988,
Told,REST_TILGANG Øvrige brancher,Eksport - (Anvendelse),1989,
Told,REST_TILGANG Øvrige brancher,Eksport - (Anvendelse),1990,
Told,REST_TILGANG Øvrige brancher,Eksport - (Anvendelse),1991,
Told,REST_TILGANG Øvrige brancher,Eksport - (Anvendelse),1992,
Told,REST_TILGANG Øvrige brancher,Eksport - (Anvendelse),1993,
Told,REST_TILGANG Øvrige brancher,Eksport - (Anvendelse),1994,
Told,REST_TILGANG Øvrige brancher,Eksport - (Anvendelse),1995,
Told,REST_TILGANG Øvrige brancher,Eksport - (Anvendelse),1996,
Told,REST_TILGANG Øvrige brancher,Eksport - (Anvendelse),1997,
Told,REST_TILGANG Øvrige brancher,Eksport - (Anvendelse),1998,
Told,REST_TILGANG Øvrige brancher,Eksport - (Anvendelse),1999,
Told,REST_TILGANG Øvrige brancher,Eksport - (Anvendelse),2000,
Told,REST_TILGANG Øvrige brancher,Eksport - (Anvendelse),2001,
Told,REST_TILGANG Øvrige brancher,Eksport - (Anvendelse),2002,
Told,REST_TILGANG Øvrige brancher,Eksport - (Anvendelse),2003,
Told,REST_TILGANG Øvrige brancher,Eksport - (Anvendelse),2004,2.015240285568536
Told,REST_TILGANG Øvrige brancher,Eksport - (Anvendelse),2005,2.2186125476953884
Told,REST_TILGANG Øvrige brancher,Eksport - (Anvendelse),2006,2.2122451658981452
Told,REST_TILGANG Øvrige brancher,Eksport - (Anvendelse),2007,2.1498284226253435
Told,REST_TILGANG Øvrige brancher,Eksport - (Anvendelse),2008,2.1498284226253435
Told,REST_TILGANG Øvrige brancher,Eksport - (Anvendelse),2009,2.1498284226253435
Told,REST_TILGANG Øvrige brancher,Eksport - (Anvendelse),2010,2.1498284226253435
Told,REST_TILGANG Øvrige brancher,Eksport - (Anvendelse),2011,2.1498284226253435
Told,REST_TILGANG Øvrige brancher,Eksport - (Anvendelse),2012,2.1498284226253435
Told,REST_TILGANG Øvrige brancher,Eksport - (Anvendelse),2013,2.1498284226253435
Told,REST_TILGANG Øvrige brancher,Eksport - (Anvendelse),2014,1.4837980059335858
Told,REST_TILGANG Øvrige brancher,Eksport - (Anvendelse),2015,1.277521164381461
Told,REST_TILGANG Øvrige brancher,Eksport - (Anvendelse),2016,1.2253183490171768
Told,REST_TILGANG Øvrige brancher,Eksport - (Anvendelse),2017,1.197213228669199
Told,REST_TILGANG Øvrige brancher,Eksport - (Anvendelse),2018,1.1606363212822868
Told,REST_TILGANG Øvrige brancher,Eksport - (Anvendelse),2019,1.1009724405361445
Told,REST_TILGANG Øvrige brancher,Eksport - (Anvendelse),2020,1.0
Told,REST_TILGANG Øvrige brancher,Eksport - (Anvendelse),2021,1.045688782626021
Told,REST_TILGANG Øvrige brancher,Eksport - (Anvendelse),2022,1.343023394146472
Told,REST_TILGANG Øvrige brancher,Faste bruttoinvesteringer + Lagerforøgelse + Værdigenstande (Anvendelse),1967,
Told,REST_TILGANG Øvrige brancher,Faste bruttoinvesteringer + Lagerforøgelse + Værdigenstande (Anvendelse),1968,
Told,REST_TILGANG Øvrige brancher,Faste bruttoinvesteringer + Lagerforøgelse + Værdigenstande (Anvendelse),1969,
Told,REST_TILGANG Øvrige brancher,Faste bruttoinvesteringer + Lagerforøgelse + Værdigenstande (Anvendelse),1970,
Told,REST_TILGANG Øvrige brancher,Faste bruttoinvesteringer + Lagerforøgelse + Værdigenstande (Anvendelse),1971,
Told,REST_TILGANG Øvrige brancher,Faste bruttoinvesteringer + Lagerforøgelse + Værdigenstande (Anvendelse),1972,
Told,REST_TILGANG Øvrige brancher,Faste bruttoinvesteringer + Lagerforøgelse + Værdigenstande (Anvendelse),1973,
Told,REST_TILGANG Øvrige brancher,Faste bruttoinvesteringer + Lagerforøgelse + Værdigenstande (Anvendelse),1974,
Told,REST_TILGANG Øvrige brancher,Faste bruttoinvesteringer + Lagerforøgelse + Værdigenstande (Anvendelse),1975,
Told,REST_TILGANG Øvrige brancher,Faste bruttoinvesteringer + Lagerforøgelse + Værdigenstande (Anvendelse),1976,
Told,REST_TILGANG Øvrige brancher,Faste bruttoinvesteringer + Lagerforøgelse + Værdigenstande (Anvendelse),1977,
Told,REST_TILGANG Øvrige brancher,Faste bruttoinvesteringer + Lagerforøgelse + Værdigenstande (Anvendelse),1978,
Told,REST_TILGANG Øvrige brancher,Faste bruttoinvesteringer + Lagerforøgelse + Værdigenstande (Anvendelse),1979,
Told,REST_TILGANG Øvrige brancher,Faste bruttoinvesteringer + Lagerforøgelse + Værdigenstande (Anvendelse),1980,
Told,REST_TILGANG Øvrige brancher,Faste bruttoinvesteringer + Lagerforøgelse + Værdigenstande (Anvendelse),1981,
Told,REST_TILGANG Øvrige brancher,Faste bruttoinvesteringer + Lagerforøgelse + Værdigenstande (Anvendelse),1982,
Told,REST_TILGANG Øvrige brancher,Faste bruttoinvesteringer + Lagerforøgelse + Værdigenstande (Anvendelse),1983,
Told,REST_TILGANG Øvrige brancher,Faste bruttoinvesteringer + Lagerforøgelse + Værdigenstande (Anvendelse),1984,
Told,REST_TILGANG Øvrige brancher,Faste bruttoinvesteringer + Lagerforøgelse + Værdigenstande (Anvendelse),1985,
Told,REST_TILGANG Øvrige brancher,Faste bruttoinvesteringer + Lagerforøgelse + Værdigenstande (Anvendelse),1986,
Told,REST_TILGANG Øvrige brancher,Faste bruttoinvesteringer + Lagerforøgelse + Værdigenstande (Anvendelse),1987,
Told,REST_TILGANG Øvrige brancher,Faste bruttoinvesteringer + Lagerforøgelse + Værdigenstande (Anvendelse),1988,
Told,REST_TILGANG Øvrige brancher,Faste bruttoinvesteringer + Lagerforøgelse + Værdigenstande (Anvendelse),1989,
Told,REST_TILGANG Øvrige brancher,Faste bruttoinvesteringer + Lagerforøgelse + Værdigenstande (Anvendelse),1990,
Told,REST_TILGANG Øvrige brancher,Faste bruttoinvesteringer + Lagerforøgelse + Værdigenstande (Anvendelse),1991,
Told,REST_TILGANG Øvrige brancher,Faste bruttoinvesteringer + Lagerforøgelse + Værdigenstande (Anvendelse),1992,
Told,REST_TILGANG Øvrige brancher,Faste bruttoinvesteringer + Lagerforøgelse + Værdigenstande (Anvendelse),1993,
Told,REST_TILGANG Øvrige brancher,Faste bruttoinvesteringer + Lagerforøgelse + Værdigenstande (Anvendelse),1994,
Told,REST_TILGANG Øvrige brancher,Faste bruttoinvesteringer + Lagerforøgelse + Værdigenstande (Anvendelse),1995,
Told,REST_TILGANG Øvrige brancher,Faste bruttoinvesteringer + Lagerforøgelse + Værdigenstande (Anvendelse),1996,
Told,REST_TILGANG Øvrige brancher,Faste bruttoinvesteringer + Lagerforøgelse + Værdigenstande (Anvendelse),1997,
Told,REST_TILGANG Øvrige brancher,Faste bruttoinvesteringer + Lagerforøgelse + Værdigenstande (Anvendelse),1998,
Told,REST_TILGANG Øvrige brancher,Faste bruttoinvesteringer + Lagerforøgelse + Værdigenstande (Anvendelse),1999,
Told,REST_TILGANG Øvrige brancher,Faste bruttoinvesteringer + Lagerforøgelse + Værdigenstande (Anvendelse),2000,
Told,REST_TILGANG Øvrige brancher,Faste bruttoinvesteringer + Lagerforøgelse + Værdigenstande (Anvendelse),2001,
Told,REST_TILGANG Øvrige brancher,Faste bruttoinvesteringer + Lagerforøgelse + Værdigenstande (Anvendelse),2002,
Told,REST_TILGANG Øvrige brancher,Faste bruttoinvesteringer + Lagerforøgelse + Værdigenstande (Anvendelse),2003,
Told,REST_TILGANG Øvrige brancher,Faste bruttoinvesteringer + Lagerforøgelse + Værdigenstande (Anvendelse),2004,0.1955854874346697
Told,REST_TILGANG Øvrige brancher,Faste bruttoinvesteringer + Lagerforøgelse + Værdigenstande (Anvendelse),2005,0.21532070616807614
Told,REST_TILGANG Øvrige brancher,Faste bruttoinvesteringer + Lagerforøgelse + Værdigenstande (Anvendelse),2006,0.21470220016539598
Told,REST_TILGANG Øvrige brancher,Faste bruttoinvesteringer + Lagerforøgelse + Værdigenstande (Anvendelse),2007,0.2086441914798434
Told,REST_TILGANG Øvrige brancher,Faste bruttoinvesteringer + Lagerforøgelse + Værdigenstande (Anvendelse),2008,0.18313325460442945
Told,REST_TILGANG Øvrige brancher,Faste bruttoinvesteringer + Lagerforøgelse + Værdigenstande (Anvendelse),2009,0.23338089055701505
Told,REST_TILGANG Øvrige brancher,Faste bruttoinvesteringer + Lagerforøgelse + Værdigenstande (Anvendelse),2010,0.2795030705238429
Told,REST_TILGANG Øvrige brancher,Faste bruttoinvesteringer + Lagerforøgelse + Værdigenstande (Anvendelse),2011,0.2692921395535021
Told,REST_TILGANG Øvrige brancher,Faste bruttoinvesteringer + Lagerforøgelse + Værdigenstande (Anvendelse),2012,0.25274519623332803
Told,REST_TILGANG Øvrige brancher,Faste bruttoinvesteringer + Lagerforøgelse + Værdigenstande (Anvendelse),2013,0.2349976453683955
Told,REST_TILGANG Øvrige brancher,Faste bruttoinvesteringer + Lagerforøgelse + Værdigenstande (Anvendelse),2014,0.7827476572964706
Told,REST_TILGANG Øvrige brancher,Faste bruttoinvesteringer + Lagerforøgelse + Værdigenstande (Anvendelse),2015,1.2441914019417815
Told,REST_TILGANG Øvrige brancher,Faste bruttoinvesteringer + Lagerforøgelse + Værdigenstande (Anvendelse),2016,1.1989671927233545
Told,REST_TILGANG Øvrige brancher,Faste bruttoinvesteringer + Lagerforøgelse + Værdigenstande (Anvendelse),2017,1.2271589499306603
Told,REST_TILGANG Øvrige brancher,Faste bruttoinvesteringer + Lagerforøgelse + Værdigenstande (Anvendelse),2018,1.1720813167591702
Told,REST_TILGANG Øvrige brancher,Faste bruttoinvesteringer + Lagerforøgelse + Værdigenstande (Anvendelse),2019,1.2103296577729532
Told,REST_TILGANG Øvrige brancher,Faste bruttoinvesteringer + Lagerforøgelse + Værdigenstande (Anvendelse),2020,1.0
Told,REST_TILGANG Øvrige brancher,Faste bruttoinvesteringer + Lagerforøgelse + Værdigenstande (Anvendelse),2021,1.2053108335159617
Told,REST_TILGANG Øvrige brancher,Faste bruttoinvesteringer + Lagerforøgelse + Værdigenstande (Anvendelse),2022,1.2566278906293562
Told,REST_TILGANG Øvrige brancher,Husholdningernes forbrugsudgifter + NPISH (Anvendelse),1967,
Told,REST_TILGANG Øvrige brancher,Husholdningernes forbrugsudgifter + NPISH (Anvendelse),1968,
Told,REST_TILGANG Øvrige brancher,Husholdningernes forbrugsudgifter + NPISH (Anvendelse),1969,
Told,REST_TILGANG Øvrige brancher,Husholdningernes forbrugsudgifter + NPISH (Anvendelse),1970,
Told,REST_TILGANG Øvrige brancher,Husholdningernes forbrugsudgifter + NPISH (Anvendelse),1971,
Told,REST_TILGANG Øvrige brancher,Husholdningernes forbrugsudgifter + NPISH (Anvendelse),1972,
Told,REST_TILGANG Øvrige brancher,Husholdningernes forbrugsudgifter + NPISH (Anvendelse),1973,
Told,REST_TILGANG Øvrige brancher,Husholdningernes forbrugsudgifter + NPISH (Anvendelse),1974,
Told,REST_TILGANG Øvrige brancher,Husholdningernes forbrugsudgifter + NPISH (Anvendelse),1975,
Told,REST_TILGANG Øvrige brancher,Husholdningernes forbrugsudgifter + NPISH (Anvendelse),1976,
Told,REST_TILGANG Øvrige brancher,Husholdningernes forbrugsudgifter + NPISH (Anvendelse),1977,
Told,REST_TILGANG Øvrige brancher,Husholdningernes forbrugsudgifter + NPISH (Anvendelse),1978,
Told,REST_TILGANG Øvrige brancher,Husholdningernes forbrugsudgifter + NPISH (Anvendelse),1979,
Told,REST_TILGANG Øvrige brancher,Husholdningernes forbrugsudgifter + NPISH (Anvendelse),1980,
Told,REST_TILGANG Øvrige brancher,Husholdningernes forbrugsudgifter + NPISH (Anvendelse),1981,
Told,REST_TILGANG Øvrige brancher,Husholdningernes forbrugsudgifter + NPISH (Anvendelse),1982,
Told,REST_TILGANG Øvrige brancher,Husholdningernes forbrugsudgifter + NPISH (Anvendelse),1983,
Told,REST_TILGANG Øvrige brancher,Husholdningernes forbrugsudgifter + NPISH (Anvendelse),1984,
Told,REST_TILGANG Øvrige brancher,Husholdningernes forbrugsudgifter + NPISH (Anvendelse),1985,
Told,REST_TILGANG Øvrige brancher,Husholdningernes forbrugsudgifter + NPISH (Anvendelse),1986,
Told,REST_TILGANG Øvrige brancher,Husholdningernes forbrugsudgifter + NPISH (Anvendelse),1987,
Told,REST_TILGANG Øvrige brancher,Husholdningernes forbrugsudgifter + NPISH (Anvendelse),1988,
Told,REST_TILGANG Øvrige brancher,Husholdningernes forbrugsudgifter + NPISH (Anvendelse),1989,
Told,REST_TILGANG Øvrige brancher,Husholdningernes forbrugsudgifter + NPISH (Anvendelse),1990,
Told,REST_TILGANG Øvrige brancher,Husholdningernes forbrugsudgifter + NPISH (Anvendelse),1991,
Told,REST_TILGANG Øvrige brancher,Husholdningernes forbrugsudgifter + NPISH (Anvendelse),1992,
Told,REST_TILGANG Øvrige brancher,Husholdningernes forbrugsudgifter + NPISH (Anvendelse),1993,
Told,REST_TILGANG Øvrige brancher,Husholdningernes forbrugsudgifter + NPISH (Anvendelse),1994,
Told,REST_TILGANG Øvrige brancher,Husholdningernes forbrugsudgifter + NPISH (Anvendelse),1995,
Told,REST_TILGANG Øvrige brancher,Husholdningernes forbrugsudgifter + NPISH (Anvendelse),1996,
Told,REST_TILGANG Øvrige brancher,Husholdningernes forbrugsudgifter + NPISH (Anvendelse),1997,
Told,REST_TILGANG Øvrige brancher,Husholdningernes forbrugsudgifter + NPISH (Anvendelse),1998,
Told,REST_TILGANG Øvrige brancher,Husholdningernes forbrugsudgifter + NPISH (Anvendelse),1999,
Told,REST_TILGANG Øvrige brancher,Husholdningernes forbrugsudgifter + NPISH (Anvendelse),2000,
Told,REST_TILGANG Øvrige brancher,Husholdningernes forbrugsudgifter + NPISH (Anvendelse),2001,
Told,REST_TILGANG Øvrige brancher,Husholdningernes forbrugsudgifter + NPISH (Anvendelse),2002,
Told,REST_TILGANG Øvrige brancher,Husholdningernes forbrugsudgifter + NPISH (Anvendelse),2003,
Told,REST_TILGANG Øvrige brancher,Husholdningernes forbrugsudgifter + NPISH (Anvendelse),2004,1.66389203359512
Told,REST_TILGANG Øvrige brancher,Husholdningernes forbrugsudgifter + NPISH (Anvendelse),2005,1.8318038226319728
Told,REST_TILGANG Øvrige brancher,Husholdningernes forbrugsudgifter + NPISH (Anvendelse),2006,1.8265469187387242
Told,REST_TILGANG Øvrige brancher,Husholdningernes forbrugsudgifter + NPISH (Anvendelse),2007,1.7750075353370551
Told,REST_TILGANG Øvrige brancher,Husholdningernes forbrugsudgifter + NPISH (Anvendelse),2008,1.7138677618475215
Told,REST_TILGANG Øvrige brancher,Husholdningernes forbrugsudgifter + NPISH (Anvendelse),2009,1.740029057138915
Told,REST_TILGANG Øvrige brancher,Husholdningernes forbrugsudgifter + NPISH (Anvendelse),2010,2.8302908631067
Told,REST_TILGANG Øvrige brancher,Husholdningernes forbrugsudgifter + NPISH (Anvendelse),2011,2.6940997594151037
Told,REST_TILGANG Øvrige brancher,Husholdningernes forbrugsudgifter + NPISH (Anvendelse),2012,2.527621918170741
Told,REST_TILGANG Øvrige brancher,Husholdningernes forbrugsudgifter + NPISH (Anvendelse),2013,2.486704966788527
Told,REST_TILGANG Øvrige brancher,Husholdningernes forbrugsudgifter + NPISH (Anvendelse),2014,1.600875044195549
Told,REST_TILGANG Øvrige brancher,Husholdningernes forbrugsudgifter + NPISH (Anvendelse),2015,1.3696914563327196
Told,REST_TILGANG Øvrige brancher,Husholdningernes forbrugsudgifter + NPISH (Anvendelse),2016,1.3384337036485314
Told,REST_TILGANG Øvrige brancher,Husholdningernes forbrugsudgifter + NPISH (Anvendelse),2017,1.320615457636248
Told,REST_TILGANG Øvrige brancher,Husholdningernes forbrugsudgifter + NPISH (Anvendelse),2018,1.1909681997293626
Told,REST_TILGANG Øvrige brancher,Husholdningernes forbrugsudgifter + NPISH (Anvendelse),2019,1.128312995252162
Told,REST_TILGANG Øvrige brancher,Husholdningernes forbrugsudgifter + NPISH (Anvendelse),2020,1.0
Told,REST_TILGANG Øvrige brancher,Husholdningernes forbrugsudgifter + NPISH (Anvendelse),2021,1.061713165234111
Told,REST_TILGANG Øvrige brancher,Husholdningernes forbrugsudgifter + NPISH (Anvendelse),2022,1.262298869228595
Told,REST_TILGANG Øvrige brancher,"Offentligt forbrug, i alt-(Anvendelse)",1967,
Told,REST_TILGANG Øvrige brancher,"Offentligt forbrug, i alt-(Anvendelse)",1968,
Told,REST_TILGANG Øvrige brancher,"Offentligt forbrug, i alt-(Anvendelse)",1969,
Told,REST_TILGANG Øvrige brancher,"Offentligt forbrug, i alt-(Anvendelse)",1970,
Told,REST_TILGANG Øvrige brancher,"Offentligt forbrug, i alt-(Anvendelse)",1971,
Told,REST_TILGANG Øvrige brancher,"Offentligt forbrug, i alt-(Anvendelse)",1972,
Told,REST_TILGANG Øvrige brancher,"Offentligt forbrug, i alt-(Anvendelse)",1973,
Told,REST_TILGANG Øvrige brancher,"Offentligt forbrug, i alt-(Anvendelse)",1974,
Told,REST_TILGANG Øvrige brancher,"Offentligt forbrug, i alt-(Anvendelse)",1975,
Told,REST_TILGANG Øvrige brancher,"Offentligt forbrug, i alt-(Anvendelse)",1976,
Told,REST_TILGANG Øvrige brancher,"Offentligt forbrug, i alt-(Anvendelse)",1977,
Told,REST_TILGANG Øvrige brancher,"Offentligt forbrug, i alt-(Anvendelse)",1978,
Told,REST_TILGANG Øvrige brancher,"Offentligt forbrug, i alt-(Anvendelse)",1979,
Told,REST_TILGANG Øvrige brancher,"Offentligt forbrug, i alt-(Anvendelse)",1980,
Told,REST_TILGANG Øvrige brancher,"Offentligt forbrug, i alt-(Anvendelse)",1981,
Told,REST_TILGANG Øvrige brancher,"Offentligt forbrug, i alt-(Anvendelse)",1982,
Told,REST_TILGANG Øvrige brancher,"Offentligt forbrug, i alt-(Anvendelse)",1983,
Told,REST_TILGANG Øvrige brancher,"Offentligt forbrug, i alt-(Anvendelse)",1984,
Told,REST_TILGANG Øvrige brancher,"Offentligt forbrug, i alt-(Anvendelse)",1985,
Told,REST_TILGANG Øvrige brancher,"Offentligt forbrug, i alt-(Anvendelse)",1986,
Told,REST_TILGANG Øvrige brancher,"Offentligt forbrug, i alt-(Anvendelse)",1987,
Told,REST_TILGANG Øvrige brancher,"Offentligt forbrug, i alt-(Anvendelse)",1988,
Told,REST_TILGANG Øvrige brancher,"Offentligt forbrug, i alt-(Anvendelse)",1989,
Told,REST_TILGANG Øvrige brancher,"Offentligt forbrug, i alt-(Anvendelse)",1990,
Told,REST_TILGANG Øvrige brancher,"Offentligt forbrug, i alt-(Anvendelse)",1991,
Told,REST_TILGANG Øvrige brancher,"Offentligt forbrug, i alt-(Anvendelse)",1992,
Told,REST_TILGANG Øvrige brancher,"Offentligt forbrug, i alt-(Anvendelse)",1993,
Told,REST_TILGANG Øvrige brancher,"Offentligt forbrug, i alt-(Anvendelse)",1994,
Told,REST_TILGANG Øvrige brancher,"Offentligt forbrug, i alt-(Anvendelse)",1995,
Told,REST_TILGANG Øvrige brancher,"Offentligt forbrug, i alt-(Anvendelse)",1996,
Told,REST_TILGANG Øvrige brancher,"Offentligt forbrug, i alt-(Anvendelse)",1997,
Told,REST_TILGANG Øvrige brancher,"Offentligt forbrug, i alt-(Anvendelse)",1998,
Told,REST_TILGANG Øvrige brancher,"Offentligt forbrug, i alt-(Anvendelse)",1999,
Told,REST_TILGANG Øvrige brancher,"Offentligt forbrug, i alt-(Anvendelse)",2000,
Told,REST_TILGANG Øvrige brancher,"Offentligt forbrug, i alt-(Anvendelse)",2001,
Told,REST_TILGANG Øvrige brancher,"Offentligt forbrug, i alt-(Anvendelse)",2002,
Told,REST_TILGANG Øvrige brancher,"Offentligt forbrug, i alt-(Anvendelse)",2003,
Told,REST_TILGANG Øvrige brancher,"Offentligt forbrug, i alt-(Anvendelse)",2004,5.3659385726184015
Told,REST_TILGANG Øvrige brancher,"Offentligt forbrug, i alt-(Anvendelse)",2005,5.906999908802865
Told,REST_TILGANG Øvrige brancher,"Offentligt forbrug, i alt-(Anvendelse)",2006,5.890021335769984
Told,REST_TILGANG Øvrige brancher,"Offentligt forbrug, i alt-(Anvendelse)",2007,5.720368979934766
Told,REST_TILGANG Øvrige brancher,"Offentligt forbrug, i alt-(Anvendelse)",2008,4.799292618758829
Told,REST_TILGANG Øvrige brancher,"Offentligt forbrug, i alt-(Anvendelse)",2009,4.943502132543651
Told,REST_TILGANG Øvrige brancher,"Offentligt forbrug, i alt-(Anvendelse)",2010,2.228134405255001
Told,REST_TILGANG Øvrige brancher,"Offentligt forbrug, i alt-(Anvendelse)",2011,1.6974939172204555
Told,REST_TILGANG Øvrige brancher,"Offentligt forbrug, i alt-(Anvendelse)",2012,1.8005955000451257
Told,REST_TILGANG Øvrige brancher,"Offentligt forbrug, i alt-(Anvendelse)",2013,1.3102372483988496
Told,REST_TILGANG Øvrige brancher,"Offentligt forbrug, i alt-(Anvendelse)",2014,1.506388225898873
Told,REST_TILGANG Øvrige brancher,"Offentligt forbrug, i alt-(Anvendelse)",2015,1.2401946687899408
Told,REST_TILGANG Øvrige brancher,"Offentligt forbrug, i alt-(Anvendelse)",2016,1.2621607782898105
Told,REST_TILGANG Øvrige brancher,"Offentligt forbrug, i alt-(Anvendelse)",2017,1.413620071684588
Told,REST_TILGANG Øvrige brancher,"Offentligt forbrug, i alt-(Anvendelse)",2018,1.2581580177653109
Told,REST_TILGANG Øvrige brancher,"Offentligt forbrug, i alt-(Anvendelse)",2019,1.2057347670250895
Told,REST_TILGANG Øvrige brancher,"Offentligt forbrug, i alt-(Anvendelse)",2020,1.0
Told,REST_TILGANG Øvrige brancher,"Offentligt forbrug, i alt-(Anvendelse)",2021,1.1396848137535818
Told,REST_TILGANG Øvrige brancher,"Offentligt forbrug, i alt-(Anvendelse)",2022,1.2981840262623578
Told,REST_TILGANG Øvrige brancher,Privat,1967,
Told,REST_TILGANG Øvrige brancher,Privat,1968,
Told,REST_TILGANG Øvrige brancher,Privat,1969,
Told,REST_TILGANG Øvrige brancher,Privat,1970,
Told,REST_TILGANG Øvrige brancher,Privat,1971,
Told,REST_TILGANG Øvrige brancher,Privat,1972,
Told,REST_TILGANG Øvrige brancher,Privat,1973,
Told,REST_TILGANG Øvrige brancher,Privat,1974,
Told,REST_TILGANG Øvrige brancher,Privat,1975,
Told,REST_TILGANG Øvrige brancher,Privat,1976,
Told,REST_TILGANG Øvrige brancher,Privat,1977,
Told,REST_TILGANG Øvrige brancher,Privat,1978,
Told,REST_TILGANG Øvrige brancher,Privat,1979,
Told,REST_TILGANG Øvrige brancher,Privat,1980,
Told,REST_TILGANG Øvrige brancher,Privat,1981,
Told,REST_TILGANG Øvrige brancher,Privat,1982,
Told,REST_TILGANG Øvrige brancher,Privat,1983,
Told,REST_TILGANG Øvrige brancher,Privat,1984,
Told,REST_TILGANG Øvrige brancher,Privat,1985,
Told,REST_TILGANG Øvrige brancher,Privat,1986,
Told,REST_TILGANG Øvrige brancher,Privat,1987,
Told,REST_TILGANG Øvrige brancher,Privat,1988,
Told,REST_TILGANG Øvrige brancher,Privat,1989,
Told,REST_TILGANG Øvrige brancher,Privat,1990,
Told,REST_TILGANG Øvrige brancher,Privat,1991,
Told,REST_TILGANG Øvrige brancher,Privat,1992,
Told,REST_TILGANG Øvrige brancher,Privat,1993,
Told,REST_TILGANG Øvrige brancher,Privat,1994,
Told,REST_TILGANG Øvrige brancher,Privat,1995,
Told,REST_TILGANG Øvrige brancher,Privat,1996,
Told,REST_TILGANG Øvrige brancher,Privat,1997,
Told,REST_TILGANG Øvrige brancher,Privat,1998,
Told,REST_TILGANG Øvrige brancher,Privat,1999,
Told,REST_TILGANG Øvrige brancher,Privat,2000,
Told,REST_TILGANG Øvrige brancher,Privat,2001,
Told,REST_TILGANG Øvrige brancher,Privat,2002,
Told,REST_TILGANG Øvrige brancher,Privat,2003,
Told,REST_TILGANG Øvrige brancher,Privat,2004,0.5638378925175932
Told,REST_TILGANG Øvrige brancher,Privat,2005,0.6207379531261239
Told,REST_TILGANG Øvrige brancher,Privat,2006,0.6189220331833761
Told,REST_TILGANG Øvrige brancher,Privat,2007,0.6014620702283171
Told,REST_TILGANG Øvrige brancher,Privat,2008,0.6572227011944851
Told,REST_TILGANG Øvrige brancher,Privat,2009,0.6461407235402751
Told,REST_TILGANG Øvrige brancher,Privat,2010,0.4141213300004498
Told,REST_TILGANG Øvrige brancher,Privat,2011,0.3535701448709889
Told,REST_TILGANG Øvrige brancher,Privat,2012,0.26940353327402666
Told,REST_TILGANG Øvrige brancher,Privat,2013,0.2124826190048093
Told,REST_TILGANG Øvrige brancher,Privat,2014,0.8429531272313401
Told,REST_TILGANG Øvrige brancher,Privat,2015,1.135644850916767
Told,REST_TILGANG Øvrige brancher,Privat,2016,1.0505971218905465
Told,REST_TILGANG Øvrige brancher,Privat,2017,1.0720261839124992
Told,REST_TILGANG Øvrige brancher,Privat,2018,1.1093450723635563
Told,REST_TILGANG Øvrige brancher,Privat,2019,1.073310676086685
Told,REST_TILGANG Øvrige brancher,Privat,2020,1.0
Told,REST_TILGANG Øvrige brancher,Privat,2021,1.1935978489855963
Told,REST_TILGANG Øvrige brancher,Privat,2022,1.1591691884641164
Told,REST_TILGANG Øvrige brancher,REST_ANVENDELSE Øvrige brancher,1967,
Told,REST_TILGANG Øvrige brancher,REST_ANVENDELSE Øvrige brancher,1968,
Told,REST_TILGANG Øvrige brancher,REST_ANVENDELSE Øvrige brancher,1969,
Told,REST_TILGANG Øvrige brancher,REST_ANVENDELSE Øvrige brancher,1970,
Told,REST_TILGANG Øvrige brancher,REST_ANVENDELSE Øvrige brancher,1971,
Told,REST_TILGANG Øvrige brancher,REST_ANVENDELSE Øvrige brancher,1972,
Told,REST_TILGANG Øvrige brancher,REST_ANVENDELSE Øvrige brancher,1973,
Told,REST_TILGANG Øvrige brancher,REST_ANVENDELSE Øvrige brancher,1974,
Told,REST_TILGANG Øvrige brancher,REST_ANVENDELSE Øvrige brancher,1975,
Told,REST_TILGANG Øvrige brancher,REST_ANVENDELSE Øvrige brancher,1976,
Told,REST_TILGANG Øvrige brancher,REST_ANVENDELSE Øvrige brancher,1977,
Told,REST_TILGANG Øvrige brancher,REST_ANVENDELSE Øvrige brancher,1978,
Told,REST_TILGANG Øvrige brancher,REST_ANVENDELSE Øvrige brancher,1979,
Told,REST_TILGANG Øvrige brancher,REST_ANVENDELSE Øvrige brancher,1980,
Told,REST_TILGANG Øvrige brancher,REST_ANVENDELSE Øvrige brancher,1981,
Told,REST_TILGANG Øvrige brancher,REST_ANVENDELSE Øvrige brancher,1982,
Told,REST_TILGANG Øvrige brancher,REST_ANVENDELSE Øvrige brancher,1983,
Told,REST_TILGANG Øvrige brancher,REST_ANVENDELSE Øvrige brancher,1984,
Told,REST_TILGANG Øvrige brancher,REST_ANVENDELSE Øvrige brancher,1985,
Told,REST_TILGANG Øvrige brancher,REST_ANVENDELSE Øvrige brancher,1986,
Told,REST_TILGANG Øvrige brancher,REST_ANVENDELSE Øvrige brancher,1987,
Told,REST_TILGANG Øvrige brancher,REST_ANVENDELSE Øvrige brancher,1988,
Told,REST_TILGANG Øvrige brancher,REST_ANVENDELSE Øvrige brancher,1989,
Told,REST_TILGANG Øvrige brancher,REST_ANVENDELSE Øvrige brancher,1990,
Told,REST_TILGANG Øvrige brancher,REST_ANVENDELSE Øvrige brancher,1991,
Told,REST_TILGANG Øvrige brancher,REST_ANVENDELSE Øvrige brancher,1992,
Told,REST_TILGANG Øvrige brancher,REST_ANVENDELSE Øvrige brancher,1993,
Told,REST_TILGANG Øvrige brancher,REST_ANVENDELSE Øvrige brancher,1994,
Told,REST_TILGANG Øvrige brancher,REST_ANVENDELSE Øvrige brancher,1995,
Told,REST_TILGANG Øvrige brancher,REST_ANVENDELSE Øvrige brancher,1996,
Told,REST_TILGANG Øvrige brancher,REST_ANVENDELSE Øvrige brancher,1997,
Told,REST_TILGANG Øvrige brancher,REST_ANVENDELSE Øvrige brancher,1998,
Told,REST_TILGANG Øvrige brancher,REST_ANVENDELSE Øvrige brancher,1999,
Told,REST_TILGANG Øvrige brancher,REST_ANVENDELSE Øvrige brancher,2000,
Told,REST_TILGANG Øvrige brancher,REST_ANVENDELSE Øvrige brancher,2001,
Told,REST_TILGANG Øvrige brancher,REST_ANVENDELSE Øvrige brancher,2002,
Told,REST_TILGANG Øvrige brancher,REST_ANVENDELSE Øvrige brancher,2003,
Told,REST_TILGANG Øvrige brancher,REST_ANVENDELSE Øvrige brancher,2004,0.9480676056969234
Told,REST_TILGANG Øvrige brancher,REST_ANVENDELSE Øvrige brancher,2005,1.0437377871121725
Told,REST_TILGANG Øvrige brancher,REST_ANVENDELSE Øvrige brancher,2006,1.0407183139417981
Told,REST_TILGANG Øvrige brancher,REST_ANVENDELSE Øvrige brancher,2007,1.0113540999630295
Told,REST_TILGANG Øvrige brancher,REST_ANVENDELSE Øvrige brancher,2008,0.8665576730079889
Told,REST_TILGANG Øvrige brancher,REST_ANVENDELSE Øvrige brancher,2009,0.9612750553184654
Told,REST_TILGANG Øvrige brancher,REST_ANVENDELSE Øvrige brancher,2010,0.5311643435703978
Told,REST_TILGANG Øvrige brancher,REST_ANVENDELSE Øvrige brancher,2011,0.4472085659112483
Told,REST_TILGANG Øvrige brancher,REST_ANVENDELSE Øvrige brancher,2012,0.3812430362122941
Told,REST_TILGANG Øvrige brancher,REST_ANVENDELSE Øvrige brancher,2013,0.31606522366335205
Told,REST_TILGANG Øvrige brancher,REST_ANVENDELSE Øvrige brancher,2014,0.8061221227038339
Told,REST_TILGANG Øvrige brancher,REST_ANVENDELSE Øvrige brancher,2015,1.0691211161173024
Told,REST_TILGANG Øvrige brancher,REST_ANVENDELSE Øvrige brancher,2016,0.9822237937965445
Told,REST_TILGANG Øvrige brancher,REST_ANVENDELSE Øvrige brancher,2017,0.9993938954949343
Told,REST_TILGANG Øvrige brancher,REST_ANVENDELSE Øvrige brancher,2018,1.0418338588244276
Told,REST_TILGANG Øvrige brancher,REST_ANVENDELSE Øvrige brancher,2019,1.0045436106322783
Told,REST_TILGANG Øvrige brancher,REST_ANVENDELSE Øvrige brancher,2020,1.0
Told,REST_TILGANG Øvrige brancher,REST_ANVENDELSE Øvrige brancher,2021,1.2013644064895947
Told,REST_TILGANG Øvrige brancher,REST_ANVENDELSE Øvrige brancher,2022,1.1434633545510522
